Pair,Correlation,Combined Market Cap,Combined Change %
NXM-EARNETH,0.9922,$233.81M,19.92
EURC-EURCV,0.9846,$599.47M,-0.22
APXUSD-APYUSD,0.9779,$453.18M,7.69
EARNETH-TKX,0.9735,$250.38M,15.96
NXM-TKX,0.9595,$190.31M,13.83
GRT-SAND,0.8614,$286.53M,-11.94
STAC-REUSD,0.8584,$270.08M,0.43
TKX-GLIDR,0.8524,$204.83M,9.03
NXM-GLIDR,0.8507,$188.25M,12.98
EARNETH-GLIDR,0.8436,$248.32M,15.11
VET-COMP,0.8378,$548.28M,4.58
TKX-REAL,0.8342,$352.50M,0.82
FLOKI-SAND,0.834,$323.70M,-6.89
ZK-SAND,0.8334,$209.54M,-13.32
RAY-PEANUT,0.8301,$347.54M,-3.12
EARNETH-REAL,0.8225,$396.00M,6.9
EARNETH-FARTCOIN,0.8173,$269.95M,22.95
NXM-SPX,0.8164,$388.95M,6.96
SPX-EARNETH,0.8118,$449.02M,9.09
AKT-GLIDR,0.8115,$229.78M,-9.36
RAY-GLIDR,0.8098,$264.39M,4.97
GRT-PENGU,0.809,$533.06M,-7.78
GRT-FET,0.8089,$467.26M,-16.93
GRT-FLOKI,0.8086,$359.85M,-9.19
FARTCOIN-RAY,0.8047,$286.02M,12.8
DASH-RAY,0.8045,$560.44M,-1.14
NXM-REAL,0.8043,$335.93M,4.78
NXM-FARTCOIN,0.804,$209.88M,20.82
TKX-FARTCOIN,0.8032,$226.45M,16.86
AXS-SAND,0.8003,$268.88M,-11.9
NXM-GRT,0.7992,$248.21M,1.77
EARNETH-RAY,0.7989,$309.95M,11.9
STRK-PENGU,0.7963,$560.93M,-2.61
EARNETH-GRT,0.7958,$308.29M,3.9
NXM-RAY,0.7956,$249.88M,9.77
CAKE-BAT,0.7956,$550.61M,-2.25
IMX-COMP,0.7895,$386.65M,1.6
NXM-AKT,0.7868,$215.26M,-4.55
TIA-AXS,0.7857,$450.18M,-11.48
SPX-SAND,0.7829,$427.26M,-6.75
ZK-AXS,0.7823,$228.04M,-15.58
TKX-RAY,0.7819,$266.45M,5.82
SAND-GALA,0.7807,$213.80M,-14.08
NXM-DASH,0.7801,$484.30M,6.87
DASH-GLIDR,0.7795,$498.82M,2.07
NXM-ZK,0.7775,$171.22M,0.4
GLIDR-PEANUT,0.7762,$285.92M,0.09
GRT-VET,0.7755,$550.30M,-4.94
DASH-PEANUT,0.7755,$581.97M,-6.02
GRT-AKT,0.7749,$289.74M,-20.57
STRK-SAND,0.7749,$314.40M,-6.76
NXM-PENGU,0.7733,$458.59M,8.23
EARNETH-DASH,0.7732,$544.38M,9.0
EARNETH-AR,0.7711,$263.00M,6.35
AKT-PENGU,0.7711,$500.11M,-14.11
GRT-DASH,0.7705,$558.78M,-9.15
GRT-AR,0.7695,$277.40M,-11.79
LUNC-DASH,0.7677,$676.33M,-9.71
SAND-FET,0.7676,$431.11M,-14.62
LUNC-AKT,0.7672,$407.29M,-21.13
AKT-ETHFI,0.7668,$528.28M,1.06
ZK-FLOKI,0.7651,$282.86M,-10.57
EARNETH-ZK,0.7648,$231.30M,2.52
GNO-FLUID,0.7648,$368.93M,9.08
THETA-VET,0.7647,$515.05M,1.53
SAND-BAT,0.7643,$228.60M,-10.21
EARNETH-AKT,0.764,$275.34M,-2.42
PENGU-PEANUT,0.7639,$556.25M,-4.66
SPX-GRT,0.7637,$463.42M,-9.05
GRT-AXS,0.7637,$305.03M,-14.2
RAY-VET,0.7634,$551.96M,3.06
FARTCOIN-PENGU,0.7623,$494.73M,11.26
GRT-CHZ,0.7613,$305.48M,-19.2
SPX-AKT,0.7611,$430.47M,-15.38
NXM-AR,0.7591,$202.92M,4.22
REAL-GLIDR,0.7587,$350.44M,-0.03
AXS-FET,0.7585,$449.61M,-16.89
FLOKI-GALA,0.758,$287.12M,-11.33
AKT-VET,0.7572,$517.35M,-11.26
TKX-PEANUT,0.7572,$287.98M,0.94
ZK-STRK,0.757,$273.56M,-10.44
EARNETH-SAND,0.7542,$272.13M,6.21
TKX-PENGU,0.7541,$475.16M,4.28
SPX-TKX,0.7537,$405.52M,3.01
EARNETH-PENGU,0.7533,$518.66M,10.36
DASH-FARTCOIN,0.7525,$520.45M,9.9
AKT-TKX,0.7523,$231.84M,-8.51
ENS-SN64,0.7506,$266.06M,6.54
THETA-COMP,0.7498,$285.42M,1.74
EARNETH-VET,0.7492,$535.90M,13.21
TWT-PRL,0.7488,$232.54M,7.21
NXM-SAND,0.7477,$212.06M,4.08
GRT-RAY,0.746,$324.35M,-6.24
PENGU-JASMY,0.7458,$583.30M,-0.47
PENGU-RAY,0.7439,$534.72M,0.22
TKX-AR,0.7424,$219.50M,0.27
SPX-ZK,0.742,$386.43M,-10.43
GALA-FET,0.7416,$394.53M,-19.07
USDTB-FLUID,0.7408,$441.81M,16.99
NXM-VET,0.7405,$475.83M,11.08
AKT-SAND,0.7401,$253.58M,-18.26
GRT-TKX,0.7389,$264.79M,-2.18
FLOKI-WIF,0.7389,$344.85M,-8.31
USAT-USDAI,0.7388,$342.67M,0.02
GALA-BORG,0.7381,$226.88M,-15.34
SPX-FLOKI,0.738,$500.58M,-4.0
GRT-COMP,0.7366,$320.67M,-4.73
TKX-DASH,0.7366,$500.88M,2.92
FLOKI-PENGU,0.7362,$570.23M,-2.73
FLOKI-FET,0.7362,$504.43M,-11.88
GRT-ZK,0.7345,$245.70M,-15.62
GRT-THETA,0.7344,$287.44M,-7.78
ZK-COMP,0.7335,$243.68M,-6.1
NXM-PEANUT,0.7334,$271.41M,4.89
SAND-PENGU,0.7329,$496.91M,-5.48
SPX-GRASS,0.7328,$517.94M,-15.42
AKT-RAY,0.7319,$291.40M,-12.57
LUNC-COMP,0.7299,$438.22M,-5.29
AKT-ZK,0.7295,$212.75M,-21.94
AXS-FLOKI,0.7289,$342.20M,-9.15
LUNC-GALA,0.7284,$367.51M,-16.95
ETHFI-GLIDR,0.7279,$501.27M,18.6
AKT-DASH,0.7276,$525.83M,-15.47
SAND-COMP,0.7275,$284.51M,-2.42
TKX-VET,0.7268,$492.40M,7.12
GRT-BAT,0.7247,$264.76M,-12.52
GRT-FARTCOIN,0.7235,$284.36M,4.8
GRT-STRK,0.7234,$350.56M,-9.07
SAND-ENS,0.7234,$301.26M,-1.78
CAKE-SAND,0.7232,$572.38M,-1.67
FLOKI-BORG,0.7231,$336.78M,-8.15
PENGU-GLIDR,0.723,$473.10M,3.43
AKT-CHZ,0.7217,$272.53M,-25.52
FLOKI-BAT,0.7213,$301.92M,-7.47
LUNC-GRT,0.721,$440.24M,-14.81
REUSD-AVUSD,0.721,$283.41M,0.46
TIA-ZK,0.7209,$390.84M,-12.9
STRK-FLOKI,0.7209,$387.72M,-4.01
DASH-BONK,0.7199,$662.38M,1.19
PEANUT-BONK,0.7188,$449.48M,-0.78
EARNETH-PEANUT,0.7187,$331.48M,7.02
WIF-FET,0.7186,$452.26M,-16.04
2Z-VET,0.7169,$591.29M,0.55
IOTA-JASMY,0.7159,$359.16M,-3.59
EARNETH-PENDLE,0.7157,$397.59M,17.16
NEO-COMP,0.7157,$293.10M,3.01
JTO-MON,0.7154,$516.83M,-4.79
ZANO-GOMINING,0.7145,$246.72M,-0.31
BTT-AR,0.7142,$375.53M,-4.48
DASH-ETHFI,0.713,$797.33M,12.49
AXS-GALA,0.7123,$232.30M,-16.34
PENGU-ETHFI,0.7113,$771.61M,13.85
AXS-COMP,0.7099,$303.01M,-4.68
1INCH-VET,0.7095,$504.77M,15.1
NXM-PENDLE,0.7088,$337.52M,15.03
AXS-IOTA,0.7083,$291.26M,-10.86
GRT-IOTA,0.708,$308.92M,-10.9
TKX-ZK,0.7079,$187.80M,-3.56
NXM-STRK,0.7074,$276.08M,6.95
PENDLE-GLIDR,0.7071,$352.03M,10.23
TKX-ETHFI,0.7051,$503.33M,19.45
FARTCOIN-GLIDR,0.7042,$224.39M,16.01
DCR-SNX,0.7022,$325.21M,8.94
ZK-VET,0.7021,$473.31M,-6.31
GRT-WIF,0.7018,$307.69M,-13.36
EARNETH-STRK,0.7016,$336.15M,9.08
NXM-AXS,0.7013,$230.56M,1.82
AKT-FLOKI,0.7009,$326.90M,-15.52
SAND-RAY,0.6999,$288.19M,-3.94
IMX-SAND,0.6986,$352.51M,-5.61
NEO-STX,0.6986,$384.29M,-7.24
AXS-RAY,0.698,$306.69M,-6.2
USDTB-REUSD,0.6968,$522.96M,0.78
TKX-SAND,0.6967,$228.63M,0.12
SAND-CHZ,0.6966,$269.33M,-16.89
RAY-BONK,0.6964,$427.95M,4.1
FARTCOIN-XPL,0.6963,$343.60M,9.27
OUSG-USTBL,0.6961,$541.09M,0.26
AKT-STX,0.6946,$378.91M,-21.3
DASH-PENGU,0.6941,$769.15M,-2.69
NEO-AXS,0.6928,$277.46M,-6.47
VET-GLIDR,0.6926,$490.34M,6.27
VIRTUAL-SAND,0.6921,$494.76M,-1.28
IOTA-VET,0.6917,$536.53M,-1.59
TIA-CHZ,0.6915,$450.63M,-16.47
TKX-PENDLE,0.6913,$354.09M,11.08
VET-GRASS,0.691,$604.83M,-11.31
AXS-VET,0.6901,$532.64M,-4.89
AKT-BAT,0.6899,$231.81M,-18.84
INJ-GRT,0.6895,$620.58M,-6.58
UB-PIEVERSE,0.6884,$542.92M,19.34
VET-BAT,0.6881,$492.37M,-3.21
EARNETH-AXS,0.6875,$290.63M,3.94
TIA-SAND,0.6872,$431.68M,-9.22
IOTA-FET,0.6866,$453.49M,-13.59
CHZ-BAT,0.6864,$247.55M,-17.47
IMX-VET,0.6858,$616.28M,1.39
EARNETH-COMP,0.6852,$306.27M,13.42
SAND-VET,0.6846,$514.14M,-2.63
FARTCOIN-PEANUT,0.6841,$307.55M,7.92
AKT-FARTCOIN,0.6835,$251.40M,-1.52
SAND-DASH,0.6831,$522.62M,-6.84
NXM-ETHFI,0.6829,$486.76M,23.4
FARTCOIN-AERO,0.6824,$537.38M,7.15
IMX-ZK,0.6813,$311.67M,-9.29
GRT-GALA,0.6812,$249.96M,-16.38
SPX-DASH,0.6808,$699.51M,-3.95
THETA-CHZ,0.6807,$270.23M,-12.73
RAY-JASMY,0.6802,$374.59M,1.07
STRK-FET,0.6793,$495.13M,-11.75
AKT-IOTA,0.6786,$275.97M,-17.23
CVX-VET,0.6784,$523.77M,16.28
COMP-BAT,0.6784,$262.74M,-3.0
FLOKI-CHZ,0.6778,$342.65M,-14.15
COMP-AR,0.6778,$275.38M,-2.28
SPX-REAL,0.6774,$551.13M,-6.05
SAND-IOTA,0.6764,$272.76M,-8.6
BAT-FET,0.6764,$409.33M,-15.2
EARNETH-ETHFI,0.6763,$546.83M,25.53
SAND-STX,0.6761,$375.71M,-12.67
LUNC-SAND,0.676,$404.09M,-12.5
USDTB-KOGE,0.676,$569.67M,-3.04
IMX-AXS,0.6759,$371.01M,-7.87
USAT-COMP,0.6752,$344.55M,2.4
ENS-PIEVERSE,0.6749,$358.15M,-1.19
SPX-AXS,0.6747,$445.76M,-9.01
NXM-FLOKI,0.6746,$285.38M,6.82
AXS-CHZ,0.6745,$287.83M,-19.15
EARNETH-CVX,0.6743,$281.76M,25.12
REAL-PRL,0.6743,$333.13M,3.18
ZK-PENGU,0.674,$456.07M,-9.16
RAY-SYRUP,0.673,$370.25M,12.16
LUNC-RAY,0.6728,$441.90M,-6.81
EARNETH-ZBCN,0.6725,$324.22M,1.17
AXS-STRK,0.6725,$332.90M,-9.02
AKT-AXS,0.6721,$272.08M,-20.53
SPX-VET,0.672,$691.03M,0.25
DYDX-CARDS,0.6717,$366.73M,-34.19
ZK-NEO,0.6716,$218.13M,-7.89
DASH-ENS,0.6709,$573.51M,1.01
SPX-STX,0.6703,$552.59M,-9.78
TWT-REAL,0.6703,$397.53M,-4.21
GALA-WIF,0.6703,$234.96M,-15.5
NXM-NEO,0.6688,$220.65M,9.5
LUNC-FARTCOIN,0.6683,$401.91M,4.24
INJ-SAND,0.6682,$584.42M,-4.27
SAND-BORG,0.6681,$263.46M,-10.89
NXM-COMP,0.6679,$246.20M,11.29
GRT-JASMY,0.6674,$372.93M,-6.93
GRT-REAL,0.6673,$410.40M,-11.24
COMP-BTT,0.6668,$418.80M,2.59
ZK-CHZ,0.6667,$228.49M,-20.57
TKX-XPL,0.6664,$324.03M,2.28
GLM-REUSD,0.6663,$262.20M,-5.55
VET-AR,0.666,$505.01M,-2.49
REAL-AR,0.6659,$365.11M,-8.79
NXM-IOTA,0.6657,$234.45M,5.12
VIRTUAL-GLIDR,0.6657,$470.95M,7.62
COMP-FET,0.6656,$465.24M,-7.41
SAND-XCN,0.6652,$254.85M,-11.77
SAND-FARTCOIN,0.6645,$248.20M,7.11
NXM-JASMY,0.6632,$298.46M,9.09
SPX-RAY,0.6632,$465.08M,-1.05
AKT-GALA,0.6632,$217.01M,-22.71
NXM-ZBCN,0.6629,$264.14M,-0.96
DASH-REAL,0.6628,$646.49M,-6.14
STX-GLIDR,0.6628,$351.90M,-3.76
PENGU-CHZ,0.6625,$515.86M,-12.74
NEO-VET,0.6623,$522.73M,2.79
AXS-BAT,0.6622,$247.10M,-12.48
DASH-FET,0.662,$703.35M,-11.83
EARNETH-XPL,0.6617,$367.53M,8.37
RAY-XPL,0.6616,$383.59M,-1.78
DASH-JASMY,0.6613,$609.02M,-1.83
AKT-COMP,0.6606,$287.72M,-11.05
VIRTUAL-DASH,0.6604,$767.00M,1.51
TIA-MANA,0.6602,$437.87M,-0.36
CVX-XPL,0.6596,$355.40M,11.44
1INCH-NEO,0.6595,$249.59M,13.52
AXS-FARTCOIN,0.6595,$266.70M,4.84
LUNC-AXS,0.6586,$422.59M,-14.77
EARNETH-NEO,0.6586,$280.72M,11.63
GRT-GRASS,0.6582,$377.21M,-20.61
TKX-STRK,0.6581,$292.65M,3.0
CTOC-CHZ,0.6581,$419.14M,-11.91
FARTCOIN-VET,0.6581,$511.97M,14.11
EARNETH-FLOKI,0.658,$345.45M,8.95
VIRTUAL-AKT,0.658,$497.96M,-9.91
RAY-REAL,0.658,$412.06M,-3.24
STRK-FARTCOIN,0.6579,$312.22M,9.98
PENDLE-RAY,0.6575,$413.66M,7.02
WEMIX-PIEVERSE,0.6571,$282.51M,-14.21
IOTA-RAY,0.6569,$310.58M,-2.9
TIA-FLOKI,0.6565,$505.00M,-6.47
EARNETH-GRASS,0.6558,$362.81M,-2.47
INJ-DASH,0.6555,$856.67M,-1.48
PENGU-BAT,0.6551,$475.13M,-6.06
DASH-IOTA,0.6536,$545.01M,-5.8
GALA-PENGU,0.6533,$460.33M,-9.92
STRK-BAT,0.653,$292.63M,-7.34
SPX-GLIDR,0.6526,$403.46M,2.16
ZK-FARTCOIN,0.6526,$207.36M,3.43
ZK-BAT,0.6526,$187.77M,-13.9
AXS-PENGU,0.6523,$515.41M,-7.74
SAND-GRASS,0.6522,$341.06M,-18.31
INJ-AKT,0.6521,$587.63M,-12.9
ZBCN-RAY,0.6518,$340.28M,-8.97
LUNC-FLOKI,0.6517,$477.41M,-9.76
DASH-VET,0.6513,$786.39M,0.16
FLOKI-DASH,0.651,$595.94M,-4.09
USDTB-GLM,0.6508,$450.28M,-5.26
STAC-XPL,0.6507,$323.23M,-2.47
LUNC-NXM,0.6506,$365.77M,1.21
SPX-PENGU,0.6503,$673.79M,-2.59
NXM-CVX,0.6501,$221.69M,22.99
AKT-JASMY,0.65,$339.98M,-13.26
STRK-WIF,0.65,$335.55M,-8.18
CAKE-STRK,0.649,$636.40M,1.21
AKT-AR,0.6489,$244.45M,-18.12
TKX-GRASS,0.6484,$319.31M,-8.55
LUNC-GLIDR,0.6482,$380.28M,-3.6
SPX-FARTCOIN,0.6464,$425.09M,9.99
SPX-2Z,0.6463,$504.41M,-3.57
TKX-COMP,0.6462,$262.77M,7.33
NXM-FET,0.6459,$392.79M,-0.91
DYDX-USDTB,0.6456,$453.39M,-17.07
GRT-BTT,0.6456,$420.82M,-6.93
DASH-COMP,0.6455,$556.76M,0.37
SPX-TIA,0.6451,$608.57M,-6.33
AKT-XPL,0.645,$348.98M,-16.1
NEO-FET,0.645,$439.69M,-9.2
FLUID-COCO,0.6445,$270.51M,8.95
IMX-BAT,0.6444,$330.74M,-6.19
GRT-GLIDR,0.6444,$262.73M,-3.03
LUNC-EARNETH,0.644,$425.84M,3.34
INJ-GLIDR,0.6438,$560.62M,4.63
CVX-REAL,0.6438,$383.87M,9.98
EARNETH-VIRTUAL,0.6437,$516.51M,14.56
PENDLE-REAL,0.6436,$499.71M,2.02
NXM-STX,0.6432,$337.39M,1.04
ZK-FET,0.643,$390.27M,-18.31
AXS-BORG,0.6424,$281.96M,-13.15
NXM-VIRTUAL,0.6423,$456.44M,12.43
IMX-SPX,0.6421,$529.40M,-2.72
BORG-ONYC,0.6418,$384.48M,-5.61
STAC-USDTB,0.6417,$458.17M,0.71
EARNETH-JASMY,0.6417,$358.53M,11.21
NXM-CHZ,0.6416,$231.01M,-3.18
FLOKI-FARTCOIN,0.6413,$321.52M,9.85
PENGU-VET,0.6413,$760.67M,1.52
2Z-IOTA,0.6412,$349.91M,-5.42
CVX-TKX,0.6412,$238.26M,19.04
GLIDR-BAT,0.6405,$204.80M,-1.31
DASH-PENDLE,0.6403,$648.09M,4.12
IMX-2Z,0.64,$429.66M,-2.43
WIF-PENGU,0.6397,$518.06M,-6.9
LUNC-CHZ,0.6395,$423.04M,-19.76
SAND-WIF,0.6394,$271.53M,-11.05
IMX-AR,0.6392,$343.38M,-5.47
GRT-CAKE,0.6391,$608.54M,-3.97
GLIDR-JASMY,0.639,$312.97M,4.28
BTT-FET,0.6386,$565.39M,-9.61
BORG-BAT,0.6384,$241.68M,-11.47
RAY-BAT,0.6383,$266.42M,-4.52
AXS-THETA,0.6376,$269.78M,-7.73
DASH-BAT,0.6376,$500.85M,-7.42
RAY-COMP,0.6375,$322.33M,3.27
VET-CHZ,0.6375,$533.10M,-9.89
GRT-CVX,0.637,$296.16M,6.97
GRT-VIRTUAL,0.6365,$530.91M,-3.59
PENDLE-PEANUT,0.6365,$435.19M,2.14
NXM-XPL,0.6361,$307.46M,6.24
EARNETH-STX,0.6361,$397.46M,3.17
EARNETH-IOTA,0.6357,$294.52M,7.24
RAY-FET,0.6355,$468.92M,-8.93
IMX-TIA,0.6352,$533.81M,-5.19
LUNC-VET,0.6347,$667.85M,-5.5
GRT-TIA,0.6342,$467.83M,-11.52
LUNC-PENGU,0.6337,$650.62M,-8.35
TIA-BAT,0.6336,$409.90M,-9.8
IMX-GRT,0.6334,$388.67M,-7.92
USDTB-ICNT,0.6332,$457.09M,-8.83
TEL-PENDLE,0.6329,$424.97M,-5.11
VIRTUAL-IOTA,0.6328,$517.14M,-0.24
SPX-INJ,0.6321,$761.31M,-1.39
CVX-ZK,0.6319,$219.17M,5.6
GLIDR-AR,0.6319,$217.44M,-0.58
NEO-XCN,0.6318,$263.43M,-6.34
SNX-USDZ,0.6315,$249.82M,-0.4
1INCH-GLIDR,0.6311,$217.20M,17.0
RAY-GRASS,0.631,$378.87M,-12.61
WIF-BORG,0.6308,$284.61M,-12.31
SPX-ETHFI,0.6297,$701.97M,12.58
NXM-GRASS,0.6296,$302.74M,-4.6
STRK-COMP,0.6294,$348.54M,0.45
USDAT-PENDLE,0.629,$390.45M,6.16
1INCH-COMP,0.6289,$275.14M,15.31
SPX-ENS,0.6288,$478.15M,1.1
SAND-MANA,0.6288,$256.57M,-0.78
EARNETH-FET,0.6287,$452.86M,1.22
PENGU-XPL,0.6287,$592.30M,-3.32
UQC-THETA,0.6286,$234.11M,-0.77
CVX-GRASS,0.6283,$350.68M,0.6
INJ-USDAT,0.628,$599.04M,0.56
NEO-BAT,0.6277,$237.19M,-4.79
TIA-AKT,0.6276,$434.88M,-17.84
VIRTUAL-RAY,0.6275,$532.57M,4.41
SPX-CHZ,0.6272,$446.21M,-14.01
DASH-SN64,0.6269,$487.43M,1.49
LUNC-TKX,0.6268,$382.34M,-2.75
NEO-SAND,0.6268,$258.96M,-4.21
IOTA-AR,0.6267,$263.63M,-8.45
PRL-AR,0.6261,$200.12M,2.63
SAND-THETA,0.6259,$251.28M,-5.47
TKX-PRL,0.6257,$187.51M,12.24
FARTCOIN-BONK,0.6255,$387.96M,15.14
STRK-IOTA,0.6253,$336.79M,-5.72
DASH-AERO,0.6252,$811.81M,-6.79
DASH-AR,0.6251,$513.49M,-6.7
EARNETH-PRL,0.625,$231.01M,18.32
GLIDR-CRCLON,0.6248,$194.24M,4.44
GNO-COCO,0.6247,$466.86M,-14.9
INJ-COMP,0.6245,$618.56M,2.94
DRV-REAL,0.6244,$351.70M,-7.81
TKX-STX,0.6243,$353.96M,-2.91
SAND-AR,0.6243,$241.24M,-9.49
CAKE-CHZ,0.6239,$591.33M,-8.93
DASH-USDZ,0.6238,$524.82M,-2.14
STX-VET,0.6238,$639.47M,-5.67
ZBCN-TKX,0.6237,$280.72M,-4.91
SPX-COMP,0.6233,$461.40M,0.46
STAC-CRCLON,0.6233,$195.50M,0.53
INJ-EARNETH,0.623,$606.18M,11.57
GRT-XPL,0.6227,$381.93M,-9.78
AKT-PEANUT,0.6223,$312.93M,-17.45
ZBCN-AR,0.622,$293.33M,-14.52
NEO-DASH,0.622,$531.21M,-1.41
SPX-SNX,0.6219,$424.51M,-2.21
TKX-AERO,0.6211,$517.82M,0.17
RAY-CRCLON,0.621,$255.86M,1.23
ETHFI-VET,0.6205,$788.85M,16.69
AR-FET,0.6201,$421.97M,-14.48
ZK-STX,0.6199,$334.87M,-16.35
DCR-AIAT,0.6199,$320.76M,11.16
REAL-PEANUT,0.6199,$433.60M,-8.12
NXM-PRL,0.6188,$170.94M,16.2
PENGU-MET,0.6186,$461.13M,0.35
SPX-IOTA,0.6185,$449.65M,-5.71
APR-XPIN,0.6185,$341.29M,-5.12
VET-REAL,0.6183,$638.02M,-1.93
EARNETH-CHZ,0.6182,$291.08M,-1.05
EDGE-TIA,0.6181,$442.47M,-12.97
SNX-DASH,0.6178,$519.87M,-2.3
AXS-STX,0.6172,$394.21M,-14.93
NXM-BAT,0.6166,$190.28M,3.5
NXM-SNX,0.6159,$209.31M,8.61
SAND-GLIDR,0.6154,$226.57M,-0.73
STX-ETHFI,0.6154,$650.41M,6.66
VELVET-GPS,0.6152,$262.51M,-33.9
LUNC-FET,0.6151,$584.82M,-17.49
TKX-ENS,0.6147,$279.51M,7.97
VIRTUAL-JASMY,0.6146,$581.16M,3.73
ENS-STX,0.6146,$426.59M,-4.82
LUNC-ZK,0.614,$363.25M,-16.19
GALA-RAY,0.6133,$251.62M,-8.38
FARTCOIN-COMP,0.6131,$282.34M,14.32
SAND-JASMY,0.6128,$336.77M,-4.63
GLIDR-COMP,0.6125,$260.71M,6.48
EARNETH-ENS,0.6122,$323.01M,14.06
GRT-2Z,0.6122,$363.68M,-8.76
TKX-NEO,0.6121,$237.22M,5.55
2Z-AXS,0.6119,$346.02M,-8.72
ENS-BAT,0.6118,$279.49M,-2.36
INJ-RAY,0.6117,$622.24M,1.42
NEO-IOTA,0.6115,$281.35M,-3.17
IOTA-PENGU,0.6114,$519.29M,-4.44
GALA-ONYC,0.6114,$334.82M,-8.8
BAT-XPL,0.6112,$324.00M,-8.05
CAKE-THETA,0.611,$573.28M,2.5
SPX-STRK,0.6108,$491.29M,-3.87
NEO-GLIDR,0.6105,$235.16M,4.7
AKT-REAL,0.6102,$377.45M,-17.57
ENS-FET,0.6097,$481.99M,-6.77
CTOC-BTT,0.6093,$534.48M,0.36
DASH-XCN,0.6092,$527.09M,-8.98
GALA-ENS,0.6091,$264.69M,-6.23
PENGU-FET,0.6091,$677.64M,-10.47
EARNETH-SNX,0.6084,$269.38M,10.74
STRK-VET,0.6079,$578.17M,0.24
ZK-GALA,0.6078,$172.97M,-17.76
VET-JASMY,0.6078,$600.54M,2.38
PENGU-AR,0.6076,$487.77M,-5.33
CRCLON-XPL,0.6076,$313.44M,-2.31
STX-PENDLE,0.6075,$501.17M,-1.71
VET-XPL,0.6073,$609.54M,-0.47
VIRTUAL-AR,0.6072,$485.62M,-1.14
STRK-JASMY,0.6068,$400.80M,-1.75
AXS-AR,0.6065,$259.74M,-11.75
CASH-STX,0.6061,$372.54M,-7.85
AKT-STRK,0.6058,$317.60M,-15.39
INJ-VET,0.6055,$848.19M,2.73
ZK-THETA,0.6054,$210.45M,-9.15
FLOKI-IOTA,0.6052,$346.08M,-5.85
FARTCOIN-ETHFI,0.6052,$522.90M,26.43
STRK-GALA,0.6051,$277.83M,-11.21
ZK-IOTA,0.605,$231.93M,-12.28
INJ-AR,0.6046,$575.29M,-4.13
CVX-AR,0.6044,$250.87M,9.42
STRK-THETA,0.6043,$315.30M,-2.6
ETHFI-BAT,0.6042,$503.31M,9.11
UB-WEMIX,0.6039,$461.26M,13.58
SPX-NEO,0.6033,$435.85M,-1.32
GALA-BAT,0.6032,$192.03M,-14.66
GRT-ZBCN,0.6023,$338.62M,-16.97
ICNT-BORG,0.6022,$239.84M,-15.44
NXM-TIA,0.602,$393.36M,4.5
NEO-JASMY,0.602,$345.36M,0.8
INJ-TKX,0.6017,$562.68M,5.48
ZBT-BSV,0.6017,$372.44M,-1.93
THETA-BAT,0.6017,$229.51M,-6.05
CVX-AXS,0.6006,$278.50M,7.02
ETHFI-JASMY,0.6001,$611.48M,14.7
STX-COMP,0.5998,$409.84M,-5.46
LUNC-BTT,0.5994,$538.37M,-7.49
USDAT-COMP,0.5992,$299.12M,2.41
VIRTUAL-PENGU,0.5988,$741.29M,2.87
TKX-AXS,0.5984,$247.13M,-2.14
INJ-VIRTUAL,0.5979,$828.80M,4.08
STAC-AVUSD,0.5976,$218.62M,0.39
RAY-MON,0.5973,$411.20M,8.23
IMX-FLOKI,0.5972,$425.83M,-2.86
EARNETH-BAT,0.5971,$250.36M,5.63
PEANUT-JASMY,0.5969,$396.12M,-3.81
LUNC-AR,0.5965,$394.95M,-12.36
1INCH-EARNETH,0.5965,$262.76M,23.94
CASH-ENS,0.5964,$298.09M,3.04
INJ-XCN,0.5963,$588.89M,-6.41
PENGU-GRASS,0.5963,$587.59M,-14.15
INJ-REAL,0.5962,$708.29M,-3.57
LUNC-VIRTUAL,0.5961,$648.47M,-4.15
GRT-ETHFI,0.5961,$561.24M,7.39
ZANO-THETA,0.5958,$257.25M,-3.16
IMX-SFP,0.5956,$330.05M,-3.15
NXM-2Z,0.5949,$289.21M,7.26
2Z-RAY,0.5948,$365.34M,-0.76
VET-FET,0.5947,$694.87M,-7.62
NXM-ENS,0.5946,$262.94M,11.93
NXM-EURCV,0.5946,$236.31M,8.79
INJ-PENGU,0.5946,$830.95M,-0.12
IOTA-STX,0.5945,$398.09M,-11.63
ZK-GLIDR,0.5944,$185.74M,-4.41
CHZ-COMP,0.5944,$303.46M,-9.68
SAND-REAL,0.5942,$374.25M,-8.94
STRK-RAY,0.5939,$352.22M,-1.06
FLOKI-COMP,0.5936,$357.83M,0.32
TIA-THETA,0.5934,$432.58M,-5.05
1INCH-TKX,0.5933,$219.26M,17.85
CVX-RAY,0.5933,$297.82M,14.97
PENGU-COMP,0.5933,$531.04M,1.73
ENS-ETHFI,0.5932,$575.96M,17.54
UB-ENS,0.5928,$536.91M,26.6
REUSD-CRCLON,0.5928,$260.29M,0.6
COCO-KMNO,0.5927,$282.24M,-6.51
GRT-PEANUT,0.5926,$345.88M,-11.12
REAL-XPL,0.5922,$469.65M,-6.78
VIRTUAL-SYRUP,0.5921,$576.82M,14.81
VIRTUAL-TKX,0.5919,$473.01M,8.47
TIA-BORG,0.5918,$444.76M,-10.47
EARNETH-BTT,0.5916,$406.41M,11.22
INJ-NEO,0.5911,$593.01M,1.15
ETHFI-PEANUT,0.5905,$584.43M,10.51
GLIDR-BONK,0.5905,$366.33M,7.31
FARTCOIN-GRASS,0.5902,$338.88M,-1.57
STAC-GLM,0.59,$197.41M,-5.61
AXS-JASMY,0.5898,$355.27M,-6.89
VIRTUAL-AXS,0.5896,$513.26M,-3.54
NEO-BTT,0.5895,$393.25M,0.8
SPX-PENDLE,0.5893,$552.73M,4.21
CVX-TIBBIR,0.5887,$241.30M,17.39
GRT-ENS,0.5886,$337.42M,-4.09
CHZ-AR,0.5886,$260.19M,-16.75
TKX-FLOKI,0.5885,$301.95M,2.87
MON-GLIDR,0.5885,$349.58M,11.44
SPX-XPL,0.5884,$522.66M,-4.59
VET-MON,0.5882,$637.15M,9.54
NXM-BTT,0.5879,$346.34M,9.09
VIRTUAL-GALA,0.5879,$458.18M,-5.73
NXM-1INCH,0.5872,$202.69M,21.81
LUNC-STX,0.5871,$529.42M,-15.54
VIRTUAL-CHZ,0.587,$513.71M,-8.54
ETHFI-COMP,0.5868,$559.22M,16.9
KAITO-FDUSD,0.5863,$655.37M,61.89
FARTCOIN-JASMY,0.5863,$334.60M,12.11
CAKE-FLOKI,0.5858,$645.70M,1.08
AKT-NEO,0.5857,$262.17M,-12.84
EARNETH-AERO,0.5856,$561.32M,6.25
TKX-CHZ,0.5855,$247.58M,-7.14
ETHFI-REAL,0.5854,$648.95M,10.39
CTOC-MET,0.5849,$364.42M,1.18
FLOKI-RAY,0.5844,$361.51M,-1.19
WIF-XPL,0.5844,$366.93M,-8.89
1INCH-ZK,0.5836,$200.17M,4.42
EARNETH-EURCV,0.5833,$296.38M,10.92
CVX-STRK,0.5831,$324.03M,12.15
TAG-SFP,0.5829,$247.80M,15.59
TKX-EURCV,0.5827,$252.88M,4.84
ENS-XCN,0.5827,$305.73M,-3.92
EDGE-REUSD,0.5825,$303.41M,-8.32
ZK-RAY,0.5822,$247.36M,-7.62
SPX-BAT,0.5821,$405.49M,-7.33
ZBCN-PENDLE,0.582,$427.93M,-3.71
SNX-RAY,0.582,$285.44M,0.6
NXM-INJ,0.5815,$546.11M,9.44
BC-REUSD,0.5813,$387.00M,54.71
USDAT-STX,0.5809,$390.32M,-7.83
JTO-BSV,0.5809,$527.13M,-11.32
LUNC-PEANUT,0.5807,$463.44M,-11.69
TIA-FARTCOIN,0.5805,$429.50M,7.53
COMP-GRASS,0.5805,$375.19M,-11.1
BONK-FET,0.5805,$570.86M,-6.59
EARNETH-TIA,0.58,$453.43M,6.62
1INCH-BAT,0.5798,$219.23M,7.52
OHM-FLUID,0.5793,$362.09M,25.39
VIRTUAL-FLOKI,0.5789,$568.08M,1.46
STRK-ENS,0.5786,$365.28M,1.09
ENS-JASMY,0.5786,$387.66M,3.22
USDTB-OHM,0.5781,$631.33M,9.46
USDAI-USDZ,0.5781,$284.83M,-0.1
RAY-ETHFI,0.5779,$562.90M,15.39
STAC-BC,0.5772,$322.21M,54.64
GLIDR-XPL,0.5772,$321.97M,1.43
SNX-GLIDR,0.577,$223.82M,3.81
THETA-FET,0.577,$432.01M,-10.46
NXM-EURC,0.5769,$536.91M,8.78
TIA-STX,0.5769,$557.01M,-12.25
CVX-SAND,0.5764,$260.00M,9.28
USDAT-USDAI,0.5761,$297.24M,0.03
ZK-XCN,0.5761,$214.01M,-15.45
OZO-AIAT,0.5756,$243.28M,1.96
TKX-JASMY,0.5756,$315.03M,5.13
ULTIMA-BAT,0.5756,$285.11M,5.17
GALA-COMP,0.5756,$247.94M,-6.87
ENS-REAL,0.5754,$425.13M,-1.08
ICNT-REUSD,0.5753,$269.00M,-9.11
EARNETH-2Z,0.5751,$349.28M,9.38
TKX-SNX,0.5749,$225.88M,4.66
INJ-XPL,0.5746,$679.82M,-2.11
EARNETH-CAKE,0.5746,$594.13M,14.17
USDAT-REAL,0.5745,$388.86M,-4.1
DASH-GALA,0.5745,$486.05M,-11.29
AXS-XPL,0.5744,$364.28M,-9.74
NEO-RAY,0.5742,$296.78M,1.49
LUNC-NEO,0.574,$412.67M,-7.08
LUNC-THETA,0.5737,$404.99M,-8.34
SN64-VET,0.5735,$478.95M,5.69
FLOKI-GRASS,0.5733,$414.38M,-15.56
IOTA-BAT,0.5732,$250.99M,-9.18
BORG-FET,0.5727,$444.19M,-15.88
AKT-SN64,0.572,$218.38M,-9.94
ZBCN-SNX,0.5719,$299.71M,-10.13
FLOKI-XPL,0.5718,$419.10M,-4.73
AXS-GLIDR,0.571,$245.07M,-2.99
SNX-XCN,0.5709,$252.09M,-7.24
LUNC-ETHFI,0.5708,$678.79M,6.82
SPX-CVX,0.5707,$436.89M,12.17
DEXE-SOSO,0.5707,$390.67M,-34.03
SPX-FET,0.5705,$607.99M,-11.74
NEO-FLOKI,0.5705,$332.28M,-1.46
2Z-COMP,0.5702,$361.66M,0.76
GRT-BONK,0.57,$426.29M,-3.9
SPX-ZBCN,0.5695,$479.35M,-11.78
STX-RAY,0.5692,$413.52M,-6.97
SAND-PIEVERSE,0.569,$307.27M,-9.04
TKX-IOTA,0.5684,$251.02M,1.16
ZK-AR,0.5684,$200.41M,-13.17
JASMY-FET,0.5682,$517.51M,-9.62
SPX-XCN,0.5679,$431.73M,-8.89
VIRTUAL-REAL,0.5675,$618.63M,-0.58
IOTA-SYRUP,0.5674,$354.82M,7.5
INJ-ENS,0.5672,$635.31M,3.58
INJ-BAT,0.567,$562.65M,-4.85
IMX-NXM,0.5667,$314.19M,8.1
SPX-USDZ,0.5667,$429.46M,-2.05
ZBCN-GLIDR,0.5665,$278.66M,-5.76
TKX-EURC,0.5664,$553.48M,4.82
TKX-XCN,0.5664,$233.10M,-2.02
REAL-BAT,0.5664,$352.47M,-9.52
LUNC-BORG,0.5663,$417.17M,-13.76
ZBCN-ZK,0.5663,$261.63M,-18.35
FARTCOIN-REAL,0.5663,$372.07M,7.81
SPX-EURC,0.566,$752.11M,-2.05
CAKE-FET,0.566,$753.11M,-6.66
REAL-SYRUP,0.5659,$456.31M,7.16
IMX-EARNETH,0.5658,$374.26M,10.23
ZBCN-PIEVERSE,0.5657,$359.36M,-14.08
RAY-AR,0.5653,$279.06M,-3.79
KAU-MX,0.5652,$458.90M,0.28
STRK-XCN,0.5652,$318.87M,-8.9
CHZ-REAL,0.5651,$393.20M,-16.19
CAKE-ZK,0.5648,$531.54M,-5.35
PENGU-BONK,0.5646,$636.66M,2.56
USDTB-COCO,0.5645,$539.74M,-6.98
AKT-ENS,0.5642,$304.46M,-10.41
STAC-EDGE,0.5641,$238.62M,-8.39
USAT-XCN,0.5641,$314.89M,-6.95
ENS-RAY,0.5641,$339.08M,3.91
ETHFI-AR,0.564,$515.95M,9.84
EDGE-KOGE,0.5638,$350.12M,-12.14
VET-CRCLON,0.5637,$481.81M,2.53
OHM-MX,0.5635,$426.39M,8.58
DASH-CRCLON,0.5635,$490.29M,-1.67
CASH-TKX,0.5634,$225.46M,4.94
FLOKI-BTT,0.5634,$457.98M,-1.88
TIA-STRK,0.5633,$495.70M,-6.34
ZK-REAL,0.5633,$333.41M,-12.62
CHZ-PRL,0.5633,$228.21M,-4.77
CVX-MON,0.5629,$383.01M,21.45
TIA-VET,0.5629,$695.45M,-2.21
FARTCOIN-BAT,0.5629,$226.43M,6.53
WIF-BAT,0.5629,$249.76M,-11.63
SPX-DCR,0.5626,$504.85M,7.29
GLM-KMNO,0.5624,$192.78M,-4.79
STX-CHZ,0.5623,$394.66M,-19.93
EARNETH-EURC,0.562,$596.98M,10.91
2Z-FRAX,0.562,$422.40M,-1.45
SN64-BAT,0.5614,$193.41M,-1.89
CAKE-VET,0.5613,$836.15M,5.33
NEO-SN64,0.5613,$223.77M,4.12
TAG-GUSD,0.5613,$294.57M,17.88
STRK-DASH,0.561,$586.65M,-3.97
AXS-DASH,0.5608,$541.12M,-9.1
TKX-TWT,0.5606,$251.91M,4.85
CHZ-GLIDR,0.5605,$245.52M,-7.99
PENDLE-USDZ,0.5604,$378.04M,6.02
SPX-EURCV,0.5602,$451.51M,-2.03
FARTCOIN-GALA,0.5602,$211.63M,2.66
USAT-FRXUSD,0.56,$295.15M,0.02
ZBCN-SAND,0.5598,$302.46M,-14.67
ZK-GRASS,0.5597,$300.22M,-21.99
IMX-THETA,0.5595,$353.41M,-1.45
EARNETH-XCN,0.5595,$276.60M,4.07
BC-AVUSD,0.5595,$335.55M,54.67
IMX-AKT,0.5594,$355.71M,-14.24
EARNETH-CRCLON,0.5589,$239.79M,11.37
CASH-USDF,0.5588,$233.86M,0.06
NXM-CAKE,0.5587,$534.06M,12.04
IMX-CVX,0.5586,$362.14M,13.3
NXM-CRCLON,0.5586,$179.72M,9.24
TKX-BTT,0.5583,$362.92M,5.13
NEO-USAT,0.5583,$319.00M,0.62
PENDLE-USDAI,0.5583,$408.09M,6.15
SPX-AR,0.5581,$418.13M,-6.6
SNX-FARTCOIN,0.5581,$245.45M,11.64
USDTB-AXS,0.5576,$499.21M,-6.55
CVX-COMP,0.5576,$294.14M,16.49
REAL-COMP,0.5572,$408.38M,-1.72
NXM-SYRUP,0.557,$294.12M,20.17
TKX-BONK,0.557,$368.39M,8.16
ZK-BORG,0.5569,$222.62M,-14.57
BAT-JASMY,0.5569,$315.00M,-5.21
CAKE-REAL,0.5568,$696.25M,-0.97
TKX-FET,0.5567,$409.36M,-4.87
REUSD-KOGE,0.5565,$381.58M,-3.32
DRV-ZBCN,0.5563,$279.92M,-13.55
LUNC-SPX,0.5559,$580.97M,-9.62
USDTB-APYUSD,0.5556,$513.65M,5.01
INJ-AXS,0.5555,$602.92M,-6.53
NEO-PENDLE,0.5552,$384.43M,6.75
NXM-AERO,0.555,$501.24M,4.12
OZO-SNX,0.5548,$247.73M,-0.25
USDAT-ETHFI,0.5547,$539.69M,14.53
2Z-PENDLE,0.5545,$452.99M,4.5
NXM-USDZ,0.5544,$214.26M,8.78
CASH-PIEVERSE,0.5544,$304.10M,-4.22
TKX-BAT,0.5544,$206.86M,-0.46
IOTA-GLIDR,0.5544,$248.96M,0.31
EARNETH-SYRUP,0.5543,$354.19M,22.3
DYDX-TRUMP,0.5541,$455.26M,-13.47
CAKE-PENGU,0.5541,$818.91M,2.49
AKT-SNX,0.554,$250.83M,-13.73
EARNETH-USDZ,0.5539,$274.33M,10.9
AKT-CRCLON,0.5538,$221.25M,-13.1
FLOKI-AR,0.5537,$314.56M,-6.74
VIRTUAL-ZK,0.5532,$453.92M,-4.96
STRK-AR,0.5532,$305.27M,-6.62
STRK-GLIDR,0.5531,$290.59M,2.15
FARTCOIN-PENDLE,0.5529,$373.66M,18.06
CVX-IOTA,0.5528,$282.39M,10.32
CAKE-ENS,0.5528,$623.26M,6.18
GRT-PRL,0.552,$245.41M,0.18
FLOKI-ETHFI,0.552,$598.40M,12.44
ZBCN-VET,0.5519,$566.23M,-7.67
DRV-EARNETH,0.5517,$249.59M,7.33
AXS-WIF,0.5517,$290.03M,-13.32
GLIDR-SYRUP,0.5516,$308.63M,15.37
AXS-MET,0.5515,$233.10M,-6.06
FLOKI-THETA,0.5515,$324.60M,-2.72
AXS-PENDLE,0.5514,$394.34M,-0.94
USDAT-DASH,0.5513,$537.23M,-2.01
USDTB-GNO,0.5512,$638.17M,-6.86
AKT-FET,0.5511,$434.31M,-23.25
USDAT-USDF,0.5508,$251.64M,0.07
OHM-PENDLE,0.5506,$526.46M,15.07
GALA-XPL,0.5502,$309.20M,-11.92
REAL-BTT,0.5502,$508.53M,-3.92
BSV-TRUMP,0.55,$615.88M,4.95
GRASS-AERO,0.5499,$630.24M,-18.26
DRV-TKX,0.5497,$206.09M,1.24
OHM-GNO,0.5496,$558.45M,1.54
NXM-XCN,0.5493,$216.53M,1.94
USAT-USDZ,0.5492,$312.62M,-0.11
IMX-NEO,0.5486,$361.10M,-0.18
1INCH-AKT,0.5484,$244.21M,-0.53
VIRTUAL-BAT,0.5483,$472.98M,-1.86
REAL-GRASS,0.5483,$464.93M,-17.61
USDAT-GLIDR,0.5481,$241.18M,4.11
RAY-CHZ,0.5479,$307.14M,-11.2
FARTCOIN-FET,0.5478,$428.93M,2.12
LUNC-IOTA,0.5477,$426.47M,-11.47
ZK-DASH,0.5476,$481.79M,-10.52
IOTA-SN64,0.547,$237.57M,-0.27
VIRTUAL-VET,0.5469,$758.53M,5.72
CAKE-AXS,0.5469,$590.88M,-3.93
IOTA-THETA,0.5468,$273.67M,-4.43
CVX-FARTCOIN,0.5465,$257.83M,26.02
TIBBIR-USDF,0.5463,$218.32M,3.35
CAKE-BSV,0.5462,$705.68M,3.97
TIBBIR-REAL,0.5462,$355.54M,-0.83
FARTCOIN-BORG,0.5459,$261.28M,5.85
FLUID-APYUSD,0.5458,$244.41M,20.95
CAKE-GRASS,0.5455,$663.06M,-10.34
TIA-COMP,0.5454,$465.82M,-2.0
REAL-MON,0.5454,$497.25M,3.23
SNX-GRASS,0.5451,$338.30M,-13.77
OZO-UQC,0.5447,$233.32M,-0.09
ZBCN-TEL,0.5447,$351.59M,-21.1
AKT-MON,0.5447,$376.59M,-6.09
SPX-GALA,0.5446,$390.69M,-11.19
AXS-BTT,0.5445,$403.16M,-6.88
DASH-BTT,0.544,$656.91M,-1.83
SPX-PIEVERSE,0.5439,$484.16M,-6.16
USAT-GRASS,0.5437,$401.10M,-13.49
STRCX-SHFL,0.5436,$262.19M,4.41
IMX-STRK,0.5435,$416.53M,-2.74
STRK-XPL,0.5435,$409.80M,-4.6
THETA-AR,0.5434,$242.15M,-5.33
EDGE-CRCLON,0.5431,$228.83M,-8.22
JTO-PEANUT,0.543,$453.17M,-16.14
PENGU-CRCLON,0.5429,$464.57M,-0.31
VET-AERO,0.5429,$803.33M,-2.59
FLOKI-ENS,0.5428,$374.58M,0.96
ZBCN-EURCV,0.5427,$326.71M,-9.96
STX-BAT,0.5424,$353.93M,-13.25
JTO-RAY,0.5423,$431.64M,-11.26
DRV-TWT,0.5422,$251.11M,-3.79
USDTB-XPL,0.5422,$576.11M,-2.13
VELVET-US,0.542,$585.47M,187.29
CTOC-PRL,0.542,$359.07M,7.47
STRK-PIEVERSE,0.5418,$371.29M,-6.17
COMP-JASMY,0.5416,$370.91M,2.59
NEO-FARTCOIN,0.5414,$256.79M,12.53
REUSD-XPL,0.5414,$388.02M,-2.41
SN64-FET,0.5413,$395.91M,-6.3
SAND-ETHFI,0.5412,$525.08M,9.69
EARNETH-BONK,0.5411,$411.89M,14.24
2Z-BAT,0.541,$305.75M,-7.04
FARTCOIN-AR,0.5407,$239.07M,7.25
VIRTUAL-PEANUT,0.5404,$554.11M,-0.47
DCR-PENDLE,0.5404,$453.43M,15.36
FLOKI-VET,0.5403,$587.47M,0.11
TKX-TRUMP,0.5402,$460.83M,9.07
CHZ-FET,0.5401,$450.06M,-21.88
PENDLE-VET,0.5397,$639.61M,8.32
BORG-XPL,0.5396,$358.86M,-8.73
ZBCN-FET,0.5394,$483.19M,-19.66
FLOKI-XCN,0.5394,$328.17M,-9.03
IOTA-GALA,0.5394,$236.19M,-13.04
SPX-JASMY,0.5391,$513.66M,-1.74
ZBCN-AXS,0.5391,$320.96M,-16.93
IMX-STX,0.5389,$477.84M,-8.64
CAKE-RAY,0.5389,$610.20M,4.03
STRK-BORG,0.5389,$327.48M,-8.02
BORG-RAY,0.5381,$301.28M,-5.2
VET-PEANUT,0.5381,$573.49M,-1.82
DRV-XCN,0.538,$232.30M,-10.65
CVX-JASMY,0.5377,$346.40M,14.29
GLM-A7A5,0.5377,$572.97M,-6.1
2Z-JASMY,0.5376,$413.92M,-1.45
USDTB-MX,0.5373,$506.11M,0.18
APYUSD-BSV,0.5371,$416.62M,5.3
SPX-PEANUT,0.5368,$486.61M,-5.93
ZANO-SYRUP,0.5366,$338.41M,8.77
USDTB-SYRUP,0.5364,$562.77M,11.81
USDTB-RAY,0.5362,$518.53M,1.41
GRASS-XCN,0.5362,$345.53M,-20.45
USDAI-XCN,0.5361,$287.10M,-6.94
GRT-NEO,0.5359,$295.12M,-6.51
INJ-ZBCN,0.5358,$636.51M,-9.31
GALA-PEANUT,0.5358,$273.15M,-13.26
PENDLE-TRUMP,0.5356,$608.04M,10.27
INJ-ETHFI,0.5353,$859.13M,15.05
AXS-REAL,0.5352,$392.75M,-11.2
PENGU-BTT,0.5349,$631.19M,-0.47
INJ-FLOKI,0.5348,$657.74M,-1.53
NEO-PENGU,0.5348,$505.49M,-0.05
GALA-CHZ,0.5348,$232.75M,-21.34
SAND-SNX,0.5344,$247.62M,-5.1
INJ-FET,0.534,$765.15M,-9.26
AKT-PIEVERSE,0.534,$310.48M,-17.67
GLM-SPCXB,0.5339,$180.30M,-22.36
SPX-CAKE,0.5338,$749.27M,1.22
2Z-AKT,0.5338,$330.73M,-15.08
ZANO-VET,0.5338,$520.12M,-0.32
ENS-PEANUT,0.5338,$360.61M,-0.97
2Z-THETA,0.5335,$328.43M,-2.29
TKX-CAKE,0.533,$550.63M,8.09
NXM-BONK,0.5329,$351.82M,12.11
INJ-CAKE,0.5329,$906.43M,3.69
PENGU-REAL,0.5329,$620.78M,-4.78
NEO-GRASS,0.5328,$349.64M,-12.88
BAT-CRCLON,0.5328,$196.27M,-5.05
ENS-PENGU,0.5326,$547.79M,2.37
INJ-GRASS,0.5325,$675.10M,-12.95
CTOC-STX,0.5324,$525.52M,-7.69
IOTA-XPIN,0.5324,$292.47M,-2.52
SNX-BONK,0.5322,$387.38M,2.94
CHZ-XPL,0.532,$364.73M,-14.73
TIA-AVUSD,0.5319,$422.47M,-4.19
VIRTUAL-FET,0.5319,$675.49M,-6.27
USDAT-TRUMP,0.5319,$497.19M,4.15
NEO-ENS,0.5319,$309.85M,3.64
US-EURCV,0.5318,$568.40M,225.04
USDTB-AVUSD,0.5316,$471.50M,0.74
KAG-STRCX,0.5316,$354.49M,1.44
INJ-BTT,0.5312,$718.71M,0.74
SAND-XPL,0.5312,$345.77M,-7.47
ENS-WIF,0.5312,$322.41M,-3.2
PEANUT-GRASS,0.5311,$400.41M,-17.49
IMX-FET,0.5309,$533.24M,-10.6
CVX-FET,0.5308,$440.73M,4.29
GALA-MANA,0.5308,$220.00M,-5.23
NXM-TWT,0.5306,$235.34M,8.8
GNO-APYUSD,0.5306,$440.77M,-2.9
GLM-XCN,0.5306,$224.42M,-12.75
JTO-XPL,0.5305,$489.22M,-14.8
1INCH-STX,0.5303,$366.33M,5.06
IMX-MANA,0.5302,$358.71M,3.24
NXM-CTOC,0.5302,$361.87M,9.06
CARDS-BSV,0.5302,$527.36M,-15.76
RAY-TRUMP,0.5302,$520.40M,5.01
COMP-XPL,0.5295,$379.91M,-0.26
CTOC-PIEVERSE,0.5294,$457.09M,-4.06
TIA-PENGU,0.5293,$678.21M,-5.06
TIA-XPL,0.5293,$527.08M,-7.05
IOTA-FARTCOIN,0.5292,$270.59M,8.14
AKT-CTOC,0.529,$403.40M,-13.28
FLOKI-REAL,0.5285,$447.57M,-6.19
EARNETH-THETA,0.5284,$273.03M,10.37
USDTB-SPCXB,0.5284,$441.06M,-16.04
VIRTUAL-ETHFI,0.5278,$769.46M,18.04
USDAT-SN64,0.5278,$229.79M,3.53
XEC-AIAT,0.5276,$237.44M,12.23
ETHFI-AERO,0.5275,$814.26M,9.74
PEANUT-FET,0.5275,$490.46M,-13.81
INJ-USAT,0.5273,$644.46M,0.55
FDUSD-GRASS,0.5273,$561.97M,-13.47
STRK-GRASS,0.5272,$405.08M,-15.43
STRK-BONK,0.527,$454.16M,1.27
ETHFI-CRCLON,0.527,$492.74M,14.86
SYRUP-BONK,0.5269,$472.19M,14.5
PENDLE-COMP,0.5268,$409.98M,8.53
2Z-MON,0.5265,$450.53M,5.71
ENS-GLIDR,0.5264,$277.45M,7.12
LUNC-BAT,0.5263,$382.31M,-13.08
ZBCN-VIRTUAL,0.5263,$546.84M,-6.32
APXUSD-BSV,0.5263,$553.55M,4.02
IMX-USAT,0.5261,$412.55M,-0.79
AR-JASMY,0.5261,$327.64M,-4.48
DRV-INJ,0.5259,$561.88M,-3.15
INJ-ZK,0.5259,$543.59M,-7.95
COCO-CRVUSD,0.5259,$396.27M,-7.47
CAKE-BORG,0.5257,$585.46M,-2.93
SFP-GUSD,0.5257,$252.24M,-2.42
CAKE-NEO,0.5254,$580.97M,3.76
VIRTUAL-NEO,0.5253,$503.34M,4.14
LUNC-INJ,0.5251,$738.13M,-7.14
LUNC-PENDLE,0.5249,$529.55M,-1.55
SN64-XCN,0.5248,$219.65M,-3.45
BONK-XCN,0.5248,$394.60M,-3.74
2Z-AR,0.5245,$318.39M,-6.31
STRK-CHZ,0.5245,$333.35M,-14.02
CASH-USDAT,0.5243,$261.82M,0.02
XCN-FET,0.5243,$435.58M,-16.76
ZBCN-AKT,0.5242,$305.67M,-23.3
IOTA-COMP,0.524,$306.90M,-1.38
FLUID-KMNO,0.5239,$184.31M,17.46
ENS-COMP,0.5239,$335.40M,5.43
VET-BTT,0.5239,$648.43M,2.38
2Z-GLIDR,0.5238,$303.72M,2.45
PENGU-THETA,0.5237,$497.81M,-1.32
SAND-BTT,0.5234,$384.66M,-4.62
DASH-GRASS,0.5233,$613.30M,-15.51
2Z-CVX,0.5232,$337.15M,12.46
ZBCN-EURC,0.523,$627.31M,-9.97
AKT-GRASS,0.5228,$344.26M,-26.94
OHM-DASH,0.5228,$673.24M,6.91
INJ-GALA,0.5227,$547.85M,-8.72
BORG-MANA,0.5226,$269.65M,-2.04
RAY-SN64,0.5226,$253.00M,4.39
SPX-SN64,0.5225,$392.07M,1.58
VIRTUAL-STX,0.5225,$620.09M,-4.32
ZK-PIEVERSE,0.5224,$266.44M,-12.72
ZBCN-CHZ,0.5222,$321.41M,-21.93
NEO-STRK,0.5219,$322.99M,-1.33
EARNETH-TWT,0.5218,$295.41M,10.93
USDAT-USAT,0.5218,$325.03M,0.02
FLUID-SPCXB,0.5216,$171.82M,-0.11
USDTB-PENDLE,0.5214,$606.17M,6.67
1INCH-AXS,0.5213,$259.51M,5.84
CVX-JTO,0.5213,$403.45M,1.96
ETHFI-GRASS,0.5212,$615.76M,1.02
JTO-GRASS,0.5211,$484.51M,-25.63
CAKE-XPL,0.521,$667.78M,0.49
UUSD-NEX,0.5209,$190.11M,-9.57
LUNC-JASMY,0.5207,$490.49M,-7.5
NXM-DCR,0.5206,$289.65M,18.12
USDAT-VET,0.5206,$528.76M,2.2
USTBL-XCN,0.5201,$290.50M,-6.82
CAKE-WIF,0.52,$593.53M,-3.09
GRASS-FET,0.5198,$521.79M,-23.3
THETA-BTT,0.5197,$385.57M,-0.46
NEO-ETHFI,0.5196,$533.67M,15.12
TKX-CRCLON,0.5192,$196.29M,5.29
APYUSD-BTSE,0.5186,$291.24M,3.83
NEO-PEANUT,0.5185,$318.31M,-3.39
ZBT-EURCV,0.5185,$263.38M,-2.86
PENDLE-BONK,0.5185,$515.60M,9.36
NEO-REAL,0.5182,$382.83M,-3.51
FARTCOIN-CRCLON,0.5181,$215.86M,12.27
CTOC-IOTA,0.518,$422.58M,-3.62
ENS-VET,0.5177,$565.03M,5.22
IOTA-CHZ,0.5171,$291.71M,-15.85
GLIDR-XCN,0.5166,$231.04M,-2.87
1INCH-RAY,0.5165,$278.82M,13.79
ZK-CTOC,0.5163,$359.36M,-8.33
IMX-RAY,0.5161,$390.33M,0.08
STX-JASMY,0.5161,$462.10M,-7.66
NXM-DRV,0.5157,$189.51M,5.2
NXM-THETA,0.5157,$212.96M,8.24
LUNC-WIF,0.5154,$425.24M,-13.92
SPX-WIF,0.5154,$448.42M,-8.17
GRT-CRCLON,0.5154,$254.20M,-6.77
IOTA-SFP,0.5153,$250.31M,-6.13
VET-SYRUP,0.5153,$596.20M,13.46
STRK-PRL,0.5149,$273.28M,5.36
INJ-SN64,0.5148,$549.23M,4.05
TKX-TIBBIR,0.5148,$209.93M,8.23
LUNC-STRK,0.5147,$468.11M,-9.63
ULTIMA-FARTCOIN,0.5147,$304.71M,22.49
FARTCOIN-WIF,0.5147,$269.35M,5.69
LUNC-REAL,0.5146,$527.96M,-11.81
TIBBIR-COMP,0.514,$265.81M,5.69
USDAT-ENS,0.5139,$315.87M,3.05
FARTCOIN-THETA,0.5139,$249.10M,11.27
NEO-BORG,0.5134,$272.05M,-5.47
GOMINING-VET,0.5133,$504.52M,4.38
CVX-AKT,0.5131,$263.21M,0.65
ETHFI-CHZ,0.5131,$544.03M,2.43
CVX-FLOKI,0.5129,$333.32M,12.03
AXS-SFP,0.5129,$246.42M,-9.43
USAT-MX,0.5129,$335.82M,-0.34
TWT-FF,0.5125,$340.75M,-2.76
STX-REAL,0.5124,$499.58M,-11.97
THETA-GRASS,0.5123,$341.96M,-14.15
INJ-JASMY,0.5119,$670.82M,0.73
GRT-CTOC,0.5118,$436.35M,-6.96
BONK-TRUMP,0.5118,$622.34M,7.35
MON-XPL,0.5115,$468.78M,4.7
LUNC-TIA,0.5112,$585.39M,-12.08
KITE-AERO,0.511,$646.38M,-8.1
ULTIMA-ETHFI,0.5109,$581.59M,25.07
USAT-NEX,0.5109,$275.56M,-9.6
1INCH-DASH,0.5108,$513.25M,10.89
2Z-TIA,0.5107,$508.83M,-6.04
1INCH-MX,0.5103,$266.41M,12.57
OHM-GLIDR,0.5098,$377.19M,13.02
ULTIMA-PENGU,0.5098,$553.42M,9.9
ZBCN-DASH,0.5097,$574.71M,-11.88
ZRO-STRCX,0.5097,$425.55M,2.3
1INCH-RAIL,0.5094,$205.66M,2.2
BAT-XCN,0.5089,$233.07M,-12.35
GLIDR-TRUMP,0.5088,$458.77M,8.22
TKX-SYRUP,0.5086,$310.69M,16.22
TIA-FET,0.5085,$612.41M,-14.2
DASH-SYRUP,0.5082,$604.68M,9.25
LUNC-USDAT,0.508,$418.70M,-7.67
FARTCOIN-TRUMP,0.5078,$480.40M,16.05
WIF-PRL,0.5078,$230.41M,1.07
MON-PEANUT,0.5078,$432.73M,3.35
PENGU-PIEVERSE,0.5077,$553.80M,-4.89
SAND-PEANUT,0.5075,$309.73M,-8.82
GALA-SN64,0.5073,$178.61M,-5.75
CRCLON-BONK,0.5072,$357.80M,3.57
1INCH-SAND,0.5071,$241.00M,8.1
2Z-TKX,0.5071,$305.78M,3.3
ZK-BTT,0.5071,$343.83M,-8.3
CHZ-MET,0.5071,$233.56M,-11.06
IMX-BTT,0.507,$486.79M,-0.6
DRV-USDAI,0.507,$260.08M,-3.68
SAND-SFP,0.5069,$227.92M,-7.17
IOTA-PENDLE,0.5068,$398.23M,2.36
DYDX-SYRUP,0.5067,$305.11M,-6.33
STX-PIEVERSE,0.5067,$432.60M,-12.08
REAL-FET,0.5067,$554.98M,-13.93
IMX-ETHFI,0.5066,$627.21M,13.72
CVX-PENGU,0.5066,$506.53M,13.43
TKX-USDAT,0.5066,$243.24M,4.96
SN64-ETHFI,0.5066,$489.88M,18.02
APYUSD-SYRUP,0.5066,$365.37M,15.76
DCR-GLIDR,0.5063,$304.16M,13.31
AXS-MANA,0.5063,$275.07M,-3.04
APR-A7A5,0.5062,$674.59M,-6.69
CRCLON-PEANUT,0.5061,$277.39M,-3.65
PIEVERSE-SN64,0.506,$272.07M,-0.72
IOTA-BTT,0.5059,$407.05M,-3.58
IOTA-GRASS,0.5059,$363.44M,-17.27
IMX-CHZ,0.5054,$371.46M,-12.87
AIAT-BSV,0.5054,$376.47M,2.76
PRL-FET,0.5054,$389.99M,-2.51
USAT-VET,0.5053,$574.19M,2.19
GALA-BONK,0.5052,$353.56M,-6.04
DASH-STX,0.5051,$647.95M,-9.87
AXS-GRASS,0.5049,$359.56M,-20.57
OHM-USDAT,0.5047,$415.60M,8.95
DCR-USDZ,0.5047,$330.17M,9.11
VIRTUAL-CAKE,0.5046,$816.76M,6.68
APYUSD-MET,0.5046,$247.54M,5.5
WIF-PEANUT,0.5044,$330.88M,-10.24
STAC-MX,0.5041,$253.23M,-0.16
2Z-BTT,0.5041,$461.81M,-1.44
GOMINING-SYRUP,0.5041,$322.81M,13.47
APXUSD-SYRUP,0.504,$502.30M,14.48
ZBCN-IOTA,0.5039,$324.85M,-13.63
1INCH-XCN,0.5038,$245.48M,5.96
TKX-PIEVERSE,0.5038,$285.53M,0.71
LDO-SPCXB,0.5037,$388.73M,8.92
AERO-XCN,0.5034,$544.03M,-11.73
TWT-GLIDR,0.5033,$249.85M,4.0
PEANUT-XPL,0.5033,$405.12M,-6.66
ZK-XPL,0.5031,$304.94M,-11.16
FLOKI-PIEVERSE,0.5031,$380.59M,-6.3
UB-CTOC,0.503,$635.84M,23.73
CAKE-IOTA,0.503,$594.77M,-0.63
SNX-AIAT,0.5025,$240.41M,1.65
WIF-BTT,0.5022,$405.82M,-6.04
ZBCN-TIA,0.5021,$483.76M,-14.25
PENDLE-BTT,0.5021,$510.12M,6.33
REAL-USDAI,0.5019,$406.50M,-4.11
STRK-PEANUT,0.5018,$373.75M,-5.94
TEL-RAY,0.5018,$337.32M,-10.37
AIAT-FRAX,0.5018,$338.05M,2.12
WFI-FET,0.5018,$480.46M,-9.55
INJ-PEANUT,0.5016,$643.77M,-3.46
OHM-JASMY,0.5015,$487.39M,9.12
TWT-PENDLE,0.5014,$399.12M,6.05
PRL-BTT,0.5013,$343.54M,7.5
OUSG-XCN,0.5009,$509.91M,-6.83
IMX-GRASS,0.5005,$443.19M,-14.29
TKX-THETA,0.5005,$229.53M,4.29
PENDLE-XCN,0.5003,$380.31M,-0.82
GRT-XCN,0.5002,$291.00M,-14.08
STX-SN64,0.5002,$340.51M,-4.34
AVUSD-KOGE,0.4999,$330.13M,-3.36
GALA-GRASS,0.4999,$304.48M,-22.75
USDAT-MX,0.4998,$290.39M,-0.33
CAKE-FARTCOIN,0.4997,$570.20M,15.07
SPX-MANA,0.4996,$433.46M,2.11
RAIL-MX,0.4996,$240.43M,-11.06
INJ-CHZ,0.4995,$603.37M,-11.53
MON-SYRUP,0.4995,$455.44M,18.63
PENDLE-FRXUSD,0.4993,$360.57M,6.15
OHM-AXS,0.4992,$419.49M,1.85
DRV-EURCV,0.4991,$252.08M,-3.8
FLOKI-STX,0.4991,$449.03M,-9.92
2Z-STRK,0.499,$391.55M,-3.58
OHM-COCO,0.499,$460.03M,1.42
INJ-FARTCOIN,0.4988,$582.25M,12.47
2Z-REAL,0.4988,$451.39M,-5.76
PRL-GLIDR,0.4985,$185.45M,11.39
DCR-REAL,0.4984,$451.84M,5.1
GLM-SUN,0.4983,$437.05M,-0.91
SN64-PRL,0.4983,$174.06M,10.81
INJ-IOTA,0.4982,$606.81M,-3.23
OUSG-MON,0.498,$628.44M,7.48
EARNETH-PIEVERSE,0.4978,$329.02M,6.8
VET-TRUMP,0.4978,$746.35M,6.32
FARTCOIN-SYRUP,0.4977,$330.26M,23.2
TIBBIR-AR,0.4976,$222.54M,-1.38
BAT-AR,0.4975,$219.47M,-10.07
RLB-XEC,0.4974,$223.73M,11.97
CAKE-JASMY,0.4974,$658.78M,3.34
IOTA-XCN,0.4973,$277.23M,-10.73
STRK-BTT,0.4972,$448.68M,-1.75
FLOKI-MANA,0.4972,$329.89M,1.97
TKX-MON,0.4971,$351.64M,12.29
ENS-GRASS,0.4971,$391.94M,-10.46
CAKE-COMP,0.497,$606.52M,5.54
FARTCOIN-BTSE,0.497,$256.12M,11.27
CVX-PRL,0.4969,$218.89M,21.4
IMX-EIGEN,0.4967,$367.91M,-4.36
CTOC-FLOKI,0.4967,$473.51M,-1.91
ETHFI-XPL,0.4966,$620.48M,11.85
COMP-AERO,0.4966,$573.70M,-2.38
1INCH-FARTCOIN,0.4965,$238.83M,24.84
VIRTUAL-FARTCOIN,0.4965,$492.58M,15.46
USDTB-BC,0.4964,$575.09M,54.99
MANA-SFP,0.4964,$234.12M,1.68
SAND-BONK,0.4961,$390.13M,-1.6
SPX-USDAT,0.496,$441.87M,-1.91
VIRTUAL-ENS,0.4959,$545.64M,6.57
GRT-AERO,0.4957,$575.72M,-11.89
WIF-RAY,0.4956,$309.35M,-5.36
PRL-FRAX,0.4954,$304.14M,7.49
REAL-XCN,0.4953,$378.72M,-11.07
META-CHZ,0.4952,$239.55M,8.43
STX-XCN,0.4952,$380.18M,-14.81
BTT-PEANUT,0.4952,$444.01M,-3.81
VSN-DEXE,0.4951,$424.97M,-29.13
1INCH-VIRTUAL,0.4951,$485.39M,16.45
FLOKI-JASMY,0.495,$410.10M,-1.88
APXUSD-BTSE,0.4949,$428.17M,2.55
CAKE-XCN,0.4949,$576.85M,-3.81
PENDLE-AR,0.4949,$366.71M,1.47
ZBCN-REAL,0.4948,$426.33M,-13.97
VIRTUAL-GRASS,0.4948,$585.44M,-9.96
KITE-RAIL,0.4948,$321.85M,-14.04
NXM-WIF,0.4946,$233.21M,2.66
UB-PENGU,0.4945,$732.55M,22.9
RAY-BTT,0.4945,$422.48M,1.07
EARNETH-DCR,0.4943,$349.72M,20.25
SNX-PENDLE,0.4941,$373.09M,5.86
VSN-BC,0.4938,$370.46M,69.05
TIA-TKX,0.4937,$409.93M,0.54
IMX-PENGU,0.4935,$599.04M,-1.46
VIRTUAL-BONK,0.4935,$634.52M,6.75
CAKE-ULTIMA,0.4935,$628.89M,13.71
GLM-KOGE,0.4934,$308.91M,-9.36
AVUSD-CRCLON,0.4934,$208.83M,0.56
OZO-AWE,0.4933,$231.12M,2.95
NXM-GALA,0.4932,$175.48M,-0.37
INJ-STRK,0.4932,$648.45M,-1.4
EARNETH-TRUMP,0.4929,$504.33M,15.15
IOTA-PEANUT,0.4929,$332.11M,-7.78
DRV-PRL,0.4928,$186.71M,3.61
CTOC-USDA,0.4928,$371.18M,0.09
USDA-MET,0.4928,$185.59M,0.94
DEXE-SHFL,0.4926,$395.48M,-42.09
2Z-FARTCOIN,0.4924,$325.35M,10.29
TIA-GALA,0.4924,$395.10M,-13.66
REUSD-MX,0.4924,$318.02M,-0.1
GRASS-USDZ,0.4924,$343.26M,-13.61
LUNC-BONK,0.4922,$543.84M,-4.47
TIA-RAY,0.4922,$469.50M,-3.52
GALA-JASMY,0.492,$300.20M,-9.07
REAL-USDZ,0.4919,$376.45M,-4.24
MON-FRXUSD,0.4917,$358.12M,7.36
MANA-BAT,0.4917,$234.80M,-1.36
NEO-AR,0.4916,$249.83M,-4.06
IMX-IOTA,0.4915,$374.90M,-4.57
TIA-EIGEN,0.4915,$447.08M,-7.97
SPX-CTOC,0.4913,$577.08M,-1.77
1INCH-PENDLE,0.4913,$366.47M,19.05
IMX-TKX,0.4912,$330.76M,4.15
VIRTUAL-CRCLON,0.4912,$462.42M,3.88
PENDLE-USDF,0.4912,$362.49M,6.19
OZO-USDZ,0.4911,$252.69M,-0.09
EARNETH-CASH,0.4908,$268.96M,11.03
TIA-NEO,0.4908,$440.27M,-3.79
AKT-THETA,0.4908,$254.49M,-14.1
PIEVERSE-MET,0.4908,$271.50M,-3.21
USDAT-BTT,0.4907,$399.27M,0.21
STAC-ICNT,0.4904,$204.22M,-9.18
VELVET-GNO,0.4904,$449.15M,-45.24
DASH-TRAC,0.4904,$521.10M,1.35
RAY-THETA,0.4904,$289.10M,0.22
BP-IOTA,0.4899,$261.81M,-12.08
CAKE-PRL,0.4898,$531.26M,10.45
EARNETH-GALA,0.4897,$235.56M,1.76
CAKE-SYRUP,0.4895,$654.44M,14.43
SAND-SN64,0.4895,$215.18M,-1.31
WEMIX-ENS,0.4894,$276.49M,-6.95
SPX-MON,0.4893,$550.27M,5.42
BP-USDAI,0.4893,$271.67M,-8.29
AKT-PENDLE,0.4892,$379.04M,-7.31
VSN-USDTB,0.4887,$506.42M,15.12
2Z-NEO,0.4882,$336.11M,-1.03
XTZ-ONYC,0.4879,$471.68M,-8.86
XEC-TEL,0.4879,$293.77M,-0.95
FLOKI-PEANUT,0.4877,$383.05M,-6.07
APXUSD-CARDS,0.4876,$563.92M,-13.38
FLOKI-GLIDR,0.4873,$299.89M,2.02
RAY-AERO,0.4869,$577.38M,-3.89
CTOC-WEMIX,0.4868,$375.43M,-9.82
VIRTUAL-SNX,0.4867,$492.00M,3.25
IMX-1INCH,0.4866,$343.14M,12.12
EARNETH-CTOC,0.4866,$421.94M,11.19
CASH-PENDLE,0.4866,$372.67M,6.14
USDTB-KMNO,0.4864,$453.54M,1.53
SYRUP-BAT,0.4864,$310.66M,5.88
2Z-DASH,0.4862,$599.77M,-3.66
PRL-JASMY,0.4861,$295.66M,7.49
SPX-AERO,0.4858,$716.45M,-6.7
1INCH-ZBCN,0.4858,$293.09M,3.06
CTOC-REAL,0.4858,$524.06M,-3.95
SN64-COMP,0.4858,$249.32M,5.9
EARNETH-TIBBIR,0.4857,$253.43M,14.31
EDGE-AXS,0.4856,$279.66M,-15.65
CVX-SYRUP,0.4856,$342.06M,25.37
AXS-PEANUT,0.4855,$328.23M,-11.08
RAY-MET,0.4854,$252.42M,1.89
ZK-JASMY,0.4853,$295.94M,-8.31
KAG-SHFL,0.4853,$335.09M,0.3
DASH-WIF,0.4852,$543.78M,-8.26
PENGU-STX,0.485,$622.24M,-8.51
EARNETH-WIF,0.4849,$293.29M,4.79
GNO-FRXUSD,0.4849,$392.57M,-7.37
PEANUT-XCN,0.4848,$314.20M,-10.96
TIBBIR-PRL,0.4847,$190.56M,10.59
IOTA-ENS,0.4846,$323.65M,-0.74
WIF-CHZ,0.4846,$290.48M,-18.31
TAG-EIGEN,0.4846,$285.66M,14.37
STRK-MET,0.4845,$278.63M,-0.93
PENGU-BORG,0.4842,$509.99M,-6.74
ZBT-EURC,0.4841,$563.98M,-2.87
SPX-EDGE,0.484,$438.05M,-10.5
SPX-THETA,0.4839,$428.17M,-2.58
GLIDR-USDZ,0.4839,$228.77M,3.97
2Z-PENGU,0.4837,$574.05M,-2.3
DASH-THETA,0.4836,$523.53M,-2.68
1INCH-SN64,0.4835,$205.81M,16.42
VIRTUAL-XCN,0.4835,$499.23M,-3.42
GLIDR-GRASS,0.4834,$317.25M,-9.4
EURC-PIEVERSE,0.4829,$632.12M,-4.34
FLOKI-SN64,0.4827,$288.50M,1.44
NEO-GALA,0.4826,$222.39M,-8.65
CHZ-JASMY,0.4826,$355.73M,-11.88
1INCH-EDGE,0.4824,$251.79M,4.34
NXM-PIEVERSE,0.4823,$268.95M,4.67
1INCH-ENS,0.4823,$291.89M,15.95
OHM-PEANUT,0.4823,$460.34M,4.93
FARTCOIN-KITE,0.4822,$355.01M,8.59
GRT-BORG,0.482,$299.61M,-13.2
ZK-TIBBIR,0.482,$190.84M,-5.21
SNX-PEANUT,0.482,$306.97M,-4.28
CARDS-KITE,0.4818,$500.87M,-19.91
MX-ETHFI,0.4815,$550.48M,14.16
2Z-STX,0.4814,$452.85M,-9.49
SPX-1INCH,0.4813,$417.89M,10.98
ENS-PRL,0.4813,$260.14M,10.34
WFI-BONK,0.4813,$439.49M,3.47
PEANUT-AR,0.481,$300.59M,-8.67
AR-SFP,0.481,$218.79M,-7.03
ULTIMA-RAY,0.4808,$344.71M,11.44
JTO-VET,0.4808,$657.59M,-9.96
SPX-VIRTUAL,0.4807,$671.64M,1.6
STRK-SN64,0.4807,$279.20M,1.57
1INCH-FET,0.4806,$421.74M,3.11
EDGE-BAT,0.4806,$239.39M,-13.97
COCO-APYUSD,0.4806,$342.35M,-3.03
GALA-VET,0.4805,$477.57M,-7.08
SFP-FRAX,0.4805,$322.80M,-2.17
BORG-COMP,0.4804,$297.60M,-3.68
NXM-EDGE,0.48,$222.84M,0.32
STRK-STX,0.48,$439.73M,-9.79
UB-AKT,0.4797,$489.23M,10.12
CTOC-GEOD,0.4796,$369.35M,-0.15
GLIDR-USDAI,0.4795,$258.82M,4.1
DRV-USAT,0.4793,$287.87M,-3.69
TWT-CTOC,0.4791,$423.47M,0.07
SPX-MET,0.479,$391.49M,-0.91
ULTIMA-SHORT,0.4788,$279.25M,1.67
MX-COMP,0.4787,$309.91M,2.05
IOTA-ETHFI,0.4786,$547.47M,10.73
CRCLON-JASMY,0.4783,$304.44M,0.54
DRV-SNX,0.4782,$225.08M,-3.98
TKX-GALA,0.4782,$192.06M,-4.32
SPX-TEL,0.478,$476.39M,-13.18
EDGE-NEO,0.4779,$269.75M,-7.96
GNO-CRVUSD,0.4779,$494.69M,-7.35
LUNC-CTOC,0.4778,$553.90M,-7.52
TIBBIR-MON,0.4777,$354.68M,10.64
IMX-DASH,0.4776,$624.76M,-2.82
EDGE-TEL,0.4775,$310.29M,-19.82
THETA-SFP,0.4775,$228.82M,-3.01
IMX-FARTCOIN,0.4774,$350.33M,11.13
AXS-APYUSD,0.4774,$301.81M,-2.6
CASH-GLIDR,0.4771,$223.40M,4.09
2Z-DCR,0.477,$405.11M,7.58
USDTB-FRXUSD,0.4769,$465.44M,0.54
PRL-XPL,0.4769,$304.66M,4.65
SPX-PRL,0.4768,$386.15M,5.37
PRL-EURCV,0.4768,$233.51M,7.2
1INCH-DEXE,0.4765,$389.90M,-30.81
VSN-ZAMA,0.4762,$288.71M,59.33
APXUSD-MET,0.4762,$384.47M,4.22
INJ-CVX,0.4761,$594.05M,14.64
LUNC-WFI,0.4758,$453.44M,-7.43
GPS-STRCX,0.4755,$236.80M,6.74
GRASS-USDAI,0.4755,$373.31M,-13.48
EDGE-AVUSD,0.4752,$251.95M,-8.36
OHM-REAL,0.475,$524.86M,4.81
ZK-SFP,0.4749,$187.09M,-10.85
NEO-TRAC,0.4748,$257.44M,3.98
TIA-WIF,0.4745,$452.83M,-10.63
BORG-BONK,0.4745,$403.22M,-2.86
ZBCN-COMP,0.4744,$336.60M,-7.46
USDAT-THETA,0.4744,$265.89M,-0.64
AXS-ICNT,0.4744,$245.26M,-16.44
AIAT-USDZ,0.4744,$245.37M,1.82
GRT-SN64,0.4743,$251.34M,-3.61
CTOC-SAND,0.4742,$400.19M,-4.65
GNO-EURCV,0.4741,$432.08M,-7.49
TWT-USDAI,0.474,$305.90M,-0.08
UB-ETHFI,0.4739,$760.73M,38.07
TKX-CTOC,0.4738,$378.44M,5.1
TWT-AR,0.4737,$264.52M,-4.76
AXS-BTSE,0.4736,$276.80M,-7.73
STRK-PENDLE,0.4734,$439.86M,4.2
FRAX-SHFL,0.4732,$341.47M,1.82
PENGU-XCN,0.473,$501.38M,-7.62
ZK-ENS,0.4729,$260.42M,-5.46
MANA-ONYC,0.4729,$377.59M,4.5
BAT-WFI,0.4727,$277.96M,-5.14
ZBCN-CRCLON,0.4726,$270.13M,-9.5
ZBCN-BONK,0.4726,$442.22M,-6.63
WIF-GRASS,0.4726,$362.21M,-19.73
NXM-RAIL,0.4725,$176.71M,-1.82
CTOC-FET,0.4724,$580.92M,-9.64
CVX-BP,0.4723,$249.05M,5.79
CVX-GOMINING,0.4721,$250.38M,16.29
1INCH-TIA,0.472,$422.31M,8.52
VIRTUAL-WFI,0.4719,$544.11M,3.79
GRT-SFP,0.4718,$264.08M,-9.48
RAY-BSV,0.4717,$421.50M,1.7
CTOC-PENGU,0.4715,$646.72M,-0.5
REAL-AERO,0.4714,$663.43M,-8.89
BAT-BONK,0.4713,$368.36M,-2.18
GALA-THETA,0.4711,$214.71M,-9.92
DASH-CHZ,0.4708,$541.57M,-14.1
BAT-SUN,0.4708,$445.70M,-0.51
DASH-USDAI,0.4707,$554.87M,-2.01
ZBCN-FARTCOIN,0.4706,$300.28M,2.07
TKX-USDZ,0.4706,$230.83M,4.82
DYDX-RAY,0.4703,$260.87M,-16.72
GRT-SNX,0.4703,$283.78M,-7.4
CAKE-GLIDR,0.4702,$548.57M,7.24
IOTA-REAL,0.4702,$396.63M,-7.9
INJ-THETA,0.4701,$585.33M,-0.11
ZK-SNX,0.4701,$206.79M,-8.78
SN64-PEANUT,0.4701,$274.53M,-0.49
2Z-ZK,0.4699,$286.69M,-10.14
LUNC-SN64,0.4696,$368.89M,-4.18
ENS-EURC,0.4695,$626.11M,2.92
OZO-DCR,0.4693,$328.08M,9.25
CHEEMS-XTZ,0.4693,$325.79M,-23.63
CVX-CAKE,0.4692,$582.01M,17.25
AXS-XCN,0.4691,$273.35M,-14.03
BORG-TRAC,0.469,$261.94M,-2.7
US-CHEEMS,0.4689,$519.28M,210.84
STX-SOSO,0.4689,$367.11M,1.84
SN64-REAL,0.4688,$339.05M,-0.61
VIRTUAL-COMP,0.4684,$528.89M,5.93
INJ-PIEVERSE,0.4682,$641.32M,-3.68
META-NFT,0.4682,$359.94M,21.49
BORG-THETA,0.4681,$264.36M,-6.73
STX-MON,0.468,$498.71M,-0.5
RAIL-AIAT,0.468,$207.82M,-8.78
TIA-PIEVERSE,0.4678,$488.57M,-8.62
SYRUP-PEANUT,0.4678,$391.78M,7.28
DCR-DASH,0.4677,$600.21M,7.2
SPX-MX,0.4676,$452.66M,-2.28
1INCH-REAL,0.4676,$364.88M,8.8
DASH-MX,0.4676,$548.02M,-2.37
TKX-DCR,0.4675,$306.22M,14.16
1INCH-USAT,0.4674,$301.05M,12.92
AXS-CTOC,0.4674,$418.69M,-6.92
AXS-KOGE,0.4674,$357.84M,-10.65
VIRTUAL-TIBBIR,0.4671,$476.05M,6.83
SPX-USDAI,0.467,$459.51M,-1.92
ZK-PENDLE,0.467,$335.00M,-2.36
2Z-TRUMP,0.4668,$559.73M,2.49
GLM-AVUSD,0.4668,$210.74M,-5.58
CAKE-FLUID,0.4667,$533.48M,19.61
PEANUT-AERO,0.4667,$598.91M,-8.77
INJ-PENDLE,0.4666,$709.89M,6.68
VIRTUAL-XPIN,0.4666,$514.47M,4.8
ZANO-GRASS,0.4666,$347.03M,-16.0
DASH-XPL,0.4664,$618.02M,-4.68
KAU-FDUSD,0.4662,$654.40M,0.65
KMNO-USDF,0.4662,$209.86M,1.05
WIF-JASMY,0.4662,$357.93M,-6.05
EDGE-USDTB,0.4661,$491.50M,-8.04
EARNETH-USDAT,0.466,$286.74M,11.04
AKT-DCR,0.4659,$331.17M,-4.22
CHZ-BTT,0.4659,$403.61M,-11.88
XTZ-USDAI,0.4658,$382.91M,-9.31
NEO-THETA,0.4656,$259.87M,-0.04
GRASS-BONK,0.4656,$480.82M,-10.27
JASMY-XPL,0.4656,$432.17M,-2.47
FLOKI-SNX,0.4655,$320.94M,-2.35
FARTCOIN-XCN,0.4655,$252.67M,4.97
MX-REAL,0.4655,$399.65M,-4.46
ZK-WIF,0.4654,$230.70M,-14.74
ICNT-NFT,0.4654,$366.09M,-8.39
FF-A7A5,0.4654,$670.49M,-2.97
PENGU-EURC,0.4653,$821.75M,-0.78
GLIDR-WFI,0.4653,$275.93M,4.34
AWE-A,0.4652,$208.11M,1.64
AKT-SYRUP,0.4651,$335.64M,-2.17
FARTCOIN-ENS,0.4651,$299.08M,14.96
ZBCN-CVX,0.465,$312.09M,4.24
ZK-THBILL,0.465,$202.29M,-8.35
IMX-GUSD,0.4647,$376.83M,-0.86
2Z-SFP,0.4646,$305.07M,-3.99
BORG-CHZ,0.4645,$282.41M,-18.15
EARNETH-RAIL,0.4641,$236.79M,0.31
CAKE-MANA,0.4641,$578.58M,7.19
OHM-RAY,0.464,$438.81M,9.81
NEO-CHZ,0.4639,$277.91M,-11.46
VCNT-SFP,0.4639,$267.18M,-2.26
2Z-USDAI,0.4636,$359.77M,-1.63
SNX-REAL,0.4636,$371.49M,-4.4
UB-FLOKI,0.4633,$559.34M,21.49
EARNETH-TEL,0.4633,$321.26M,-0.22
TKX-SN64,0.4633,$193.43M,8.45
US-EURC,0.4631,$869.00M,225.03
OHM-ETHFI,0.4631,$675.70M,23.44
GRASS-XPL,0.4631,$436.46M,-16.15
USDTB-FF,0.463,$547.81M,-2.14
2Z-USDAT,0.463,$342.14M,-1.62
AR-AERO,0.4629,$530.43M,-9.44
GNO-GPS,0.4628,$378.65M,-3.43
CVX-THETA,0.4627,$260.91M,13.44
FLOKI-BONK,0.4625,$463.45M,1.15
BTT-JASMY,0.4625,$471.06M,0.38
LUNC-IMX,0.4623,$506.22M,-8.48
DRV-FF,0.462,$294.93M,-6.36
AR-BONK,0.462,$381.00M,-1.45
GRT-STX,0.4619,$411.86M,-14.97
PENDLE-MX,0.4619,$401.24M,5.79
FET-XPL,0.4619,$526.51M,-12.46
LUNC-ENS,0.4618,$454.97M,-4.65
BC-XPL,0.4617,$440.16M,51.8
MON-COMP,0.4617,$407.52M,9.75
TIA-CAKE,0.4615,$753.68M,-1.25
USDAT-MON,0.4614,$387.99M,7.37
AR-GRASS,0.4614,$331.92M,-18.16
AKT-PRL,0.4613,$212.46M,-6.14
EDGE-ZBCN,0.4611,$313.25M,-18.43
2Z-XPL,0.4611,$422.92M,-4.3
GPS-KAG,0.4611,$309.70M,2.62
CTOC-GLIDR,0.4606,$376.39M,4.25
FARTCOIN-CHZ,0.4605,$267.15M,-0.15
GRT-PIEVERSE,0.4603,$343.43M,-11.35
KAG-BONK,0.4602,$478.64M,1.88
DRV-ZK,0.4599,$187.00M,-12.19
KAITO-UUSD,0.4599,$409.05M,61.91
BORG-BSV,0.4599,$396.76M,-5.25
EDGE-XPL,0.4598,$356.56M,-11.23
GALA-STX,0.4598,$339.13M,-17.11
TAG-SN64,0.4598,$235.06M,21.45
UB-SN64,0.4597,$450.83M,27.07
TRAC-SN64,0.4596,$213.66M,6.88
STRK-REAL,0.4595,$438.27M,-6.06
RLB-FRAX,0.4594,$324.34M,1.86
APXUSD-FLUID,0.4593,$381.34M,19.67
STRK-ETHFI,0.4592,$589.10M,12.57
DRV-EURC,0.4591,$552.68M,-3.81
USDTB-APXUSD,0.4589,$650.58M,3.73
1INCH-INJ,0.4588,$575.05M,13.46
USDAT-AR,0.4588,$255.85M,-4.65
REAL-JASMY,0.4586,$460.65M,-3.93
GLIDR-MET,0.4586,$190.80M,5.1
AR-XCN,0.4585,$245.71M,-11.63
1INCH-AR,0.4582,$231.87M,8.24
DYDX-FARTCOIN,0.4582,$220.88M,-5.68
GLIDR-FET,0.4582,$407.30M,-5.72
PIEVERSE-CRCLON,0.458,$274.93M,-3.88
1INCH-CVX,0.4579,$250.63M,27.01
1INCH-AERO,0.4578,$530.19M,8.14
INJ-MX,0.4578,$609.82M,0.2
GLIDR-BTT,0.4576,$360.86M,4.28
AKT-BONK,0.4575,$393.34M,-10.23
KAU-XPL,0.4572,$528.89M,-2.03
UUSD-USDA,0.4572,$195.96M,-0.03
1INCH-IOTA,0.457,$263.39M,9.14
GLIDR-USDF,0.457,$213.22M,4.14
UB-EURC,0.4569,$810.87M,23.45
NXM-TEL,0.4568,$261.19M,-2.35
APXUSD-JTO,0.4568,$563.69M,-8.94
AERO-BONK,0.4565,$679.32M,-1.55
CVX-GLIDR,0.4564,$236.20M,18.18
SYRUP-CRCLON,0.4564,$300.10M,11.63
COMP-XCN,0.4563,$288.98M,-4.56
VET-BONK,0.4561,$653.90M,5.4
DRV-AR,0.456,$218.70M,-8.37
AKT-EURCV,0.456,$277.83M,-13.55
EARNETH-MON,0.4559,$395.14M,18.38
PENGU-PRL,0.4559,$455.79M,6.64
PIEVERSE-THBILL,0.4556,$300.02M,-4.08
ZBCN-CTOC,0.4552,$452.28M,-9.69
USDTB-TRUMP,0.4551,$712.91M,4.66
TEL-USDZ,0.4551,$301.70M,-11.36
SAND-BTSE,0.455,$258.30M,-5.47
THETA-REAL,0.455,$375.15M,-4.77
OUSG-GEOD,0.4549,$474.60M,-0.19
ZK-ETHFI,0.4548,$484.24M,6.01
ETHFI-USDZ,0.4547,$527.28M,14.39
ENS-XPL,0.4546,$396.66M,0.38
SAND-PRL,0.4545,$209.26M,2.48
AIAT-MX,0.4544,$268.57M,1.59
COCO-GLM,0.4543,$278.98M,-13.3
INJ-SNX,0.4541,$581.67M,0.26
INJ-USDAI,0.4541,$616.67M,0.56
ICNT-AVUSD,0.4541,$217.55M,-9.15
EDGE-ICNT,0.454,$237.55M,-17.94
VELVET-AERO,0.454,$580.88M,-42.63
APEPE-SAND,0.4539,$326.55M,-6.22
AKT-EURC,0.4537,$578.43M,-13.56
INJ-PRL,0.4534,$543.31M,7.85
PIEVERSE-CHZ,0.4534,$326.22M,-16.3
IOTA-MET,0.4533,$236.99M,-2.76
INJ-CRCLON,0.453,$552.09M,0.89
1INCH-CRCLON,0.4529,$208.67M,13.26
2Z-SAND,0.4529,$327.52M,-6.46
2Z-OHM,0.4527,$478.14M,7.29
TIA-CRCLON,0.4527,$399.34M,-4.05
TWT-EURCV,0.4522,$297.90M,-0.19
ICNT-FET,0.4522,$407.49M,-19.17
FLOKI-SYRUP,0.4522,$405.76M,9.21
SNX-RAIL,0.4521,$212.28M,-10.99
TIBBIR-GLIDR,0.452,$207.87M,7.38
PEANUT-USDZ,0.4519,$311.93M,-4.12
LUNC-AERO,0.4518,$693.27M,-12.46
BAT-BSV,0.4517,$361.91M,-4.58
2Z-ETHFI,0.4515,$602.23M,12.87
DCR-RAY,0.4515,$365.78M,10.1
VCNT-GUSD,0.4515,$313.95M,0.03
PENGU-EURCV,0.4514,$521.15M,-0.76
INJ-STX,0.4513,$709.75M,-7.31
2Z-FET,0.4513,$508.25M,-11.45
FARTCOIN-STX,0.4513,$373.53M,4.07
WIF-COMP,0.451,$305.67M,-3.84
1INCH-CASH,0.4506,$237.83M,12.92
DRV-PENDLE,0.4506,$353.29M,2.44
ICNT-BAT,0.4505,$204.99M,-14.76
TIA-DASH,0.4504,$703.92M,-6.42
ZBCN-PENGU,0.4503,$548.99M,-10.51
PENDLE-SYRUP,0.4502,$457.90M,17.42
AR-XPL,0.4502,$336.64M,-7.33
LUNC-XPL,0.4501,$499.49M,-10.34
AKT-XCN,0.4499,$258.05M,-20.4
PIEVERSE-XPL,0.4498,$402.67M,-6.88
SN64-JASMY,0.4498,$301.58M,3.7
SAND-BSV,0.4497,$383.68M,-4.0
IMX-INJ,0.4496,$686.56M,-0.25
SNX-FET,0.4496,$428.35M,-10.09
NEO-MX,0.4495,$284.36M,0.27
AVUSD-SPCXB,0.4495,$201.51M,-16.36
PENDLE-FET,0.4495,$556.57M,-3.67
AKT-MET,0.4491,$217.81M,-12.43
GRASS-JASMY,0.4491,$427.46M,-13.3
NXM-TRUMP,0.449,$444.26M,13.03
UB-EDGE,0.4489,$496.81M,14.99
VIRTUAL-STRK,0.4488,$558.78M,1.59
SPX-KAU,0.4487,$610.38M,-1.31
USAT-AR,0.4487,$301.28M,-4.67
USAT-PENDLE,0.4485,$435.88M,6.14
OHM-FRXUSD,0.4484,$385.73M,8.94
LUNC-SNX,0.4483,$401.33M,-7.97
SPX-SFP,0.4482,$404.81M,-4.29
AXS-SYRUP,0.4482,$350.94M,4.2
AIAT-USDAI,0.4482,$275.42M,1.95
GRT-SYRUP,0.4481,$368.59M,4.16
GRT-MANA,0.4479,$292.73M,-3.09
BP-VET,0.4479,$503.19M,-6.12
SPX-DRV,0.4478,$404.72M,-5.63
OHM-AKE,0.4478,$371.33M,499.73
KITE-CRCLON,0.4478,$324.86M,-2.98
CVX-APXUSD,0.4476,$429.87M,17.3
TIA-GLIDR,0.4476,$407.87M,-0.31
AKT-BORG,0.4476,$266.66M,-19.52
UUSD-USAT,0.4476,$285.01M,0.05
NXM-MET,0.4475,$176.29M,9.91
APR-US,0.4475,$615.36M,218.76
STRK-CTOC,0.4474,$464.21M,-1.78
FLUID-AXS,0.4473,$229.97M,9.38
MET-JASMY,0.4472,$301.00M,1.21
FDUSD-PYTH,0.4471,$667.46M,4.04
APEPE-GALA,0.447,$289.97M,-10.67
VSN-FRXUSD,0.4469,$260.81M,14.6
SPX-CRCLON,0.4469,$394.93M,-1.58
FF-ZBT,0.4469,$306.23M,-5.42
USDAT-RAY,0.4464,$302.81M,0.9
FLOKI-ONYC,0.4463,$444.71M,-1.6
AKT-USDAT,0.4462,$268.19M,-13.43
NXM-TIBBIR,0.4461,$193.36M,12.19
ZBCN-PEANUT,0.4459,$361.81M,-13.85
CAKE-DASH,0.4459,$844.63M,1.13
DCR-GRASS,0.4457,$418.65M,-4.27
KMNO-APYUSD,0.4457,$256.15M,5.48
WIF-THETA,0.4457,$272.44M,-6.89
REUSD-A7A5,0.4456,$645.64M,-0.06
SN64-GLIDR,0.4456,$191.37M,7.6
VIRTUAL-USDZ,0.4455,$496.96M,3.42
TKX-USDAI,0.4454,$260.88M,4.95
NXM-MON,0.4453,$335.06M,16.25
GRX-PENDLE,0.4453,$374.75M,21.88
TIBBIR-VET,0.4453,$495.44M,5.48
RAY-USDZ,0.445,$290.40M,0.76
ZK-EURC,0.4448,$534.39M,-8.61
NXM-OHM,0.4445,$362.68M,17.82
ZBCN-GPS,0.4444,$273.28M,-5.89
CVX-GALA,0.4444,$223.43M,4.83
APXUSD-STRCX,0.4443,$435.85M,5.98
BP-MON,0.4441,$362.43M,-0.95
ENS-EURCV,0.444,$325.51M,2.93
PENDLE-MON,0.444,$498.85M,13.49
RAIL-WFI,0.4439,$264.39M,-10.46
CTOC-AR,0.4438,$391.06M,-4.51
TEL-GRASS,0.4438,$390.18M,-24.74
2Z-KOGE,0.4437,$416.48M,-5.21
ICNT-RAY,0.4437,$264.58M,-8.48
IMX-MX,0.4436,$377.91M,-1.14
SPX-TWT,0.4435,$450.54M,-2.02
USDTB-GLIDR,0.4435,$456.90M,4.62
SPCXB-ONYC,0.4435,$331.74M,-16.1
SPX-UB,0.4433,$662.91M,21.63
USDAT-FRXUSD,0.4433,$249.72M,0.03
CASH-REAL,0.4432,$371.08M,-4.11
1INCH-XPL,0.443,$336.40M,10.26
IMX-ZBCN,0.4428,$404.60M,-10.65
EARNETH-SN64,0.4428,$236.93M,14.53
AVUSD-ONYC,0.4428,$362.18M,0.68
USDTB-2Z,0.4427,$557.86M,-1.11
2Z-ZBCN,0.4427,$379.61M,-11.49
VIRTUAL-ZANO,0.4427,$500.73M,1.03
ENS-BONK,0.4425,$441.02M,6.25
USDAT-XCN,0.4424,$269.46M,-6.94
GPS-KAITO,0.4424,$405.28M,65.83
ETHFI-MON,0.4424,$648.09M,21.86
EARNETH-USDAI,0.4421,$304.38M,11.04
IMX-GALA,0.442,$315.94M,-10.06
GRT-EURC,0.442,$611.38M,-7.24
APEPE-ZK,0.4419,$285.71M,-9.9
ZRO-GEOD,0.4418,$379.10M,-0.79
RLB-TEL,0.4415,$278.59M,-9.57
ULTIMA-CRCLON,0.4415,$274.55M,10.91
ULTIMA-SUN,0.4415,$523.99M,15.45
SN64-XPL,0.4413,$310.58M,0.85
BONK-USDZ,0.4412,$392.34M,3.1
SPX-BTT,0.441,$561.55M,-1.74
EDGE-ZK,0.4408,$220.33M,-17.07
RLB-VCNT,0.4407,$268.72M,1.77
SYRUP-XPL,0.4405,$427.83M,8.62
NXM-SN64,0.4404,$176.86M,12.4
FDUSD-SHFL,0.4403,$467.50M,1.65
CARDS-APYUSD,0.4403,$426.99M,-12.1
APXUSD-GNO,0.4402,$577.70M,-4.18
BORG-STX,0.4402,$388.79M,-13.93
THETA-XPL,0.4402,$346.68M,-3.31
ZBCN-STRK,0.4401,$366.48M,-11.8
USAT-REAL,0.4399,$434.29M,-4.11
2Z-CTOC,0.4398,$477.34M,-1.47
NEX-XEC,0.4398,$209.79M,0.69
USDAT-TWT,0.4397,$288.27M,-0.07
MET-PEANUT,0.4397,$273.95M,-2.98
WIF-SN64,0.4396,$236.34M,-2.73
IMX-A,0.4394,$329.61M,-2.07
UB-PEANUT,0.4394,$545.37M,19.56
TKX-WIF,0.4393,$249.79M,-1.3
FLUID-KOGE,0.4393,$300.43M,12.89
UB-CHZ,0.4392,$504.98M,11.49
RAY-APYUSD,0.4392,$321.13M,5.36
BC-GLM,0.439,$314.33M,48.67
USTBL-NEX,0.4388,$251.17M,-9.48
STX-GRASS,0.4388,$466.39M,-21.34
USAT-AIAT,0.4386,$303.21M,1.94
IOTA-BONK,0.4386,$412.52M,-0.56
DASH-BORG,0.4385,$535.70M,-8.1
ZBCN-MET,0.4383,$266.69M,-8.84
PIEVERSE-ETHFI,0.4381,$581.97M,10.28
GRT-EURCV,0.4379,$310.78M,-7.23
2Z-GRASS,0.4379,$418.20M,-15.13
CVX-BAT,0.4379,$238.23M,8.7
JTO-NFT,0.4379,$533.16M,-11.16
EDGE-EARNETH,0.4377,$282.92M,2.45
EURC-PRL,0.4377,$534.11M,7.19
INJ-JTO,0.4376,$727.87M,-11.6
APXUSD-BP,0.4376,$409.29M,-5.1
AIAT-FRXUSD,0.4376,$227.90M,1.95
1INCH-UUSD,0.4375,$215.60M,12.96
OHM-COMP,0.4375,$435.13M,11.32
ENS-PENDLE,0.4375,$426.72M,9.17
NXM-CASH,0.4374,$208.89M,8.9
USDTB-BAT,0.4374,$458.94M,-4.87
FDUSD-USAT,0.4374,$531.33M,0.03
CVX-NEO,0.4373,$268.59M,14.71
BAT-PEANUT,0.4372,$287.95M,-9.4
SPCXB-AERO,0.4371,$499.91M,-21.34
UB-VCNT,0.4369,$525.28M,23.66
ZK-PEANUT,0.4367,$268.89M,-12.5
A-TRUMP,0.4367,$459.68M,2.85
STRK-CRCLON,0.4366,$282.06M,-1.59
GNO-EURC,0.4361,$732.68M,-7.5
ZK-BP,0.436,$198.59M,-16.8
ZK-EURCV,0.436,$233.79M,-8.6
TIBBIR-GOMINING,0.436,$222.05M,5.48
CHZ-MANA,0.436,$275.52M,-8.04
SNX-IOTA,0.4358,$270.01M,-4.06
CRVUSD-PYTH,0.4356,$533.41M,4.06
XEC-BSV,0.4356,$377.95M,11.12
ZBCN-GRASS,0.4355,$393.14M,-23.34
TIBBIR-XPL,0.4355,$327.07M,0.63
CAKE-GALA,0.4354,$535.81M,-6.11
APR-REUSD,0.4353,$363.82M,-6.14
CHZ-GRASS,0.4353,$360.01M,-25.57
KAU-STRCX,0.4352,$449.10M,3.4
FLOKI-USDA,0.4352,$294.69M,-2.15
USAT-BTT,0.4352,$444.70M,0.2
GRT-PENDLE,0.4351,$412.00M,-0.98
TEL-TRAC,0.435,$297.98M,-7.87
VIRTUAL-BORG,0.4349,$507.84M,-2.54
EARNETH-MX,0.4346,$297.53M,10.68
CTOC-JASMY,0.4346,$486.59M,0.35
VELVET-FARTCOIN,0.4345,$289.51M,-25.93
EURC-ETHFI,0.4345,$849.93M,14.39
USDAI-AERO,0.4345,$571.81M,-4.76
UB-XPL,0.4341,$581.42M,20.91
CAKE-STX,0.434,$697.71M,-4.7
FDUSD-USDZ,0.434,$473.49M,-0.1
MX-GLIDR,0.4336,$251.97M,3.74
META-STX,0.4333,$345.93M,12.66
ZK-USDZ,0.4332,$211.74M,-8.62
CVX-WEMIX,0.4331,$235.24M,4.12
KOGE-GUSD,0.4331,$363.65M,-3.64
GRX-NEX,0.433,$214.43M,6.13
COCO-ZBT,0.433,$298.17M,-10.27
TWT-DCR,0.4329,$351.25M,9.13
INJ-WFI,0.4328,$633.78M,0.8
TWT-XCN,0.4326,$278.13M,-7.05
CARDS-TRUMP,0.4326,$626.26M,-12.45
LUNC-1INCH,0.4324,$394.72M,5.23
SPCXB-APYUSD,0.4324,$243.66M,-12.09
STX-MET,0.4321,$339.93M,-6.83
PIEVERSE-EURCV,0.4321,$331.52M,-4.33
AKT-WIF,0.4319,$274.74M,-19.68
SYRUP-BSV,0.4319,$465.74M,12.1
1INCH-GRASS,0.4318,$331.69M,-0.58
CRCLON-TRUMP,0.4318,$450.24M,4.48
USDTB-VET,0.4317,$744.48M,2.71
REAL-EURCV,0.4314,$398.49M,-4.22
FLUID-FRXUSD,0.4312,$196.21M,16.47
IMX-GLIDR,0.4311,$328.70M,3.29
SPCXB-KOGE,0.431,$299.68M,-20.14
ETHFI-XCN,0.431,$529.55M,7.55
APYUSD-XPL,0.431,$378.71M,1.83
EDGE-FET,0.4309,$441.89M,-18.38
BP-THETA,0.4309,$240.33M,-8.96
SN64-GRASS,0.4309,$305.86M,-9.98
UB-TKX,0.4308,$464.28M,28.5
UB-EURCV,0.4308,$510.27M,23.46
COMP-PEANUT,0.4307,$343.86M,-1.61
CRCLON-SHFL,0.4307,$214.25M,1.98
STAC-SPCXB,0.4306,$188.18M,-16.39
ZK-MANA,0.4306,$215.74M,-4.46
JTO-MET,0.4306,$358.05M,-11.12
ETHFI-BONK,0.4305,$664.84M,17.73
DCR-FRXUSD,0.4304,$312.70M,9.23
UQC-THBILL,0.4303,$225.95M,0.03
DASH-USAT,0.4303,$582.66M,-2.02
UB-BAT,0.4302,$464.25M,18.17
AKT-TIBBIR,0.4302,$234.88M,-10.15
SAND-USAT,0.4302,$310.42M,-4.81
BTSE-MANA,0.4302,$264.50M,3.39
IMX-ENS,0.4301,$403.39M,2.24
INJ-2Z,0.43,$661.57M,-1.09
STX-BTT,0.43,$509.99M,-7.66
2Z-TEL,0.4299,$376.65M,-12.88
AVUSD-XPL,0.4298,$336.56M,-2.45
1INCH-GRT,0.4297,$277.16M,5.79
APXUSD-COCO,0.4295,$479.28M,-4.31
THETA-ETHFI,0.4295,$525.98M,13.86
AR-FRAX,0.4295,$336.12M,-4.49
DASH-WFI,0.4291,$571.98M,-1.77
PEANUT-TRUMP,0.4291,$541.93M,0.13
EARNETH-MET,0.429,$236.36M,12.04
FLUID-BP,0.4289,$200.52M,8.16
SAND-USDZ,0.4289,$252.58M,-4.93
IMX-XCN,0.4288,$356.98M,-7.75
GRT-USDAT,0.4288,$301.14M,-7.11
USDTB-FARTCOIN,0.4288,$478.53M,12.45
FARTCOIN-APYUSD,0.4288,$281.14M,16.41
META-CTOC,0.4287,$370.42M,20.67
NEX-RAIL,0.4286,$180.17M,-20.32
MET-XPL,0.4286,$310.00M,-1.64
2Z-CHZ,0.4285,$346.48M,-13.71
WEMIX-SN64,0.4285,$190.42M,-6.47
WIF-MANA,0.4284,$277.73M,-2.2
EARNETH-OHM,0.4282,$422.75M,19.95
TWT-EURC,0.4282,$598.50M,-0.21
AKT-BTT,0.428,$387.87M,-13.25
SAND-PENDLE,0.428,$375.84M,1.32
ULTIMA-BONK,0.4278,$446.65M,13.78
TKX-RAIL,0.4277,$193.29M,-5.77
GALA-GLIDR,0.4277,$190.00M,-5.17
2Z-AWE,0.4276,$308.16M,1.28
TIBBIR-USAT,0.4276,$291.71M,3.3
CAKE-CRCLON,0.4274,$540.04M,3.5
NEX-SUN,0.4274,$432.62M,-4.72
ZBCN-DCR,0.4272,$380.05M,-0.63
GALA-XCN,0.4272,$218.27M,-16.22
AKT-WFI,0.427,$302.94M,-13.19
MANA-GUSD,0.427,$280.89M,3.97
UB-STX,0.4267,$611.35M,15.71
SPX-OHM,0.4266,$577.88M,7.0
2Z-SN64,0.4266,$292.33M,1.87
NEO-ICNT,0.4266,$235.35M,-8.75
TEL-AERO,0.4266,$588.69M,-16.02
PIEVERSE-RAY,0.4266,$345.09M,-3.35
CVX-BTT,0.4265,$394.29M,14.29
CVX-PEANUT,0.4263,$319.35M,10.1
VET-USDAI,0.4263,$546.39M,2.2
RAY-XCN,0.4262,$292.66M,-6.08
KITE-TRUMP,0.4261,$589.39M,0.8
LDO-SUN,0.4259,$645.49M,30.37
USDTB-JASMY,0.4259,$567.11M,0.72
ULTIMA-XPL,0.4258,$402.29M,7.91
VIRTUAL-APEPE,0.4257,$570.93M,2.13
VELVET-EURCV,0.4256,$315.94M,-37.96
ICNT-JTO,0.4256,$370.21M,-21.5
MX-AR,0.4255,$266.64M,-5.02
THETA-AERO,0.4255,$540.47M,-5.42
UB-GLIDR,0.4254,$462.22M,27.65
TWT-FRAX,0.4254,$368.53M,0.09
SAND-SYRUP,0.4249,$332.44M,6.46
ENS-BORG,0.4249,$314.34M,-3.04
FDUSD-GEOD,0.4248,$440.44M,-0.3
KITE-SHFL,0.4248,$353.40M,-1.7
1INCH-ICNT,0.4246,$217.39M,3.55
STX-PEANUT,0.4246,$435.05M,-11.85
REAL-BONK,0.4246,$514.00M,-0.9
ICNT-TRAC,0.4245,$225.24M,-5.99
FDUSD-BONK,0.4245,$611.04M,3.24
ETHFI-BTT,0.4245,$659.36M,14.7
IMX-BORG,0.4244,$365.59M,-6.87
APXUSD-XPL,0.4242,$515.64M,0.55
LUNC-TIBBIR,0.4241,$385.38M,-4.4
SN64-BONK,0.4241,$354.94M,6.73
REAL-USDF,0.424,$360.90M,-4.07
VSN-1INCH,0.4239,$266.71M,27.51
APXUSD-RAY,0.4238,$458.06M,4.08
FLOKI-USDZ,0.4238,$325.90M,-2.19
STAC-KOGE,0.4237,$316.79M,-3.39
KAG-AWE,0.4237,$319.51M,1.58
WIF-NFT,0.4236,$410.87M,-5.26
UQC-AIAT,0.4235,$226.00M,1.81
TIA-KOGE,0.4234,$520.64M,-7.97
STX-AR,0.4234,$366.57M,-12.52
USDTB-CRCLON,0.4233,$448.37M,0.88
GRX-SUN,0.4233,$466.39M,20.63
SNX-PENGU,0.4232,$494.15M,-0.94
KAITO-XCN,0.4231,$438.93M,54.92
ICNT-WIF,0.423,$247.92M,-15.6
ZK-AERO,0.4229,$498.73M,-13.27
NXM-USDAI,0.4227,$244.31M,8.91
TKX-MET,0.4227,$192.86M,5.96
MON-GRASS,0.4227,$464.06M,-6.14
GRT-USDZ,0.4226,$288.73M,-7.24
CVX-APYUSD,0.4224,$292.94M,18.58
BSV-XPL,0.4221,$479.08M,-1.84
INJ-BONK,0.422,$724.18M,3.76
BP-SHORT,0.422,$211.79M,-17.2
COMP-USDAI,0.422,$316.76M,2.41
EARNETH-BORG,0.4218,$285.21M,4.95
SAND-AERO,0.4218,$539.56M,-9.59
NFT-XPL,0.4218,$485.11M,-1.68
ICNT-PEANUT,0.4217,$286.11M,-13.36
APXUSD-SPCXB,0.4214,$380.59M,-13.37
USAT-GLIDR,0.4214,$286.61M,4.09
ZANO-IOTA,0.4213,$278.73M,-6.29
NEO-PRL,0.4212,$217.84M,7.91
AR-TRUMP,0.4212,$473.44M,-0.54
DRV-GLIDR,0.4211,$204.03M,0.39
CVX-DASH,0.4211,$532.25M,12.07
TIA-IOTA,0.421,$454.07M,-8.18
FF-BSV,0.421,$450.78M,-1.84
BSV-FET,0.421,$564.41M,-8.99
META-FRAX,0.4208,$315.48M,20.69
GLM-ICNT,0.4208,$196.33M,-15.16
FARTCOIN-USDZ,0.4207,$250.40M,11.81
CHZ-CRCLON,0.4207,$236.99M,-11.73
ZBCN-FRAX,0.4206,$397.34M,-9.67
WIF-ONYC,0.4206,$392.55M,-5.77
EDGE-RAY,0.4204,$298.98M,-7.69
OHM-DCR,0.4204,$478.58M,18.15
SAND-MET,0.4204,$214.60M,-3.8
CVX-ZANO,0.4203,$265.98M,11.59
US-PYTH,0.4202,$740.33M,229.17
1INCH-CAKE,0.4199,$563.01M,16.06
ZBCN-THBILL,0.4199,$295.21M,-9.7
TIA-AR,0.4199,$422.54M,-9.07
STRCX-GEOD,0.4198,$235.14M,2.46
IMX-JASMY,0.4197,$438.91M,-0.6
GALA-REAL,0.4197,$337.67M,-13.38
SOSO-SHFL,0.4197,$237.99M,11.33
TIA-SFP,0.4195,$409.22M,-6.75
EDGE-TRAC,0.4194,$259.64M,-5.2
CASH-ETHFI,0.4194,$521.91M,14.51
SNX-GALA,0.4194,$211.05M,-9.54
TRAC-PEANUT,0.4193,$308.20M,-0.63
COMP-BONK,0.4191,$424.27M,5.61
CVX-VIRTUAL,0.419,$504.38M,17.63
USDZ-XCN,0.4189,$257.05M,-7.07
FLOKI-PRL,0.4188,$282.58M,5.23
ENS-MANA,0.4187,$307.46M,7.07
DRV-BTT,0.4184,$362.12M,-3.5
ICNT-GALA,0.4184,$190.19M,-18.62
CHZ-SFP,0.4184,$246.87M,-14.43
BAT-GRASS,0.4182,$319.28M,-18.89
OHM-STX,0.4181,$526.32M,1.08
IMX-XPL,0.418,$447.91M,-3.45
JTO-APYUSD,0.4177,$426.76M,-7.66
OHM-PENGU,0.4176,$647.52M,8.27
GNO-AXS,0.4176,$426.33M,-14.46
EURC-REAL,0.4176,$699.09M,-4.23
PENDLE-SN64,0.4176,$340.64M,9.65
UB-WIF,0.4175,$507.18M,17.33
DYDX-APYUSD,0.4175,$255.99M,-13.12
GRT-MET,0.4174,$250.76M,-6.11
CTOC-RAY,0.4171,$438.01M,1.04
GALA-BSV,0.4171,$347.11M,-8.44
GOMINING-GRASS,0.4171,$331.43M,-11.3
OZO-KAG,0.417,$338.99M,-1.31
IMX-AERO,0.4169,$641.69M,-5.56
NXM-BORG,0.4169,$225.14M,2.82
2Z-CAKE,0.4169,$649.53M,1.51
REUSD-SPCXB,0.4168,$252.97M,-16.32
MON-USDAI,0.4168,$405.63M,7.37
BAT-THBILL,0.4168,$221.35M,-5.25
NEX-AKE,0.4165,$185.85M,481.19
ZBCN-BTT,0.4164,$436.75M,-9.66
TIA-VIRTUAL,0.4164,$676.06M,-0.86
BP-MET,0.4164,$203.65M,-7.29
2Z-CRCLON,0.4163,$295.19M,-1.29
USTBL-RAIL,0.4163,$250.69M,-10.58
KAG-KITE,0.4163,$445.69M,-4.67
GRT-BTSE,0.4162,$294.46M,-7.77
TKX-JTO,0.4162,$372.08M,-7.2
WFI-SUN,0.4162,$516.83M,5.14
STRK-RAIL,0.4161,$279.05M,-12.66
JTO-GLIDR,0.4161,$370.02M,-8.05
BORG-XCN,0.4158,$267.93M,-13.03
COCO-KOGE,0.4157,$398.37M,-11.08
WIF-BONK,0.4157,$411.29M,-3.02
NXM-USDAT,0.4154,$226.67M,8.91
FRXUSD-USDAI,0.4153,$267.36M,0.02
EARNETH-KITE,0.4149,$378.94M,7.69
BORG-SYRUP,0.4148,$345.52M,5.2
CTOC-THBILL,0.4147,$392.94M,0.31
FDUSD-FARTCOIN,0.4147,$469.11M,11.94
NXM-UB,0.4146,$447.71M,32.46
CAKE-THBILL,0.4146,$565.12M,3.3
DYDX-APXUSD,0.4144,$392.92M,-14.4
1INCH-STRK,0.4142,$305.03M,10.97
VET-XCN,0.4142,$518.62M,-4.77
VSN-ONYC,0.4141,$397.10M,15.06
GRX-SHORT,0.4141,$221.65M,6.84
ICNT-CRCLON,0.4141,$194.42M,-9.01
IMX-REAL,0.414,$476.38M,-4.91
OUSG-AIAT,0.4139,$498.23M,2.06
CVX-CARDS,0.4139,$403.68M,-2.49
TKX-USDF,0.4139,$215.28M,4.99
STRK-THBILL,0.4139,$307.14M,-1.79
STX-THETA,0.4138,$376.61M,-8.5
CVX-SN64,0.4136,$224.81M,17.61
USDTB-A7A5,0.4134,$833.73M,0.22
ZBCN-STX,0.4134,$427.79M,-17.7
INJ-KAU,0.4133,$767.54M,1.17
EURC-CHZ,0.4131,$594.17M,-12.19
GLIDR-AERO,0.4131,$515.76M,-0.68
ZK-USAT,0.4129,$269.58M,-8.49
TRUMP-XPL,0.4128,$577.98M,1.47
FLOKI-MET,0.4127,$287.92M,-1.05
CVX-ZRO,0.4125,$419.57M,13.62
KMNO-MET,0.4125,$187.44M,2.02
TRAC-AERO,0.4125,$538.04M,-1.4
BC-SPCXB,0.4123,$305.10M,37.89
TIA-TEL,0.4123,$480.81M,-15.64
COCO-FRXUSD,0.4123,$294.14M,-7.5
AKT-CAKE,0.4122,$575.58M,-10.3
JTO-TRUMP,0.4122,$626.03M,-8.01
BTSE-BAT,0.4122,$236.53M,-6.05
STRK-SNX,0.4121,$311.65M,-2.22
FARTCOIN-NFT,0.412,$387.53M,12.9
TIA-EURC,0.4118,$756.53M,-4.51
ULTIMA-THETA,0.4117,$307.79M,9.91
BC-OZO,0.4116,$344.87M,54.49
FARTCOIN-TEL,0.4116,$297.33M,0.68
DASH-PIEVERSE,0.4114,$579.52M,-6.25
NXM-MX,0.4113,$237.46M,8.55
IMX-CAKE,0.4111,$674.51M,2.36
UB-GALA,0.411,$449.45M,14.3
LUNC-ONYC,0.4109,$525.10M,-7.22
APEPE-GRASS,0.4109,$417.23M,-14.9
USDAI-FRAX,0.4108,$377.50M,0.2
SYRUP-TRUMP,0.4107,$564.64M,15.41
CARDS-STRCX,0.4106,$409.66M,-13.81
GRX-USDAT,0.4105,$263.90M,15.76
TIA-MET,0.4103,$395.91M,-3.38
WEMIX-STRCX,0.4102,$241.22M,-7.2
SN64-CRCLON,0.4102,$182.84M,3.86
AXS-SNX,0.4101,$266.12M,-7.36
GRT-OHM,0.41,$437.15M,1.81
ZBCN-TWT,0.41,$325.74M,-9.94
ZK-MET,0.41,$173.77M,-7.48
SAND-WFI,0.41,$299.73M,-4.56
DRV-GRASS,0.4098,$318.51M,-17.19
AXS-BSV,0.4097,$402.18M,-6.26
VCNT-EIGEN,0.4097,$305.04M,-3.47
LUNC-GRASS,0.4095,$494.77M,-21.18
USDTB-SUN,0.4095,$697.81M,5.41
USDTB-COMP,0.4093,$514.85M,2.92
STAC-SYRUP,0.4091,$309.89M,11.46
ETHFI-EURCV,0.4089,$549.33M,14.41
TIBBIR-THBILL,0.4087,$224.42M,3.44
OUSG-NEX,0.4086,$470.58M,-9.48
OHM-USDZ,0.4085,$403.19M,8.81
DYDX-META,0.4084,$193.28M,2.91
CVX-BSV,0.4084,$393.31M,14.92
FLOKI-TRAC,0.4084,$322.17M,1.3
COMP-FRXUSD,0.4084,$269.25M,2.41
OHM-IOTA,0.4082,$423.38M,5.15
WEMIX-STX,0.4081,$350.94M,-17.83
ZANO-PYTH,0.4081,$452.52M,1.52
KITE-RAY,0.408,$395.01M,-2.45
USTBL-PRL,0.4079,$244.91M,7.43
NEO-SNX,0.4079,$256.21M,0.33
AVUSD-BORG,0.4079,$254.25M,-5.87
STX-MX,0.4079,$401.11M,-8.2
FLUID-ICNT,0.4078,$187.86M,7.1
ULTIMA-GLIDR,0.4077,$283.08M,14.65
FF-SPCXB,0.4077,$277.82M,-19.24
USTBL-SNX,0.4075,$283.28M,-0.15
GNO-KOGE,0.4075,$496.79M,-10.96
KAU-AR,0.4074,$424.36M,-4.05
ENS-AR,0.4074,$292.13M,-1.64
STRK-BSV,0.4073,$447.70M,-1.12
TIBBIR-NEO,0.4072,$240.26M,3.9
CASH-TIBBIR,0.4071,$228.50M,3.3
NEO-XPL,0.4071,$354.36M,-2.05
THETA-MANA,0.407,$257.48M,3.38
ZRO-SHFL,0.4069,$406.15M,1.16
ZK-SYRUP,0.4068,$291.60M,2.78
CVX-NFT,0.4067,$399.34M,15.07
JTO-SYRUP,0.4067,$475.88M,-0.86
2Z-FLOKI,0.4066,$400.84M,-3.71
CTOC-BAT,0.4066,$378.42M,-5.23
KOGE-A7A5,0.4066,$692.35M,-3.88
FF-XEC,0.4065,$311.74M,7.63
VSN-MX,0.4062,$301.48M,14.25
KAU-GRASS,0.406,$524.18M,-12.87
ZBCN-PRL,0.406,$261.34M,-2.55
TRAC-XCN,0.406,$253.32M,-3.58
DRV-XEC,0.4059,$222.10M,6.6
BC-SUN,0.4059,$561.86M,59.35
ICNT-KOGE,0.4059,$315.72M,-12.93
CHZ-THBILL,0.4058,$262.07M,-11.92
INJ-MON,0.4057,$707.43M,7.9
SAND-ONYC,0.4057,$371.39M,-4.35
DCR-FRAX,0.4056,$422.84M,9.41
VIRTUAL-PRL,0.4055,$453.64M,10.84
USAT-RAIL,0.4055,$275.07M,-10.71
DYDX-BSV,0.4054,$356.36M,-16.78
EDGE-EURCV,0.4054,$285.41M,-8.68
SFP-XCN,0.4054,$232.39M,-9.31
TWT-XEC,0.4052,$267.92M,10.21
LDO-KITE,0.4051,$535.20M,22.16
TIA-ENS,0.4051,$482.56M,-1.36
SYRUP-WFI,0.405,$381.79M,11.53
LUNC-OHM,0.4049,$554.70M,1.24
EIGEN-SFP,0.4049,$243.32M,-5.93
DYDX-GLM,0.4048,$192.63M,-23.4
CARDS-XEC,0.4046,$388.32M,-6.29
OHM-TRUMP,0.4045,$633.19M,13.06
GALA-AR,0.4044,$204.67M,-13.93
STRCX-BORG,0.4043,$279.06M,-3.3
USDAT-SAND,0.4041,$264.99M,-4.8
BP-APYUSD,0.404,$272.36M,-3.82
RLB-TIBBIR,0.4039,$210.76M,4.97
STRK-USDZ,0.4039,$316.60M,-2.06
CASH-XCN,0.4038,$251.68M,-6.95
COMP-SFP,0.4037,$262.06M,0.04
OUSG-KAITO,0.4036,$689.52M,62.0
TWT-STX,0.4036,$398.98M,-7.94
COCO-SHORT,0.4036,$281.77M,-16.41
TEL-PEANUT,0.4036,$358.85M,-15.25
SYRUP-USDZ,0.4035,$334.64M,11.16
FLUID-MX,0.4034,$236.88M,16.12
GLIDR-SUN,0.4033,$443.67M,8.97
PENDLE-GRASS,0.4029,$466.52M,-7.35
1INCH-USDTB,0.4028,$471.34M,13.44
AKT-AERO,0.4028,$542.77M,-18.22
LDO-USDZ,0.4027,$430.59M,25.37
EDGE-BORG,0.4025,$274.24M,-14.65
TIBBIR-BTT,0.4025,$365.96M,3.49
KAU-AKT,0.4024,$436.70M,-12.82
STX-TRUMP,0.4024,$607.91M,-3.72
ZBT-AIAT,0.4024,$231.92M,-0.82
NEO-WFI,0.4023,$308.32M,0.87
REAL-CRCLON,0.4023,$341.91M,-3.77
ZK-MON,0.4022,$332.55M,-1.15
AKT-TWT,0.4021,$276.86M,-13.54
DCR-TEL,0.4021,$377.09M,-2.02
FLUID-FF,0.4019,$278.57M,13.8
DRV-ZBT,0.4018,$216.59M,-6.45
BC-WFI,0.4018,$394.11M,54.72
BTT-SFP,0.4015,$362.20M,-2.16
PENGU-PENDLE,0.4014,$622.37M,5.48
EIGEN-KOGE,0.4013,$354.74M,-7.14
DRV-SAND,0.4012,$227.83M,-8.51
APXUSD-SHFL,0.4012,$416.46M,4.84
NEO-WIF,0.4011,$280.12M,-5.63
SNX-ENS,0.4011,$298.51M,2.75
DYDX-REUSD,0.401,$265.30M,-17.35
VET-PRL,0.401,$473.03M,9.49
SYRUP-JASMY,0.401,$418.83M,11.47
AXS-ENS,0.4009,$319.76M,-4.04
IOTA-FRAX,0.4009,$367.64M,-3.59
WIF-REAL,0.4009,$395.40M,-10.36
SPX-RAIL,0.4008,$391.92M,-12.64
EARNETH-USAT,0.4006,$332.17M,11.03
AXS-TEL,0.4006,$318.00M,-18.32
FARTCOIN-A,0.4005,$225.30M,10.64
GALA-PIEVERSE,0.4004,$270.70M,-13.49
CASH-WEMIX,0.4,$222.44M,-9.98
CVX-PIEVERSE,0.4,$316.90M,9.87
CTOC-MON,0.4,$523.20M,7.52
GRT-BP,0.3998,$275.58M,-15.43
COCO-GOMINING,0.3997,$299.78M,-5.32
KMNO-CRVUSD,0.3995,$310.07M,1.04
BORG-PEANUT,0.3992,$322.81M,-10.08
USDAT-NEO,0.3991,$273.57M,0.63
KAITO-MX,0.399,$459.86M,61.53
KAITO-TEL,0.3988,$483.58M,50.63
ZBCN-USDZ,0.3987,$304.66M,-9.97
PIEVERSE-VET,0.3987,$571.04M,-2.04
DYDX-US,0.3986,$516.83M,207.54
APEPE-AXS,0.3986,$345.05M,-8.48
ENS-MX,0.3986,$326.66M,2.69
USDTB-NEO,0.3983,$489.30M,1.14
GRX-STX,0.3981,$374.62M,7.89
BTT-USDZ,0.3981,$386.86M,0.08
LDO-GLM,0.398,$397.96M,19.7
VIRTUAL-PENDLE,0.398,$620.22M,9.67
PIEVERSE-JASMY,0.398,$393.67M,-4.04
VIRTUAL-THBILL,0.3979,$487.50M,3.69
GRX-ULTIMA,0.3978,$305.80M,26.31
CVX-WIF,0.3977,$281.16M,7.86
CAKE-APYUSD,0.3976,$605.32M,7.63
WIF-BSV,0.3976,$404.84M,-5.42
CHZ-FRAX,0.3976,$364.21M,-11.89
ZBCN-XCN,0.3975,$306.93M,-16.81
KAU-FARTCOIN,0.3973,$431.32M,12.55
APXUSD-KMNO,0.3973,$393.08M,4.2
CVX-CRCLON,0.397,$227.67M,14.44
REAL-TRUMP,0.397,$606.45M,0.01
OUSG-RAIL,0.3969,$470.09M,-10.58
ZBCN-FLOKI,0.3969,$375.78M,-11.92
DASH-PRL,0.3969,$481.50M,5.28
2Z-PEANUT,0.3968,$386.87M,-5.64
GRASS-SHFL,0.3967,$337.27M,-11.86
EDGE-FLOKI,0.3966,$334.48M,-10.64
CAKE-ETHFI,0.3966,$847.08M,17.66
A7A5-GUSD,0.3963,$627.71M,-0.37
GALA-ETHFI,0.3961,$488.51M,5.25
CVX-ENS,0.396,$310.89M,17.13
CRCLON-AR,0.3959,$208.91M,-4.32
ACRED-PYTH,0.3958,$436.40M,4.12
COMP-USDZ,0.3958,$286.71M,2.28
WIF-VET,0.3957,$535.30M,-4.05
BSV-JASMY,0.3956,$470.08M,1.01
NEO-FRXUSD,0.3955,$243.70M,0.62
A7A5-XPIN,0.3955,$623.10M,0.96
GLM-FF,0.3954,$287.05M,-8.46
A-AR,0.3954,$218.34M,-5.95
AR-EURCV,0.3954,$265.49M,-4.77
PIEVERSE-GLIDR,0.3953,$283.47M,-0.14
DCR-ZBT,0.3952,$316.72M,6.47
SOON-WFI,0.3952,$264.55M,35.41
TKX-BORG,0.3951,$241.71M,-1.14
ENS-CRCLON,0.3951,$268.92M,3.38
CRCLON-GRASS,0.3949,$308.72M,-13.14
AVUSD-CHZ,0.3948,$260.12M,-11.87
UB-STRCX,0.3947,$501.63M,26.34
ETHFI-TRUMP,0.3946,$757.28M,18.64
LDO-PENDLE,0.3945,$553.85M,31.63
DCR-ULTIMA,0.3944,$384.48M,19.79
ICNT-COMP,0.3944,$260.90M,-6.97
DRV-USDZ,0.3941,$230.03M,-3.81
IMX-MON,0.394,$475.52M,6.56
TIA-PENDLE,0.394,$557.14M,1.74
TIBBIR-RAY,0.3938,$269.49M,4.17
TEL-VET,0.3938,$563.27M,-9.06
AR-WFI,0.3937,$290.60M,-4.42
TIA-REAL,0.3935,$555.55M,-8.52
TKX-OHM,0.3935,$379.25M,13.87
USTBL-BAT,0.3935,$264.26M,-5.27
THETA-SN64,0.3934,$216.08M,2.86
1INCH-THETA,0.3933,$241.91M,12.26
GRT-DCR,0.3933,$364.12M,2.1
ZRO-AERO,0.3932,$699.13M,-5.25
XTZ-SFP,0.3932,$328.21M,-11.68
OHM-NEO,0.3931,$409.58M,9.54
FLUID-GUSD,0.3931,$235.79M,16.39
USAT-FRAX,0.3931,$405.29M,0.19
PENGU-SN64,0.393,$461.71M,2.85
BP-XPIN,0.3927,$259.13M,-7.04
STX-SYRUP,0.3927,$457.76M,3.43
PEANUT-USDAI,0.3927,$341.98M,-3.99
EDGE-CHZ,0.3925,$280.11M,-20.65
OHM-USAT,0.3924,$461.03M,8.93
KMNO-CTOC,0.3923,$373.02M,1.16
DASH-TEL,0.3923,$571.75M,-13.27
KAG-SHORT,0.3922,$311.24M,-10.24
VSN-FLUID,0.3921,$237.18M,31.05
OHM-BTSE,0.392,$408.92M,8.28
VCNT-KITE,0.3918,$396.45M,-3.23
CASH-GRX,0.3916,$246.12M,15.75
DCR-PEANUT,0.3916,$387.32M,5.22
SFP-FET,0.3913,$408.65M,-12.16
IOTA-PRL,0.3912,$231.64M,3.52
JTO-GALA,0.3911,$357.25M,-21.4
TEL-CRCLON,0.3911,$267.17M,-10.9
APR-SNX,0.3909,$318.83M,-6.67
TKX-TEL,0.3909,$277.76M,-6.31
DCR-MX,0.3909,$353.37M,8.88
VELVET-KAG,0.3908,$380.19M,-39.2
STRK-SFP,0.3908,$291.94M,-4.3
EURC-AR,0.3908,$566.09M,-4.79
TWT-CHZ,0.3907,$292.61M,-12.17
USDTB-REAL,0.3906,$604.58M,-3.59
SNX-PRL,0.3906,$206.50M,7.02
OHM-USDAI,0.3904,$433.24M,8.94
ULTIMA-PEANUT,0.3902,$366.24M,6.56
USDA-BTT,0.3902,$355.65M,0.12
JTO-BONK,0.3902,$533.58M,-8.92
SPCXB-SYRUP,0.3902,$292.78M,-5.29
TIA-EURCV,0.3901,$455.93M,-4.5
DYDX-FF,0.39,$290.15M,-20.27
TIA-XCN,0.3899,$436.15M,-11.35
DEXE-CASH,0.3898,$396.10M,-43.72
AWE-BTT,0.3898,$365.29M,3.11
UB-ULTIMA,0.3897,$542.54M,34.13
STAC-RAY,0.3897,$265.65M,1.06
RLB-PYTH,0.3897,$425.63M,5.7
STAC-VET,0.3896,$491.60M,2.37
NEO-AERO,0.3895,$548.15M,-4.16
EDGE-AKT,0.3894,$264.37M,-22.02
CASH-AERO,0.3893,$536.39M,-4.77
USAT-SFP,0.3893,$287.96M,-2.35
GRT-WFI,0.3892,$335.89M,-6.87
VIRTUAL-BTSE,0.3891,$502.68M,2.88
SHORT-BONK,0.3891,$362.50M,-5.68
APYUSD-TRUMP,0.3891,$515.52M,8.61
ZANO-XPIN,0.389,$276.06M,-1.24
APXUSD-TRUMP,0.3889,$652.45M,7.33
APXUSD-FARTCOIN,0.3888,$418.07M,15.13
BTT-GRASS,0.3886,$475.34M,-13.3
BP-REAL,0.3885,$363.29M,-12.42
LUNC-USDZ,0.3884,$406.29M,-7.8
KITE-BONK,0.3884,$496.95M,-0.11
ICNT-WFI,0.3883,$276.12M,-9.11
IOTA-WFI,0.3883,$322.12M,-3.52
VSN-WFI,0.388,$325.44M,14.85
TIBBIR-FRXUSD,0.3878,$216.41M,3.3
AWE-FARTCOIN,0.3878,$228.83M,14.84
FARTCOIN-EURCV,0.3878,$272.45M,11.82
UB-EARNETH,0.3877,$507.78M,34.59
TIBBIR-SYRUP,0.3877,$313.73M,14.57
ENS-AERO,0.3876,$590.44M,-1.74
TWT-SN64,0.3875,$238.46M,3.42
IOTA-RAIL,0.3875,$237.42M,-14.49
DYDX-COCO,0.3874,$282.09M,-25.11
FLUID-GLM,0.3874,$181.05M,10.67
SPCXB-NFT,0.3874,$350.06M,-15.59
PEANUT-EURCV,0.3874,$333.97M,-4.1
AERO-EURCV,0.3874,$563.81M,-4.87
KAU-GEOD,0.3873,$402.65M,0.31
TWT-USDF,0.3873,$260.31M,-0.04
AWE-THETA,0.3873,$231.91M,2.27
ETHFI-SYRUP,0.3873,$607.14M,25.79
1INCH-PEANUT,0.3872,$300.35M,8.91
GOMINING-MON,0.3872,$363.76M,9.54
ICNT-FF,0.3871,$293.86M,-12.03
GNO-SPCXB,0.3869,$368.18M,-23.96
SNX-TEL,0.3869,$296.75M,-11.53
LUNC-SYRUP,0.3868,$486.15M,3.59
KAU-CVX,0.3867,$443.12M,14.72
SPX-USAT,0.3866,$487.30M,-1.92
OHM-KOGE,0.3865,$489.95M,5.36
LDO-OHM,0.3863,$579.00M,34.42
ULTIMA-DASH,0.3863,$579.13M,8.54
SYRUP-GRASS,0.3863,$423.12M,-2.21
TIA-ICNT,0.3862,$408.06M,-13.76
STRK-WEMIX,0.3862,$289.63M,-11.92
PENDLE-PRL,0.3862,$334.72M,13.44
A-AERO,0.3862,$516.66M,-6.05
PRL-BAT,0.3862,$187.48M,1.9
CVX-CHZ,0.3859,$278.95M,2.02
STX-FET,0.3859,$556.44M,-17.66
GRASS-ZAMA,0.3859,$353.68M,31.25
BP-PENDLE,0.3858,$364.89M,-2.16
STRK-ONYC,0.3858,$435.42M,-1.48
RAIL-XCN,0.3858,$219.50M,-17.67
VIRTUAL-OHM,0.3857,$645.37M,12.46
SYRUP-FET,0.3857,$513.17M,1.47
USTBL-FET,0.3856,$466.76M,-9.68
FLUID-SYRUP,0.3856,$293.53M,27.74
FARTCOIN-MET,0.3856,$212.43M,12.94
APEPE-SNX,0.3855,$323.80M,-1.69
FLOKI-CRCLON,0.3855,$291.36M,-1.72
STAC-DYDX,0.3854,$200.51M,-17.42
NEX-AIAT,0.3854,$208.31M,-7.67
TKX-KITE,0.3853,$335.45M,1.61
KMNO-SPCXB,0.3852,$183.56M,-15.57
BTT-BAT,0.3852,$362.89M,-5.2
USTBL-NEO,0.3851,$294.62M,0.74
USAT-THETA,0.3851,$311.32M,-0.65
GALA-WFI,0.3851,$263.16M,-9.01
LUNC-USDF,0.385,$390.74M,-7.63
INJ-FDUSD,0.3849,$805.33M,0.56
USDTB-CAKE,0.3849,$802.71M,3.68
KAU-ETHFI,0.3848,$708.20M,15.13
INJ-TIA,0.3847,$765.73M,-3.85
AWE-NFT,0.3847,$370.34M,3.9
VCNT-MANA,0.3847,$295.83M,4.13
NXM-KITE,0.3846,$318.87M,5.57
KAU-APYUSD,0.3845,$466.43M,5.11
MX-KOGE,0.3845,$364.74M,-3.92
JTO-PENGU,0.3844,$640.35M,-12.8
DRV-CAKE,0.3843,$549.83M,-0.55
FARTCOIN-BTT,0.3843,$382.48M,12.12
VIRTUAL-THETA,0.3841,$495.66M,2.88
META-CAKE,0.3839,$542.61M,23.66
GALA-BTSE,0.3839,$221.73M,-9.91
VCNT-ZAMA,0.3838,$302.26M,44.84
ONYC-SUN,0.3838,$588.50M,5.35
BP-STRK,0.3837,$303.45M,-10.25
TKX-BP,0.3836,$217.68M,-3.36
VCNT-FRAX,0.3835,$384.51M,0.28
SNX-STX,0.3834,$372.95M,-8.13
VET-BSV,0.3834,$647.45M,3.01
USTBL-CAKE,0.3833,$608.03M,3.28
FDUSD-KITE,0.3832,$578.10M,-3.31
VSN-COMP,0.3831,$310.22M,16.99
ZBCN-ENS,0.3831,$353.34M,-6.82
1INCH-TRUMP,0.383,$473.21M,17.05
APXUSD-AXS,0.3829,$438.74M,-3.88
CHZ-EURCV,0.3829,$293.58M,-12.18
TWT-TIBBIR,0.3828,$254.95M,3.2
A-ETHFI,0.3825,$502.18M,13.23
MX-VET,0.3823,$539.55M,1.84
PRL-GRASS,0.3823,$299.94M,-6.19
CAKE-SN64,0.3822,$537.18M,6.66
STRK-WFI,0.3822,$363.75M,-1.69
UB-RLB,0.3821,$465.11M,25.24
TKX-MX,0.3821,$254.03M,4.59
PIEVERSE-BAT,0.3813,$285.50M,-9.62
SPX-FRAX,0.3812,$522.14M,-1.75
DYDX-APR,0.3812,$294.26M,-23.99
APXUSD-FDUSD,0.3812,$641.15M,3.22
ZBCN-JASMY,0.3811,$388.86M,-9.66
JTO-REAL,0.3809,$517.69M,-16.26
NXM-BP,0.3808,$201.11M,0.59
KAG-CRCLON,0.3808,$306.54M,-0.99
BP-CTOC,0.3808,$389.24M,-8.14
GNO-ICNT,0.3806,$384.22M,-16.75
SAND-CRCLON,0.3806,$218.04M,-4.47
EIGEN-A,0.3805,$242.88M,-4.85
RAIL-GLIDR,0.3805,$191.23M,-6.62
DYDX-BONK,0.3804,$362.81M,-14.39
APR-AIAT,0.3804,$314.37M,-4.45
EURC-THBILL,0.3804,$567.97M,0.04
GRT-SHFL,0.3803,$282.74M,-5.49
PENGU-USDZ,0.3803,$499.11M,-0.78
ICNT-XPL,0.3802,$322.16M,-12.02
GLIDR-EURCV,0.3801,$250.82M,3.99
USTBL-CARDS,0.38,$429.71M,-16.45
DRV-GRT,0.3799,$263.99M,-10.82
UB-ZK,0.3795,$445.19M,15.06
AVUSD-MANA,0.3795,$247.36M,4.25
FARTCOIN-BSV,0.3795,$381.50M,12.75
PENDLE-ETHFI,0.3795,$650.54M,20.65
SPX-BORG,0.3794,$440.35M,-8.01
LUNC-MX,0.3792,$429.49M,-8.03
EARNETH-USDTB,0.3791,$502.46M,11.55
REUSD-SUN,0.3791,$509.72M,5.13
GEOD-SHFL,0.3791,$215.75M,1.32
AXS-BP,0.379,$257.92M,-15.38
CVX-AERO,0.3788,$549.19M,9.33
AKT-GOMINING,0.3787,$243.96M,-11.25
GNO-KMNO,0.3787,$380.66M,-6.39
CASH-FARTCOIN,0.3786,$245.03M,11.93
SNX-ETHFI,0.3786,$522.33M,14.23
SPCXB-EURC,0.3786,$535.57M,-16.69
XEC-FRAX,0.3786,$339.52M,10.48
CVX-SNX,0.3785,$257.25M,13.81
VELVET-USDZ,0.3784,$293.89M,-37.98
BORG-VET,0.3784,$527.23M,-3.89
VELVET-TEL,0.3783,$340.82M,-49.1
IMX-BTSE,0.3782,$360.43M,-1.44
GRT-ULTIMA,0.3782,$343.04M,3.44
KAU-APXUSD,0.3781,$603.36M,3.83
AXS-PRL,0.3781,$227.76M,0.22
ZRO-CARDS,0.378,$553.62M,-17.06
CVX-USAT,0.3779,$320.04M,14.1
GOMINING-ETHFI,0.3779,$515.45M,16.7
MON-MET,0.3779,$337.61M,8.37
ICNT-DASH,0.3778,$499.01M,-11.39
ICNT-SUN,0.3778,$443.86M,-4.48
RLB-ACRED,0.3777,$219.31M,1.77
CVX-SOSO,0.3777,$251.40M,23.79
VIRTUAL-GOMINING,0.3777,$485.13M,5.73
ZRO-CRVUSD,0.3776,$496.81M,-0.44
SNX-USAT,0.3776,$307.66M,-0.28
STAC-A7A5,0.3774,$580.85M,-0.12
INJ-MET,0.3774,$548.65M,1.56
JASMY-USDZ,0.3773,$338.98M,0.07
EDGE-SNX,0.3772,$258.41M,-8.85
TIBBIR-CHZ,0.3772,$250.62M,-8.78
ENS-THETA,0.3772,$302.16M,2.38
EURC-AERO,0.377,$864.41M,-4.89
SPX-TRAC,0.3768,$425.74M,1.44
RLB-AR,0.3768,$220.33M,-3.0
CASH-TRUMP,0.3767,$479.41M,4.14
USTBL-AIAT,0.3766,$278.82M,2.06
BORG-SN64,0.3766,$228.26M,-2.57
GALA-BTT,0.3765,$348.09M,-9.07
VSN-VCNT,0.3764,$315.34M,14.69
USDAT-AERO,0.3764,$554.17M,-4.75
FLOKI-SFP,0.3764,$301.24M,-4.43
VIRTUAL-MX,0.3763,$520.16M,3.19
CTOC-VET,0.3763,$663.96M,2.35
KAITO-AVUSD,0.3762,$425.25M,62.08
NFT-SYRUP,0.3762,$471.77M,12.25
US-PENDLE,0.3761,$669.62M,231.28
XTZ-GALA,0.376,$314.09M,-18.59
CTOC-SN64,0.3759,$364.99M,3.67
SPX-SYRUP,0.3758,$509.32M,9.35
LDO-SYRUP,0.3758,$510.44M,36.77
1INCH-CHZ,0.3757,$259.96M,0.84
ACRED-APYUSD,0.3757,$273.17M,4.58
EARNETH-BP,0.3755,$261.18M,2.72
BP-SFP,0.3755,$216.97M,-10.66
PENGU-SYRUP,0.3755,$578.97M,10.62
RAIL-PENDLE,0.3755,$340.50M,-4.57
SPX-APEPE,0.3754,$503.44M,-3.34
CAKE-ZANO,0.3754,$578.35M,0.64
CAKE-SFP,0.3754,$549.92M,0.79
ULTIMA-CHZ,0.3754,$325.84M,-1.51
TEL-BONK,0.3754,$439.26M,-8.03
CARDS-ZBT,0.3753,$382.81M,-19.34
DCR-ETHFI,0.3751,$602.67M,23.73
OHM-FARTCOIN,0.375,$398.82M,20.85
KAU-2Z,0.3749,$510.64M,-1.01
TIBBIR-SAND,0.3749,$231.67M,-1.53
VIRTUAL-USAT,0.3747,$554.80M,3.54
DRV-DCR,0.3743,$305.42M,5.53
DRV-GLM,0.3743,$197.41M,-9.49
2Z-MET,0.3741,$291.75M,-0.62
JTO-FARTCOIN,0.374,$391.65M,-0.22
DCR-USDAI,0.3739,$360.22M,9.24
TAG-BONK,0.3739,$410.01M,21.16
OUSG-SHORT,0.3738,$477.80M,-8.77
DEXE-STX,0.3738,$524.60M,-51.57
BTT-XCN,0.3738,$389.13M,-6.76
BTT-WFI,0.3737,$434.02M,0.45
GNO-JTO,0.3736,$551.28M,-19.53
ICNT-VET,0.3735,$490.53M,-7.18
COMP-WFI,0.3735,$333.87M,2.65
AKT-MX,0.3734,$278.98M,-13.79
BC-FLUID,0.3732,$305.86M,70.92
TIA-REUSD,0.3732,$473.92M,-4.15
ULTIMA-STRK,0.3732,$370.91M,8.62
CASH-KAITO,0.3731,$431.29M,61.88
ZBCN-THETA,0.3731,$303.37M,-10.51
USTBL-META,0.3731,$256.26M,20.64
ZK-BTSE,0.3731,$217.46M,-9.15
NXM-USDTB,0.3729,$442.39M,9.42
EARNETH-USDF,0.3729,$258.78M,11.08
TIBBIR-AXS,0.3729,$250.17M,-3.79
JASMY-FRAX,0.3729,$431.65M,0.38
EDGE-CAKE,0.3728,$583.17M,-5.42
USTBL-ACRED,0.3728,$275.88M,0.23
APR-XCN,0.3726,$326.05M,-13.34
SAND-EURC,0.3726,$575.22M,-4.93
GLM-SYRUP,0.3725,$302.01M,5.48
ULTIMA-VET,0.3725,$570.66M,12.75
STAC-CVX,0.3723,$237.46M,14.28
APR-EDGE,0.3721,$332.36M,-14.96
DCR-BONK,0.372,$467.72M,12.44
FRXUSD-FRAX,0.372,$329.99M,0.2
OUSG-ACRED,0.3719,$495.29M,0.23
EDGE-GLIDR,0.3719,$237.36M,-4.48
STAC-LDO,0.3718,$405.84M,25.67
KAG-BTT,0.3718,$473.16M,-1.14
TWT-TEL,0.3717,$322.78M,-11.33
AXS-FRXUSD,0.3717,$253.61M,-7.07
ENS-BSV,0.3717,$434.56M,3.86
2Z-A7A5,0.3716,$680.54M,-1.94
PENGU-MON,0.3716,$619.91M,6.69
LUNC-USAT,0.3715,$464.13M,-7.68
DCR-RAIL,0.3715,$292.62M,-1.49
GALA-SYRUP,0.3715,$295.86M,2.02
ETHFI-PRL,0.3715,$483.96M,21.81
UB-RAY,0.3713,$523.84M,24.44
DCR-CRCLON,0.3713,$295.63M,9.57
US-FARTCOIN,0.3711,$541.98M,237.07
LUNC-ZBCN,0.371,$456.17M,-17.54
TKX-USAT,0.371,$288.67M,4.95
USTBL-MON,0.371,$409.04M,7.48
OUSG-ONYC,0.3709,$626.46M,0.6
WIF-SOSO,0.3709,$262.93M,3.46
PRL-CRCLON,0.3709,$176.92M,7.65
USDAT-PRL,0.3708,$223.87M,7.32
USDAT-GRASS,0.3707,$355.67M,-13.47
KAU-NFT,0.3706,$572.83M,1.6
PENGU-SHFL,0.3705,$493.12M,0.97
AR-USDZ,0.3704,$243.44M,-4.79
FLOKI-NFT,0.3703,$463.03M,-1.09
UB-SAND,0.3702,$486.02M,18.75
PRL-COMP,0.37,$243.40M,9.7
ULTIMA-WIF,0.3698,$328.04M,4.33
ACRED-GOMINING,0.3698,$230.60M,2.29
KITE-VET,0.3698,$620.96M,-1.14
2Z-ULTIMA,0.3697,$384.04M,8.93
SNX-XEC,0.3696,$241.89M,10.01
IMX-USDZ,0.3694,$354.71M,-0.91
RLB-SHFL,0.3694,$225.67M,3.31
EURC-PEANUT,0.3694,$634.57M,-4.12
RAIL-FRAX,0.3694,$309.91M,-10.53
MX-USDZ,0.3694,$277.98M,-0.46
BTT-BONK,0.3694,$524.42M,3.41
AR-THBILL,0.3694,$233.99M,-4.52
SPX-CASH,0.3693,$424.09M,-1.93
CAKE-RAIL,0.3693,$537.04M,-7.56
CRVUSD-EURCV,0.3693,$361.49M,-0.07
SNX-SN64,0.3693,$212.43M,3.23
RAY-PRL,0.3693,$247.08M,8.18
BC-FF,0.3692,$411.85M,51.8
FDUSD-APYUSD,0.3691,$504.22M,4.5
TIA-STRCX,0.369,$447.29M,-1.62
KMNO-PYTH,0.369,$419.38M,5.02
USAT-STX,0.3689,$435.75M,-7.84
APYUSD-KOGE,0.3688,$372.28M,0.91
APR-APEPE,0.3687,$397.75M,-7.79
NEO-USDAI,0.3687,$291.21M,0.62
PENDLE-JASMY,0.3687,$462.24M,6.33
EDGE-JASMY,0.3685,$347.56M,-8.38
US-BONK,0.3685,$683.91M,228.36
AKT-USDZ,0.368,$255.78M,-13.56
TKX-THBILL,0.368,$221.38M,5.09
KAITO-GOMINING,0.368,$424.83M,64.06
ICNT-SYRUP,0.368,$308.82M,1.92
APR-DEXE,0.3678,$470.47M,-50.11
RLB-KITE,0.3677,$336.28M,-1.65
KMNO-BP,0.3677,$212.26M,-7.3
CARDS-SOON,0.3677,$358.88M,18.57
TEL-KITE,0.3677,$406.32M,-14.57
CASH-SAND,0.3676,$247.21M,-4.81
CARDS-AIAT,0.3676,$386.85M,-14.65
1INCH-GUSD,0.3675,$265.32M,12.85
ICNT-SPCXB,0.3675,$187.11M,-25.93
BORG-NFT,0.3675,$402.79M,-5.1
EURC-JASMY,0.3675,$661.62M,0.07
CAKE-NEX,0.3674,$537.52M,-6.46
LDO-ZBT,0.3673,$417.14M,22.73
BC-STRK,0.3673,$408.78M,52.52
THETA-XCN,0.3671,$255.75M,-7.61
1INCH-ETHFI,0.367,$515.71M,27.42
XEC-FRXUSD,0.3669,$229.38M,10.31
NXM-ULTIMA,0.3668,$268.57M,19.46
DYDX-XPL,0.3667,$318.45M,-20.26
AKT-ULTIMA,0.3667,$310.09M,-2.88
FLUID-BAT,0.3667,$189.70M,11.06
FLOKI-AERO,0.3667,$612.88M,-6.84
CARDS-JTO,0.3667,$537.50M,-28.72
USDTB-BORG,0.3666,$493.79M,-5.55
IMX-FRAX,0.3665,$447.39M,-0.61
SN64-AR,0.3665,$206.05M,-1.16
TIA-JASMY,0.3664,$518.08M,-4.21
FLUID-ACRED,0.3664,$201.33M,16.56
UB-CRCLON,0.3662,$453.69M,23.91
SNX-JASMY,0.3662,$334.02M,-0.09
LUNC-BP,0.366,$393.13M,-15.99
INJ-WIF,0.366,$605.58M,-5.69
ZBT-ETHFI,0.3659,$513.84M,11.75
PENDLE-EURCV,0.3658,$400.09M,6.04
OZO-GLIDR,0.3657,$226.68M,4.12
OHM-AR,0.3656,$391.86M,4.26
SNX-SYRUP,0.3656,$329.68M,11.0
IOTA-BSV,0.3656,$406.07M,-2.96
MANA-FET,0.3656,$437.30M,-5.77
LUNC-XCN,0.3655,$408.56M,-14.64
OZO-STRCX,0.3655,$266.09M,2.81
VELVET-PENDLE,0.3654,$417.15M,-31.72
RAIL-PRL,0.3654,$173.91M,-3.41
PENGU-AERO,0.3653,$786.09M,-5.43
EIGEN-USDAI,0.365,$298.03M,-3.56
STRK-AWE,0.3649,$295.03M,0.98
CTOC-EURC,0.3649,$725.04M,0.05
DASH-RAIL,0.3649,$487.28M,-12.74
TIA-AWE,0.3648,$412.31M,-1.48
STRK-AVUSD,0.3648,$305.19M,-1.73
USAT-AERO,0.3648,$599.60M,-4.76
VSN-SPCXB,0.3647,$236.43M,-1.98
FARTCOIN-PIEVERSE,0.3647,$305.09M,7.7
KAU-TRUMP,0.3646,$665.70M,4.76
APEPE-WIF,0.3646,$347.70M,-7.64
AXS-JTO,0.3646,$412.32M,-19.22
NXM-USAT,0.3645,$272.10M,8.9
TIBBIR-AKE,0.3645,$202.01M,494.09
STRK-FDUSD,0.3645,$535.31M,-1.92
WEMIX-GALA,0.3645,$189.04M,-19.24
WEMIX-REAL,0.3645,$349.48M,-14.1
USDAT-PEANUT,0.3644,$324.34M,-3.98
IOTA-APYUSD,0.3644,$305.70M,0.7
PENGU-BTSE,0.3644,$504.83M,-1.31
GEOD-TRUMP,0.3644,$451.74M,3.82
TKX-WEMIX,0.3642,$203.87M,-5.04
USDAT-FARTCOIN,0.3642,$262.81M,11.94
PRL-PEANUT,0.3642,$268.61M,3.3
STAC-TIA,0.364,$409.13M,-4.21
LDO-MX,0.364,$453.79M,25.14
CAKE-AR,0.364,$563.25M,-1.52
CTOC-WIF,0.3638,$421.35M,-6.07
GALA-MET,0.3638,$178.03M,-8.25
DRV-THBILL,0.3637,$220.58M,-3.54
DCR-FARTCOIN,0.3637,$325.79M,21.15
META-PRL,0.3636,$179.48M,27.81
KAG-GEOD,0.3635,$308.04M,-1.65
TEL-GLIDR,0.3635,$275.70M,-7.16
2Z-EURC,0.3634,$652.37M,-1.75
NEO-CTOC,0.3633,$408.78M,0.77
SNX-CRCLON,0.3633,$215.29M,0.07
VIRTUAL-A7A5,0.3632,$847.77M,3.23
TIBBIR-NEX,0.3632,$196.81M,-6.32
WEMIX-PRL,0.3629,$184.49M,-2.68
ENS-CHZ,0.3629,$320.21M,-9.04
SHORT-CRCLON,0.3629,$190.40M,-8.55
FLUID-USAT,0.3628,$271.52M,16.47
ENS-USDZ,0.3628,$303.46M,2.92
THETA-JASMY,0.3628,$337.68M,-0.46
JASMY-EURCV,0.3628,$361.02M,0.09
1INCH-JASMY,0.3627,$327.40M,13.11
A-AIAT,0.3626,$220.27M,0.65
STAC-GLIDR,0.3625,$204.03M,4.27
OHM-FET,0.3625,$581.72M,-0.88
SNX-PIEVERSE,0.3625,$304.52M,-4.51
FF-KOGE,0.3625,$406.43M,-6.24
PENGU-BSV,0.3625,$630.21M,0.16
TEL-KOGE,0.3625,$388.46M,-14.81
KMNO-MON,0.3624,$346.22M,8.35
ZRO-GOMINING,0.3623,$400.32M,1.72
ULTIMA-BORG,0.3623,$319.97M,4.49
SHORT-SUN,0.3623,$439.84M,-4.01
KAU-GRT,0.3622,$469.65M,-6.5
TIA-ETHFI,0.3622,$706.38M,10.11
EDGE-EURC,0.3621,$586.01M,-8.69
BP-SYRUP,0.3621,$321.48M,2.97
KAU-GLIDR,0.362,$409.69M,4.71
FLUID-BTSE,0.362,$219.40M,15.81
LUNC-PRL,0.3619,$362.97M,-0.38
VELVET-ZBCN,0.3619,$343.78M,-47.71
GLM-AERO,0.3619,$509.14M,-10.56
FF-SUN,0.3619,$534.57M,2.22
TWT-PEANUT,0.3618,$333.00M,-4.09
EDGE-WIF,0.3616,$282.32M,-14.81
GNO-CHEEMS,0.3616,$382.96M,-21.69
SNX-AR,0.3616,$238.49M,-4.95
AWE-AKE,0.3615,$201.34M,493.72
USDAT-UQC,0.3614,$247.82M,-0.1
CASH-AKT,0.3612,$250.41M,-13.44
CTOC-COMP,0.361,$434.33M,2.56
DASH-TRUMP,0.361,$754.82M,2.11
BTT-USDAI,0.361,$416.91M,0.21
CASH-MX,0.3609,$272.61M,-0.34
EURCV-THBILL,0.3609,$267.37M,0.05
US-GNO,0.3608,$701.61M,217.76
SYRUP-SUN,0.3608,$549.54M,16.16
BP-PENGU,0.3607,$485.95M,-8.97
GOMINING-THBILL,0.3607,$233.50M,2.34
NXM-WFI,0.3606,$261.41M,9.15
STAC-EARNETH,0.3606,$249.59M,11.21
APR-FF,0.3605,$388.68M,-9.05
GRT-FRAX,0.3605,$381.41M,-6.94
TIBBIR-FARTCOIN,0.3605,$229.50M,15.22
USDTB-DASH,0.3604,$752.96M,-1.49
BONK-SUN,0.3604,$607.24M,8.1
USDTB-MON,0.3603,$603.72M,7.88
AXS-AVUSD,0.3602,$259.67M,-6.87
DRV-TIBBIR,0.3601,$209.13M,-0.4
INJ-BORG,0.3601,$597.51M,-5.53
GPS-CHEEMS,0.3601,$196.33M,-10.35
LUNC-MON,0.36,$527.09M,-0.33
TKX-ULTIMA,0.36,$285.14M,15.5
TKX-FDUSD,0.36,$449.54M,4.96
DCR-PRL,0.36,$286.85M,16.52
STAC-SUN,0.3599,$444.93M,5.07
STRK-MANA,0.3598,$320.60M,2.09
GRT-TWT,0.3597,$309.81M,-7.21
DASH-USDF,0.3597,$509.27M,-1.97
THETA-PRL,0.3596,$210.16M,6.65
RAIL-USDAI,0.3595,$247.28M,-10.7
KITE-GRASS,0.3594,$447.87M,-16.82
USDAI-USDF,0.3594,$269.28M,0.07
SN64-MON,0.3593,$338.19M,10.86
STRK-FRAX,0.3592,$409.28M,-1.76
1INCH-PENGU,0.3591,$487.53M,12.25
EDGE-STRK,0.3591,$325.19M,-10.52
BP-UQC,0.3591,$222.26M,-8.42
KOGE-MANA,0.3591,$345.53M,0.47
LDO-KMNO,0.359,$401.22M,26.49
US-AERO,0.359,$833.34M,220.37
1INCH-GALA,0.3589,$204.43M,3.65
SNX-TRAC,0.3589,$246.10M,3.09
USAT-SOON,0.3589,$275.24M,35.16
BSV-BONK,0.3589,$523.44M,4.04
VIRTUAL-BTT,0.3588,$629.04M,3.73
GRX-SHFL,0.3588,$245.50M,17.38
IMX-PIEVERSE,0.3587,$409.40M,-5.02
STX-PRL,0.3586,$334.59M,-0.55
LUNC-ICNT,0.3585,$380.47M,-17.05
2Z-EURCV,0.3585,$351.77M,-1.74
STRK-NFT,0.3585,$453.73M,-0.97
USDTB-CVX,0.3584,$490.34M,14.62
CAKE-AVUSD,0.3584,$563.17M,3.36
CHZ-SYRUP,0.3584,$351.39M,-0.8
UB-DASH,0.3583,$758.27M,21.54
TWT-FRXUSD,0.3582,$258.39M,-0.08
ZK-PRL,0.3582,$168.42M,-1.2
UQC-ZANO,0.3581,$239.18M,-2.63
SN64-AERO,0.358,$504.36M,-1.26
SUN-USDF,0.358,$454.13M,4.94
OZO-VIRTUAL,0.3579,$494.87M,3.56
ICNT-BONK,0.3579,$366.52M,-6.14
VIRTUAL-PIEVERSE,0.3578,$551.65M,-0.69
SPCXB-EURCV,0.3578,$234.97M,-16.67
TIA-CTOC,0.3576,$581.49M,-4.23
AVUSD-EIGEN,0.3576,$256.57M,-3.36
VSN-EURC,0.3575,$600.93M,14.48
MX-WFI,0.3575,$325.13M,-0.09
CTOC-DASH,0.3573,$672.44M,-1.86
KAU-EARNETH,0.357,$455.25M,11.65
VET-FRAX,0.357,$609.02M,2.37
SNX-AERO,0.3569,$536.81M,-5.05
A7A5-XCN,0.3569,$607.86M,-7.26
KAU-THBILL,0.3568,$426.24M,0.78
ICNT-MX,0.3567,$252.16M,-9.71
ICNT-STRCX,0.3565,$242.37M,-6.59
US-RAY,0.3564,$581.97M,226.02
USDAT-PIEVERSE,0.3564,$321.88M,-4.21
USAT-WFI,0.3563,$359.77M,0.26
AVUSD-BAT,0.3563,$219.39M,-5.19
LUNC-AWE,0.3562,$384.72M,-4.77
EARNETH-JTO,0.3561,$415.58M,-1.12
1INCH-BTSE,0.356,$248.93M,12.26
BP-AR,0.356,$230.29M,-12.98
GUSD-USDF,0.356,$261.34M,-0.01
KAU-JTO,0.3558,$576.94M,-11.52
ZBCN-SFP,0.3557,$280.01M,-12.21
OHM-SAND,0.3557,$400.99M,4.11
FLUID-PENDLE,0.3557,$336.94M,22.6
SYRUP-XPIN,0.3557,$352.14M,12.54
MX-GUSD,0.3556,$300.09M,-0.41
KAU-USDAT,0.3555,$448.11M,0.64
UQC-SHORT,0.3555,$205.57M,-9.02
FARTCOIN-EURC,0.3555,$573.05M,11.81
EDGE-GLM,0.3553,$230.74M,-14.37
UUSD-FRXUSD,0.3553,$209.71M,0.05
EARNETH-FDUSD,0.3551,$493.04M,11.04
USDTB-TIA,0.3551,$662.01M,-3.87
US-GPS,0.3551,$514.98M,229.1
OHM-GALA,0.3549,$364.42M,-0.33
INJ-USDZ,0.3548,$586.63M,0.43
APEPE-JASMY,0.3548,$412.95M,-1.22
CAKE-PIEVERSE,0.3548,$629.27M,-1.08
APR-TRUMP,0.3546,$553.78M,-2.26
ZBCN-SYRUP,0.3546,$384.52M,1.43
ULTIMA-BSV,0.3546,$440.19M,11.39
STRCX-KITE,0.3546,$372.80M,-0.55
IMX-KOGE,0.3545,$441.47M,-4.36
APR-KOGE,0.3545,$410.54M,-9.96
TIBBIR-STX,0.3545,$357.00M,-4.56
VELVET-SNX,0.3544,$288.94M,-38.14
KAU-DASH,0.3543,$705.74M,-1.4
FARTCOIN-MON,0.3543,$371.21M,19.28
TIBBIR-GALA,0.3542,$195.10M,-5.97
APEPE-TRUMP,0.3541,$558.75M,2.73
FLUID-SFP,0.3539,$189.02M,14.11
BP-RAY,0.3539,$277.24M,-7.42
GRT-USDAI,0.3538,$318.78M,-7.11
USDA-PENGU,0.3537,$467.89M,-0.74
GALA-NFT,0.3537,$353.14M,-8.29
ZBT-CRCLON,0.3537,$206.80M,-2.41
EDGE-SAND,0.3536,$261.16M,-13.39
INJ-TIBBIR,0.3536,$565.72M,3.84
ENS-BTT,0.3536,$435.54M,3.23
EIGEN-MANA,0.3536,$271.98M,0.47
ZRO-ONYC,0.3534,$530.96M,-0.01
TWT-SNX,0.3534,$270.90M,-0.37
ZANO-COMP,0.3534,$290.49M,-0.11
TRAC-ETHFI,0.3534,$523.56M,17.88
IMX-OHM,0.3533,$503.13M,8.13
CVX-TWT,0.3533,$283.28M,14.01
EDGE-PENDLE,0.3532,$386.63M,-2.43
CAKE-BONK,0.3531,$712.14M,6.37
EDGE-MANA,0.353,$267.36M,-4.54
AXS-MON,0.353,$391.88M,0.27
GNO-BP,0.3529,$396.88M,-15.69
STRCX-RAIL,0.3529,$230.64M,-7.93
THETA-SYRUP,0.3529,$333.34M,10.62
GPS-ONYC,0.3527,$342.21M,4.43
IMX-WIF,0.3526,$373.67M,-7.03
ZBCN-XPL,0.3526,$397.86M,-12.51
FLUID-IOTA,0.3525,$233.86M,12.68
FLUID-SUN,0.3524,$428.58M,21.35
SHORT-BAT,0.3524,$200.97M,-14.3
KAU-RAIL,0.3522,$398.15M,-10.09
LDO-FDUSD,0.3522,$649.29M,25.51
UB-STRK,0.3521,$550.05M,21.62
ZRO-ZANO,0.3521,$415.91M,-2.98
VSN-KAU,0.352,$459.20M,15.22
TWT-IOTA,0.3518,$296.04M,-3.87
DCR-VET,0.3515,$591.73M,11.41
EURC-GLIDR,0.3514,$551.42M,3.97
STAC-1INCH,0.3513,$218.46M,13.1
GEOD-AERO,0.3513,$508.72M,-5.09
FRXUSD-USDF,0.3513,$221.76M,0.06
BONK-SHFL,0.3513,$386.35M,4.85
PIEVERSE-COMP,0.3512,$341.41M,-1.83
MX-CRCLON,0.3512,$243.44M,0.0
VELVET-EURC,0.3511,$616.54M,-37.97
PIEVERSE-REAL,0.351,$431.14M,-8.35
MX-XPL,0.351,$371.18M,-3.0
SN64-BTT,0.351,$349.46M,3.7
PRL-XCN,0.351,$213.73M,0.35
LDO-TRUMP,0.3507,$660.59M,29.62
AWE-COMP,0.3506,$265.15M,5.31
IMX-SN64,0.3505,$317.31M,2.72
AKT-BTSE,0.3505,$261.50M,-14.1
KAU-DCR,0.3504,$511.09M,9.85
CAKE-SHFL,0.3504,$568.59M,4.78
STX-EURC,0.3504,$700.55M,-7.97
OUSG-GOMINING,0.3503,$495.81M,2.32
ZRO-SOSO,0.3503,$401.34M,9.22
NXM-THBILL,0.3502,$204.80M,9.05
OHM-BAT,0.3502,$379.22M,3.53
FLUID-STRK,0.3501,$275.50M,14.52
STRK-APYUSD,0.3501,$347.34M,2.54
STAC-AKT,0.35,$231.04M,-13.26
CVX-CTOC,0.35,$409.82M,14.26
DASH-KITE,0.35,$629.44M,-5.35
1INCH-USDA,0.3499,$211.99M,12.84
EARNETH-WFI,0.3498,$321.49M,11.28
AWE-AR,0.3498,$221.87M,-1.75
AERO-USDZ,0.3498,$541.76M,-4.89
EDGE-STX,0.3497,$386.49M,-16.42
MX-ONYC,0.3497,$396.79M,0.12
ZRO-PYTH,0.3496,$606.11M,3.55
UQC-AWE,0.3496,$213.84M,2.8
FARTCOIN-SN64,0.3496,$213.00M,15.43
USDTB-NFT,0.3495,$620.04M,1.51
FDUSD-ONYC,0.3495,$592.30M,0.49
MX-SN64,0.3494,$240.58M,3.16
XTZ-TAG,0.3493,$370.54M,8.62
KAITO-USAT,0.3493,$494.50M,61.88
KAU-OHM,0.3491,$584.11M,9.55
EARNETH-THBILL,0.3491,$264.88M,11.17
CASH-EURC,0.3491,$572.05M,-0.11
GNO-ZBT,0.349,$396.59M,-10.14
PRL-USDF,0.349,$195.91M,7.36
DYDX-ZAMA,0.3489,$235.68M,27.14
USDZ-USDF,0.3489,$239.23M,-0.06
ULTIMA-GRASS,0.3486,$397.57M,-2.93
NFT-APYUSD,0.3485,$422.65M,5.46
DRV-NEO,0.3484,$236.42M,-3.09
USDTB-STRK,0.3484,$544.73M,-1.41
ZBCN-NEO,0.3484,$311.05M,-9.24
VELVET-KITE,0.3481,$398.51M,-41.19
UB-REAL,0.348,$609.89M,19.44
SNX-FRXUSD,0.348,$232.36M,-0.27
BTSE-BSV,0.348,$391.60M,0.17
TIA-MX,0.3478,$457.08M,-4.74
ZK-SN64,0.3478,$174.34M,-4.99
WIF-AR,0.3478,$262.40M,-10.91
DRV-VIRTUAL,0.3477,$472.21M,-0.16
ENS-RAIL,0.3477,$265.92M,-7.68
DYDX-ICNT,0.3475,$199.44M,-26.97
EDGE-2Z,0.3475,$338.31M,-10.21
STRK-SYRUP,0.3474,$396.46M,9.33
CTOC-PEANUT,0.3474,$459.54M,-3.84
USDA-PIEVERSE,0.3473,$278.26M,-4.3
IOTA-PIEVERSE,0.3473,$329.66M,-8.01
STRCX-PIEVERSE,0.3473,$322.88M,-1.45
EDGE-VET,0.3472,$524.93M,-6.39
USTBL-JTO,0.3472,$429.48M,-12.01
STX-A,0.3471,$352.81M,-9.13
TEL-REAL,0.3471,$423.37M,-15.36
MON-USDF,0.3471,$360.03M,7.41
STAC-COMP,0.347,$261.97M,2.58
KAU-CRCLON,0.3469,$401.16M,0.97
TIBBIR-ZANO,0.3469,$237.65M,0.79
TIBBIR-STRK,0.3468,$295.70M,1.35
PENDLE-AERO,0.3468,$665.02M,1.37
PENDLE-THETA,0.3467,$376.74M,5.48
DCR-EURCV,0.3466,$352.21M,9.12
UQC-VET,0.3466,$496.98M,2.06
FDUSD-PENGU,0.3466,$717.81M,-0.64
1INCH-USDAT,0.3465,$255.62M,12.93
USDTB-FET,0.3465,$661.44M,-9.28
CVX-TIA,0.3465,$441.31M,9.7
RAY-BTSE,0.3465,$296.12M,0.23
PYTH-USDAI,0.3464,$478.80M,4.04
US-PEANUT,0.3463,$603.50M,221.14
STAC-REAL,0.3462,$351.70M,-3.94
ZK-TEL,0.3462,$258.67M,-19.74
GRT-USAT,0.3461,$346.57M,-7.12
GNO-ACRED,0.3461,$397.69M,-7.29
IMX-VIRTUAL,0.346,$596.89M,2.74
TIA-BTSE,0.3458,$439.60M,-5.05
TWT-BP,0.3458,$262.70M,-8.39
KAU-USDAI,0.3455,$465.74M,0.64
TIBBIR-BORG,0.3455,$244.76M,-2.78
CRVUSD-EURC,0.3454,$662.09M,-0.08
THETA-BONK,0.3454,$391.04M,2.56
APEPE-FET,0.3453,$507.28M,-11.21
GEOD-CHZ,0.3453,$238.48M,-12.39
OUSG-KMNO,0.3451,$478.27M,1.13
ZBCN-BAT,0.3451,$280.69M,-15.25
MX-BAT,0.3451,$254.00M,-5.74
APYUSD-SHFL,0.3449,$279.53M,6.12
FLUID-MET,0.3446,$175.70M,17.48
DASH-MON,0.3446,$645.63M,5.33
2Z-SYRUP,0.3445,$409.58M,9.64
STX-EIGEN,0.3444,$391.11M,-11.42
IOTA-GOMINING,0.3443,$263.14M,-1.59
CASH-EURCV,0.3442,$271.45M,-0.1
PENDLE-MET,0.3442,$340.07M,7.15
USDAT-IOTA,0.344,$287.37M,-3.76
AXS-MX,0.344,$294.28M,-7.42
LUNC-GRX,0.3439,$403.00M,8.06
SAND-EURCV,0.3439,$274.62M,-4.92
SPX-JTO,0.3438,$570.71M,-14.07
EIGEN-AR,0.3435,$256.65M,-8.24
AERO-TRUMP,0.3435,$771.76M,-0.64
STAC-ZBT,0.3434,$216.59M,-2.57
CTOC-GALA,0.3434,$363.62M,-9.1
MX-FRXUSD,0.3434,$260.51M,-0.33
GNO-MON,0.3433,$530.84M,-0.03
RAIL-VET,0.3433,$478.80M,-8.53
USDTB-CARDS,0.3432,$624.39M,-16.05
FDUSD-SPCXB,0.3432,$431.63M,-16.55
AVUSD-PENGU,0.3429,$487.69M,-0.45
TIBBIR-XEC,0.3427,$225.94M,13.59
AXS-BONK,0.3427,$408.63M,-3.86
ENS-TRUMP,0.3427,$533.46M,7.17
OUSG-BP,0.3426,$494.49M,-8.17
COMP-TRUMP,0.3425,$516.71M,6.53
CASH-ZK,0.3424,$206.37M,-8.49
OHM-XTZ,0.3424,$501.28M,-0.4
CTOC-ENS,0.3423,$451.07M,3.2
GLIDR-FRXUSD,0.3422,$211.30M,4.1
DYDX-PEANUT,0.3421,$282.40M,-21.6
IOTA-USDZ,0.3421,$274.96M,-3.9
DYDX-A7A5,0.342,$576.07M,-17.91
USDTB-BSV,0.342,$614.01M,1.35
DEXE-GRX,0.3419,$398.18M,-27.98
CRVUSD-APYUSD,0.3419,$370.18M,4.52
TEL-SYRUP,0.3419,$381.56M,0.03
SHORT-ZAMA,0.3419,$235.36M,35.85
JTO-BTT,0.3418,$528.11M,-11.95
DYDX-PENDLE,0.3417,$348.52M,-11.46
CVX-FLUID,0.3417,$221.10M,30.56
MON-JASMY,0.3417,$459.78M,7.54
DYDX-USDA,0.3415,$194.04M,-17.68
USAT-XEC,0.3415,$304.69M,10.3
PYTH-MON,0.3415,$569.55M,11.38
AXS-AWE,0.3414,$249.51M,-4.16
OHM-ENS,0.3413,$451.88M,11.96
FLUID-CRVUSD,0.3413,$298.34M,16.5
VCNT-XPL,0.3413,$385.03M,-2.56
BTSE-SFP,0.3412,$235.84M,-3.01
GNO-MET,0.3411,$372.06M,-6.37
TIBBIR-TAG,0.3411,$251.55M,21.23
NEX-FRAX,0.341,$310.40M,-9.42
GRX-KAG,0.3406,$337.79M,14.4
FDUSD-MX,0.3406,$496.69M,-0.33
THETA-GLIDR,0.3406,$227.48M,3.43
BC-CAKE,0.3405,$666.76M,57.61
STRK-SOSO,0.3405,$305.80M,7.75
JTO-COMP,0.3405,$427.96M,-9.75
BAT-SFP,0.3405,$206.15M,-7.75
CASH-UUSD,0.3404,$221.80M,0.05
OHM-VET,0.3404,$664.76M,11.11
AXS-ETHFI,0.3404,$543.58M,7.43
CARDS-ZAMA,0.3403,$406.68M,28.16
TWT-VET,0.3402,$537.42M,2.09
FF-PRL,0.3402,$276.35M,4.64
INJ-OHM,0.3401,$735.04M,9.47
VET-SFP,0.3401,$491.69M,-0.17
ONYC-BONK,0.3401,$511.15M,3.68
UB-CASH,0.34,$482.85M,23.57
1INCH-PIEVERSE,0.34,$297.90M,8.69
KAU-TKX,0.34,$411.75M,5.57
TAG-PEANUT,0.34,$329.60M,13.94
AR-USDAI,0.34,$273.49M,-4.66
ONYC-WFI,0.3399,$420.75M,0.72
1INCH-2Z,0.3397,$318.15M,11.28
AVUSD-STRCX,0.3397,$256.77M,2.99
DASH-EURCV,0.3396,$546.87M,-2.13
THETA-TRUMP,0.3396,$483.48M,3.48
ONYC-BAT,0.3396,$349.62M,-4.93
GRT-JTO,0.3395,$429.98M,-19.26
OHM-BTT,0.3395,$535.28M,9.12
JASMY-SHFL,0.3395,$332.99M,1.82
USDAT-USDZ,0.3394,$267.19M,-0.1
AXS-USAT,0.3394,$328.92M,-7.07
APXUSD-CAKE,0.3393,$742.25M,6.35
STRK-ICNT,0.3393,$290.78M,-11.31
FLUID-JASMY,0.3392,$297.87M,16.65
TWT-AIAT,0.3391,$266.45M,1.84
UUSD-NFT,0.3391,$364.31M,1.02
FRXUSD-GRASS,0.3391,$325.79M,-13.48
DYDX-KITE,0.339,$329.87M,-20.93
AVUSD-MX,0.3388,$266.57M,-0.14
2Z-TWT,0.3386,$350.80M,-1.73
FLUID-REAL,0.3386,$335.34M,12.34
IOTA-BTSE,0.3386,$280.69M,-4.43
TIA-ULTIMA,0.3385,$488.19M,6.17
STX-FRXUSD,0.3385,$360.44M,-7.84
US-ZRO,0.3383,$703.72M,224.67
AKT-TRAC,0.3383,$252.06M,-10.07
OUSG-ULTIMA,0.3382,$561.95M,10.69
OUSG-JTO,0.3382,$648.89M,-12.01
CTOC-PENDLE,0.3382,$525.65M,6.3
NXM-USDF,0.3381,$198.71M,8.95
2Z-WIF,0.3381,$348.68M,-7.88
ULTIMA-SYRUP,0.3381,$388.95M,21.84
VCNT-JTO,0.338,$433.08M,-12.04
USTBL-SHORT,0.3379,$258.39M,-8.77
RAY-WFI,0.3379,$337.55M,1.13
USDTB-PEANUT,0.3378,$540.06M,-3.47
TIA-A,0.3377,$408.78M,-5.68
LDO-DASH,0.3376,$700.63M,23.47
1INCH-WFI,0.3375,$290.36M,13.17
DRV-CHEEMS,0.3374,$202.96M,-18.0
PIEVERSE-PRL,0.3374,$266.15M,3.08
NXM-STAC,0.3373,$189.51M,9.08
CRVUSD-NEX,0.3371,$302.38M,-9.57
AVUSD-MET,0.3371,$205.39M,1.22
STAC-MON,0.337,$350.84M,7.54
CVX-USDZ,0.337,$262.21M,13.98
ZRO-KAG,0.337,$498.45M,-1.81
GNO-MX,0.337,$433.23M,-7.73
STRK-EURCV,0.337,$338.65M,-2.05
NXM-WEMIX,0.3369,$187.29M,-1.09
USTBL-FLOKI,0.3369,$359.35M,-1.94
PIEVERSE-MANA,0.3368,$313.47M,-0.19
ZBCN-CAKE,0.3367,$624.46M,-6.7
SNX-USDAI,0.3367,$279.87M,-0.27
IOTA-MON,0.3367,$395.77M,3.57
ULTIMA-ICNT,0.3366,$283.27M,1.2
LDO-CASH,0.3365,$425.21M,25.49
STAC-INJ,0.3363,$561.88M,0.73
TWT-BTT,0.3363,$407.94M,0.1
CAKE-BTSE,0.3363,$580.30M,2.5
AVUSD-WIF,0.3361,$262.32M,-6.03
RAIL-GUSD,0.336,$239.35M,-10.78
ZRO-GRASS,0.3358,$500.62M,-13.97
A-BTSE,0.3358,$235.40M,-1.93
BONK-XPL,0.3358,$485.53M,0.56
ZK-WEMIX,0.3357,$184.78M,-18.48
NFT-FET,0.3357,$570.44M,-8.83
THETA-FRAX,0.3357,$346.16M,-0.47
RAIL-GRASS,0.3353,$305.71M,-24.2
STX-BSV,0.3349,$509.01M,-7.03
ZBT-MX,0.3349,$264.53M,-3.1
APEPE-NEO,0.3347,$335.14M,-0.8
CTOC-SFP,0.3347,$377.73M,-2.19
VSN-LUNC,0.3346,$429.79M,6.9
DEXE-CVX,0.3346,$408.90M,-29.62
TAG-TRAC,0.3346,$268.73M,21.32
REUSD-SOON,0.3345,$257.44M,35.4
VET-THBILL,0.3345,$506.89M,2.34
FRXUSD-ZAMA,0.3345,$247.73M,44.75
KAU-BTSE,0.3343,$441.42M,-0.03
NEO-RAIL,0.3342,$223.62M,-10.1
DCR-AR,0.3341,$318.83M,4.55
USDTB-ONYC,0.334,$601.73M,1.0
COCO-PIEVERSE,0.334,$366.30M,-11.74
OZO-XEC,0.3339,$244.75M,10.33
GRASS-EURCV,0.3339,$365.31M,-13.59
KAU-TAG,0.3338,$453.37M,18.57
CAKE-WFI,0.3338,$621.74M,3.4
TEL-XCN,0.3338,$303.97M,-18.2
ZBT-REAL,0.3338,$363.00M,-6.87
SHORT-MET,0.3338,$186.97M,-7.88
DYDX-VELVET,0.3337,$264.37M,-55.46
UB-JASMY,0.3336,$572.42M,23.75
INJ-APEPE,0.3335,$660.60M,-0.86
NEO-TEL,0.3335,$308.09M,-10.63
WFI-JASMY,0.3335,$386.13M,0.45
AXS-SN64,0.3333,$233.68M,-3.57
JTO-WIF,0.3333,$414.98M,-18.38
GPS-BORG,0.3331,$234.28M,-2.12
JTO-FRXUSD,0.3331,$378.56M,-12.13
SAND-JTO,0.333,$393.82M,-16.96
GRT-BSV,0.3329,$419.84M,-6.3
1INCH-SNX,0.3328,$238.25M,12.63
XTZ-BORG,0.3328,$363.74M,-15.4
BORG-APYUSD,0.3328,$296.40M,-1.59
BC-THETA,0.3327,$345.66M,53.81
USTBL-PYTH,0.3325,$482.20M,4.16
VSN-USAT,0.3324,$336.12M,14.6
ZBCN-USDAT,0.3322,$317.07M,-9.84
2Z-FRXUSD,0.332,$312.26M,-1.63
IOTA-CRCLON,0.332,$240.43M,-3.43
AVUSD-AERO,0.332,$530.35M,-4.56
GALA-STRCX,0.332,$229.41M,-6.48
JASMY-USDAI,0.3319,$369.02M,0.2
OZO-USDAI,0.3317,$282.73M,0.04
ZBCN-CHEEMS,0.3317,$277.59M,-24.16
UUSD-PENDLE,0.3317,$350.44M,6.18
BC-KMNO,0.3316,$317.59M,55.46
STX-XPL,0.3316,$471.10M,-10.51
ZBT-USDZ,0.3316,$241.34M,-2.87
KAU-VET,0.3315,$697.26M,2.81
ICNT-FLOKI,0.3315,$300.08M,-11.43
USAT-MON,0.3314,$433.42M,7.36
PIEVERSE-XCN,0.3314,$311.74M,-11.18
STAC-SOSO,0.3312,$219.23M,9.88
ICNT-THETA,0.3312,$227.66M,-10.02
FLOKI-WFI,0.3312,$373.05M,-1.82
DYDX-ZRO,0.3311,$382.62M,-18.08
GRT-SOSO,0.3311,$277.93M,2.57
BP-PEANUT,0.3311,$298.77M,-12.3
CASH-RAY,0.331,$285.02M,0.88
WIF-CRCLON,0.331,$239.20M,-5.89
UB-FET,0.3309,$666.75M,13.76
APR-USTBL,0.3309,$357.23M,-6.26
EDGE-DCR,0.3309,$338.75M,0.65
ETHFI-USDAI,0.3308,$557.33M,14.52
CASH-SNX,0.3307,$244.45M,-0.28
GLM-CRVUSD,0.3307,$306.81M,-5.76
DASH-SUN,0.3307,$739.72M,2.86
AKT-OHM,0.3306,$404.20M,-4.52
BC-ICNT,0.3303,$321.14M,45.1
CASH-MON,0.3303,$370.21M,7.36
AKT-JTO,0.3303,$397.03M,-25.59
GRASS-BSV,0.3303,$474.36M,-12.67
BC-ONYC,0.3302,$465.77M,54.93
STRCX-APYUSD,0.3301,$298.92M,7.26
RAIL-SN64,0.33,$179.84M,-7.2
EARNETH-ULTIMA,0.3299,$328.64M,21.59
2Z-XTZ,0.3299,$427.81M,-10.97
GRX-CAKE,0.3299,$571.29M,18.89
IMX-USDAT,0.3298,$367.12M,-0.78
KAU-REAL,0.3298,$557.37M,-3.49
CHZ-PEANUT,0.3298,$328.68M,-16.08
GRT-AWE,0.3297,$267.16M,-4.2
BP-GLIDR,0.3296,$215.62M,-4.21
SOON-PIEVERSE,0.3295,$272.09M,30.92
FLOKI-TEL,0.3294,$372.82M,-13.32
DRV-APEPE,0.3293,$304.00M,-5.1
SAND-RAIL,0.3292,$215.03M,-15.53
DRV-TEL,0.3291,$276.96M,-14.94
OHM-SFP,0.3291,$378.54M,6.57
EURC-GRASS,0.3291,$665.90M,-13.61
UUSD-MX,0.329,$250.37M,-0.3
1INCH-BONK,0.3289,$380.76M,16.13
FLUID-EURC,0.3289,$536.32M,16.35
USTBL-STRK,0.3287,$350.05M,-1.81
SNX-WFI,0.3287,$296.98M,-0.03
KAU-AIAT,0.3286,$426.29M,2.56
LUNC-DCR,0.3285,$481.68M,1.54
LDO-USDAT,0.3285,$443.00M,25.51
1INCH-JTO,0.3284,$384.45M,0.77
VET-WFI,0.3284,$563.50M,2.44
EURCV-XPL,0.3283,$370.02M,-2.76
PENGU-TRUMP,0.3282,$729.11M,3.47
VELVET-CRVUSD,0.328,$378.55M,-37.82
ZRO-CTOC,0.328,$559.76M,-0.31
AXS-FRAX,0.328,$363.75M,-6.89
1INCH-FLUID,0.3277,$202.10M,29.38
USDA-SPCXB,0.3277,$181.71M,-16.65
NEX-XCN,0.3277,$219.99M,-16.56
2Z-JTO,0.3276,$470.97M,-13.78
CTOC-FDUSD,0.3276,$621.10M,0.18
EDGE-TKX,0.3275,$239.42M,-3.63
CVX-ETHFI,0.3274,$534.71M,28.6
ZRO-FDUSD,0.3274,$630.85M,-0.46
AVUSD-SUN,0.3274,$458.27M,5.09
APXUSD-IOTA,0.3273,$442.63M,-0.58
FLOKI-EURC,0.3273,$648.54M,-2.19
STX-TEL,0.3273,$424.83M,-19.09
EDGE-FARTCOIN,0.3272,$258.99M,3.35
ZBCN-US,0.3272,$596.24M,215.29
BP-BTT,0.3272,$373.71M,-8.11
XEC-AKE,0.3272,$214.98M,501.1
FDUSD-AR,0.327,$462.15M,-4.65
ZBT-TRAC,0.327,$237.61M,0.62
BTT-THBILL,0.327,$377.41M,0.35
FLUID-SHORT,0.3268,$183.84M,7.56
APXUSD-MON,0.3267,$543.25M,10.56
CASH-ZBCN,0.3266,$299.29M,-9.85
GPS-EURCV,0.3266,$245.45M,3.86
AKT-WEMIX,0.3264,$228.82M,-23.43
2Z-BP,0.3263,$316.57M,-9.94
FLUID-BSV,0.3263,$344.78M,17.28
STRK-EURC,0.3263,$639.25M,-2.06
NXM-SFP,0.3262,$189.60M,6.54
LUNC-CVX,0.3261,$413.71M,6.41
UB-SOON,0.3261,$450.85M,58.71
TIBBIR-ETHFI,0.3261,$506.38M,17.8
FDUSD-XCN,0.3261,$475.76M,-6.94
FDUSD-SAND,0.326,$471.29M,-4.8
PENDLE-XPL,0.326,$471.24M,3.48
KAU-A,0.3259,$410.60M,-0.65
VELVET-BONK,0.3259,$431.45M,-34.64
CASH-DASH,0.3259,$519.45M,-2.02
CASH-SN64,0.3259,$212.01M,3.51
USDAT-JTO,0.3259,$408.44M,-12.12
NXM-KAU,0.3258,$395.18M,9.52
DRV-A7A5,0.3258,$580.85M,-4.0
2Z-PRL,0.3258,$286.41M,5.66
GNO-BSV,0.3258,$541.14M,-6.56
ULTIMA-SNX,0.3258,$304.14M,10.28
IMX-PENDLE,0.3257,$477.97M,5.34
USTBL-FRAX,0.3257,$380.91M,0.32
IOTA-TRUMP,0.3257,$504.96M,0.35
GEOD-THBILL,0.3257,$212.28M,-0.16
LDO-GLIDR,0.3256,$404.58M,29.58
OZO-FF,0.3256,$317.58M,-2.64
APXUSD-NFT,0.3255,$559.58M,4.18
PYTH-GRASS,0.3255,$537.23M,-9.47
INJ-EURCV,0.3254,$608.67M,0.44
2Z-FLUID,0.3252,$288.62M,14.82
TIBBIR-GRASS,0.3252,$322.35M,-10.2
USAT-ETHFI,0.3252,$585.12M,14.51
BORG-GLIDR,0.3252,$239.65M,-1.99
IMX-ICNT,0.3251,$328.89M,-10.16
RLB-BP,0.3251,$218.51M,-6.63
GRT-MON,0.3251,$409.54M,0.23
USDTB-GALA,0.3249,$444.14M,-8.73
SAND-THBILL,0.3248,$243.12M,-4.67
ENS-ONYC,0.3248,$422.28M,3.5
GLIDR-THBILL,0.3248,$219.32M,4.24
ZBT-APYUSD,0.3247,$272.07M,1.73
TWT-ZK,0.3244,$232.82M,-8.59
PIEVERSE-FET,0.3244,$488.00M,-14.03
LUNC-USDTB,0.3243,$634.42M,-7.16
1INCH-THBILL,0.3243,$233.75M,13.07
GEOD-BONK,0.3242,$359.29M,2.9
STAC-DCR,0.3241,$305.42M,9.41
USDAT-BAT,0.3241,$243.21M,-5.38
BP-JTO,0.3241,$382.87M,-20.44
CASH-A,0.324,$224.31M,-1.28
STAC-CHZ,0.3239,$246.78M,-11.89
COCO-A7A5,0.3238,$662.43M,-7.82
KAU-USDTB,0.3237,$663.83M,1.15
OZO-ZBCN,0.3237,$302.57M,-9.82
USTBL-SN64,0.3237,$250.83M,3.64
VSN-FDUSD,0.3236,$496.99M,14.61
DEXE-ZAMA,0.3236,$411.89M,1.02
ENS-WFI,0.3236,$350.61M,3.29
CHEEMS-A,0.3235,$202.61M,-15.59
VIRTUAL-FDUSD,0.3234,$715.67M,3.55
APEPE-EIGEN,0.3234,$341.95M,-4.98
USDAT-AXS,0.3233,$283.49M,-7.06
ULTIMA-FLOKI,0.3233,$380.21M,8.49
USAT-RAY,0.3233,$348.23M,0.88
EARNETH-WEMIX,0.3232,$247.37M,1.04
ZK-USDAI,0.3232,$241.79M,-8.49
CAKE-USAT,0.323,$632.42M,3.16
FDUSD-TRUMP,0.3229,$703.49M,4.15
VET-EURCV,0.3229,$538.39M,2.08
LUNC-TRAC,0.3228,$402.56M,-4.31
ZK-AWE,0.3228,$190.17M,-5.58
ZK-BONK,0.3228,$349.30M,-5.28
FLUID-EURCV,0.3228,$235.72M,16.36
USDTB-JTO,0.3227,$624.16M,-11.61
EIGEN-CHZ,0.3226,$284.73M,-15.65
MET-CRCLON,0.3226,$182.27M,1.36
NXM-JTO,0.3225,$355.51M,-3.25
SPX-BONK,0.3225,$567.02M,1.29
DRV-FET,0.3224,$408.56M,-13.5
FLUID-MON,0.3224,$334.48M,23.81
KAG-GRASS,0.3224,$429.56M,-14.83
US-ACRED,0.3223,$534.01M,225.24
META-SAND,0.3223,$220.60M,15.69
NEO-SYRUP,0.3223,$341.02M,11.89
APR-GLM,0.3222,$291.15M,-12.18
APR-VELVET,0.3221,$362.89M,-44.25
2Z-GUSD,0.3221,$351.84M,-1.71
TIBBIR-VCNT,0.3221,$270.93M,3.39
LDO-TAG,0.3219,$448.26M,43.43
TIBBIR-JASMY,0.3219,$318.07M,3.48
KMNO-SUN,0.3219,$440.31M,5.88
RAY-EURCV,0.3219,$312.44M,0.78
GRT-ZANO,0.3218,$292.50M,-9.63
2Z-A,0.3218,$304.63M,-2.92
BTSE-GLIDR,0.3218,$234.49M,3.44
UB-MET,0.3217,$450.25M,24.58
FDUSD-USDAI,0.3217,$503.54M,0.03
BORG-SUN,0.3216,$480.56M,-1.19
VIRTUAL-XPL,0.3215,$590.16M,0.88
FDUSD-AVUSD,0.3215,$462.07M,0.23
STAC-TIBBIR,0.3214,$209.13M,3.47
USDTB-CRVUSD,0.3213,$567.57M,0.57
BP-ZANO,0.3213,$245.40M,-10.81
CASH-VIRTUAL,0.3212,$491.59M,3.54
EURC-VET,0.3212,$838.99M,2.07
BORG-GRASS,0.3208,$354.14M,-19.57
KAU-ACRED,0.3207,$423.35M,0.72
SNX-CHZ,0.3206,$266.57M,-12.36
TIBBIR-BP,0.3205,$220.72M,-5.01
DASH-NFT,0.3205,$661.96M,-1.05
LDO-FLUID,0.3204,$389.48M,41.95
BORG-BTT,0.3204,$397.74M,-5.88
INJ-ZBT,0.3203,$573.18M,-2.21
MON-BTT,0.3203,$507.67M,7.55
INJ-CASH,0.3201,$581.25M,0.55
FRXUSD-USDZ,0.32,$237.31M,-0.11
GALA-APYUSD,0.3199,$246.74M,-4.78
LUNC-UB,0.3198,$639.73M,15.88
STAC-TEL,0.3198,$276.96M,-11.06
SNX-COMP,0.3198,$281.76M,2.11
USAT-FET,0.3197,$491.15M,-9.8
LUNC-PIEVERSE,0.3196,$460.98M,-11.91
DYDX-JTO,0.3196,$366.50M,-29.74
EDGE-ENS,0.3196,$312.05M,-5.54
ZBCN-WEMIX,0.3196,$277.70M,-19.83
GRT-APEPE,0.3195,$362.70M,-8.53
CAKE-TRUMP,0.3195,$804.58M,7.28
MON-BAT,0.3194,$351.61M,1.96
MANA-COMP,0.3194,$290.71M,6.43
USDAT-PENGU,0.3193,$511.52M,-0.65
PIEVERSE-GRASS,0.3191,$397.95M,-17.72
APEPE-STRK,0.319,$390.57M,-3.35
FLUID-COMP,0.319,$245.61M,18.86
SNX-EURCV,0.3189,$271.87M,-0.38
MX-XCN,0.3189,$280.25M,-7.3
SFP-USDAI,0.3189,$260.17M,-2.34
DYDX-GEOD,0.3188,$192.21M,-17.92
CVX-PENDLE,0.3188,$385.47M,20.23
FLUID-NFT,0.3188,$350.81M,17.44
1INCH-MON,0.3187,$364.01M,20.27
DYDX-GPS,0.3187,$193.88M,-13.64
CVX-FDUSD,0.3187,$480.91M,14.12
JTO-BORG,0.3187,$406.91M,-18.22
VELVET-DASH,0.3186,$563.94M,-39.88
GRT-TRUMP,0.3185,$518.73M,-2.99
USDAT-FLUID,0.3185,$226.09M,16.48
STRK-USAT,0.3185,$374.44M,-1.94
USAT-GUSD,0.3185,$334.73M,-0.06
EDGE-PRL,0.3184,$220.04M,-1.27
INJ-THBILL,0.3184,$577.17M,0.69
APEPE-CAKE,0.3184,$648.55M,1.74
PRL-THBILL,0.3183,$202.00M,7.45
EDGE-RAIL,0.3182,$225.82M,-19.28
GRX-BAT,0.3181,$227.51M,10.34
CTOC-EURCV,0.3181,$424.44M,0.06
UB-GRT,0.318,$522.18M,16.44
2Z-COCO,0.318,$386.56M,-9.15
TWT-DASH,0.3178,$545.90M,-2.11
CAKE-UQC,0.3178,$555.21M,3.03
USDAT-CHZ,0.3177,$283.94M,-12.06
ULTIMA-COMP,0.3177,$341.03M,12.96
ZBCN-AERO,0.3176,$591.65M,-14.62
PIEVERSE-PEANUT,0.3176,$366.62M,-8.23
COMP-SYRUP,0.3176,$366.57M,13.67
VELVET-ZRO,0.3175,$451.26M,-38.33
DASH-EURC,0.3175,$847.47M,-2.14
FLOKI-PENDLE,0.3174,$449.16M,4.07
THETA-THBILL,0.3174,$244.03M,-0.5
UB-PRL,0.3173,$444.91M,30.86
GOMINING-CRCLON,0.3173,$208.42M,2.54
IMX-CTOC,0.3172,$502.32M,-0.63
OHM-ULTIMA,0.3172,$457.51M,19.49
COCO-FF,0.3172,$376.51M,-10.18
MET-SFP,0.3172,$192.15M,-1.34
UB-1INCH,0.3171,$476.65M,36.48
USDTB-WFI,0.3171,$530.07M,0.78
VIRTUAL-TWT,0.3171,$518.04M,3.44
TIA-SNX,0.317,$428.93M,-4.68
PENGU-THBILL,0.317,$489.65M,-0.51
TWT-SPCXB,0.3167,$234.00M,-16.66
TIBBIR-FLOKI,0.3167,$304.99M,1.22
KMNO-AKE,0.3167,$193.54M,491.8
KAITO-BORG,0.3167,$447.54M,55.8
FLUID-ZBT,0.3165,$200.23M,13.71
KAG-KMNO,0.3165,$311.71M,-0.34
STRK-FF,0.3165,$381.50M,-4.61
REUSD-SYRUP,0.3165,$374.68M,11.53
STAC-XTZ,0.3164,$328.12M,-9.14
ZRO-KITE,0.3164,$516.76M,-3.8
STRK-SHFL,0.3164,$310.61M,-0.31
USDAT-XPL,0.3162,$360.39M,-2.64
COCO-THBILL,0.3162,$302.15M,-7.36
USDA-NEX,0.3162,$186.51M,-9.68
XEC-ZBT,0.3161,$233.40M,7.54
REAL-THBILL,0.3161,$366.99M,-3.97
FF-REAL,0.316,$441.34M,-6.78
APR-GNO,0.3159,$479.03M,-13.77
APEPE-MANA,0.3159,$332.74M,2.63
KITE-SYRUP,0.3159,$439.25M,7.95
KITE-USDZ,0.3159,$359.39M,-3.45
GRT-NFT,0.3158,$425.87M,-6.15
REUSD-XPIN,0.3158,$312.33M,1.51
DRV-CHZ,0.3157,$246.78M,-15.77
CVX-XCN,0.3156,$264.47M,7.14
CAKE-CTOC,0.3156,$722.19M,3.31
RAY-USDAI,0.3156,$320.44M,0.89
APEPE-USDAI,0.3155,$358.80M,-1.39
IOTA-BORG,0.3155,$285.84M,-9.85
RLB-FDUSD,0.3154,$450.37M,1.69
LDO-USDF,0.3154,$415.04M,25.54
BC-SOSO,0.3154,$336.16M,64.15
FDUSD-PENDLE,0.3154,$596.75M,6.16
USAT-PYTH,0.3154,$506.59M,4.03
XEC-NFT,0.3154,$383.98M,11.27
PYTH-SHFL,0.3154,$442.76M,5.66
OZO-BORG,0.3153,$263.57M,-6.05
REAL-FRXUSD,0.3153,$358.98M,-4.11
KAITO-KOGE,0.3151,$523.42M,58.3
USDTB-IOTA,0.315,$503.10M,-3.25
SNX-FRAX,0.3149,$342.50M,-0.1
IOTA-WIF,0.3149,$293.92M,-10.02
SPX-NFT,0.3148,$566.60M,-0.95
UB-THBILL,0.3148,$478.77M,23.71
GRT-USDA,0.3148,$257.52M,-7.2
GOMINING-BTT,0.3148,$375.04M,2.39
BAT-AERO,0.3148,$517.79M,-10.17
SPX-ZBT,0.3147,$416.02M,-4.69
XTZ-AKE,0.3147,$321.00M,481.48
OZO-USAT,0.3145,$310.53M,0.04
KMNO-SHORT,0.3144,$195.57M,-7.9
US-GEOD,0.3138,$513.31M,224.83
USDA-SFP,0.3138,$198.91M,-2.43
EIGEN-SOSO,0.3138,$257.18M,6.12
FF-AIAT,0.3137,$310.26M,-0.73
SHORT-SFP,0.3137,$200.28M,-11.25
KAU-AERO,0.3135,$722.68M,-4.14
2Z-USAT,0.3135,$387.56M,-1.63
CVX-USDAI,0.3135,$292.25M,14.11
SAND-MON,0.3135,$373.38M,2.54
IOTA-THBILL,0.3135,$265.51M,-3.63
STRCX-ONYC,0.3135,$387.00M,3.24
UB-NEO,0.3134,$494.61M,24.17
EDGE-SN64,0.3134,$225.97M,-5.06
ULTIMA-JASMY,0.3134,$393.29M,10.75
DEXE-UUSD,0.3133,$373.87M,-43.68
UB-META,0.3132,$456.25M,44.07
USDAT-CRVUSD,0.3132,$351.85M,0.05
DYDX-BC,0.3131,$317.44M,36.86
WIF-EURCV,0.313,$295.78M,-6.34
NFT-MANA,0.313,$395.91M,5.01
LUNC-2Z,0.3129,$481.23M,-9.33
OZO-GRASS,0.3129,$341.17M,-13.46
USDAT-BONK,0.3129,$404.75M,3.23
TWT-NEO,0.3129,$282.24M,0.52
PENGU-WFI,0.3129,$546.26M,-0.41
IMX-KAU,0.3128,$535.63M,-0.17
ZBCN-TRUMP,0.3128,$534.66M,-5.72
TWT-GRASS,0.3128,$364.34M,-13.58
1INCH-BORG,0.3127,$254.09M,6.84
DRV-CASH,0.3125,$224.66M,-3.69
AIAT-SOSO,0.3125,$234.57M,11.63
MANA-XPL,0.3124,$351.97M,1.38
CASH-PEANUT,0.3123,$306.55M,-4.0
JTO-ZAMA,0.3123,$406.45M,32.6
AKT-MANA,0.3122,$259.78M,-9.41
IOTA-USDAI,0.3122,$305.01M,-3.77
MET-BSV,0.3122,$347.91M,1.84
STAC-PENDLE,0.3121,$353.30M,6.32
VELVET-ULTIMA,0.312,$348.20M,-27.29
TIBBIR-PENGU,0.312,$478.20M,2.63
VSN-UUSD,0.3119,$250.68M,14.63
1INCH-TIBBIR,0.3119,$222.30M,16.21
GNO-SHORT,0.3118,$380.20M,-16.28
APEPE-FLOKI,0.3117,$399.87M,-3.48
KAITO-ICNT,0.3117,$410.84M,52.51
FDUSD-JTO,0.3117,$614.73M,-12.12
APEPE-A,0.3116,$303.65M,-2.69
EARNETH-SFP,0.3115,$249.67M,8.67
OHM-GRASS,0.3115,$491.67M,-4.56
ENS-XEC,0.3115,$295.53M,13.33
RAIL-CRCLON,0.3113,$182.70M,-10.36
OZO-GPS,0.3111,$221.31M,3.99
ACRED-USDZ,0.3111,$242.43M,-0.02
USDA-USDZ,0.3111,$223.57M,-0.19
JTO-PENDLE,0.3111,$519.29M,-6.0
GRASS-FRAX,0.3111,$435.94M,-13.31
USDAT-JASMY,0.311,$351.39M,0.21
DASH-XPIN,0.311,$542.33M,-0.76
RAIL-AR,0.311,$205.90M,-15.38
DRV-AERO,0.3109,$517.02M,-8.47
USDTB-THETA,0.3109,$481.61M,-0.13
STRK-USDAI,0.3109,$346.65M,-1.93
BC-CHZ,0.3108,$363.71M,42.39
APEPE-XCN,0.3108,$331.02M,-8.36
EDGE-GPS,0.3107,$231.98M,-4.61
KAU-GNO,0.3107,$590.95M,-6.76
CHEEMS-UUSD,0.3107,$200.10M,-14.27
OHM-THETA,0.3106,$401.90M,8.27
NEO-MON,0.3106,$381.97M,7.96
SNX-USDF,0.3106,$234.27M,-0.23
A-BTT,0.3106,$361.76M,-1.09
APXUSD-ACRED,0.3104,$410.10M,3.3
IOTA-XPL,0.3104,$368.16M,-6.44
VSN-ZBT,0.3103,$264.84M,11.84
USAT-ENS,0.3103,$361.30M,3.04
VELVET-RAY,0.3102,$329.51M,-36.98
UB-TIA,0.3101,$667.33M,19.16
1INCH-TWT,0.3101,$264.28M,12.82
BP-FARTCOIN,0.3101,$237.25M,3.62
CRCLON-SUN,0.3101,$435.14M,5.23
MON-USDZ,0.3099,$375.58M,7.23
CAKE-TIBBIR,0.3098,$553.68M,6.44
CARDS-NFT,0.3098,$533.39M,-15.61
PIEVERSE-THETA,0.3098,$308.18M,-4.88
EDGE-ULTIMA,0.3097,$317.67M,1.99
US-DCR,0.3097,$621.74M,234.37
SAND-KITE,0.3096,$357.19M,-8.15
VSN-GALA,0.3095,$239.51M,5.33
SPX-STAC,0.3095,$404.72M,-1.75
AXS-CRCLON,0.3095,$236.54M,-6.73
KAG-CTOC,0.3095,$488.69M,-1.17
GPS-DCR,0.3094,$298.79M,13.18
WEMIX-SAND,0.3094,$225.61M,-14.8
VSN-OHM,0.3093,$426.70M,23.52
FLUID-RAY,0.3093,$249.29M,17.34
AXS-WFI,0.3093,$318.23M,-6.82
SAND-APYUSD,0.3093,$283.31M,-0.33
FARTCOIN-USDF,0.3093,$234.85M,11.98
TIBBIR-FDUSD,0.3092,$452.58M,3.31
PIEVERSE-AR,0.3092,$298.14M,-8.9
SN64-CHZ,0.3092,$234.13M,-8.57
KOGE-CRCLON,0.3092,$307.00M,-3.22
GOMINING-JASMY,0.3091,$327.15M,2.38
STAC-NFT,0.309,$367.17M,1.16
NEO-JTO,0.309,$402.41M,-11.53
LUNC-MET,0.3089,$368.31M,-6.67
1INCH-FLOKI,0.3089,$314.33M,10.84
TIA-GRASS,0.3088,$522.36M,-17.89
ICNT-EURC,0.3088,$551.61M,-9.48
SHORT-ETHFI,0.3087,$497.44M,5.61
RAIL-TRAC,0.3086,$213.51M,-7.34
KAU-SN64,0.3085,$398.30M,4.13
VIRTUAL-SN64,0.3085,$459.56M,7.04
AKT-A,0.3085,$230.68M,-14.73
STAC-KMNO,0.3084,$200.66M,1.18
OHM-MET,0.3084,$365.22M,9.94
NFT-SOSO,0.3084,$381.11M,10.67
VET-MET,0.3084,$478.37M,3.2
DRV-SOON,0.3083,$192.65M,31.45
KITE-ZAMA,0.3083,$369.81M,41.41
KMNO-CARDS,0.3082,$366.89M,-15.58
FLOKI-AVUSD,0.3082,$314.49M,-1.86
PENGU-APYUSD,0.3082,$529.84M,3.82
TRAC-NFT,0.3082,$388.19M,4.35
BTSE-AERO,0.3082,$547.48M,-5.42
DRV-CVX,0.3081,$237.46M,10.4
PENDLE-CRCLON,0.3081,$343.50M,6.49
GUSD-FRAX,0.3081,$369.57M,0.12
BC-APYUSD,0.308,$377.70M,58.94
CASH-COMP,0.308,$281.34M,2.4
NXM-TRAC,0.3079,$210.54M,12.27
USTBL-SPCXB,0.3079,$246.38M,-16.44
APXUSD-KITE,0.3079,$527.06M,-0.13
CAKE-SUN,0.3079,$789.48M,8.03
RAY-SUN,0.3079,$505.30M,5.76
LDO-EARNETH,0.3078,$450.14M,36.51
CAKE-BTT,0.3078,$706.66M,3.34
ZK-NFT,0.3078,$348.88M,-7.52
JTO-SN64,0.3078,$358.63M,-8.63
TEL-USDAI,0.3078,$331.75M,-11.23
2Z-ENS,0.3077,$378.41M,1.4
IMX-AWE,0.3076,$333.14M,2.13
EDGE-DASH,0.3076,$533.41M,-10.6
LDO-USDTB,0.3076,$658.72M,26.02
AERO-XPL,0.3076,$634.96M,-7.43
CTOC-THETA,0.3075,$401.09M,-0.49
SNX-SHFL,0.3075,$243.83M,1.35
CARDS-XPL,0.3074,$489.45M,-19.24
FDUSD-COMP,0.3073,$505.42M,2.41
WIF-TRAC,0.3072,$270.01M,-2.86
STRCX-STX,0.3072,$391.31M,-5.07
APEPE-MET,0.3071,$290.78M,-0.39
WEMIX-SYRUP,0.3071,$307.67M,1.3
GALA-SPCXB,0.3071,$174.15M,-25.83
DYDX-FLUID,0.307,$184.15M,-1.14
GRT-KITE,0.3069,$393.35M,-10.45
ZBCN-XEC,0.3069,$296.73M,0.44
OUSG-BONK,0.3067,$645.20M,3.35
USAT-IOTA,0.3067,$332.80M,-3.77
WEMIX-XPL,0.3065,$321.01M,-12.64
GLM-PYTH,0.3064,$416.12M,-1.77
FLUID-THETA,0.3063,$212.38M,15.81
AXS-A,0.3063,$245.98M,-8.36
EURC-PENDLE,0.3063,$700.69M,6.02
INJ-EURC,0.3062,$909.27M,0.43
GRT-TIBBIR,0.3062,$267.83M,-3.83
GNO-KAITO,0.3061,$591.91M,54.49
CAKE-SNX,0.3061,$569.63M,2.87
AXS-NFT,0.3061,$408.21M,-6.1
ICNT-ONYC,0.3061,$347.78M,-8.9
WIF-ETHFI,0.306,$546.23M,8.27
SHORT-WFI,0.306,$272.10M,-8.64
TAG-XCN,0.3059,$274.73M,10.99
UB-GRASS,0.3058,$576.71M,10.07
DYDX-USTBL,0.3058,$258.71M,-17.47
SNX-XPL,0.3058,$343.02M,-2.94
VIRTUAL-AVUSD,0.3056,$485.55M,3.74
CVX-APEPE,0.3055,$336.18M,12.69
USTBL-SAND,0.3055,$286.03M,-4.69
STRK-USDA,0.3054,$285.39M,-2.02
CRVUSD-KOGE,0.3052,$426.20M,-3.53
STX-EURCV,0.3052,$399.95M,-7.95
DYDX-SFP,0.3051,$200.60M,-19.96
SYRUP-AR,0.3051,$323.30M,6.61
IMX-TEL,0.305,$401.64M,-12.04
RLB-USDZ,0.3048,$231.66M,1.56
INJ-SFP,0.3048,$561.97M,-1.81
VSN-XTZ,0.3047,$376.37M,5.26
A-BSV,0.3047,$360.78M,-0.46
TIBBIR-BAT,0.3046,$209.90M,-2.11
BTSE-COMP,0.3046,$292.44M,1.74
EDGE-PIEVERSE,0.3045,$318.06M,-12.8
DCR-STX,0.3045,$453.30M,1.37
ONYC-USDF,0.3044,$358.04M,0.52
WIF-SHFL,0.3043,$267.74M,-4.6
GLM-USDAI,0.3041,$252.20M,-5.78
FF-EURC,0.3041,$642.32M,-2.78
RAIL-SFP,0.3041,$192.58M,-13.07
VIRTUAL-MET,0.304,$458.99M,4.55
WEMIX-FET,0.304,$406.34M,-19.79
APXUSD-BONK,0.3038,$560.00M,6.42
ULTIMA-SHFL,0.3038,$303.10M,12.2
2Z-XCN,0.3037,$331.99M,-8.59
AERO-FET,0.3037,$720.29M,-14.58
CHEEMS-BONK,0.3036,$365.26M,-11.09
FLOKI-EURCV,0.3036,$347.95M,-2.17
CARDS-GEOD,0.3036,$363.21M,-16.9
AVUSD-USDAI,0.3036,$273.41M,0.22
ZK-JTO,0.3035,$352.99M,-20.64
USDTB-STX,0.3034,$606.04M,-7.32
AKT-THBILL,0.3034,$246.33M,-13.3
EURC-RAY,0.3033,$613.04M,0.76
DEXE-KAITO,0.3032,$583.35M,18.15
2Z-US,0.3031,$621.30M,223.51
DEXE-USDA,0.303,$370.26M,-43.8
SAND-MX,0.303,$275.78M,-5.16
SNX-VET,0.303,$511.39M,1.9
FDUSD-RAY,0.3029,$509.10M,0.9
ZRO-VET,0.3028,$673.71M,1.71
WIF-GLIDR,0.3027,$247.73M,-2.15
COMP-CRCLON,0.3027,$252.18M,2.74
CTOC-XPL,0.3026,$495.59M,-2.49
ICNT-A7A5,0.3026,$579.78M,-9.67
ENS-THBILL,0.3025,$294.00M,3.19
TEL-FRXUSD,0.3024,$284.24M,-11.23
GOMINING-RAY,0.3024,$278.57M,3.07
KMNO-SYRUP,0.3023,$305.27M,12.28
NFT-BONK,0.3023,$529.47M,4.19
EARNETH-APYUSD,0.3021,$305.07M,15.51
VIRTUAL-SHFL,0.3021,$490.97M,5.17
SAND-USDA,0.302,$221.37M,-4.89
THETA-CRCLON,0.302,$218.94M,-0.31
GNO-IOTA,0.3019,$430.22M,-11.16
USDTB-WIF,0.3018,$501.87M,-5.71
NEO-SFP,0.3018,$236.51M,-1.74
WIF-XCN,0.3018,$276.00M,-13.19
KITE-NFT,0.3018,$496.53M,-2.35
BAT-TRUMP,0.3018,$460.80M,-1.27
CTOC-STRCX,0.3017,$415.80M,2.94
ULTIMA-SAND,0.3015,$306.89M,5.75
WEMIX-FLOKI,0.3015,$298.93M,-12.05
EURC-ONYC,0.3015,$696.24M,0.35
EDGE-GRT,0.3014,$297.32M,-15.7
KOGE-FRXUSD,0.3014,$324.07M,-3.56
REUSD-BAT,0.3013,$270.85M,-5.15
CVX-MET,0.3012,$224.23M,15.11
USDAT-DCR,0.3012,$342.58M,9.24
ICNT-SAND,0.3012,$226.76M,-14.18
USAT-SN64,0.3012,$275.22M,3.52
GALA-PENDLE,0.3011,$339.27M,-3.12
GOMINING-COMP,0.3011,$274.89M,4.59
META-GEOD,0.301,$189.76M,20.19
WEMIX-CHZ,0.301,$244.56M,-22.06
ZRO-META,0.3009,$380.17M,20.03
KAITO-ONYC,0.3009,$555.47M,62.34
CARDS-JASMY,0.3009,$480.45M,-16.39
EDGE-SOON,0.3008,$225.98M,26.58
CASH-FDUSD,0.3008,$468.11M,0.02
COCO-BP,0.3008,$298.46M,-15.81
JASMY-AKE,0.3008,$307.11M,490.99
VSN-DYDX,0.3007,$248.76M,-3.01
USDTB-TKX,0.3006,$458.96M,5.47
US-VET,0.3006,$807.92M,227.33
EDGE-SYRUP,0.3005,$343.22M,2.7
US-USTBL,0.3005,$579.81M,225.28
AXS-PIEVERSE,0.3004,$325.77M,-11.31
GOMINING-PYTH,0.3004,$436.92M,6.22
VIRTUAL-AERO,0.3003,$783.94M,-1.24
META-TRAC,0.3003,$219.08M,23.88
EDGE-VIRTUAL,0.3002,$505.54M,-5.04
KAITO-PENDLE,0.3002,$559.92M,68.01
XEC-ZAMA,0.3002,$257.27M,55.04
SN64-USDAI,0.3001,$247.43M,3.52
DRV-USDAT,0.3,$242.44M,-3.68
APXUSD-STRK,0.3,$484.27M,1.26
BTSE-XPL,0.3,$353.70M,-3.31
BP-CHZ,0.2999,$258.37M,-20.38
WEMIX-VCNT,0.2999,$264.87M,-9.88
WEMIX-THBILL,0.2999,$218.36M,-9.83
1INCH-SYRUP,0.2998,$323.06M,24.19
ULTIMA-AERO,0.2998,$596.07M,5.79
KAITO-GRASS,0.2998,$525.14M,48.38
USAT-BAT,0.2998,$288.64M,-5.39
PENDLE-BAT,0.2998,$354.07M,0.74
LDO-BONK,0.2997,$568.14M,28.71
ETHFI-FET,0.2996,$705.81M,4.7
VSN-EURCV,0.2995,$300.33M,14.49
STAC-FARTCOIN,0.2995,$225.66M,12.11
TIA-DCR,0.2995,$509.27M,4.83
TAG-ONYC,0.2995,$391.27M,18.41
INJ-CTOC,0.2994,$734.24M,0.71
OZO-DASH,0.2994,$522.73M,-1.99
APEPE-PENGU,0.2994,$573.08M,-2.07
APXUSD-CRVUSD,0.2994,$507.11M,3.24
DCR-MON,0.2993,$450.97M,16.58
DCR-FET,0.2993,$508.70M,-0.58
APYUSD-CRCLON,0.2993,$250.98M,4.83
WIF-EURC,0.2992,$596.38M,-6.35
APYUSD-GLIDR,0.2992,$259.51M,8.57
LDO-USTBL,0.2991,$464.04M,25.62
STRK-TRUMP,0.2991,$546.60M,2.19
PRL-USDAI,0.2991,$241.51M,7.32
GALA-MON,0.299,$336.81M,-1.91
APR-GPS,0.2988,$292.40M,-2.43
AXS-EIGEN,0.2987,$284.28M,-10.65
IOTA-AERO,0.2986,$561.95M,-8.55
NFT-ONYC,0.2986,$510.73M,1.44
USDTB-TEL,0.2985,$529.84M,-10.72
OZO-ETHFI,0.2985,$525.19M,14.54
FDUSD-TEL,0.2985,$520.41M,-11.23
SNX-BAT,0.2985,$225.85M,-5.68
SPX-USDA,0.2984,$398.25M,-2.01
ZANO-CHZ,0.2983,$275.30M,-14.58
RAIL-BAT,0.2978,$193.26M,-16.11
STAC-APR,0.2977,$299.03M,-6.2
ENS-USDAI,0.2977,$333.51M,3.05
TIBBIR-PYTH,0.2976,$427.85M,7.32
UUSD-RAIL,0.2976,$189.63M,-10.67
BORG-PIEVERSE,0.2976,$320.35M,-10.3
USDTB-GUSD,0.2975,$505.03M,0.46
UB-BORG,0.2974,$499.11M,17.49
DRV-USDF,0.2974,$214.48M,-3.64
TKX-WFI,0.2974,$277.99M,5.19
STX-USDZ,0.2974,$377.91M,-7.97
2Z-AERO,0.2973,$616.71M,-6.41
VIRTUAL-APYUSD,0.2973,$527.70M,8.02
GALA-PRL,0.2973,$172.68M,-1.96
EURC-AKE,0.2973,$545.56M,490.69
COMP-FRAX,0.2973,$379.39M,2.58
USDAI-EURCV,0.2973,$306.87M,-0.09
KAU-ONYC,0.2972,$554.51M,1.09
CASH-TWT,0.2972,$270.48M,-0.09
GNO-KAG,0.2972,$496.34M,-8.72
RLB-ZRO,0.297,$389.03M,1.2
FLOKI-JTO,0.2969,$467.15M,-14.21
ENS-SYRUP,0.2969,$383.32M,14.31
VET-GUSD,0.2969,$538.46M,2.12
RLB-USAT,0.2968,$289.50M,1.68
GRX-MX,0.2968,$274.69M,15.4
BP-COMP,0.2968,$273.56M,-5.91
FLOKI-BSV,0.2968,$457.00M,-1.25
ZBCN-BP,0.2967,$291.51M,-18.16
BORG-WFI,0.2967,$312.81M,-5.82
ETHFI-USDF,0.2966,$511.73M,14.56
INJ-AERO,0.2965,$873.61M,-4.23
STAC-BAT,0.2964,$206.06M,-5.21
INJ-SYRUP,0.2964,$666.48M,11.82
GRX-BTT,0.2964,$383.57M,15.94
IMX-CRCLON,0.2963,$320.17M,-0.45
CVX-BONK,0.2963,$399.76M,17.31
JTO-GOMINING,0.2963,$384.20M,-9.95
USDTB-VIRTUAL,0.2962,$725.09M,4.06
OZO-THETA,0.2962,$251.39M,-0.62
TIA-FRAX,0.2962,$526.56M,-4.21
RAIL-USDZ,0.2962,$217.23M,-10.83
BTSE-VET,0.2962,$522.07M,1.53
RLB-NFT,0.2961,$368.79M,2.65
COCO-MET,0.2961,$273.64M,-6.5
TRAC-CRCLON,0.2959,$216.52M,3.72
VELVET-CHEEMS,0.2958,$266.82M,-52.17
ZRO-BONK,0.2958,$549.70M,2.74
META-THBILL,0.2958,$213.35M,20.66
WEMIX-GOMINING,0.2958,$215.99M,-7.79
VCNT-TAG,0.2958,$309.51M,18.04
FARTCOIN-PRL,0.2958,$207.08M,19.23
KOGE-FRAX,0.2958,$434.21M,-3.39
GPS-SNX,0.2957,$218.44M,3.68
TRAC-RAY,0.2957,$286.67M,4.25
SPX-ULTIMA,0.2956,$483.78M,8.63
STAC-ZBCN,0.2956,$279.92M,-9.67
DRV-COMP,0.2956,$261.97M,-1.3
EARNETH-BTSE,0.2955,$280.05M,10.37
APXUSD-ZBT,0.2955,$409.00M,0.45
LDO-ACRED,0.2954,$418.24M,25.59
REUSD-NFT,0.2954,$431.96M,1.22
IMX-EDGE,0.2953,$363.30M,-9.37
JTO-FET,0.2953,$574.55M,-21.95
NXM-FRAX,0.2952,$306.94M,9.08
OZO-PEANUT,0.2951,$309.83M,-3.97
EURC-XPL,0.2951,$670.62M,-2.77
AXS-ONYC,0.295,$389.89M,-6.61
KAU-SAND,0.2948,$433.49M,-4.19
TIBBIR-THETA,0.2948,$232.58M,2.64
CRVUSD-SPCXB,0.2948,$297.59M,-16.53
GOMINING-AR,0.2948,$231.62M,-2.48
SOSO-XPL,0.2948,$337.18M,7.04
CRCLON-FRAX,0.2948,$312.92M,0.53
LUNC-KMNO,0.2947,$376.92M,-6.69
CTOC-SYRUP,0.2947,$482.25M,11.44
STX-SFP,0.2947,$353.25M,-10.2
VELVET-DCR,0.2946,$369.28M,-28.64
CVX-FRAX,0.2946,$354.88M,14.28
APEPE-GNO,0.2946,$484.00M,-8.79
FDUSD-PEANUT,0.2946,$530.63M,-3.98
UUSD-FRAX,0.2946,$319.85M,0.23
BTSE-JASMY,0.2946,$344.70M,-0.46
EURCV-SHFL,0.2946,$270.84M,1.53
OUSG-CTOC,0.2944,$655.25M,0.29
KAU-MON,0.2944,$556.50M,7.98
APEPE-AVUSD,0.2944,$317.34M,-1.2
KITE-APYUSD,0.2944,$390.13M,1.15
JASMY-BONK,0.2944,$476.53M,3.41
IMX-TIBBIR,0.2943,$333.81M,2.5
LDO-NFT,0.2943,$567.72M,26.47
SAND-NFT,0.2943,$389.71M,-3.84
FARTCOIN-USDAI,0.2943,$280.45M,11.94
VSN-STAC,0.2942,$253.54M,14.77
TKX-A,0.2942,$205.73M,3.66
VET-FRXUSD,0.2942,$498.88M,2.2
XCN-THBILL,0.2942,$247.59M,-6.8
BC-RAIL,0.2941,$309.41M,43.75
ETHFI-AKE,0.2941,$495.41M,505.31
APR-VIRTUAL,0.294,$565.96M,-2.85
GRX-SOSO,0.294,$240.69M,25.44
1INCH-KAU,0.2939,$424.12M,13.54
KMNO-RAY,0.2939,$261.03M,1.88
APXUSD-KOGE,0.2938,$509.20M,-0.37
TRAC-MX,0.2938,$274.25M,3.03
KAU-XCN,0.2937,$437.97M,-6.33
SAND-USDAI,0.2936,$282.63M,-4.8
STX-MANA,0.2936,$381.90M,-3.81
ETHFI-WFI,0.2936,$574.43M,14.76
WEMIX-SOON,0.2934,$190.43M,25.17
WIF-WFI,0.2934,$320.89M,-5.98
APEPE-USAT,0.2932,$386.59M,-1.4
USDAT-FDUSD,0.2932,$485.90M,0.04
CAKE-MET,0.2932,$536.61M,4.17
XEC-XCN,0.2931,$249.12M,3.34
OZO-NFT,0.2929,$389.82M,1.01
AWE-XPL,0.2929,$326.41M,0.26
APYUSD-BONK,0.2928,$423.07M,7.7
STAC-TKX,0.2927,$206.09M,5.12
LDO-REUSD,0.2927,$470.63M,25.74
GLM-USAT,0.2926,$279.99M,-5.79
APR-XEC,0.2925,$315.85M,3.91
TWT-ENS,0.2925,$324.54M,2.94
TIBBIR-WEMIX,0.2925,$206.91M,-6.69
ULTIMA-KITE,0.2925,$413.70M,7.24
KAG-AERO,0.2924,$628.07M,-6.11
NXM-BTSE,0.2923,$219.98M,8.24
APEPE-BP,0.2923,$315.60M,-9.71
APEPE-CHZ,0.2923,$345.50M,-13.48
COMP-USDF,0.2923,$271.16M,2.45
APEPE-ENS,0.2922,$377.43M,1.63
LDO-CRCLON,0.2921,$396.05M,25.84
USTBL-SFP,0.2921,$263.57M,-2.22
RAY-USDF,0.2921,$274.84M,0.93
USDA-A7A5,0.292,$574.38M,-0.38
AVUSD-APYUSD,0.2919,$274.10M,4.69
CTOC-ETHFI,0.2918,$674.89M,14.67
CASH-USDZ,0.2917,$249.41M,-0.11
USTBL-CHZ,0.2917,$304.98M,-11.94
GPS-ICNT,0.2917,$197.58M,-5.4
ICNT-GLIDR,0.2917,$202.95M,-5.27
PEANUT-USDF,0.2917,$296.38M,-3.95
NXM-APYUSD,0.2916,$245.00M,13.38
KMNO-TAG,0.2916,$243.09M,18.94
BC-A7A5,0.2915,$697.77M,54.15
LUNC-ACRED,0.2914,$393.94M,-7.59
UB-SNX,0.2914,$483.27M,23.28
SOON-SFP,0.2913,$192.74M,32.8
APXUSD-CRCLON,0.2912,$387.91M,3.55
DCR-EURC,0.2912,$652.81M,9.11
META-PIEVERSE,0.291,$277.50M,16.28
GPS-FDUSD,0.291,$442.11M,3.98
ICNT-EURCV,0.2909,$251.01M,-9.47
USDZ-FET,0.2909,$433.31M,-9.92
1INCH-USDAI,0.2908,$273.25M,12.93
USAT-JASMY,0.2908,$396.82M,0.2
USDAT-CTOC,0.2907,$414.80M,0.18
SHORT-FRXUSD,0.2905,$207.47M,-8.89
XPIN-XCN,0.2905,$274.56M,-5.69
DEXE-STRCX,0.2904,$414.87M,-40.94
STRCX-USDAI,0.2904,$298.23M,2.79
SYRUP-BTT,0.2904,$466.72M,11.47
SYRUP-THBILL,0.2904,$325.18M,11.43
LDO-VELVET,0.2903,$469.70M,-12.37
EDGE-FRAX,0.2902,$356.04M,-8.39
STX-USDF,0.2902,$362.36M,-7.8
FRXUSD-BTT,0.2902,$369.39M,0.21
NEO-EURCV,0.29,$283.21M,0.51
CARDS-SYRUP,0.29,$476.11M,-5.3
TKX-BSV,0.2899,$361.93M,5.76
META-BAT,0.2899,$198.83M,15.11
UUSD-COMP,0.2899,$259.11M,2.44
ENS-TRAC,0.2899,$299.74M,6.41
EURC-XCN,0.2899,$579.69M,-7.07
COMP-GUSD,0.2899,$308.83M,2.33
TWT-A7A5,0.2898,$626.67M,-0.4
UB-ZBCN,0.2897,$538.11M,13.71
BC-BAT,0.2897,$322.98M,49.06
BTT-TRUMP,0.2897,$616.86M,4.33
EURCV-FET,0.2896,$455.35M,-9.91
CASH-NEO,0.2895,$255.79M,0.62
ZK-GOMINING,0.2894,$199.92M,-6.31
RLB-ZANO,0.2893,$235.43M,-0.83
ZK-WFI,0.2893,$258.90M,-8.24
DCR-UQC,0.2893,$310.80M,9.1
USDAT-STRK,0.2892,$329.01M,-1.93
KAITO-XPIN,0.2892,$454.17M,63.13
CARDS-SHFL,0.2891,$390.27M,-14.95
OHM-UUSD,0.289,$375.59M,8.97
GPS-TEL,0.289,$270.32M,-7.28
LUNC-CAKE,0.2889,$726.09M,-4.54
US-USDA,0.2889,$515.14M,225.07
US-TRUMP,0.2889,$776.36M,229.28
USDTB-MET,0.2888,$444.94M,1.54
CASH-SOSO,0.2887,$238.61M,9.7
A-COMP,0.2886,$261.61M,1.11
UB-FARTCOIN,0.2885,$483.85M,35.49
GRT-APYUSD,0.2884,$319.47M,-2.64
CASH-USDAI,0.2883,$279.46M,0.02
TIA-GUSD,0.2883,$456.00M,-4.47
VIRTUAL-BP,0.2883,$483.80M,-4.77
APXUSD-PENGU,0.2882,$666.77M,2.54
SNX-ONYC,0.2881,$368.64M,0.19
SOON-USDAI,0.2881,$247.45M,35.16
RAY-SHFL,0.2881,$284.41M,2.51
GRT-TEL,0.288,$335.66M,-18.37
DEXE-APXUSD,0.2879,$569.14M,-40.52
MON-TRUMP,0.2879,$605.58M,11.48
CASH-USAT,0.2878,$307.25M,0.01
EDGE-PENGU,0.2877,$507.69M,-9.23
USTBL-ULTIMA,0.2877,$342.54M,10.7
DCR-AXS,0.2877,$346.47M,2.14
AXS-KMNO,0.2877,$241.71M,-6.08
KAU-WFI,0.2876,$482.85M,0.88
ZK-ICNT,0.2876,$185.92M,-17.86
BP-THBILL,0.2876,$232.17M,-8.15
ICNT-FARTCOIN,0.2876,$224.58M,2.56
RAIL-SUN,0.2875,$432.13M,-5.83
TIBBIR-XTZ,0.2874,$331.96M,-6.04
SUN-ZAMA,0.2874,$480.10M,49.63
NXM-GOMINING,0.2873,$202.43M,11.09
ZBCN-GALA,0.2873,$265.89M,-19.11
MX-PRL,0.2873,$234.66M,6.96
FDUSD-XPL,0.2872,$566.68M,-2.64
TWT-ETHFI,0.287,$548.36M,14.42
FLOKI-THBILL,0.2868,$316.44M,-1.92
STRK-JTO,0.2867,$457.85M,-14.08
WEMIX-RAY,0.2867,$263.43M,-9.1
STX-RAIL,0.2867,$340.36M,-18.56
USDTB-ULTIMA,0.2866,$537.22M,11.09
VET-USDZ,0.2866,$516.35M,2.07
2Z-EIGEN,0.2865,$342.93M,-5.21
STAC-AXS,0.2864,$246.33M,-6.9
ACRED-BTT,0.2864,$374.51M,0.29
COMP-THBILL,0.2863,$277.26M,2.55
PEANUT-BSV,0.2863,$443.03M,-3.18
NEO-USDZ,0.2862,$261.16M,0.49
NXM-FDUSD,0.2861,$432.97M,8.91
OUSG-MX,0.2861,$530.84M,-0.22
GRT-GOMINING,0.2861,$276.91M,-4.93
DCR-SYRUP,0.2861,$410.03M,20.5
NFT-FRAX,0.2861,$484.59M,1.16
BTT-XPL,0.2861,$480.06M,-2.46
2Z-USDZ,0.286,$329.73M,-1.76
USTBL-ONYC,0.286,$407.05M,0.6
COCO-BSV,0.286,$442.71M,-6.69
DCR-THBILL,0.286,$320.71M,9.37
JASMY-TRUMP,0.286,$568.98M,4.32
BORG-ETHFI,0.2859,$538.16M,8.43
WEMIX-PENGU,0.2858,$472.14M,-10.64
MON-BSV,0.2858,$506.69M,8.17
KAU-CARDS,0.2857,$577.17M,-15.96
APXUSD-GRASS,0.2856,$510.93M,-10.29
KITE-ETHFI,0.2856,$631.89M,11.18
MX-THETA,0.2856,$276.68M,-1.0
META-NEX,0.2855,$185.74M,10.9
KITE-GEOD,0.2855,$326.35M,-3.64
TWT-TAG,0.2854,$293.53M,17.85
COCO-EURC,0.2854,$634.26M,-7.63
ICNT-PENGU,0.2854,$473.29M,-10.02
INJ-BTSE,0.2853,$592.35M,-0.11
UB-ZRO,0.2852,$645.59M,23.09
DRV-DASH,0.2852,$500.08M,-5.72
FLUID-SAND,0.2852,$211.47M,11.64
FLUID-AVUSD,0.2851,$202.26M,16.67
EURC-FRXUSD,0.2851,$559.96M,-0.1
SNX-BORG,0.2849,$260.71M,-6.36
XEC-USDF,0.2849,$231.30M,10.35
KAU-AXS,0.2848,$452.00M,-6.45
ZANO-JASMY,0.2848,$342.75M,-2.32
MX-USDAI,0.2848,$308.03M,-0.33
CAKE-PEANUT,0.2846,$631.73M,-0.85
VSN-RAIL,0.2845,$240.74M,3.88
FF-ONYC,0.2845,$438.49M,-2.2
FLUID-RAIL,0.2844,$176.13M,5.75
NEO-EURC,0.2844,$583.81M,0.49
TAG-PRL,0.2844,$229.14M,25.24
OUSG-SNX,0.2843,$502.68M,-0.15
ZANO-SHFL,0.2842,$252.56M,-0.87
RAIL-FET,0.2842,$395.76M,-20.52
MX-GRASS,0.2842,$366.46M,-13.84
SUN-USDZ,0.2842,$469.68M,4.77
OHM-ICNT,0.2841,$377.38M,-0.43
APYUSD-ONYC,0.2841,$404.33M,4.95
USDAT-TIBBIR,0.284,$246.28M,3.31
ZRO-GLM,0.2839,$379.52M,-6.27
USAT-ZANO,0.2839,$316.39M,-2.5
EIGEN-EURC,0.2839,$590.63M,-3.69
LUNC-KITE,0.2838,$510.90M,-11.02
TIA-PEANUT,0.2838,$491.03M,-8.4
AVUSD-SOON,0.2838,$205.99M,35.36
NXM-LDO,0.2837,$390.07M,34.38
LDO-TKX,0.2837,$406.64M,30.43
FLUID-GALA,0.2837,$174.90M,7.2
FF-EURCV,0.2836,$341.72M,-2.77
KAU-GALA,0.2834,$396.92M,-8.64
VCNT-SHFL,0.2834,$285.84M,1.73
VELVET-USDF,0.2832,$278.34M,-37.81
ZRO-STX,0.2832,$535.27M,-8.32
BP-JASMY,0.2832,$325.82M,-8.11
CRVUSD-MET,0.2832,$301.47M,1.05
FF-BONK,0.2832,$457.23M,0.55
NFT-WFI,0.2832,$439.07M,1.23
FF-AVUSD,0.2831,$308.26M,-2.46
FLUID-USDAI,0.283,$243.72M,16.48
APEPE-USDZ,0.2829,$328.75M,-1.52
STRK-KITE,0.2829,$421.21M,-5.27
FARTCOIN-SHFL,0.2829,$244.41M,13.56
DCR-CHZ,0.2828,$346.92M,-2.85
LDO-ICNT,0.2827,$404.77M,16.13
EARNETH-APXUSD,0.2827,$442.00M,14.23
KAITO-NEX,0.2827,$399.60M,52.26
WEMIX-BSV,0.2827,$358.92M,-9.16
SN64-THBILL,0.2827,$207.93M,3.66
SOSO-FRAX,0.2827,$336.65M,9.88
JASMY-XCN,0.2826,$341.25M,-6.76
EURCV-XCN,0.2826,$279.09M,-7.06
LUNC-LDO,0.2825,$582.10M,17.8
EARNETH-GOMINING,0.2825,$262.51M,13.21
AXS-TRUMP,0.2825,$501.08M,-2.95
CVX-SHFL,0.2823,$256.22M,15.73
ULTIMA-BTSE,0.2823,$314.81M,9.91
KAU-WIF,0.2822,$454.65M,-5.61
ICNT-PENDLE,0.2822,$352.22M,-3.22
1INCH-DRV,0.2821,$218.46M,9.22
1INCH-TEL,0.2821,$290.13M,1.67
OHM-SYRUP,0.2821,$483.05M,20.21
ZK-RAIL,0.2821,$174.20M,-19.21
DYDX-TEL,0.282,$272.18M,-28.85
A-VET,0.282,$491.25M,0.9
APR-ONYC,0.2818,$442.60M,-5.92
ZBCN-SN64,0.2818,$267.27M,-6.34
SOON-XCN,0.2818,$219.67M,28.19
USDTB-UUSD,0.2817,$455.31M,0.57
AKT-BP,0.2817,$242.63M,-21.75
DCR-STRCX,0.2815,$343.57M,12.0
GRX-BTSE,0.2813,$257.21M,15.09
EDGE-PEANUT,0.2811,$320.51M,-12.57
BC-COMP,0.2811,$378.89M,56.86
CHEEMS-FET,0.2811,$406.24M,-24.12
JTO-AIAT,0.2811,$386.62M,-10.21
UB-CAKE,0.281,$808.03M,26.71
LDO-AVUSD,0.281,$419.17M,25.7
LUNC-STAC,0.2808,$381.54M,-7.5
DYDX-CRCLON,0.2808,$190.72M,-17.25
TIA-AERO,0.2808,$720.86M,-9.17
STAC-GOMINING,0.2807,$218.21M,2.37
COCO-PENDLE,0.2806,$434.87M,-1.37
KMNO-PENDLE,0.2806,$348.67M,7.14
THETA-BSV,0.2806,$384.58M,0.17
TWT-SAND,0.2805,$273.65M,-4.91
CARDS-RAY,0.2805,$431.87M,-15.7
IMX-PEANUT,0.2804,$411.86M,-4.79
INJ-TRUMP,0.2804,$816.63M,4.67
COMP-BSV,0.2804,$417.82M,3.22
TRAC-GRASS,0.2803,$339.53M,-10.12
CRCLON-WFI,0.2803,$267.40M,0.6
GRT-USDTB,0.2802,$516.87M,-6.59
ICNT-SN64,0.2802,$191.56M,-5.85
REUSD-WFI,0.2802,$341.98M,0.5
GOMINING-SN64,0.2802,$205.56M,5.7
OZO-CRCLON,0.2801,$218.15M,0.38
US-KMNO,0.28,$516.99M,226.14
OHM-BONK,0.28,$540.75M,12.15
FLOKI-AWE,0.28,$304.33M,0.85
BORG-TEL,0.28,$312.59M,-17.32
LUNC-FRXUSD,0.2799,$388.82M,-7.68
STAC-BORG,0.2799,$240.91M,-5.89
FDUSD-SNX,0.2799,$468.53M,-0.26
PRL-SHFL,0.2799,$205.47M,8.94
ZANO-ETHFI,0.2798,$531.05M,12.0
BC-TRAC,0.2797,$343.24M,57.83
USDAT-A,0.2797,$242.09M,-1.26
RLB-THETA,0.2796,$230.36M,1.02
CVX-STX,0.2796,$385.33M,6.25
REUSD-EIGEN,0.2796,$308.03M,-3.32
VIRTUAL-USDAT,0.2795,$509.37M,3.55
GPS-A,0.2795,$198.30M,2.68
BORG-REAL,0.2795,$387.33M,-10.19
EURC-BTT,0.2794,$709.51M,0.08
EDGE-A7A5,0.2793,$614.18M,-8.88
APEPE-SHFL,0.2793,$322.76M,0.23
GEOD-MON,0.2793,$342.54M,7.04
AKT-USDAI,0.2792,$285.83M,-13.43
TKX-GOMINING,0.2792,$219.01M,7.13
FLUID-MANA,0.2792,$217.67M,20.5
PENGU-USDAI,0.2792,$529.16M,-0.65
UQC-TRUMP,0.2791,$465.41M,4.01
OHM-FDUSD,0.279,$621.90M,8.95
SN64-WFI,0.279,$264.54M,3.76
EDGE-IOTA,0.2789,$283.55M,-12.35
LUNC-CASH,0.2788,$400.92M,-7.68
LDO-RAY,0.2788,$466.20M,26.37
BC-ULTIMA,0.2788,$401.27M,65.03
FARTCOIN-RAIL,0.2788,$212.86M,1.21
STX-WFI,0.2788,$425.06M,-7.59
APYUSD-MON,0.2788,$406.32M,11.84
KAU-ENS,0.2787,$484.38M,3.66
USDTB-USDAT,0.2787,$495.32M,0.55
OHM-CHZ,0.2787,$419.94M,-3.15
DCR-USAT,0.2787,$388.01M,9.23
CARDS-TAG,0.2787,$413.93M,1.36
PRL-WFI,0.2787,$258.61M,7.56
UB-COMP,0.2786,$520.16M,25.96
ENS-NFT,0.2786,$440.59M,4.01
LUNC-CRCLON,0.2785,$371.75M,-7.34
FF-NFT,0.2785,$456.81M,-1.69
US-COMP,0.2784,$578.29M,227.54
TEL-COMP,0.2783,$333.64M,-8.85
BTSE-AR,0.2783,$249.17M,-5.32
USDAT-GALA,0.2782,$228.41M,-9.25
LUNC-STRCX,0.2781,$419.69M,-4.91
EDGE-EIGEN,0.278,$276.57M,-12.14
USTBL-ENS,0.278,$336.91M,3.16
USDA-EIGEN,0.278,$236.77M,-3.65
DYDX-STRCX,0.2779,$238.66M,-14.83
GRT-MX,0.2779,$311.93M,-7.47
AWE-VET,0.2778,$494.78M,5.1
TKX-APYUSD,0.2776,$261.57M,9.42
UUSD-STX,0.2776,$350.30M,-7.81
NEX-BAT,0.2776,$193.74M,-15.01
AKT-AWE,0.2775,$234.21M,-10.53
GNO-GALA,0.2775,$371.26M,-16.65
KITE-THETA,0.2774,$358.10M,-3.98
STAC-PRL,0.2773,$186.71M,7.48
CRCLON-FET,0.2773,$398.77M,-9.46
US-CRVUSD,0.2772,$631.02M,225.18
TKX-APXUSD,0.2772,$398.50M,8.14
GRASS-TRUMP,0.2772,$573.26M,-9.36
EURCV-FRAX,0.2772,$369.50M,0.08
TIBBIR-PENDLE,0.2771,$357.14M,9.43
ACRED-KITE,0.277,$347.04M,-3.23
CVX-BORG,0.2769,$273.09M,8.02
ZK-ZANO,0.2768,$215.51M,-11.0
XTZ-SPCXB,0.2768,$311.01M,-25.9
ULTIMA-TRUMP,0.2767,$539.09M,14.7
FF-BORG,0.2767,$330.56M,-8.74
USDA-CHZ,0.2767,$240.32M,-12.15
TAG-GEOD,0.2767,$239.41M,17.63
DYDX-NFT,0.2766,$362.39M,-16.63
CVX-RAIL,0.2766,$224.66M,3.38
AKT-RAIL,0.2766,$218.24M,-24.16
USDAT-MET,0.2766,$229.22M,1.03
REUSD-USDAI,0.2766,$324.87M,0.26
EURC-FET,0.2766,$755.95M,-9.92
PYTH-USDZ,0.2766,$448.75M,3.91
RAY-FRXUSD,0.2766,$272.93M,0.89
UB-VET,0.2765,$749.79M,25.75
ZK-CRCLON,0.2765,$177.21M,-8.15
KAU-JASMY,0.2764,$519.89M,0.82
RAIL-COMP,0.2764,$249.17M,-8.32
PIEVERSE-USDZ,0.2763,$309.47M,-4.34
KAU-PEANUT,0.2761,$492.84M,-3.38
SPX-USDTB,0.276,$657.60M,-1.4
PRL-SOSO,0.276,$200.66M,17.0
GRT-ICNT,0.2759,$262.92M,-16.48
US-TKX,0.2759,$522.41M,230.08
TAG-MANA,0.2759,$276.45M,21.98
NXM-EIGEN,0.2758,$227.46M,5.32
USTBL-CTOC,0.2758,$435.84M,0.29
USDA-ZAMA,0.2758,$233.99M,44.67
KOGE-USDF,0.2758,$325.99M,-3.52
USDA-IOTA,0.2757,$243.75M,-3.85
GRX-TRUMP,0.2755,$481.49M,19.87
FARTCOIN-MX,0.2755,$273.60M,11.58
RAIL-AERO,0.2755,$504.22M,-15.48
RLB-TWT,0.2754,$252.74M,1.58
EDGE-CVX,0.2754,$270.79M,5.52
RAIL-REAL,0.2754,$338.90M,-14.83
APR-USAT,0.2753,$381.62M,-6.38
USDTB-PENGU,0.2753,$727.24M,-0.13
NEO-GOMINING,0.2753,$249.34M,2.8
DYDX-ZBT,0.2752,$211.81M,-20.36
GRT-FDUSD,0.2752,$507.44M,-7.1
EURCV-AKE,0.2752,$244.96M,490.7
CASH-SOON,0.2751,$212.03M,35.15
PENGU-AKE,0.2751,$467.24M,490.14
2Z-BONK,0.275,$467.28M,1.58
CHEEMS-USDF,0.275,$212.16M,-14.25
DASH-BTSE,0.275,$530.55M,-2.67
EARNETH-A,0.2747,$249.23M,9.74
CVX-BTSE,0.2746,$267.93M,13.44
TIA-OHM,0.2746,$582.30M,4.53
STX-TRAC,0.2746,$374.18M,-4.48
USAT-BONK,0.2745,$450.17M,3.22
EARNETH-TRAC,0.2744,$270.61M,14.4
USDTB-RAIL,0.2744,$445.37M,-10.18
SOSO-FET,0.2744,$422.51M,-0.11
APR-EIGEN,0.2743,$336.98M,-9.96
INJ-FLUID,0.2743,$545.52M,17.01
COCO-EURCV,0.2743,$333.66M,-7.61
UUSD-PYTH,0.2743,$421.15M,4.07
UB-STAC,0.2742,$463.48M,23.75
DCR-IOTA,0.2742,$350.35M,5.44
SNX-MX,0.2742,$273.02M,-0.63
JTO-STX,0.2742,$519.15M,-19.99
UB-SHORT,0.2741,$458.39M,14.66
FLUID-VET,0.2741,$475.24M,18.65
SAND-TEL,0.2741,$299.50M,-16.06
CRCLON-EURCV,0.2741,$242.29M,0.25
APR-ZRO,0.274,$481.14M,-6.86
INJ-MANA,0.274,$590.62M,4.58
KAU-FLOKI,0.274,$506.82M,-1.45
GRX-TEL,0.274,$298.41M,4.5
DCR-XPL,0.274,$423.36M,6.57
USDA-WFI,0.274,$270.72M,0.18
TRAC-BONK,0.274,$388.61M,6.59
CRVUSD-BSV,0.2739,$470.54M,0.86
GALA-TRAC,0.2739,$212.28M,-5.89
TWT-THBILL,0.2738,$266.40M,0.06
DYDX-KMNO,0.2737,$195.89M,-16.6
REUSD-BORG,0.2737,$305.70M,-5.83
STRCX-MANA,0.2737,$272.18M,6.81
RAIL-A,0.2737,$192.13M,-11.99
IMX-RLB,0.2736,$331.59M,0.88
FARTCOIN-ONYC,0.2736,$369.22M,12.39
STX-USDAI,0.2736,$407.96M,-7.84
FF-AR,0.2734,$308.34M,-7.34
USDA-WIF,0.2734,$242.52M,-6.31
SAND-EIGEN,0.2733,$265.78M,-8.39
STX-THBILL,0.2733,$368.45M,-7.7
REAL-WFI,0.2733,$423.60M,-3.86
MET-BTT,0.2733,$348.89M,1.21
AKT-FRAX,0.2732,$348.46M,-13.26
IMX-TAG,0.2731,$372.39M,17.15
GNO-USDAT,0.2731,$422.44M,-7.37
FLOKI-BTSE,0.273,$331.62M,-2.72
CHEEMS-ETHFI,0.2729,$500.21M,0.2
SPX-ZAMA,0.2727,$439.89M,42.81
OZO-SHFL,0.2727,$246.70M,1.66
COCO-GUSD,0.2727,$333.73M,-7.58
IMX-USDTB,0.2726,$582.84M,-0.27
TIA-SN64,0.2726,$396.48M,-0.89
FDUSD-GLIDR,0.2726,$447.48M,4.11
KITE-SHORT,0.2725,$329.56M,-12.23
RAIL-BONK,0.2725,$354.79M,-7.49
IMX-FDUSD,0.2724,$573.42M,-0.77
TIA-KAITO,0.2724,$615.76M,57.47
LUNC-JTO,0.2723,$547.53M,-19.83
OUSG-MET,0.2723,$469.67M,1.15
DCR-SN64,0.2722,$292.77M,12.73
FARTCOIN-TRAC,0.2722,$246.68M,15.3
TIA-WEMIX,0.2721,$406.91M,-14.38
FLUID-GLIDR,0.2721,$187.67M,20.55
REUSD-GUSD,0.2721,$316.94M,0.18
RAIL-APYUSD,0.2721,$247.97M,-6.23
EURCV-USDZ,0.2721,$276.83M,-0.22
TWT-AERO,0.272,$562.84M,-4.86
FLUID-JTO,0.2719,$354.92M,4.32
NFT-RAY,0.2719,$427.53M,1.86
TIA-APEPE,0.2718,$507.85M,-5.8
FLUID-UUSD,0.2718,$186.07M,16.5
XTZ-EURC,0.2718,$675.51M,-9.44
NFT-SN64,0.2718,$354.51M,4.49
DCR-COMP,0.2717,$362.10M,11.62
VCNT-USDF,0.2717,$276.28M,0.15
LDO-BC,0.2716,$522.77M,79.95
NXM-VELVET,0.2715,$253.37M,-28.96
DRV-NEX,0.2715,$192.97M,-13.3
COCO-ZANO,0.2715,$315.38M,-10.02
EDGE-MET,0.2714,$225.39M,-7.56
SOON-CRCLON,0.2714,$182.86M,35.5
PRL-A7A5,0.2714,$562.27M,7.0
USTBL-BORG,0.2713,$299.11M,-5.94
GRX-WEMIX,0.2713,$224.52M,5.76
EARNETH-FRAX,0.2712,$367.01M,11.21
OZO-SPCXB,0.2712,$210.83M,-16.54
ZBCN-USAT,0.2712,$362.50M,-9.85
DASH-ZBT,0.2712,$511.38M,-4.78
RLB-AKE,0.271,$199.80M,492.48
EDGE-APEPE,0.271,$337.33M,-9.98
BTT-EURCV,0.271,$408.91M,0.09
BTSE-FET,0.2709,$439.03M,-10.46
DYDX-VET,0.2708,$486.82M,-15.42
STRK-SUN,0.2708,$531.50M,2.94
BORG-CRCLON,0.2708,$231.12M,-5.73
BC-CRCLON,0.2707,$312.42M,54.81
UUSD-FLOKI,0.2707,$298.29M,-2.03
RAIL-RAY,0.2707,$252.85M,-9.83
DEXE-TRUMP,0.2706,$631.47M,-39.59
STAC-FDUSD,0.2705,$448.74M,0.2
IOTA-EURC,0.2705,$597.61M,-3.89
LUNC-MANA,0.2704,$410.28M,-3.65
OHM-APYUSD,0.2704,$433.93M,13.41
WIF-PIEVERSE,0.2704,$328.43M,-10.46
LUNC-USDAI,0.2703,$436.34M,-7.67
ZBCN-SHFL,0.2703,$298.67M,-8.22
AIAT-PRL,0.2703,$202.05M,9.24
2Z-BSV,0.2702,$460.83M,-0.82
US-AKT,0.2701,$547.36M,211.7
APEPE-PRL,0.2701,$285.43M,5.9
APXUSD-GALA,0.2701,$383.67M,-6.06
TIBBIR-AERO,0.2701,$520.86M,-1.48
OZO-FRXUSD,0.2699,$235.22M,0.04
SOON-XPL,0.2699,$310.60M,32.49
KAU-IOTA,0.2698,$455.88M,-3.15
FLUID-ONYC,0.2698,$332.49M,16.93
KOGE-XPL,0.2698,$434.74M,-6.23
AKT-USAT,0.2697,$313.62M,-13.44
KOGE-MET,0.2697,$303.56M,-2.55
GRT-THBILL,0.2696,$279.28M,-6.97
TWT-AXS,0.2696,$292.16M,-7.17
EARNETH-VELVET,0.2695,$313.44M,-26.84
SPCXB-WFI,0.2695,$260.08M,-16.31
OHM-CRVUSD,0.2694,$487.86M,8.97
NEO-BSV,0.2694,$392.27M,1.43
CRVUSD-ONYC,0.2692,$458.26M,0.5
STRCX-AIAT,0.2691,$258.77M,4.71
IMX-NEX,0.2689,$317.65M,-10.4
EDGE-COMP,0.2689,$295.30M,-6.18
CASH-VET,0.2689,$510.97M,2.19
TIA-NFT,0.2689,$571.01M,-3.42
AERO-USDF,0.2689,$526.21M,-4.72
1INCH-PRL,0.2688,$199.89M,20.22
KAU-RAY,0.2688,$471.31M,1.5
OHM-MON,0.2688,$524.00M,16.28
SPX-FRXUSD,0.2687,$412.00M,-1.92
KAU-PENGU,0.2686,$680.02M,-0.04
KMNO-SOON,0.2686,$188.03M,36.15
WEMIX-SNX,0.2686,$222.86M,-10.26
FARTCOIN-MANA,0.2686,$254.40M,15.96
EIGEN-BAT,0.2686,$244.01M,-8.97
TRAC-USDZ,0.2686,$251.06M,3.26
VIRTUAL-WIF,0.2685,$515.91M,-2.7
AXS-USDZ,0.2685,$271.08M,-7.2
CHEEMS-XPIN,0.2685,$245.21M,-13.04
TEL-EURCV,0.2685,$323.75M,-11.35
DRV-SFP,0.2684,$205.37M,-6.05
2Z-VCNT,0.2684,$366.78M,-1.54
CASH-THBILL,0.2684,$239.95M,0.16
PEANUT-WFI,0.2684,$359.08M,-3.75
XTZ-SOON,0.2683,$315.48M,25.82
PENDLE-SUN,0.2683,$592.94M,11.02
APR-USDA,0.2682,$292.57M,-6.46
ICNT-APYUSD,0.2682,$259.70M,-4.88
TEL-BTT,0.2682,$433.79M,-11.05
GOMINING-ONYC,0.2682,$361.77M,2.66
APR-BP,0.2681,$310.63M,-14.69
BC-APXUSD,0.2681,$514.63M,57.66
2Z-MX,0.2681,$352.92M,-1.98
USDAT-CAKE,0.2681,$586.99M,3.17
IOTA-FRXUSD,0.2681,$257.50M,-3.77
WEMIX-REUSD,0.268,$267.86M,-9.73
META-WEMIX,0.2679,$195.84M,10.53
GOMINING-THETA,0.2679,$241.66M,1.54
VSN-TRUMP,0.2678,$508.28M,18.72
1INCH-WEMIX,0.2678,$216.24M,2.93
WEMIX-ZANO,0.2678,$231.58M,-12.49
ZBT-AKE,0.2678,$209.47M,488.05
INJ-USDF,0.2677,$571.07M,0.6
BC-A,0.2677,$321.86M,53.18
NXM-APXUSD,0.2676,$381.93M,12.1
GPS-SYRUP,0.2676,$303.26M,15.24
IMX-WEMIX,0.2675,$327.75M,-10.77
FF-APYUSD,0.2675,$350.41M,1.82
DRV-FDUSD,0.2674,$448.74M,-3.68
CVX-AKE,0.2674,$230.34M,504.9
USTBL-SUN,0.2674,$503.13M,5.02
ONYC-EURCV,0.2674,$395.64M,0.36
IMX-ZRO,0.2673,$512.08M,-1.27
APXUSD-GLIDR,0.2673,$396.44M,7.29
BP-USDZ,0.2672,$241.62M,-8.42
UQC-COMP,0.2672,$267.34M,2.27
STRK-ZANO,0.2672,$320.37M,-4.45
LDO-REAL,0.2671,$552.26M,21.37
GRT-APXUSD,0.2671,$456.40M,-3.92
FLUID-FET,0.2671,$392.20M,6.66
COCO-AXS,0.2671,$327.91M,-14.59
VCNT-KOGE,0.2671,$378.59M,-3.47
VIRTUAL-TRAC,0.267,$493.23M,6.91
GNO-USAT,0.267,$467.87M,-7.38
KMNO-REUSD,0.267,$265.45M,1.25
KAU-AWE,0.2669,$414.13M,3.55
KAU-BONK,0.2668,$573.25M,3.84
APEPE-FLUID,0.2668,$287.65M,15.06
META-MANA,0.2668,$226.80M,24.55
BP-USAT,0.2668,$299.46M,-8.3
UQC-STRK,0.2668,$297.23M,-2.06
TAG-A7A5,0.2668,$623.27M,17.64
VIRTUAL-TEL,0.2667,$543.88M,-7.71
ZRO-GNO,0.2667,$567.40M,-7.86
FLOKI-A,0.2667,$300.80M,-3.35
VELVET-SOSO,0.2666,$283.09M,-28.16
TIA-PRL,0.2666,$390.56M,2.9
GPS-EURC,0.2666,$546.04M,3.84
AWE-IOTA,0.2666,$253.40M,-0.86
PRL-MET,0.2666,$173.49M,8.32
REUSD-PYTH,0.2665,$488.79M,4.27
TKX-ZBT,0.2664,$217.39M,2.18
UB-MON,0.2663,$609.03M,30.92
US-FET,0.2663,$724.88M,215.34
TKX-BTSE,0.2663,$236.55M,4.29
SOON-BONK,0.2663,$354.96M,38.37
ZBCN-ZRO,0.2662,$462.03M,-10.33
NEO-THBILL,0.266,$251.71M,0.76
PIEVERSE-MON,0.266,$430.28M,3.13
MET-FRAX,0.266,$309.48M,1.2
OZO-TWT,0.2659,$273.76M,-0.06
TWT-FET,0.2659,$454.39M,-9.9
TAG-SHORT,0.2659,$242.62M,9.05
USDA-GALA,0.2658,$184.79M,-9.34
CRCLON-AERO,0.2658,$507.23M,-4.42
SPX-KITE,0.2657,$534.08M,-5.26
BTSE-MET,0.2657,$222.53M,0.36
NXM-ZBT,0.2656,$200.82M,6.14
APR-USDAI,0.2656,$353.83M,-6.37
CVX-ICNT,0.2656,$236.39M,4.73
BP-DASH,0.2656,$511.67M,-10.33
NXM-ICNT,0.2655,$188.44M,-0.47
PENDLE-CHZ,0.2654,$394.79M,-5.94
DASH-MET,0.2653,$486.85M,-1.01
GLM-TAG,0.2652,$239.83M,12.15
SAND-A7A5,0.2652,$603.39M,-5.12
SPCXB-USDAI,0.2652,$242.97M,-16.56
BORG-MET,0.2652,$227.69M,-5.06
PEANUT-GUSD,0.2652,$334.04M,-4.07
APR-EURCV,0.2651,$345.83M,-6.49
DRV-KOGE,0.2651,$316.79M,-7.27
SAND-A,0.265,$227.48M,-6.1
DRV-BONK,0.2649,$367.59M,-0.48
AXS-FDUSD,0.2649,$489.79M,-7.06
BTSE-SYRUP,0.2648,$340.36M,10.63
DEXE-XPIN,0.2647,$418.98M,-42.46
APXUSD-PEANUT,0.2647,$479.59M,-0.8
EIGEN-FRXUSD,0.2647,$250.51M,-3.56
APYUSD-GRASS,0.2647,$374.00M,-9.01
TIBBIR-PEANUT,0.2646,$291.02M,-0.71
AWE-WIF,0.2645,$252.16M,-3.32
SNX-EURC,0.2645,$572.47M,-0.4
SPX-BTSE,0.2644,$435.19M,-2.58
ZRO-TEL,0.2644,$459.07M,-11.72
FF-REUSD,0.2644,$359.72M,-2.42
CASH-XPL,0.2643,$342.60M,-2.65
TIA-VCNT,0.2643,$470.93M,-4.3
NEO-AWE,0.2643,$239.60M,3.53
ONYC-XPL,0.2643,$466.79M,-2.19
USTBL-WFI,0.2642,$335.39M,0.39
GNO-STX,0.2642,$533.16M,-15.24
INJ-USDTB,0.2641,$814.76M,1.07
DEXE-FRAX,0.2641,$494.15M,-43.54
DCR-TRAC,0.2641,$326.44M,12.6
TEL-FRAX,0.2641,$394.38M,-11.06
COCO-SPCXB,0.264,$269.76M,-24.08
WEMIX-BAT,0.264,$203.84M,-15.38
REUSD-XCN,0.264,$297.09M,-6.71
VSN-SHFL,0.2639,$272.29M,16.22
ZANO-BSV,0.2639,$389.65M,-1.69
INJ-SOON,0.2638,$549.25M,35.69
USTBL-WEMIX,0.2638,$261.27M,-9.85
GNO-SFP,0.2638,$385.38M,-9.74
CAKE-KITE,0.2638,$679.19M,-0.18
BP-GRASS,0.2638,$330.10M,-21.79
ENS-TAG,0.2638,$321.14M,20.98
STRCX-FRAX,0.2638,$360.86M,2.96
USDTB-ACRED,0.2637,$470.56M,0.63
WFI-XCN,0.2637,$304.20M,-6.7
OHM-XCN,0.2636,$405.46M,1.97
DCR-AERO,0.2636,$617.15M,4.45
SOON-BTT,0.2636,$349.48M,35.34
CHZ-MON,0.2636,$392.33M,-4.72
EDGE-WEMIX,0.2635,$236.40M,-18.55
SAND-ZANO,0.2635,$256.35M,-7.32
SPX-VELVET,0.2633,$468.58M,-39.79
TWT-RAY,0.2633,$311.47M,0.79
GLM-APYUSD,0.2633,$252.89M,-1.31
STAC-VIRTUAL,0.2632,$472.21M,3.72
RLB-BTT,0.2632,$363.75M,1.87
ZBCN-TIBBIR,0.2632,$283.76M,-6.56
KAITO-MANA,0.2632,$440.65M,65.91
IOTA-TRAC,0.2632,$271.24M,-0.41
IOTA-KOGE,0.2632,$361.72M,-7.35
PEANUT-AKE,0.2632,$280.06M,486.8
COCO-MON,0.2631,$432.42M,-0.16
NEX-USDAI,0.2631,$247.77M,-9.6
MET-GRASS,0.2631,$305.29M,-12.48
USTBL-APXUSD,0.263,$455.90M,3.33
NEO-NEX,0.263,$224.10M,-9.0
MON-AR,0.2629,$364.25M,2.68
KAG-TAG,0.2628,$358.76M,16.6
UUSD-TRUMP,0.2628,$457.18M,4.17
ONYC-FET,0.2628,$552.12M,-9.34
UB-REUSD,0.2627,$528.27M,23.81
USDAT-UUSD,0.2627,$239.59M,0.06
GLM-GRASS,0.2627,$310.63M,-19.29
FLOKI-EIGEN,0.2627,$339.10M,-5.64
DASH-JTO,0.2627,$666.07M,-14.16
KAU-COMP,0.2626,$467.63M,3.02
STX-CRCLON,0.2626,$343.37M,-7.5
TIA-ONYC,0.2625,$552.70M,-3.93
RLB-DEXE,0.2624,$378.35M,-42.05
TWT-GLM,0.2624,$243.23M,-5.88
EARNETH-ZBT,0.2622,$260.89M,8.27
SPCXB-XCN,0.2622,$215.19M,-23.53
CAKE-FRAX,0.2621,$667.26M,3.33
VELVET-RAIL,0.262,$256.35M,-48.57
TIA-USTBL,0.262,$467.33M,-4.27
BP-FRXUSD,0.262,$224.16M,-8.29
BC-XCN,0.2619,$349.23M,47.51
VIRTUAL-SFP,0.2618,$472.30M,1.18
CARDS-REUSD,0.2618,$436.30M,-16.33
APEPE-NFT,0.2617,$465.88M,-0.43
FDUSD-AERO,0.2616,$760.47M,-4.75
SNX-MET,0.2616,$211.85M,0.73
AVUSD-GALA,0.2616,$204.59M,-9.05
MET-FET,0.2616,$395.33M,-8.79
1INCH-REUSD,0.2615,$283.25M,13.16
USDAT-FLOKI,0.2615,$338.31M,-2.05
CTOC-FRAX,0.2614,$495.07M,0.35
SOON-KITE,0.2614,$322.01M,31.82
TEL-AR,0.2614,$290.37M,-15.92
RAIL-JASMY,0.2614,$301.43M,-10.52
EARNETH-BSV,0.2613,$405.43M,11.84
META-TWT,0.2613,$243.88M,20.42
FDUSD-GALA,0.2613,$434.71M,-9.24
EDGE-VELVET,0.2612,$302.48M,-46.43
META-CARDS,0.2612,$364.28M,3.93
CHEEMS-MET,0.2612,$189.73M,-13.29
OUSG-USAT,0.2611,$565.48M,0.14
FLUID-NEO,0.261,$220.06M,17.07
TIBBIR-GUSD,0.261,$255.99M,3.22
WEMIX-IOTA,0.261,$248.00M,-13.76
IOTA-MANA,0.261,$278.96M,0.26
CHZ-XCN,0.261,$273.80M,-19.03
STAC-DASH,0.2609,$500.08M,-1.84
DRV-CTOC,0.2608,$377.65M,-3.53
EARNETH-NFT,0.2608,$411.46M,12.0
META-UUSD,0.2608,$195.20M,20.55
ZBT-PRL,0.2608,$198.02M,4.55
TRAC-BAT,0.2608,$227.08M,-2.02
KAU-USAT,0.2605,$493.54M,0.63
OHM-GLM,0.2605,$370.57M,3.13
SPCXB-FRAX,0.2605,$305.60M,-16.39
STRCX-AERO,0.2605,$555.17M,-1.99
SPX-FDUSD,0.2604,$648.17M,-1.91
OZO-WIF,0.2604,$271.64M,-6.21
TWT-STRK,0.2604,$337.68M,-2.03
USDA-AERO,0.2604,$510.55M,-4.85
BORG-AERO,0.2604,$552.64M,-10.85
BC-UQC,0.2603,$327.59M,54.34
PENGU-A,0.2603,$474.01M,-1.94
LUNC-A,0.2602,$381.19M,-8.97
SAND-SHFL,0.2602,$246.59M,-3.18
AVUSD-PIEVERSE,0.2602,$298.06M,-4.02
STAC-GRT,0.2601,$263.99M,-6.94
TEL-MON,0.2601,$422.51M,-3.89
KOGE-SYRUP,0.2601,$421.40M,7.71
JTO-CRCLON,0.26,$361.49M,-11.79
FDUSD-BTSE,0.2599,$479.21M,-0.63
DASH-SFP,0.2599,$500.17M,-4.38
REUSD-WIF,0.2599,$313.78M,-5.99
PENGU-SFP,0.2599,$474.45M,-3.02
TEL-TRUMP,0.2599,$531.70M,-7.11
KITE-GUSD,0.2599,$381.51M,-3.4
RLB-APR,0.2598,$300.66M,-4.71
EDGE-SUN,0.2598,$478.26M,-3.69
VELVET-A7A5,0.2598,$644.71M,-38.17
KAITO-XEC,0.2598,$428.73M,72.17
BTT-AERO,0.2596,$673.85M,-4.58
RLB-AERO,0.2595,$518.65M,-3.1
ULTIMA-FET,0.2595,$487.62M,0.76
MX-MANA,0.2595,$281.97M,3.69
ONYC-XCN,0.2594,$375.86M,-6.49
AKT-TRUMP,0.2593,$485.78M,-9.32
CRVUSD-MANA,0.2593,$343.43M,4.07
ENS-KITE,0.2593,$408.07M,-0.29
APYUSD-PEANUT,0.2593,$342.66M,0.48
IMX-SNX,0.2592,$349.76M,-1.08
RLB-SFP,0.2591,$207.00M,-0.68
APR-SHFL,0.2591,$317.79M,-4.75
ICNT-WEMIX,0.2591,$202.00M,-19.34
ACRED-EURC,0.2591,$565.08M,-0.02
SNX-SUN,0.2591,$464.72M,4.6
SN64-SYRUP,0.2591,$297.24M,14.79
UUSD-XEC,0.259,$219.24M,10.34
EURC-APYUSD,0.259,$608.16M,4.37
ZRO-GPS,0.2589,$380.76M,3.48
OHM-SPCXB,0.2589,$361.34M,-7.64
ULTIMA-FF,0.2587,$373.99M,7.9
DEXE-GUSD,0.2585,$423.59M,-43.79
WIF-KITE,0.2585,$378.35M,-9.57
A7A5-SUN,0.2585,$820.49M,4.58
USDAT-KAITO,0.2584,$449.07M,61.89
CAKE-AERO,0.2584,$861.56M,-1.62
FDUSD-ZAMA,0.2584,$483.91M,44.76
RLB-USDAI,0.2583,$261.71M,1.69
AKT-XPIN,0.2583,$273.29M,-12.18
CTOC-SNX,0.2583,$397.44M,-0.12
SAND-AVUSD,0.2582,$241.16M,-4.61
MON-CRCLON,0.2582,$341.05M,7.7
CRCLON-USDZ,0.2582,$220.24M,0.23
SFP-THBILL,0.2582,$220.67M,-2.2
PENGU-GOMINING,0.2581,$487.28M,1.53
ICNT-BSV,0.258,$360.06M,-8.54
META-PEANUT,0.2579,$279.95M,16.51
VELVET-ACRED,0.2578,$281.54M,-37.76
DASH-ONYC,0.2578,$643.64M,-1.56
XTZ-BONK,0.2577,$490.42M,-6.11
SAND-FRAX,0.2576,$345.25M,-4.63
CAKE-ONYC,0.2575,$693.40M,3.62
WIF-MET,0.2575,$235.76M,-5.22
SN64-EURCV,0.2575,$239.43M,3.41
DYDX-EARNETH,0.2574,$244.81M,-6.58
ZANO-CRCLON,0.2574,$224.01M,-2.16
NEO-UUSD,0.2573,$233.56M,0.65
IMX-BONK,0.2572,$492.27M,2.42
CVX-FRXUSD,0.2572,$244.74M,14.11
TWT-FLOKI,0.2572,$346.98M,-2.16
ZANO-THBILL,0.2572,$249.09M,-2.36
EURC-SHFL,0.2572,$571.44M,1.52
A-BAT,0.2572,$205.70M,-6.68
JTO-EIGEN,0.2571,$409.23M,-15.71
KITE-GLIDR,0.2571,$333.39M,0.76
APEPE-META,0.257,$296.77M,19.1
USDTB-AKT,0.2569,$483.92M,-12.92
MET-AR,0.2569,$205.47M,-3.66
TRAC-FET,0.2568,$429.58M,-6.43
LUNC-APEPE,0.2567,$480.26M,-9.09
ZK-A,0.2567,$186.64M,-9.78
SN64-ONYC,0.2567,$336.20M,3.98
STAC-WFI,0.2566,$277.19M,0.44
KAU-PENDLE,0.2566,$558.96M,6.76
CASH-KITE,0.2566,$354.02M,-3.32
GOMINING-MANA,0.2566,$246.95M,6.23
IMX-RAIL,0.2565,$317.17M,-11.51
UB-AVUSD,0.2565,$476.81M,23.77
BP-PYTH,0.2565,$435.60M,-4.28
JTO-BAT,0.2565,$372.05M,-17.54
DRV-VET,0.2564,$491.60M,-1.51
FLUID-TRUMP,0.2564,$443.68M,20.59
FLUID-XPL,0.2564,$306.87M,13.81
WEMIX-PEANUT,0.2563,$284.96M,-13.98
STRCX-GRASS,0.2563,$356.66M,-10.71
OUSG-CAKE,0.2562,$827.44M,3.28
OUSG-GLM,0.2562,$475.01M,-5.66
EARNETH-US,0.2562,$565.91M,236.17
OZO-FRAX,0.2562,$345.36M,0.21
TIA-BTT,0.2562,$565.96M,-4.2
VIRTUAL-ICNT,0.2562,$471.14M,-5.83
APYUSD-JASMY,0.2562,$369.71M,4.67
SPX-AIAT,0.2561,$420.05M,0.0
CASH-STRK,0.2561,$311.23M,-1.94
DCR-WFI,0.2561,$377.32M,9.48
IOTA-TEL,0.2561,$321.89M,-15.02
DRV-RAY,0.256,$265.65M,-2.82
GLM-GEOD,0.256,$189.11M,-6.11
USAT-ZAMA,0.256,$323.04M,44.75
OZO-JASMY,0.2558,$336.88M,0.22
GLM-A,0.2558,$197.05M,-7.07
UQC-SNX,0.2558,$230.45M,-0.4
WEMIX-MON,0.2558,$348.62M,-2.63
LUNC-TEL,0.2557,$453.21M,-18.93
FDUSD-CRCLON,0.2557,$438.95M,0.37
MET-ZAMA,0.2556,$227.23M,45.76
AKT-USDF,0.2555,$240.23M,-13.39
FLOKI-GOMINING,0.2555,$314.07M,0.12
VSN-APYUSD,0.2554,$309.02M,19.07
TWT-MON,0.2554,$396.66M,7.26
OHM-CAKE,0.2553,$723.00M,12.08
ZAMA-SHFL,0.2553,$259.21M,46.38
META-AERO,0.2552,$509.79M,15.74
KAITO-STX,0.2552,$559.79M,54.02
VIRTUAL-APXUSD,0.2551,$664.63M,6.74
KMNO-SFP,0.255,$200.75M,-1.35
WEMIX-VET,0.2549,$489.38M,-7.8
CAKE-EURC,0.2547,$897.23M,3.03
LDO-EIGEN,0.2546,$443.79M,21.92
VELVET-USDAI,0.2546,$323.94M,-37.85
WEMIX-ETHFI,0.2546,$500.31M,4.53
KOGE-THBILL,0.2546,$332.08M,-3.42
LDO-NEX,0.2545,$393.53M,15.88
GPS-GALA,0.2545,$184.62M,-5.3
FDUSD-REAL,0.2545,$595.16M,-4.1
KAITO-GEOD,0.2544,$403.61M,61.56
INJ-DCR,0.2543,$662.01M,9.77
CAKE-ICNT,0.2542,$548.76M,-6.21
NEO-CRCLON,0.2542,$226.63M,0.96
ACRED-VCNT,0.2542,$279.49M,0.2
DYDX-DASH,0.2541,$495.30M,-19.63
USTBL-BP,0.2541,$275.08M,-8.17
ZANO-BAT,0.2541,$234.57M,-7.9
NXM-A,0.254,$189.16M,7.61
STX-AERO,0.254,$664.89M,-12.62
MX-TRUMP,0.254,$507.98M,3.79
PENDLE-WFI,0.2539,$425.20M,6.39
VSN-TIBBIR,0.2538,$257.38M,17.88
GNO-REAL,0.2538,$531.70M,-11.5
APR-USDTB,0.2537,$551.91M,-5.86
KAG-ULTIMA,0.2537,$395.39M,9.23
EIGEN-TRUMP,0.2537,$497.98M,0.56
EURC-FRAX,0.2536,$670.10M,0.07
SPCXB-BORG,0.2535,$223.81M,-22.65
KITE-TRAC,0.2535,$355.67M,0.04
NXM-APEPE,0.2534,$288.23M,7.49
APXUSD-KAG,0.2534,$508.75M,1.87
SPX-KOGE,0.2532,$516.22M,-5.5
OZO-REAL,0.2532,$374.36M,-4.09
UB-GOMINING,0.2531,$476.40M,25.75
EURC-USDAI,0.2531,$607.47M,-0.1
TWT-PENGU,0.253,$520.18M,-0.75
CRVUSD-USDA,0.2529,$308.23M,-0.04
UB-JTO,0.2528,$629.47M,11.42
DEXE-A,0.2528,$376.37M,-45.0
OZO-SHORT,0.2528,$222.85M,-8.87
ULTIMA-ENS,0.2528,$357.77M,13.6
BP-SAND,0.2528,$239.42M,-13.12
WFI-USDZ,0.2528,$301.93M,0.14
APYUSD-AKE,0.2527,$253.65M,495.29
CVX-GNO,0.2525,$417.46M,6.71
XEC-CHZ,0.2525,$263.60M,-1.78
USDTB-SAND,0.2524,$480.71M,-4.29
AXS-AERO,0.2524,$558.06M,-11.85
VIRTUAL-CTOC,0.2523,$644.57M,3.7
EDGE-MX,0.2522,$286.56M,-8.92
INJ-UQC,0.2522,$567.26M,0.42
INJ-AWE,0.2522,$565.06M,3.46
CASH-RAIL,0.2522,$211.86M,-10.71
ACRED-SOSO,0.2522,$231.63M,9.79
BTSE-CHZ,0.2522,$277.25M,-12.73
MET-BAT,0.2522,$192.83M,-4.38
AXS-WEMIX,0.2521,$244.11M,-17.06
BORG-AIAT,0.2521,$256.25M,-4.14
VIRTUAL-ONYC,0.252,$615.77M,4.0
KAU-KITE,0.2519,$540.31M,-2.7
CRVUSD-GALA,0.2519,$300.66M,-9.23
DYDX-GLIDR,0.2518,$199.25M,-13.51
NXM-US,0.2517,$505.84M,234.04
DCR-XCN,0.2517,$332.44M,2.27
IMX-DCR,0.2516,$430.10M,8.43
LDO-PEANUT,0.2516,$487.73M,21.49
IMX-USTBL,0.2515,$388.16M,-0.66
CASH-A7A5,0.2515,$600.22M,-0.3
FF-AERO,0.2515,$606.66M,-7.44
ETHFI-THBILL,0.2515,$517.82M,14.66
DRV-ENS,0.2514,$278.71M,-0.66
GLM-EURC,0.2514,$544.80M,-5.91
KAG-TEL,0.2513,$388.01M,-12.58
CTOC-PYTH,0.2513,$596.36M,4.19
IMX-KITE,0.2512,$459.32M,-4.12
USTBL-XEC,0.2512,$280.30M,10.43
ULTIMA-REAL,0.2512,$430.76M,6.45
KMNO-JASMY,0.2511,$309.61M,1.19
COCO-CARDS,0.251,$453.09M,-24.09
UQC-AERO,0.251,$522.39M,-4.89
STRCX-TRUMP,0.251,$498.18M,6.91
LDO-ETHFI,0.2509,$703.09M,40.0
APXUSD-SAND,0.2509,$420.24M,-1.61
VELVET-GEOD,0.2508,$260.85M,-38.17
USDAT-TEL,0.2508,$314.11M,-11.23
NEO-PIEVERSE,0.2508,$315.86M,-3.62
MET-SYRUP,0.2508,$296.66M,12.29
LDO-FRAX,0.2507,$523.26M,25.67
OZO-OHM,0.2507,$401.10M,8.96
TWT-WEMIX,0.2507,$248.89M,-10.07
STAC-ZANO,0.2506,$233.80M,-2.32
UUSD-XCN,0.2506,$229.44M,-6.91
A-XPL,0.2506,$322.88M,-3.94
USDAI-BONK,0.2506,$422.38M,3.23
CVX-DCR,0.2505,$337.59M,23.32
NEO-BONK,0.2505,$398.72M,3.83
XEC-AR,0.2505,$235.51M,5.62
IMX-ULTIMA,0.2504,$409.02M,9.77
STAC-PIEVERSE,0.2504,$284.73M,-4.04
LDO-VIRTUAL,0.2501,$672.77M,29.02
EARNETH-EIGEN,0.2501,$287.53M,7.45
META-CHEEMS,0.2501,$195.73M,6.2
THETA-GUSD,0.2501,$275.60M,-0.72
EURC-SN64,0.25,$540.03M,3.39
WEMIX-MET,0.2499,$189.84M,-8.96
TIBBIR-SN64,0.2498,$196.48M,6.8
KMNO-GEOD,0.2498,$192.37M,0.68
ICNT-TEL,0.2498,$275.89M,-20.61
RAY-MX,0.2498,$313.59M,0.53
USDF-XPL,0.2498,$332.43M,-2.6
AKT-ZANO,0.2497,$259.55M,-15.95
RAIL-ETHFI,0.2497,$489.73M,3.8
RLB-2Z,0.2496,$306.61M,0.04
RLB-STRCX,0.2496,$245.07M,4.45
SAND-TRUMP,0.2496,$482.58M,-0.69
GNO-JASMY,0.2494,$494.23M,-7.2
TIBBIR-KMNO,0.2494,$204.51M,4.29
BORG-BTSE,0.2494,$271.38M,-6.73
OUSG-UUSD,0.2493,$480.04M,0.17
VELVET-TKX,0.2493,$269.95M,-32.92
US-XPL,0.2493,$639.55M,222.49
GRX-KAITO,0.2493,$433.37M,77.61
CVX-TEL,0.2492,$309.13M,2.85
TWT-MET,0.2492,$237.88M,0.93
AIAT-TRUMP,0.2492,$475.37M,6.06
MET-TRUMP,0.2492,$446.81M,5.15
DYDX-MANA,0.249,$229.25M,-13.57
WEMIX-GLIDR,0.249,$201.81M,-5.89
XPIN-USDZ,0.2489,$272.29M,1.15
FET-THBILL,0.2489,$423.85M,-9.66
VSN-GLIDR,0.2488,$252.28M,18.68
DYDX-JASMY,0.2488,$309.45M,-17.41
VIRTUAL-WEMIX,0.2488,$469.99M,-6.45
THETA-USDAI,0.2488,$283.53M,-0.64
DRV-AXS,0.2487,$246.33M,-10.77
EARNETH-AWE,0.2487,$252.76M,13.94
AKT-ZBT,0.2487,$242.34M,-16.2
BP-SOSO,0.2487,$230.82M,1.39
KITE-MANA,0.2487,$363.39M,0.71
OUSG-STRK,0.2485,$569.46M,-1.81
STAC-FRXUSD,0.2485,$212.57M,0.19
LDO-FARTCOIN,0.2485,$426.21M,37.41
OZO-AKE,0.2484,$220.82M,490.83
VCNT-TEL,0.2484,$338.76M,-11.15
STAC-WIF,0.2483,$248.99M,-6.05
CHZ-WFI,0.2483,$318.68M,-11.82
ACRED-TEL,0.2482,$289.36M,-11.15
ZK-PYTH,0.248,$405.71M,-4.47
GOMINING-TRAC,0.248,$239.23M,5.57
REAL-MET,0.2479,$338.47M,-3.1
IMX-EURC,0.2478,$677.36M,-0.91
APR-EURC,0.2478,$646.43M,-6.5
USDTB-BONK,0.2478,$620.47M,3.75
STRK-MON,0.2478,$437.41M,5.41
LDO-UQC,0.2477,$411.22M,25.37
META-ICNT,0.2477,$196.99M,11.15
ULTIMA-GALA,0.2477,$270.31M,1.3
JTO-IOTA,0.2477,$416.21M,-15.92
PENGU-MANA,0.2477,$503.10M,3.37
ZBCN-MON,0.2476,$425.47M,-2.5
UQC-CHZ,0.2476,$252.16M,-12.2
CARDS-WIF,0.2476,$415.21M,-22.82
INJ-FRAX,0.2474,$679.30M,0.73
GRT-RAIL,0.2474,$251.19M,-17.83
US-SFP,0.2474,$521.70M,222.79
REUSD-VET,0.2474,$556.39M,2.43
SPCXB-SUN,0.2474,$427.83M,-11.69
EURC-CRCLON,0.2473,$542.89M,0.23
INJ-TWT,0.2472,$607.70M,0.45
SUN-XPL,0.2472,$562.88M,2.23
EARNETH-APEPE,0.2471,$348.30M,9.62
WEMIX-BORG,0.2471,$238.69M,-16.06
USAT-USDF,0.2471,$297.07M,0.06
EDGE-REAL,0.247,$385.03M,-12.69
USDTB-KAITO,0.247,$664.79M,62.4
BC-PYTH,0.2469,$540.93M,58.49
GALA-AERO,0.2469,$502.99M,-14.03
APEPE-SHORT,0.2468,$298.91M,-10.3
KAITO-CTOC,0.2468,$584.27M,62.04
GOMINING-PEANUT,0.2468,$300.10M,-1.81
GLM-CRCLON,0.2467,$187.61M,-5.45
AWE-SFP,0.2467,$208.55M,0.57
SOSO-USDZ,0.2467,$243.98M,9.58
NEX-FRXUSD,0.2466,$200.25M,-9.6
KAU-KOGE,0.2465,$522.46M,-2.94
JTO-ENS,0.2465,$444.71M,-9.11
EARNETH-ICNT,0.2463,$248.51M,1.66
OZO-GEOD,0.2463,$219.64M,-0.29
FLUID-KAITO,0.2463,$395.56M,78.33
THETA-MET,0.2463,$215.51M,0.36
GLIDR-BSV,0.2462,$359.88M,4.91
STAC-FLUID,0.2461,$188.93M,16.65
RLB-ICNT,0.2461,$205.84M,-7.69
BC-AWE,0.2461,$325.39M,57.38
DEXE-PRL,0.2461,$358.15M,-36.42
NEO-MET,0.2461,$223.19M,1.63
STRK-AERO,0.2461,$603.58M,-6.71
BC-TEL,0.246,$393.88M,43.22
2Z-GNO,0.2458,$484.98M,-9.02
US-TAG,0.2458,$564.03M,243.09
TIBBIR-CTOC,0.2458,$381.49M,3.46
ZK-ULTIMA,0.2457,$266.05M,2.07
EDGE-GALA,0.2456,$224.59M,-17.83
2Z-APYUSD,0.2456,$360.46M,2.85
ZBT-SUN,0.2456,$456.24M,2.13
VET-MANA,0.2456,$520.34M,6.22
DEXE-ZBT,0.2455,$388.03M,-46.48
PRL-FRXUSD,0.2455,$193.99M,7.31
UB-APR,0.2454,$557.23M,17.17
SAND-TRAC,0.2454,$248.85M,-1.44
XEC-USDAI,0.2453,$276.89M,10.31
UB-AWE,0.2452,$466.66M,26.48
DRV-AKT,0.2452,$231.04M,-17.14
GNO-NEO,0.2452,$416.42M,-6.78
USDAT-ZK,0.2452,$224.15M,-8.48
ENS-MON,0.2452,$424.27M,10.39
META-ENS,0.2451,$271.49M,23.54
ZBT-USDF,0.2451,$225.78M,-2.7
DRV-FLOKI,0.2449,$301.15M,-5.77
DRV-AKE,0.2449,$198.17M,487.11
CHEEMS-TAG,0.2449,$245.39M,3.63
XEC-USDZ,0.2449,$246.85M,10.18
RAY-MANA,0.2449,$294.39M,4.92
TRAC-ONYC,0.2448,$369.87M,3.84
DYDX-KOGE,0.2447,$312.01M,-21.17
SFP-USDZ,0.2447,$230.12M,-2.47
VIRTUAL-RAIL,0.2446,$459.41M,-7.18
USDAT-FET,0.2446,$445.72M,-9.79
TRAC-PENDLE,0.2446,$374.32M,9.51
INJ-USDA,0.2445,$555.41M,0.47
COCO-ETHFI,0.2445,$584.11M,7.0
ZBT-GLIDR,0.2445,$215.33M,1.33
NXM-NFT,0.2444,$351.39M,9.87
STAC-USDF,0.2444,$214.48M,0.24
FARTCOIN-GEOD,0.2444,$217.36M,11.61
NFT-SUN,0.2444,$606.81M,5.86
DRV-STX,0.2443,$353.16M,-11.55
SHORT-USDAI,0.2443,$254.99M,-8.88
ZBCN-USDAI,0.2442,$334.71M,-9.84
RLB-ENS,0.2441,$280.34M,4.71
LDO-USDA,0.2441,$399.37M,25.41
SNX-ZBT,0.2441,$236.38M,-3.04
IOTA-EURCV,0.2441,$297.01M,-3.88
BC-WIF,0.244,$365.91M,48.22
ZK-EIGEN,0.2439,$224.95M,-12.07
LUNC-KAU,0.2438,$587.21M,-7.06
PENGU-FRAX,0.2437,$591.78M,-0.48
KITE-PEANUT,0.2437,$416.54M,-7.33
GEOD-SOSO,0.2437,$210.93M,9.38
THETA-BTSE,0.2437,$259.20M,-1.3
TIBBIR-SNX,0.2436,$228.92M,3.01
APR-GALA,0.2435,$285.00M,-15.65
TIBBIR-JTO,0.2435,$375.12M,-8.85
FLUID-REUSD,0.2434,$253.72M,16.71
AXS-ULTIMA,0.2434,$325.39M,3.49
VSN-COCO,0.2433,$335.11M,7.08
USDTB-FDUSD,0.2433,$701.62M,0.55
MX-AERO,0.2433,$564.96M,-5.12
XCN-FRAX,0.2432,$349.72M,-6.77
DYDX-TKX,0.2431,$201.31M,-12.66
OZO-XCN,0.2431,$254.96M,-6.93
UUSD-VET,0.2431,$488.74M,2.23
TIBBIR-IOTA,0.243,$254.06M,-0.49
PYTH-VET,0.243,$710.32M,6.21
BTSE-BONK,0.243,$398.06M,2.57
LUNC-APR,0.2429,$475.29M,-14.07
DYDX-CVX,0.2429,$232.68M,-3.51
USDA-GUSD,0.2429,$245.68M,-0.14
GOMINING-WFI,0.2429,$290.11M,2.45
USDAI-SHFL,0.2429,$278.84M,1.65
ZBT-CHZ,0.2428,$258.08M,-14.83
LUNC-TWT,0.2427,$427.37M,-7.78
KAU-PRL,0.2427,$392.38M,7.93
FDUSD-A7A5,0.2426,$824.30M,-0.29
CVX-MX,0.2424,$285.40M,13.75
AKT-APEPE,0.2424,$329.75M,-14.85
DCR-XEC,0.2424,$322.23M,19.52
ZANO-RAY,0.2424,$294.17M,-1.63
SOON-KOGE,0.2423,$304.16M,31.58
UB-ZAMA,0.2421,$498.65M,68.31
THETA-PEANUT,0.2421,$310.63M,-4.65
APYUSD-REAL,0.2421,$407.19M,0.36
OZO-KMNO,0.242,$223.32M,1.03
CTOC-JTO,0.242,$543.64M,-11.98
PIEVERSE-BTT,0.2419,$441.56M,-4.03
1INCH-BSV,0.2418,$374.31M,13.74
GRT-A,0.2418,$263.63M,-8.4
USTBL-ZK,0.2418,$245.19M,-8.37
USTBL-GOMINING,0.2418,$276.40M,2.32
MX-JASMY,0.2418,$362.18M,-0.15
USDAI-ZAMA,0.2418,$295.25M,44.76
RLB-AIAT,0.2417,$222.25M,3.61
KAG-SNX,0.2417,$336.13M,-1.62
TAG-USDF,0.2417,$256.91M,18.0
DRV-PEANUT,0.2416,$287.18M,-7.7
STAC-SOON,0.2415,$192.65M,35.33
A-GLIDR,0.2415,$203.67M,2.81
USDTB-DCR,0.2414,$558.30M,9.75
TWT-ZBT,0.2414,$262.41M,-2.85
SOON-JASMY,0.2413,$301.60M,35.34
APYUSD-EURCV,0.2413,$307.56M,4.38
META-A,0.2412,$197.70M,19.23
ACRED-STX,0.2412,$365.56M,-7.75
NFT-THETA,0.2412,$390.61M,0.32
LDO-MANA,0.2411,$434.58M,29.53
USAT-PRL,0.2411,$269.30M,7.31
USTBL-DASH,0.241,$558.28M,-1.89
TIBBIR-BSV,0.241,$364.98M,4.11
ICNT-GUSD,0.241,$251.08M,-9.43
USAT-TEL,0.241,$359.54M,-11.24
PENDLE-SFP,0.241,$353.38M,3.78
APXUSD-RAIL,0.2409,$384.90M,-7.51
COCO-TRUMP,0.2409,$541.61M,-3.38
DASH-AIAT,0.2409,$515.41M,-0.09
OZO-ZBT,0.2408,$239.24M,-2.73
SN64-BSV,0.2406,$348.48M,4.33
CVX-KMNO,0.2405,$232.84M,15.1
ACRED-PRL,0.2404,$199.11M,7.4
DASH-MANA,0.2404,$528.82M,2.01
OUSG-ENS,0.2403,$556.32M,3.16
ZRO-TRUMP,0.2403,$642.14M,3.66
BORG-PENDLE,0.2403,$388.92M,0.06
TRAC-SYRUP,0.2403,$330.91M,14.65
STAC-THETA,0.2401,$228.74M,-0.47
APEPE-PIEVERSE,0.2401,$383.44M,-5.63
KAITO-STRCX,0.2401,$450.06M,64.65
ZANO-KITE,0.2401,$363.16M,-5.84
NEX-PYTH,0.2401,$411.69M,-5.58
GOMINING-XPL,0.2401,$336.15M,-0.47
SPX-LDO,0.24,$605.27M,23.56
DEXE-NEO,0.24,$407.86M,-43.11
ZRO-USDA,0.2399,$380.93M,-0.55
DCR-SAND,0.2399,$327.97M,4.41
BORG-AR,0.2399,$254.32M,-10.75
ZRO-USTBL,0.2398,$445.60M,-0.34
ZK-BSV,0.2398,$342.85M,-7.68
AIAT-XCN,0.2398,$247.64M,-5.02
KAU-SNX,0.2396,$430.74M,0.34
SYRUP-FRXUSD,0.2396,$317.17M,11.29
APR-USDZ,0.2395,$323.78M,-6.51
INJ-FRXUSD,0.2395,$569.16M,0.56
XEC-SFP,0.2394,$222.19M,7.94
ZBCN-ETHFI,0.2393,$577.16M,4.66
SUN-AKE,0.2393,$437.81M,495.69
PENDLE-PIEVERSE,0.2392,$432.73M,1.91
VSN-GNO,0.2391,$433.54M,7.21
KAU-STRK,0.2391,$497.52M,-1.32
STRCX-A7A5,0.2391,$619.00M,2.47
LDO-PIEVERSE,0.239,$485.28M,21.26
US-GRASS,0.239,$634.83M,211.65
RLB-BC,0.2389,$323.84M,56.14
TIA-TRAC,0.2389,$430.16M,-1.02
META-SFP,0.2389,$198.15M,18.15
CRVUSD-WIF,0.2389,$358.39M,-6.2
USDA-AR,0.2389,$212.23M,-4.75
GEOD-GRASS,0.2389,$310.21M,-13.81
CHEEMS-ZAMA,0.2388,$238.13M,30.44
USAT-FARTCOIN,0.2388,$308.24M,11.93
JTO-USDAI,0.2387,$426.07M,-12.13
EIGEN-ETHFI,0.2387,$540.48M,10.94
SOSO-BONK,0.2387,$381.53M,12.91
VSN-BONK,0.2386,$415.84M,17.81
UB-DEXE,0.2386,$634.92M,-20.16
ICNT-FRXUSD,0.2386,$211.49M,-9.35
VCNT-PEANUT,0.2386,$348.98M,-3.9
NXM-BSV,0.2385,$345.36M,9.72
GALA-A7A5,0.2385,$566.82M,-9.57
STAC-XPIN,0.2384,$247.54M,1.45
DCR-FF,0.2384,$395.06M,6.56
GRX-SOON,0.2383,$214.11M,50.89
TEL-GEOD,0.2383,$268.66M,-11.56
GRX-AR,0.2382,$240.15M,11.07
TWT-JASMY,0.2382,$360.05M,0.1
BTSE-TRUMP,0.2382,$490.50M,3.48
XPIN-THBILL,0.2382,$262.83M,1.41
KAG-PYTH,0.2381,$535.05M,2.69
KAG-RAIL,0.238,$303.54M,-12.05
VSN-AVUSD,0.2379,$266.87M,14.8
LUNC-BTSE,0.2379,$412.01M,-8.34
GALA-USDZ,0.2379,$216.00M,-9.38
SPX-WEMIX,0.2377,$402.50M,-11.91
1INCH-NEX,0.2377,$206.15M,3.31
RLB-NEX,0.2377,$194.60M,-7.93
OUSG-APR,0.2376,$576.64M,-6.26
STAC-ONYC,0.2376,$348.85M,0.65
ZRO-AR,0.2375,$400.81M,-5.15
AVUSD-WFI,0.2375,$290.52M,0.46
APYUSD-BAT,0.2375,$261.54M,-0.91
STAC-KITE,0.2374,$334.65M,-3.15
CHEEMS-SNX,0.2374,$222.75M,-14.59
VSN-USDAT,0.2373,$290.69M,14.61
CTOC-TAG,0.2373,$420.07M,18.11
GALA-MX,0.2373,$239.20M,-9.61
GOMINING-CHZ,0.2372,$259.70M,-9.88
VELVET-FF,0.2371,$358.79M,-40.52
BORG-AKE,0.2371,$233.79M,484.73
TIBBIR-A7A5,0.237,$584.69M,2.99
MANA-XCN,0.237,$261.04M,-2.92
US-AVUSD,0.2369,$534.94M,225.35
APXUSD-BORG,0.2369,$433.33M,-2.87
NXM-AWE,0.2368,$192.69M,11.81
DRV-XTZ,0.2368,$328.12M,-13.02
GNO-ONYC,0.2368,$528.85M,-6.92
GPS-CRCLON,0.2368,$188.86M,4.31
CAKE-EURCV,0.2367,$596.63M,3.05
EIGEN-KITE,0.2367,$372.60M,-6.9
FDUSD-VET,0.2366,$735.05M,2.2
DYDX-TAG,0.2365,$242.93M,0.34
SPCXB-MX,0.2365,$236.12M,-16.92
FF-SYRUP,0.2364,$399.53M,8.61
TAG-SHFL,0.2364,$266.47M,19.58
TEL-SFP,0.2364,$277.05M,-13.6
GNO-UUSD,0.2363,$382.43M,-7.34
CAKE-PENDLE,0.2363,$697.84M,9.29
TIBBIR-UUSD,0.2363,$206.27M,3.33
SNX-XPIN,0.2362,$267.33M,0.98
2Z-RAIL,0.2361,$292.18M,-12.35
CVX-EURCV,0.2361,$284.25M,13.99
APXUSD-AKE,0.2361,$390.58M,494.01
XEC-TRUMP,0.2361,$476.85M,14.43
BC-ACRED,0.236,$334.61M,54.56
BORG-JASMY,0.236,$349.86M,-5.89
UB-APEPE,0.2359,$562.20M,22.16
FLOKI-MX,0.2359,$349.10M,-2.42
FLOKI-MON,0.2359,$446.70M,5.28
AWE-VCNT,0.2359,$270.26M,3.02
GNO-BTSE,0.2358,$415.76M,-8.04
AWE-SOSO,0.2358,$222.41M,12.61
EURC-USDZ,0.2358,$577.42M,-0.23
IMX-USDAI,0.2357,$384.76M,-0.78
EARNETH-KMNO,0.2357,$244.96M,12.02
EDGE-CTOC,0.2356,$410.98M,-8.41
CAKE-JTO,0.2356,$715.83M,-8.99
AIAT-THBILL,0.2356,$235.91M,2.09
UB-VIRTUAL,0.2355,$730.41M,27.1
DYDX-AERO,0.2355,$512.24M,-22.37
GUSD-BONK,0.2355,$414.45M,3.15
BC-AERO,0.2354,$633.94M,49.69
TIBBIR-A,0.2354,$208.77M,2.01
VSN-VET,0.2352,$539.85M,16.78
1INCH-OHM,0.2352,$391.62M,21.84
KAITO-ZAMA,0.2352,$447.08M,106.61
WEMIX-JASMY,0.2352,$312.01M,-9.79
GEOD-WFI,0.2352,$268.89M,-0.06
ZK-FRAX,0.2351,$304.42M,-8.31
SN64-FRXUSD,0.2351,$199.91M,3.52
DRV-WFI,0.235,$277.19M,-3.44
ZK-XEC,0.235,$203.81M,1.8
TRAC-GLIDR,0.235,$225.05M,7.46
ACRED-EURCV,0.2349,$264.48M,-0.01
AWE-BORG,0.2348,$244.09M,-3.16
INJ-NFT,0.2347,$723.76M,1.52
TIA-SYRUP,0.2347,$513.74M,6.88
OHM-AIAT,0.2347,$393.78M,10.86
ZK-CRVUSD,0.2347,$296.40M,-8.46
STX-GEOD,0.2347,$344.86M,-8.17
OHM-STRK,0.2346,$465.02M,6.99
VSN-REUSD,0.2345,$318.33M,14.84
VIRTUAL-MANA,0.2344,$500.95M,7.57
US-TEL,0.2343,$593.28M,213.9
USDAT-SNX,0.2343,$262.23M,-0.26
DYDX-PIEVERSE,0.2342,$279.95M,-21.83
DRV-FARTCOIN,0.2342,$225.65M,8.23
KAU-UQC,0.2342,$416.33M,0.51
AKT-ONYC,0.2342,$374.60M,-12.98
SPX-BP,0.2339,$416.31M,-10.23
KAU-BAT,0.2339,$411.72M,-4.77
DCR-NEO,0.2339,$336.55M,9.83
LDO-TIA,0.2338,$609.69M,21.09
GPS-MX,0.2338,$246.60M,3.61
UQC-BTT,0.2338,$367.49M,0.07
ACRED-COMP,0.2338,$274.37M,2.49
UB-SFP,0.2337,$463.57M,21.21
NEO-A,0.2337,$236.06M,-0.67
FDUSD-ETHFI,0.2337,$745.99M,14.53
KITE-FRXUSD,0.2337,$341.92M,-3.32
GLIDR-FRAX,0.2337,$321.45M,4.27
VSN-FARTCOIN,0.2336,$273.90M,26.51
VSN-PENDLE,0.2336,$401.55M,20.73
KMNO-ICNT,0.2336,$199.59M,-8.36
ULTIMA-AVUSD,0.2336,$297.68M,10.77
KAITO-SOSO,0.2336,$425.86M,71.56
DYDX-ULTIMA,0.2335,$279.57M,-7.04
AKT-TEL,0.2335,$302.71M,-24.69
OHM-SNX,0.2335,$398.24M,8.65
ZRO-BP,0.2334,$398.99M,-8.78
ACRED-NFT,0.2334,$379.56M,1.07
TKX-TRAC,0.2333,$227.11M,8.31
TIBBIR-DASH,0.2333,$503.92M,1.27
ONYC-COMP,0.2332,$405.53M,2.86
VSN-GRASS,0.2331,$366.76M,1.1
DCR-CTOC,0.2331,$477.78M,9.39
CRVUSD-GOMINING,0.2331,$327.61M,2.23
DCR-KITE,0.233,$434.78M,5.89
VIRTUAL-FLUID,0.2329,$455.86M,20.0
ICNT-ENS,0.2328,$277.64M,-6.33
DEXE-APYUSD,0.2327,$432.21M,-39.24
BORG-EIGEN,0.2327,$278.86M,-9.65
LUNC-ZRO,0.2326,$563.65M,-8.16
LUNC-ULTIMA,0.2325,$460.60M,2.88
IMX-UUSD,0.2325,$327.11M,-0.75
GPS-A7A5,0.2325,$574.21M,3.65
EURC-BAT,0.2325,$553.45M,-5.51
CARDS-FARTCOIN,0.2324,$391.88M,-4.66
USTBL-AR,0.2322,$276.90M,-4.54
FLUID-DASH,0.2322,$483.72M,14.44
DRV-STRCX,0.2321,$243.44M,-0.92
AWE-FET,0.2321,$411.74M,-6.89
PEANUT-SHFL,0.2321,$305.94M,-2.37
IMX-WFI,0.232,$401.87M,-0.54
CHEEMS-BP,0.232,$214.55M,-22.61
APYUSD-VET,0.2319,$547.08M,6.67
KMNO-XPL,0.2318,$318.61M,-1.66
JTO-PIEVERSE,0.2318,$450.72M,-16.37
NFT-VET,0.2318,$653.48M,3.16
1INCH-FRXUSD,0.2317,$225.74M,12.93
KAU-TRAC,0.2317,$431.97M,4.0
ZRO-FF,0.2317,$477.04M,-3.14
APXUSD-FF,0.2317,$487.34M,0.54
GLM-XPL,0.2317,$315.35M,-8.45
XTZ-XCN,0.2317,$355.13M,-16.28
STRK-EIGEN,0.2316,$329.80M,-5.51
UUSD-WIF,0.2316,$246.13M,-6.19
ETHFI-MET,0.2315,$489.31M,15.52
TIA-ZBT,0.2314,$420.44M,-7.15
DCR-ENS,0.2314,$378.85M,12.26
FDUSD-THETA,0.2314,$472.19M,-0.63
USDTB-EURC,0.2313,$805.56M,0.41
CASH-GALA,0.2313,$210.63M,-9.26
JASMY-AERO,0.2313,$625.96M,-4.58
US-UUSD,0.2312,$518.75M,225.19
META-FRXUSD,0.2312,$205.34M,20.52
TKX-VCNT,0.231,$267.89M,5.04
APXUSD-REAL,0.231,$544.12M,-0.92
AVUSD-JASMY,0.231,$327.56M,0.4
VSN-META,0.2309,$246.31M,35.1
GLM-AR,0.2308,$210.82M,-10.47
AXS-STRCX,0.2308,$284.48M,-4.3
AWE-AERO,0.2308,$520.19M,-1.85
A-JASMY,0.2307,$313.88M,-1.09
NEO-ULTIMA,0.2306,$315.48M,11.17
XEC-JASMY,0.2306,$331.04M,10.49
OZO-RAY,0.2305,$288.30M,0.91
GRX-IOTA,0.2305,$271.67M,11.96
NEX-SHORT,0.2305,$187.88M,-18.51
FARTCOIN-SUN,0.2305,$465.30M,16.81
SOSO-USDAI,0.2305,$274.03M,9.71
OHM-KAITO,0.2303,$585.07M,70.8
DCR-PENGU,0.2303,$574.50M,8.56
UQC-USDF,0.23,$219.86M,-0.07
FDUSD-XEC,0.23,$465.55M,10.32
USDTB-CHZ,0.2299,$499.66M,-11.55
THBILL-USDF,0.2299,$229.77M,0.2
META-STRCX,0.2298,$236.21M,23.29
KMNO-KITE,0.2298,$330.02M,-2.33
MX-SUN,0.2298,$492.88M,4.54
UB-TWT,0.2297,$509.30M,23.47
LDO-KAITO,0.2297,$612.47M,87.36
FLOKI-APYUSD,0.2297,$356.64M,2.41
IOTA-NFT,0.2297,$412.10M,-2.8
COCO-PYTH,0.2296,$505.58M,-3.49
DEXE-SYRUP,0.2295,$481.33M,-32.44
SPCXB-XEC,0.2295,$204.99M,-6.27
LUNC-BC,0.2294,$498.47M,46.77
SAND-AWE,0.2294,$231.01M,-1.9
REUSD-RAY,0.2293,$330.44M,1.13
REAL-SUN,0.2293,$591.35M,0.77
FARTCOIN-WFI,0.2292,$297.55M,12.18
EDGE-GRASS,0.2291,$351.84M,-22.06
NEO-TRUMP,0.2291,$491.16M,4.74
APR-CHEEMS,0.229,$296.71M,-20.7
DRV-COCO,0.229,$286.86M,-11.21
GRX-FRXUSD,0.229,$234.02M,15.75
USDAT-SHORT,0.229,$237.35M,-8.88
ZK-UQC,0.229,$192.37M,-8.62
AKT-FRXUSD,0.2289,$238.31M,-13.44
ETHFI-XPIN,0.2289,$544.79M,15.77
ZBCN-EIGEN,0.2288,$317.87M,-13.42
US-AKE,0.2288,$514.49M,715.95
CTOC-WFI,0.2288,$449.55M,0.42
APEPE-REAL,0.2286,$450.42M,-5.52
WIF-TAG,0.2286,$291.41M,11.71
ZK-TRAC,0.2285,$208.02M,-5.12
STAC-ZK,0.2284,$187.00M,-8.32
LUNC-NFT,0.2283,$543.42M,-6.71
DRV-RAIL,0.2283,$192.49M,-14.41
NXM-KMNO,0.2282,$184.89M,9.89
DYDX-OHM,0.2282,$373.67M,-8.67
CASH-TIA,0.2282,$428.51M,-4.39
WIF-STX,0.2282,$396.86M,-14.09
STRCX-CRCLON,0.2282,$233.65M,3.13
APR-IOTA,0.2281,$343.96M,-10.17
SNX-WIF,0.228,$268.78M,-6.52
JTO-XCN,0.228,$398.30M,-19.1
A-FRXUSD,0.228,$212.21M,-1.27
LUNC-SFP,0.2279,$381.63M,-10.04
TKX-UQC,0.2279,$211.46M,4.82
SPX-OZO,0.2278,$427.37M,-1.9
MX-SFP,0.2278,$253.32M,-2.7
LUNC-TRUMP,0.2277,$636.29M,-3.56
ZRO-OHM,0.2277,$560.56M,8.45
NEO-STRCX,0.2277,$274.57M,3.39
GOMINING-REAL,0.2277,$364.62M,-1.93
AIAT-USDF,0.2277,$229.82M,1.99
BP-FET,0.2276,$420.15M,-18.11
WIF-APYUSD,0.2276,$304.47M,-1.75
USDZ-SHFL,0.2276,$248.79M,1.52
BORG-KITE,0.2275,$370.27M,-9.4
EARNETH-SHFL,0.2274,$268.34M,12.66
ZANO-WFI,0.2273,$305.70M,-2.25
WIF-AERO,0.2273,$560.72M,-11.01
SN64-TRUMP,0.2273,$447.38M,7.64
US-GOMINING,0.2271,$534.53M,227.34
APEPE-A7A5,0.2271,$679.57M,-1.71
OHM-KMNO,0.2271,$373.83M,9.93
CTOC-CRVUSD,0.2271,$487.05M,0.2
RLB-VET,0.227,$493.23M,3.86
KOGE-SFP,0.227,$316.88M,-5.92
VELVET-STRCX,0.2268,$307.30M,-35.08
CVX-EURC,0.2268,$584.85M,13.98
BTT-USDF,0.2268,$371.31M,0.25
STAC-KAU,0.2267,$410.95M,0.81
BC-BORG,0.2266,$357.84M,48.39
US-META,0.2266,$514.38M,245.65
UQC-PIEVERSE,0.2266,$290.10M,-4.35
NEX-MET,0.2266,$179.75M,-8.59
TEL-FET,0.2266,$480.23M,-21.05
EIGEN-GUSD,0.2266,$290.10M,-3.64
AIAT-ETHFI,0.2266,$517.87M,16.44
COMP-EURCV,0.2266,$308.76M,2.29
LDO-ENS,0.2265,$479.27M,28.52
TIBBIR-BONK,0.2265,$371.43M,6.51
SNX-APYUSD,0.2264,$280.56M,4.2
USDAT-BP,0.2262,$254.04M,-8.29
AIAT-MET,0.2262,$207.40M,2.95
DYDX-CHEEMS,0.2261,$198.18M,-31.91
OHM-FLOKI,0.2261,$474.31M,6.86
OHM-RAIL,0.2261,$365.65M,-1.78
META-ZAMA,0.2261,$233.23M,65.25
EDGE-USTBL,0.2259,$296.82M,-8.44
2Z-NFT,0.2259,$466.86M,-0.66
2Z-MANA,0.2259,$333.72M,2.4
TKX-A7A5,0.2259,$581.65M,4.63
A-SOSO,0.2259,$218.88M,8.41
1INCH-DYDX,0.2258,$213.68M,-4.69
XTZ-GUSD,0.2258,$374.98M,-9.39
IOTA-MX,0.2258,$298.16M,-4.12
XTZ-REAL,0.2257,$474.53M,-13.45
ACRED-MON,0.2257,$363.24M,7.45
A-REAL,0.2257,$351.35M,-5.4
1INCH-SFP,0.2256,$218.55M,10.56
INJ-TAG,0.2256,$604.30M,18.49
CVX-TRUMP,0.2256,$492.21M,18.23
ZRO-THBILL,0.2256,$402.69M,-0.32
VSN-BTSE,0.2255,$284.00M,13.94
NXM-USTBL,0.2255,$247.71M,9.03
OUSG-SUN,0.2255,$722.54M,5.01
STRCX-BONK,0.2255,$405.74M,5.99
MX-CHZ,0.2255,$294.73M,-12.42
NXM-DYDX,0.2254,$184.74M,-8.71
PENDLE-FRAX,0.2254,$470.72M,6.32
SFP-GRASS,0.2254,$318.60M,-15.85
RLB-XPIN,0.2253,$249.17M,2.94
APR-OZO,0.2253,$321.69M,-6.36
KMNO-FRXUSD,0.2253,$207.94M,1.01
NFT-AKE,0.2253,$360.05M,491.78
USDTB-FLOKI,0.2252,$554.03M,-1.54
SNX-KITE,0.2252,$354.44M,-3.61
GRX-STRCX,0.2251,$264.89M,18.52
SHORT-KOGE,0.2251,$311.70M,-12.47
USTBL-USAT,0.225,$346.07M,0.14
ZK-STRCX,0.225,$225.15M,-5.72
AXS-ZANO,0.225,$274.85M,-9.59
RAY-KOGE,0.2249,$377.15M,-2.69
STAC-FLOKI,0.2248,$301.15M,-1.89
USDTB-SN64,0.2248,$445.51M,4.04
VELVET-OZO,0.2247,$291.80M,-37.83
VELVET-GRASS,0.2247,$382.37M,-51.35
ZRO-USAT,0.2246,$469.98M,-0.47
APEPE-ZAMA,0.2246,$339.17M,43.34
STAC-SNX,0.2245,$225.08M,-0.1
OZO-PYTH,0.2245,$446.66M,4.05
CASH-PYTH,0.2245,$443.38M,4.03
UUSD-GOMINING,0.2245,$215.35M,2.23
FF-RAY,0.2245,$355.29M,-1.79
AKT-GEOD,0.2244,$222.74M,-13.76
PIEVERSE-SYRUP,0.2244,$389.33M,7.05
BONK-THBILL,0.2244,$382.88M,3.37
RLB-EIGEN,0.2243,$244.86M,-1.9
VELVET-A,0.2243,$268.79M,-39.14
KAITO-ENS,0.2243,$485.34M,64.91
CARDS-GOMINING,0.2243,$384.43M,-14.39
TAG-KOGE,0.2243,$359.22M,14.37
US-A,0.2242,$521.25M,223.86
BP-EIGEN,0.2242,$254.83M,-11.87
BC-GRX,0.2241,$343.67M,70.2
MX-USDF,0.2241,$262.43M,-0.29
KOGE-BAT,0.2241,$317.56M,-8.97
STAC-USDZ,0.224,$230.03M,0.07
DRV-USTBL,0.224,$263.48M,-3.56
JTO-TAG,0.224,$413.70M,5.8
NFT-GRASS,0.224,$480.39M,-12.52
KOGE-JASMY,0.224,$425.74M,-3.38
UQC-BORG,0.2238,$246.29M,-6.2
VSN-ICNT,0.2237,$252.47M,5.23
STAC-STRK,0.2237,$291.85M,-1.76
RLB-ZBCN,0.2236,$281.55M,-8.18
CVX-AWE,0.2236,$240.64M,17.02
APEPE-IOTA,0.2235,$348.94M,-5.18
ULTIMA-APYUSD,0.2235,$339.83M,15.05
FDUSD-UUSD,0.2235,$445.88M,0.06
TEL-ZBT,0.2235,$288.26M,-14.0
PENDLE-KOGE,0.2235,$464.80M,2.57
FET-FRAX,0.2235,$525.98M,-9.62
USDTB-TIBBIR,0.2234,$462.01M,3.82
IMX-TRUMP,0.2233,$584.71M,3.34
EARNETH-REUSD,0.2233,$314.38M,11.27
ACRED-XPL,0.2233,$335.63M,-2.56
BORG-USDAI,0.2233,$295.71M,-6.06
ULTIMA-SN64,0.2232,$271.69M,14.07
TEL-EURC,0.2232,$624.35M,-11.36
GRT-DEXE,0.223,$435.42M,-50.84
VCNT-REAL,0.223,$413.50M,-4.02
DASH-TAG,0.223,$542.50M,15.92
IMX-JTO,0.2229,$495.96M,-12.93
STAC-SN64,0.2229,$192.64M,3.69
TIBBIR-CARDS,0.2229,$375.35M,-13.29
EIGEN-ZAMA,0.2229,$278.40M,41.17
APR-WFI,0.2228,$370.93M,-6.13
TAG-BTSE,0.2228,$278.18M,17.29
APYUSD-FRXUSD,0.2228,$268.05M,4.49
1INCH-DCR,0.2227,$318.60M,22.14
FLUID-GOMINING,0.2227,$201.85M,18.65
SHORT-PENDLE,0.2227,$348.20M,-2.76
MET-FRXUSD,0.2227,$199.34M,1.03
1INCH-TRAC,0.2226,$239.48M,16.29
KAU-FRXUSD,0.2226,$418.23M,0.64
CASH-AR,0.2226,$238.07M,-4.67
XTZ-ETHFI,0.2226,$625.36M,5.18
XTZ-EURCV,0.2226,$374.91M,-9.43
RAIL-A7A5,0.2226,$568.05M,-11.02
UB-AKE,0.2225,$456.36M,514.37
TWT-CAKE,0.2225,$595.66M,3.06
USDZ-FRAX,0.2225,$347.46M,0.07
APEPE-PEANUT,0.2224,$385.90M,-5.41
WEMIX-AR,0.2224,$216.48M,-14.65
GEOD-SUN,0.2224,$436.64M,4.57
MANA-GRASS,0.2224,$347.25M,-9.45
TAG-MET,0.2223,$234.48M,18.96
APYUSD-MANA,0.2223,$289.51M,8.52
OUSG-FDUSD,0.2222,$726.35M,0.15
2Z-APXUSD,0.2222,$497.39M,1.56
CASH-GRASS,0.2222,$337.89M,-13.49
VCNT-GALA,0.2222,$253.06M,-9.16
BORG-SHORT,0.2222,$235.82M,-14.97
SHORT-GLIDR,0.2222,$198.94M,-4.81
TIBBIR-FET,0.2221,$412.40M,-6.52
GALA-FRXUSD,0.2221,$198.54M,-9.25
SPX-TIBBIR,0.222,$408.56M,1.36
APEPE-KAITO,0.222,$510.63M,60.47
DRV-OZO,0.2219,$227.94M,-3.67
XEC-GLIDR,0.2219,$220.84M,14.38
IMX-FLUID,0.2218,$313.61M,15.67
CVX-KITE,0.2217,$366.82M,10.77
BP-BTSE,0.2217,$247.35M,-8.95
GRX-ACRED,0.2216,$239.14M,15.84
CARDS-CRCLON,0.2216,$361.72M,-16.23
ZBT-SHORT,0.2216,$211.50M,-11.65
KITE-COMP,0.2216,$391.33M,-0.93
OZO-AERO,0.2215,$539.67M,-4.74
GLM-SOON,0.2215,$184.77M,29.36
US-DASH,0.2214,$816.40M,223.12
LDO-THETA,0.2213,$429.29M,24.84
2Z-SNX,0.2213,$324.77M,-1.92
GPS-IOTA,0.2213,$243.58M,0.18
CHEEMS-PRL,0.2212,$184.39M,-7.01
XTZ-FF,0.2212,$417.76M,-11.99
KOGE-AERO,0.2212,$628.52M,-8.34
CARDS-XPIN,0.2211,$413.76M,-15.32
LUNC-GOMINING,0.2208,$394.46M,-5.5
FDUSD-STRCX,0.2208,$486.89M,2.8
THETA-SOSO,0.2208,$242.68M,9.04
USTBL-GLM,0.2207,$255.60M,-5.66
USTBL-MX,0.2207,$311.43M,-0.21
ACRED-GEOD,0.2207,$209.39M,-0.22
USAT-PEANUT,0.2207,$369.77M,-3.99
PYTH-A,0.2206,$423.65M,2.74
OUSG-KITE,0.2205,$612.25M,-3.2
ONYC-A7A5,0.2204,$724.41M,0.16
ZRO-AVUSD,0.2203,$400.73M,-0.27
REUSD-GLIDR,0.2203,$268.82M,4.34
BORG-A,0.2203,$240.56M,-7.36
NXM-REUSD,0.2202,$254.30M,9.14
LDO-SAND,0.2202,$428.38M,20.67
UQC-EURC,0.2202,$558.05M,-0.24
TEL-USDF,0.2202,$286.15M,-11.19
1INCH-BP,0.2201,$230.05M,4.61
REUSD-ONYC,0.2201,$413.64M,0.72
FRXUSD-EURCV,0.2201,$259.36M,-0.09
ZBCN-GNO,0.22,$459.92M,-17.24
USTBL-MANA,0.22,$292.23M,4.17
APXUSD-GLM,0.22,$389.82M,-2.59
SNX-SHORT,0.22,$219.99M,-9.18
CRCLON-XCN,0.22,$222.51M,-6.61
SPX-TRUMP,0.2199,$659.46M,2.2
CAKE-NFT,0.2199,$711.71M,4.13
APXUSD-VET,0.2198,$684.01M,5.39
KOGE-VET,0.2198,$603.10M,-1.39
COCO-ACRED,0.2196,$299.26M,-7.41
AXS-REUSD,0.2196,$311.12M,-6.83
GOMINING-SUN,0.2196,$457.85M,7.08
TRUMP-FET,0.2196,$663.31M,-5.68
AIAT-GLIDR,0.2194,$219.36M,6.02
BTSE-XCN,0.2194,$262.77M,-7.61
IMX-KAITO,0.2192,$536.59M,61.08
USDTB-GRASS,0.2192,$571.39M,-12.96
MANA-JASMY,0.2192,$342.97M,4.23
OZO-EIGEN,0.219,$265.89M,-3.54
INJ-AVUSD,0.2189,$575.21M,0.75
ACRED-TAG,0.2189,$260.11M,18.04
UB-GNO,0.2188,$643.48M,16.18
GNO-USDAI,0.2188,$440.08M,-7.37
UQC-EURCV,0.2188,$257.46M,-0.22
UQC-KOGE,0.2187,$322.17M,-3.69
KITE-PENDLE,0.2187,$482.65M,2.81
ETHFI-BTSE,0.2187,$533.00M,13.86
OUSG-DASH,0.2186,$777.68M,-1.89
DYDX-FRAX,0.2186,$317.93M,-17.42
NXM-SHFL,0.2185,$208.27M,10.53
SPX-USDF,0.2185,$413.91M,-1.88
TIA-USDAT,0.2185,$446.29M,-4.38
JTO-WFI,0.2185,$443.18M,-11.89
EDGE-BC,0.2184,$355.54M,45.89
OZO-TAG,0.2184,$270.36M,17.97
ACRED-KOGE,0.2184,$329.19M,-3.47
UUSD-SOON,0.2184,$189.80M,35.19
FLOKI-A7A5,0.2184,$676.71M,-2.38
USDTB-USAT,0.2183,$540.75M,0.53
STRK-TEL,0.2183,$363.53M,-13.19
JTO-TEL,0.2183,$442.95M,-23.39
GALA-TAG,0.2183,$233.68M,8.68
MON-SUN,0.2182,$590.48M,12.24
BP-TRAC,0.2181,$237.90M,-4.93
FDUSD-BORG,0.218,$484.37M,-6.06
WEMIX-AVUSD,0.218,$216.40M,-9.77
WEMIX-COMP,0.218,$259.75M,-7.59
PYTH-BONK,0.218,$586.31M,7.24
NFT-BAT,0.218,$367.94M,-4.42
BC-PRL,0.2178,$303.64M,61.76
XTZ-AVUSD,0.2178,$341.45M,-9.12
JTO-SPCXB,0.2178,$354.17M,-28.71
PIEVERSE-BSV,0.2177,$440.58M,-3.41
FF-TRUMP,0.2176,$549.67M,1.47
REUSD-KITE,0.2175,$399.44M,-3.08
FDUSD-ZANO,0.2174,$477.26M,-2.49
MET-COMP,0.2174,$248.74M,3.41
SOSO-CRCLON,0.2173,$209.44M,10.04
INJ-LDO,0.2172,$762.43M,26.03
VELVET-PEANUT,0.2172,$351.04M,-41.86
OHM-GUSD,0.2172,$425.31M,8.86
AIAT-REAL,0.2172,$367.04M,-2.18
CASH-CVX,0.2171,$256.83M,14.1
GLM-SAND,0.2171,$219.95M,-10.61
GLM-EURCV,0.2171,$244.20M,-5.9
ZANO-AR,0.217,$247.21M,-7.18
EIGEN-EURCV,0.217,$290.03M,-3.67
NFT-PEANUT,0.217,$449.06M,-3.02
DRV-STRK,0.2169,$291.85M,-5.64
BC-TWT,0.2169,$368.04M,54.37
ZBCN-ZBT,0.2169,$291.22M,-12.61
OUSG-SHFL,0.2168,$501.65M,1.76
DCR-FLOKI,0.2168,$401.29M,7.15
2Z-ZRO,0.2167,$487.09M,-2.11
META-FDUSD,0.2167,$441.51M,20.53
TWT-RAIL,0.2167,$238.31M,-10.8
XTZ-CRVUSD,0.2167,$437.52M,-9.29
DASH-A,0.2167,$499.72M,-3.3
GOMINING-AERO,0.2167,$529.94M,-2.58
NFT-USDZ,0.2167,$391.91M,0.86
VSN-NEO,0.2166,$284.67M,15.2
KMNO-NFT,0.2166,$362.54M,1.98
UUSD-AIAT,0.2166,$217.76M,1.98
PRL-BONK,0.2166,$349.02M,10.52
CVX-KOGE,0.2165,$348.96M,10.53
TEL-THETA,0.2165,$300.41M,-11.9
XPIN-GUSD,0.2165,$294.40M,1.2
USDAT-ZAMA,0.2164,$277.61M,44.76
PRL-TRUMP,0.2164,$441.46M,11.43
OHM-THBILL,0.2163,$393.74M,9.08
CHEEMS-BTSE,0.2163,$233.43M,-14.96
USTBL-WIF,0.2162,$307.19M,-6.11
ICNT-MANA,0.2161,$232.96M,-5.33
ZRO-APEPE,0.216,$486.12M,-1.88
APXUSD-JASMY,0.216,$506.64M,3.39
UB-APXUSD,0.2157,$655.89M,26.77
WIF-PENDLE,0.2157,$397.00M,-0.1
MON-AERO,0.2157,$662.57M,2.58
FLUID-XTZ,0.2156,$311.76M,7.14
PENDLE-NFT,0.2156,$515.17M,7.11
GRX-KMNO,0.2155,$222.12M,16.74
STX-KOGE,0.2155,$464.67M,-11.42
STAC-WEMIX,0.2154,$203.07M,-9.8
SNX-TAG,0.2154,$267.50M,17.66
UB-INJ,0.2152,$820.07M,24.11
STAC-GRASS,0.2152,$318.51M,-13.31
STRK-BTSE,0.2152,$322.32M,-2.59
SHORT-AERO,0.2152,$511.93M,-13.67
TKX-FF,0.2151,$295.73M,2.27
GRX-TWT,0.2151,$272.56M,15.65
TWT-XPIN,0.2151,$293.36M,1.17
ICNT-RAIL,0.2151,$191.42M,-20.07
VSN-STRK,0.215,$340.10M,12.65
A7A5-GRASS,0.2149,$694.07M,-13.8
DEXE-NFT,0.2148,$538.60M,-42.74
AKT-USDA,0.2148,$224.57M,-13.52
WEMIX-CRCLON,0.2148,$193.28M,-9.63
ZRO-NEX,0.2147,$375.08M,-10.08
DASH-THBILL,0.2147,$515.37M,-1.87
GOMINING-GLIDR,0.2147,$216.95M,6.28
SHORT-A7A5,0.2147,$575.76M,-9.2
KAU-ZAMA,0.2146,$446.12M,45.37
CASH-PRL,0.2146,$206.09M,7.31
GNO-CAKE,0.2145,$729.84M,-4.24
BP-GALA,0.2145,$202.85M,-17.57
ENS-A7A5,0.2145,$654.28M,2.73
IMX-BSV,0.2144,$485.81M,0.03
LDO-BTSE,0.2144,$436.31M,24.84
APEPE-ICNT,0.2144,$302.93M,-10.77
CTOC-EIGEN,0.2144,$415.59M,-3.41
FLOKI-ZANO,0.2144,$329.67M,-4.58
SOON-APYUSD,0.2144,$248.14M,39.63
XEC-REAL,0.2144,$368.52M,6.18
A7A5-SOSO,0.2144,$594.79M,9.39
EDGE-GUSD,0.2143,$285.48M,-8.64
BTSE-GRASS,0.2143,$348.98M,-14.14
ZK-FDUSD,0.2142,$430.45M,-8.48
ZK-MX,0.2142,$234.94M,-8.84
META-TAG,0.2141,$240.48M,38.45
ZK-DCR,0.2141,$287.13M,0.72
US-KAG,0.214,$632.66M,223.81
CTOC-BSV,0.214,$533.49M,0.99
STRCX-COMP,0.214,$300.12M,5.17
TWT-USDZ,0.2139,$275.86M,-0.21
SOON-SUN,0.2139,$432.30M,40.03
WFI-XPL,0.2139,$395.13M,-2.4
US-XTZ,0.2138,$644.44M,215.82
EIGEN-SHORT,0.2138,$238.15M,-12.47
ZBT-PEANUT,0.2138,$298.48M,-6.76
VIRTUAL-EURC,0.2137,$819.60M,3.42
CHEEMS-PENDLE,0.2137,$350.97M,-8.17
DASH-GOMINING,0.2137,$513.00M,0.17
ZANO-GALA,0.2137,$219.77M,-11.77
KMNO-RAIL,0.2136,$187.86M,-9.71
RAIL-TRUMP,0.2136,$447.23M,-6.58
BTT-BSV,0.2136,$517.97M,1.02
APR-BC,0.2135,$415.96M,48.07
LDO-GRT,0.2135,$464.54M,18.37
TIA-KITE,0.2135,$538.49M,-7.73
USTBL-IOTA,0.2135,$308.42M,-3.65
SPCXB-XPL,0.2135,$306.12M,-19.23
EDGE-ZBT,0.2133,$249.92M,-11.33
VELVET-AIAT,0.2133,$284.48M,-35.92
USDTB-ENS,0.2132,$531.59M,3.56
FLUID-A7A5,0.2132,$564.49M,16.16
GPS-AVUSD,0.2132,$211.99M,4.17
STAC-APYUSD,0.2131,$260.77M,4.67
FLOKI-XPIN,0.2131,$343.41M,-0.81
JTO-ZBT,0.2131,$382.58M,-14.9
STX-ONYC,0.2131,$496.72M,-7.38
NFT-REAL,0.2131,$513.58M,-3.14
APEPE-STX,0.213,$451.88M,-9.26
TRAC-VET,0.213,$512.62M,5.56
BP-REUSD,0.2129,$281.67M,-8.06
BP-GOMINING,0.2129,$229.80M,-6.11
FLOKI-STRCX,0.2129,$339.30M,0.71
NFT-BSV,0.2128,$523.01M,1.8
UB-APYUSD,0.2127,$518.96M,28.05
APR-SAND,0.2127,$321.58M,-11.21
BORG-THBILL,0.2127,$256.20M,-5.92
COCO-JTO,0.2126,$452.86M,-19.65
EARNETH-FLUID,0.2124,$233.23M,27.48
OHM-WIF,0.2124,$422.15M,2.69
XTZ-RAIL,0.2123,$315.32M,-20.04
USDAT-AWE,0.2122,$245.62M,2.94
NEO-FRAX,0.2122,$353.84M,0.79
SPX-FLUID,0.212,$388.36M,14.53
BC-FARTCOIN,0.212,$342.58M,66.38
SNX-USDA,0.212,$218.61M,-0.36
KITE-XPL,0.212,$452.59M,-5.99
ULTIMA-A7A5,0.2119,$659.90M,10.26
STAC-JTO,0.2118,$371.28M,-11.96
FLUID-ENS,0.2117,$262.36M,19.5
BAT-EURCV,0.2117,$252.85M,-5.5
NXM-XTZ,0.2116,$312.34M,-0.43
STAC-GALA,0.2115,$191.26M,-9.08
KAG-PEANUT,0.2115,$398.23M,-5.34
SNX-BTSE,0.2115,$255.55M,-0.93
PENGU-SOSO,0.2115,$488.31M,9.03
CASH-JASMY,0.2114,$333.60M,0.2
OHM-GRX,0.2114,$399.90M,24.67
KAITO-SAND,0.2113,$434.46M,57.05
ICNT-CRVUSD,0.2113,$313.62M,-9.33
SOSO-TRUMP,0.2113,$473.98M,13.82
VSN-FF,0.2112,$343.18M,11.93
BC-PENGU,0.2112,$591.29M,53.8
CVX-USDAT,0.2112,$274.62M,14.11
GRX-PIEVERSE,0.2112,$306.18M,11.52
2Z-CHEEMS,0.2111,$302.65M,-15.95
VIRTUAL-KAG,0.2111,$583.26M,2.2
APEPE-JTO,0.2111,$470.00M,-13.55
OZO-AKT,0.211,$253.69M,-13.42
TIA-TWT,0.211,$454.96M,-4.49
GRX-SN64,0.211,$214.09M,19.25
1INCH-APEPE,0.2109,$317.18M,11.51
TIA-APYUSD,0.2109,$464.62M,0.09
ZRO-GUSD,0.2109,$434.26M,-0.54
AIAT-SUN,0.2109,$460.27M,6.82
UB-DCR,0.2108,$563.61M,32.79
GRT-UQC,0.2108,$269.36M,-7.24
DEXE-BP,0.2108,$388.32M,-52.02
KAG-FRXUSD,0.2108,$323.61M,-1.33
KOGE-USDAI,0.2108,$371.59M,-3.56
BC-NFT,0.2107,$484.09M,55.44
US-MON,0.2107,$667.16M,232.5
VIRTUAL-TRUMP,0.2107,$726.96M,7.67
TIBBIR-USDZ,0.2107,$233.87M,3.17
XEC-PENDLE,0.2107,$370.11M,16.43
TEL-MET,0.2107,$263.73M,-10.23
EDGE-TWT,0.2106,$284.44M,-8.66
SN64-USDF,0.2106,$201.83M,3.56
GPS-BONK,0.2105,$360.96M,7.18
STX-FRAX,0.2105,$470.58M,-7.67
TWT-TRUMP,0.2104,$505.86M,4.04
CAKE-USDAI,0.2104,$604.63M,3.16
ZANO-PENGU,0.2104,$502.88M,-3.17
REUSD-TRUMP,0.2104,$524.82M,4.38
1INCH-VCNT,0.2103,$280.26M,13.01
XPIN-JASMY,0.2103,$356.48M,1.45
EURC-COMP,0.2102,$609.36M,2.28
STAC-CAKE,0.21,$549.84M,3.33
GPS-PENDLE,0.21,$346.66M,10.1
AWE-DASH,0.21,$503.25M,0.9
RLB-CHZ,0.2099,$248.41M,-10.4
BP-ONYC,0.2099,$360.44M,-7.84
ICNT-MON,0.2099,$349.77M,-2.01
OHM-FRAX,0.2098,$495.87M,9.11
VSN-XPL,0.2097,$371.48M,11.93
OUSG-SPCXB,0.2097,$465.78M,-16.44
EDGE-USDA,0.2097,$232.15M,-8.65
INJ-SOSO,0.2097,$575.82M,10.24
CVX-A,0.2097,$237.10M,12.82
KAG-CARDS,0.2097,$482.56M,-17.92
SNX-GUSD,0.2097,$271.94M,-0.35
SOON-GEOD,0.2097,$184.36M,34.83
KAITO-AWE,0.2096,$415.09M,64.79
KITE-AR,0.2096,$348.06M,-8.0
APR-SOON,0.2095,$286.40M,28.76
TWT-USAT,0.2095,$333.70M,-0.08
CRCLON-THBILL,0.2094,$210.79M,0.5
REUSD-PRL,0.2093,$251.50M,7.55
MX-FET,0.2093,$456.51M,-10.15
DYDX-TIBBIR,0.2092,$204.35M,-14.31
FLUID-TAG,0.2092,$231.35M,34.4
BP-XEC,0.2092,$233.69M,1.99
NXM-SUN,0.2091,$429.16M,13.78
ZBCN-BTSE,0.2091,$310.38M,-10.5
ZRO-FARTCOIN,0.2091,$407.77M,11.45
SN64-SOSO,0.2091,$206.58M,13.2
USTBL-TWT,0.209,$309.31M,0.04
ICNT-BTT,0.209,$361.04M,-9.17
SPCXB-FRXUSD,0.209,$195.46M,-16.56
STRCX-CHZ,0.209,$284.93M,-9.3
AKT-ICNT,0.2089,$229.96M,-22.81
GOMINING-XPIN,0.2089,$260.46M,3.46
GRT-FLUID,0.2088,$247.63M,9.34
DYDX-REAL,0.2087,$346.92M,-21.72
ZK-FLUID,0.2087,$170.64M,7.96
LDO-MET,0.2086,$392.61M,26.51
GPS-ZAMA,0.2086,$233.82M,48.7
REUSD-COMP,0.2086,$326.76M,2.64
LDO-MON,0.2085,$551.39M,32.84
US-XPIN,0.2085,$563.86M,226.41
AXS-EURC,0.2085,$593.72M,-7.19
AWE-ZAMA,0.2085,$243.63M,47.66
OUSG-STAC,0.2084,$482.89M,0.31
CVX-VCNT,0.2084,$299.26M,14.19
GNO-BAT,0.2084,$386.06M,-12.78
USDAT-FRAX,0.2084,$359.87M,0.2
FDUSD-FRXUSD,0.2084,$456.02M,0.03
USAT-GALA,0.2084,$273.84M,-9.26
SHORT-SHFL,0.2084,$218.95M,-7.26
SPX-APYUSD,0.2083,$460.20M,2.55
NEO-KOGE,0.2083,$347.92M,-2.96
KMNO-BTT,0.2083,$357.49M,1.19
SNX-MON,0.2083,$370.63M,7.07
IOTA-A,0.2083,$249.86M,-5.06
LUNC-USDA,0.2082,$375.08M,-7.76
ZRO-MET,0.2082,$374.17M,0.54
META-COMP,0.2082,$254.74M,22.9
TAG-AERO,0.2082,$559.44M,13.17
APR-CARDS,0.2081,$465.26M,-22.97
OZO-XPIN,0.2081,$270.19M,1.29
USTBL-THETA,0.2081,$286.93M,-0.52
TWT-CRCLON,0.2081,$241.32M,0.26
IMX-SYRUP,0.208,$434.57M,10.48
INJ-ICNT,0.208,$560.81M,-8.82
EURC-A,0.2079,$552.32M,-1.4
VIRTUAL-EURCV,0.2078,$519.01M,3.43
META-USAT,0.2078,$280.64M,20.52
AWE-EIGEN,0.2078,$246.41M,-0.65
GNO-SYRUP,0.2077,$489.89M,3.89
KAG-A7A5,0.2077,$691.90M,-1.64
CHEEMS-ULTIMA,0.2077,$282.02M,-3.74
BP-NFT,0.2077,$378.76M,-7.33
NEO-XTZ,0.2076,$359.25M,-8.72
ULTIMA-ZANO,0.2076,$312.86M,8.06
VELVET-WEMIX,0.2075,$266.93M,-47.84
OZO-CASH,0.2075,$247.31M,0.03
USAT-PENGU,0.2075,$556.95M,-0.66
SPX-EIGEN,0.2074,$442.67M,-5.5
DEXE-USDAT,0.2073,$413.88M,-43.7
US-FLUID,0.2073,$505.25M,241.61
USTBL-TRAC,0.2073,$284.51M,3.5
OHM-WFI,0.2073,$450.35M,9.18
KMNO-EURC,0.2073,$548.06M,0.88
NFT-MON,0.2073,$512.72M,8.33
XEC-AERO,0.2072,$533.83M,5.53
OUSG-AERO,0.2071,$794.62M,-4.64
GPS-RAIL,0.2071,$185.85M,-6.75
REUSD-CHZ,0.2071,$311.57M,-11.83
PENGU-KITE,0.2071,$603.72M,-3.99
TRAC-AIAT,0.2071,$241.64M,5.31
CHZ-AERO,0.2071,$558.51M,-16.85
AKT-META,0.207,$223.81M,7.06
USDAT-CRCLON,0.207,$232.65M,0.37
COCO-ICNT,0.207,$285.79M,-16.87
VCNT-FF,0.207,$356.73M,-2.57
NFT-CRCLON,0.207,$357.37M,1.32
BTSE-XPIN,0.207,$278.01M,0.61
MON-BONK,0.207,$513.14M,10.57
TAG-PYTH,0.2069,$466.43M,21.97
LDO-BP,0.2068,$417.43M,17.19
DEXE-USDZ,0.2068,$401.47M,-43.84
OHM-XPL,0.2068,$496.39M,6.27
AVUSD-FARTCOIN,0.2068,$238.99M,12.13
A-MON,0.2068,$350.48M,6.07
VSN-BAT,0.2067,$254.31M,9.19
DYDX-AIAT,0.2067,$215.85M,-15.67
OHM-BP,0.2067,$390.04M,0.63
COCO-TAG,0.2067,$329.29M,10.43
TEL-AKE,0.2067,$269.84M,479.56
XPIN-XPL,0.2067,$365.48M,-1.39
OUSG-FRAX,0.2066,$600.32M,0.31
USDA-TAG,0.2066,$241.24M,17.87
GOMINING-PIEVERSE,0.2066,$297.65M,-2.03
VIRTUAL-GNO,0.2065,$652.21M,-3.85
TAG-CHZ,0.2065,$289.21M,5.87
1INCH-XEC,0.2064,$235.27M,23.21
DRV-KAITO,0.2064,$411.91M,58.18
GNO-GUSD,0.2064,$432.15M,-7.45
ULTIMA-STX,0.2064,$432.22M,2.71
CTOC-FARTCOIN,0.2064,$398.01M,12.09
CRVUSD-AERO,0.2064,$626.42M,-4.73
USDA-BONK,0.2064,$361.12M,3.14
TAG-XPL,0.2064,$365.65M,15.29
SFP-JASMY,0.2064,$314.32M,-2.16
SPX-USTBL,0.2063,$462.92M,-1.8
INJ-SHFL,0.2063,$580.64M,2.18
USTBL-DCR,0.2063,$363.62M,9.35
GNO-AERO,0.2063,$697.02M,-12.16
ZANO-SPCXB,0.2063,$216.70M,-19.08
TWT-COMP,0.2062,$307.79M,2.3
FLUID-STX,0.2062,$336.80M,8.61
CTOC-USDF,0.2062,$386.84M,0.22
APR-TWT,0.2061,$344.86M,-6.48
CASH-TAG,0.2061,$267.09M,17.95
WEMIX-SHORT,0.2061,$197.98M,-18.88
ZBT-GUSD,0.2061,$263.45M,-2.82
CASH-UQC,0.206,$230.04M,-0.12
CVX-SOON,0.206,$224.83M,49.25
ACRED-RAIL,0.206,$204.89M,-10.61
ENS-A,0.206,$278.36M,1.75
CVX-REUSD,0.2059,$302.25M,14.34
CTOC-BORG,0.2059,$413.27M,-5.91
PENGU-ONYC,0.2058,$617.92M,-0.2
RAIL-NFT,0.2058,$354.37M,-9.74
MX-BSV,0.2058,$409.08M,0.48
FRXUSD-FET,0.2058,$415.84M,-9.8
UQC-XPL,0.2057,$328.61M,-2.78
KMNO-XCN,0.2056,$227.68M,-5.96
ZANO-BONK,0.2056,$396.11M,0.71
A7A5-AR,0.2056,$594.26M,-4.98
ZANO-FET,0.2055,$437.08M,-12.31
KITE-JASMY,0.2054,$443.59M,-3.14
CRVUSD-JTO,0.2053,$480.69M,-12.1
WFI-BSV,0.2053,$433.04M,1.08
TKX-SFP,0.2051,$206.17M,2.58
CHEEMS-NFT,0.2051,$364.84M,-13.33
AIAT-SN64,0.2051,$207.97M,5.44
CHEEMS-EURCV,0.205,$249.75M,-14.41
PIEVERSE-BONK,0.205,$447.03M,-1.01
LUNC-XPIN,0.2049,$423.80M,-6.42
OUSG-TIBBIR,0.2048,$486.73M,3.42
KAG-WEMIX,0.2048,$314.12M,-11.32
TAG-CRCLON,0.2048,$237.92M,18.29
ETHFI-SUN,0.2048,$742.18M,19.39
TWT-PIEVERSE,0.2047,$330.55M,-4.32
ENS-USDF,0.2047,$287.91M,3.09
REAL-BSV,0.2047,$507.55M,-3.3
SYRUP-AERO,0.2047,$621.62M,6.51
US-JASMY,0.2046,$630.55M,225.34
TWT-GUSD,0.2046,$297.97M,-0.16
KMNO-KOGE,0.2046,$312.17M,-2.57
UB-ICNT,0.2045,$462.41M,14.2
APR-TAG,0.2045,$341.46M,11.55
DEXE-SNX,0.2045,$396.52M,-44.0
US-GLIDR,0.2045,$520.35M,229.23
RAY-THBILL,0.2044,$280.94M,1.03
LUNC-GEOD,0.2043,$373.24M,-8.0
CVX-SFP,0.2043,$237.55M,11.74
VIRTUAL-BSV,0.2043,$628.06M,4.36
AKT-APYUSD,0.2043,$286.52M,-8.96
NEO-WEMIX,0.2043,$234.20M,-9.37
AKT-AVUSD,0.2042,$244.37M,-13.24
RAY-A,0.2042,$265.29M,-0.4
CASH-PENGU,0.2041,$493.74M,-0.66
KMNO-MANA,0.2041,$229.41M,5.04
KAG-UQC,0.204,$321.71M,-1.46
CHEEMS-PENGU,0.204,$472.04M,-14.97
XTZ-BTT,0.204,$484.95M,-9.13
USDA-JTO,0.204,$364.81M,-12.22
DYDX-SPCXB,0.2039,$183.40M,-34.17
AXS-EURCV,0.2039,$293.12M,-7.18
KAG-BTSE,0.2039,$346.80M,-1.99
SOON-BSV,0.2038,$348.50M,35.97
BAT-FRAX,0.2037,$323.48M,-5.21
TKX-NFT,0.2036,$367.96M,5.92
APEPE-APYUSD,0.2036,$359.49M,3.08
KAG-RAY,0.2036,$376.70M,-0.46
SNX-NEX,0.2036,$212.76M,-9.89
SOON-FRXUSD,0.2036,$199.93M,35.16
KOGE-TRUMP,0.2036,$571.54M,0.56
KMNO-REAL,0.2035,$347.08M,-3.12
ULTIMA-NEX,0.2035,$272.03M,0.96
JTO-XPIN,0.2035,$413.53M,-10.88
USTBL-FDUSD,0.2034,$506.94M,0.15
META-ZK,0.2034,$179.77M,12.01
REUSD-SFP,0.2034,$270.17M,-2.11
AIAT-GRASS,0.2034,$333.85M,-11.56
IMX-EURCV,0.2033,$376.76M,-0.9
2Z-PIEVERSE,0.2033,$384.42M,-5.86
APXUSD-TIBBIR,0.2033,$401.54M,6.49
ZBT-AR,0.2033,$230.00M,-7.43
DRV-CRVUSD,0.2032,$314.69M,-3.66
DRV-FRAX,0.2031,$322.71M,-3.51
GPS-FRAX,0.2031,$316.08M,4.14
ACRED-AVUSD,0.2031,$231.02M,0.31
RAIL-SYRUP,0.2031,$297.09M,0.57
UB-SYRUP,0.203,$568.08M,34.84
USDAT-SFP,0.203,$242.53M,-2.34
FLUID-FARTCOIN,0.203,$209.30M,28.39
UUSD-GUSD,0.203,$249.29M,-0.02
USDTB-BTSE,0.2029,$488.63M,-0.12
CARDS-XCN,0.2029,$398.53M,-23.54
STRCX-SOSO,0.2029,$257.38M,12.47
XTZ-ZBT,0.2028,$339.42M,-12.08
BTT-FRAX,0.2028,$479.54M,0.38
VSN-JTO,0.2027,$419.53M,2.45
2Z-GPS,0.2026,$298.35M,2.32
DCR-SHORT,0.2026,$300.33M,0.33
WIF-TEL,0.2026,$320.66M,-17.48
PENDLE-APYUSD,0.2026,$408.78M,10.62
CHEEMS-ACRED,0.2025,$215.36M,-14.21
DYDX-FET,0.2024,$403.78M,-27.41
VIRTUAL-META,0.2024,$464.98M,24.04
APXUSD-EURC,0.2024,$745.09M,3.09
GNO-THBILL,0.2024,$400.58M,-7.23
PYTH-A7A5,0.2024,$799.56M,3.72
SUN-THBILL,0.2024,$460.22M,5.04
VSN-APXUSD,0.2023,$445.95M,17.79
ZBCN-FDUSD,0.2023,$523.37M,-9.83
WEMIX-GRASS,0.2023,$316.29M,-23.47
FLOKI-SOSO,0.2022,$315.10M,7.62
TEL-CHZ,0.2022,$318.45M,-23.32
THETA-MON,0.2022,$374.29M,6.7
1INCH-OZO,0.2021,$241.11M,12.94
RLB-GOMINING,0.2021,$219.84M,3.87
DRV-BP,0.2021,$216.88M,-12.0
EIGEN-AIAT,0.2021,$258.57M,-1.64
BSV-USDZ,0.2021,$385.88M,0.7
EARNETH-CARDS,0.202,$415.81M,-5.56
FF-ZANO,0.202,$323.45M,-5.17
APR-XPL,0.2019,$416.98M,-9.04
UQC-WFI,0.2019,$282.56M,0.13
ICNT-GRASS,0.2019,$317.44M,-22.85
BC-MX,0.2018,$370.16M,54.12
TWT-THETA,0.2018,$274.56M,-0.74
FLUID-TRAC,0.2018,$209.95M,19.84
CARDS-SFP,0.2018,$371.60M,-18.94
ZRO-GRX,0.2017,$408.85M,15.27
FDUSD-FLOKI,0.2017,$544.61M,-2.05
ULTIMA-RAIL,0.2016,$271.54M,-0.15
AWE-SN64,0.2016,$195.81M,6.43
BC-VET,0.2015,$608.53M,56.65
FDUSD-DASH,0.2015,$743.53M,-2.0
SHORT-GEOD,0.2015,$191.90M,-9.21
IMX-ZANO,0.2014,$358.48M,-3.3
RLB-FLUID,0.2014,$190.56M,18.14
LDO-META,0.2014,$398.61M,46.0
FF-MX,0.2014,$342.87M,-3.01
1INCH-BC,0.2013,$335.39M,67.38
APR-DASH,0.2013,$593.82M,-8.41
GRT-US,0.2013,$580.31M,218.02
BP-AERO,0.2013,$528.61M,-13.07
AR-SHFL,0.2013,$237.45M,-3.04
NXM-OZO,0.2012,$212.17M,8.92
NXM-MANA,0.2012,$218.25M,12.93
FDUSD-TAG,0.2012,$491.16M,17.96
1INCH-GOMINING,0.2011,$231.38M,15.11
BTSE-SHFL,0.2011,$254.51M,0.98
XPIN-BONK,0.2011,$409.84M,4.48
RLB-EDGE,0.201,$240.25M,-6.9
EARNETH-MANA,0.201,$278.33M,15.06
GNO-GOMINING,0.201,$398.21M,-5.19
UUSD-SOSO,0.201,$216.37M,9.74
BONK-USDF,0.201,$376.78M,3.27
GLM-MET,0.2007,$184.18M,-4.78
A-FRAX,0.2007,$322.36M,-1.1
APR-GUSD,0.2006,$345.90M,-6.46
APXUSD-SNX,0.2006,$417.49M,2.92
GLM-ZAMA,0.2006,$232.57M,38.95
TWT-STRCX,0.2005,$289.26M,2.69
DCR-BTT,0.2005,$462.25M,9.42
US-KAITO,0.2004,$728.24M,287.02
LDO-ONYC,0.2003,$549.40M,25.96
VIRTUAL-MON,0.2003,$617.76M,10.89
AKT-EIGEN,0.2003,$268.99M,-17.02
DCR-JASMY,0.2003,$414.36M,9.41
PENDLE-AIAT,0.2003,$368.63M,8.07
SN64-MANA,0.2003,$221.38M,7.55
META-TIBBIR,0.2002,$201.90M,23.8
APEPE-CTOC,0.2001,$476.36M,-1.24
META-MET,0.2001,$184.83M,21.53
GLM-MON,0.2001,$342.96M,1.56
FRXUSD-PEANUT,0.2001,$294.46M,-3.99
LUNC-RAIL,0.2,$368.74M,-18.4
GNO-PENDLE,0.2,$533.30M,-1.25
BSV-AKE,0.2,$354.02M,491.62
VSN-AXS,0.1999,$294.58M,7.51
OZO-BONK,0.1999,$390.24M,3.25
APEPE-RAY,0.1999,$364.37M,-0.53
DYDX-XEC,0.1998,$217.32M,-7.31
ZRO-USDF,0.1998,$396.59M,-0.42
USTBL-FF,0.1998,$353.13M,-2.53
EIGEN-PIEVERSE,0.1998,$322.68M,-7.8
APYUSD-CHZ,0.1998,$302.27M,-7.59
STAC-CARDS,0.1997,$371.51M,-16.4
CAKE-MX,0.1997,$597.78M,2.8
NFT-MX,0.1997,$415.11M,0.63
RLB-SPCXB,0.1995,$189.81M,-14.9
KAU-TWT,0.1995,$456.77M,0.54
EARNETH-ZANO,0.1995,$278.10M,8.52
USDTB-PRL,0.1995,$439.59M,7.83
TKX-AWE,0.1995,$209.26M,7.86
MON-ZAMA,0.1995,$386.01M,52.1
UB-ZBT,0.1994,$474.78M,20.81
GNO-GLM,0.1994,$377.41M,-13.18
OUSG-COCO,0.1992,$564.47M,-7.38
META-IOTA,0.1992,$242.99M,16.73
CTOC-AWE,0.1991,$380.82M,3.08
SPCXB-MANA,0.1991,$216.92M,-12.53
OUSG-TAG,0.1989,$525.32M,18.07
KAU-FET,0.1989,$614.23M,-9.18
GPS-SOSO,0.1989,$212.60M,13.65
KMNO-USDA,0.1989,$194.20M,0.92
CRVUSD-SOON,0.1989,$302.06M,35.19
EIGEN-CRCLON,0.1989,$233.44M,-3.22
APXUSD-SOON,0.1987,$385.07M,38.35
AXS-KAITO,0.1987,$452.96M,54.79
UUSD-THETA,0.1987,$225.88M,-0.61
ZBT-AERO,0.1987,$528.32M,-7.53
ZRO-APXUSD,0.1986,$579.81M,2.73
META-CRVUSD,0.1986,$307.46M,20.55
SOSO-AR,0.1986,$232.64M,5.02
LDO-CRVUSD,0.1985,$515.25M,25.53
BC-XPIN,0.1985,$364.47M,55.72
TWT-AVUSD,0.1985,$264.44M,0.12
AXS-SPCXB,0.1985,$229.22M,-23.65
CHEEMS-MON,0.1985,$348.51M,-6.96
CRVUSD-FRXUSD,0.1985,$321.97M,0.05
PEANUT-SUN,0.1985,$526.83M,0.88
NXM-FLUID,0.1984,$173.16M,25.36
KAU-USDZ,0.1984,$435.70M,0.51
US-GALA,0.1984,$507.58M,215.88
KAU-VIRTUAL,0.1983,$677.88M,4.16
XCN-TRUMP,0.1983,$487.05M,-2.82
TIBBIR-APYUSD,0.1982,$264.61M,7.78
ICNT-JASMY,0.1982,$313.16M,-9.17
UB-BSV,0.198,$619.33M,24.38
2Z-FF,0.198,$394.62M,-4.3
WEMIX-PENDLE,0.198,$351.08M,-3.84
KAU-NEO,0.1979,$442.08M,1.24
USTBL-STX,0.1978,$411.36M,-7.72
BP-ZBT,0.1978,$228.18M,-11.06
RAIL-THETA,0.1978,$215.94M,-11.37
AR-USDF,0.1978,$227.89M,-4.62
IMX-CASH,0.1977,$349.34M,-0.79
UB-BONK,0.1977,$625.78M,26.78
AKT-BSV,0.1977,$386.89M,-12.63
USTBL-STRCX,0.1977,$301.64M,2.91
GPS-THETA,0.1977,$222.10M,3.31
UUSD-KOGE,0.1977,$313.93M,-3.53
STAC-AIAT,0.1976,$220.62M,2.12
LDO-SFP,0.1976,$405.93M,23.14
DEXE-SPCXB,0.1976,$359.62M,-60.29
TWT-FARTCOIN,0.1976,$271.48M,11.83
ULTIMA-MON,0.1976,$429.89M,17.92
WIF-SYRUP,0.1976,$353.59M,5.04
WIF-XPIN,0.1976,$291.24M,-4.97
IMX-STAC,0.1975,$329.97M,-0.61
FF-ZAMA,0.1975,$330.10M,42.08
GEOD-AIAT,0.1975,$212.32M,1.62
CVX-STRCX,0.1974,$275.61M,16.87
INJ-ONYC,0.1973,$705.44M,1.01
OZO-EURCV,0.1973,$274.73M,-0.07
UQC-FARTCOIN,0.1973,$231.03M,11.8
TEL-SN64,0.1973,$264.31M,-7.74
JTO-ETHFI,0.1972,$668.53M,2.37
IMX-GPS,0.1971,$323.33M,3.17
WEMIX-JTO,0.1971,$369.06M,-22.12
BTSE-GUSD,0.1971,$282.62M,-0.72
BP-BONK,0.197,$379.18M,-5.09
OZO-BSV,0.1969,$383.79M,0.85
ZRO-MX,0.1969,$435.34M,-0.82
BORG-FRAX,0.1969,$358.34M,-5.89
USDTB-ZANO,0.1968,$486.68M,-1.98
ZRO-BTSE,0.1968,$417.87M,-1.13
GNO-NFT,0.1968,$547.17M,-6.41
KAG-A,0.1968,$315.98M,-2.62
KMNO-GLIDR,0.1967,$199.40M,5.09
EIGEN-BTSE,0.1967,$273.70M,-4.22
THETA-SHFL,0.1967,$247.49M,0.98
TKX-GRX,0.1966,$227.54M,20.68
KMNO-BORG,0.1966,$236.29M,-5.08
BC-META,0.1965,$314.98M,74.97
SNX-BTT,0.1965,$381.91M,-0.09
PYTH-ETHFI,0.1965,$721.25M,18.53
OUSG-CRVUSD,0.1963,$592.30M,0.17
ZRO-THETA,0.1963,$410.85M,-1.13
AKT-SUN,0.1963,$470.68M,-8.56
UUSD-GLIDR,0.1963,$201.17M,4.13
SOON-MET,0.1963,$179.43M,36.17
BORG-TAG,0.1963,$283.34M,11.87
ZBT-SHFL,0.1963,$235.35M,-1.12
SHORT-TRAC,0.1963,$221.22M,-5.52
STAC-APXUSD,0.1962,$397.70M,3.39
VIRTUAL-TAG,0.1962,$514.64M,21.48
TIBBIR-ONYC,0.1962,$352.69M,3.76
NEO-KAITO,0.1962,$443.04M,62.48
APEPE-TWT,0.1961,$349.83M,-1.5
KAG-MX,0.1961,$364.28M,-1.68
ULTIMA-ONYC,0.1961,$427.91M,11.03
DASH-SOSO,0.196,$514.02M,7.67
KAU-OZO,0.1959,$433.60M,0.66
COCO-SHFL,0.1959,$305.62M,-5.88
JTO-JASMY,0.1959,$480.22M,-11.95
SYRUP-USDF,0.1959,$319.09M,11.33
CVX-MANA,0.1958,$266.20M,18.13
MX-SHFL,0.1958,$271.99M,1.29
EDGE-US,0.1957,$554.94M,216.57
CAKE-KAITO,0.1957,$756.46M,65.02
TIBBIR-USDAI,0.1957,$263.92M,3.3
DEXE-ACRED,0.1956,$389.12M,-43.62
OHM-ONYC,0.1956,$522.01M,9.4
A-PEANUT,0.1955,$286.83M,-5.28
DYDX-VCNT,0.1954,$262.31M,-17.5
GLM-SHFL,0.1954,$216.16M,-4.16
SHORT-SYRUP,0.1954,$304.80M,2.38
GRT-USTBL,0.1953,$322.19M,-6.99
TIBBIR-XCN,0.1953,$236.14M,-3.66
KMNO-USDZ,0.1953,$225.41M,0.88
CRVUSD-BORG,0.1952,$350.32M,-6.04
GOMINING-FET,0.1952,$421.48M,-7.62
REUSD-ZBT,0.1951,$281.38M,-2.51
2Z-BTSE,0.195,$335.45M,-2.29
AXS-RAIL,0.195,$233.53M,-17.79
VIRTUAL-KITE,0.1949,$601.57M,0.21
XTZ-BP,0.1949,$339.71M,-17.63
STRK-MX,0.1949,$339.80M,-2.29
CHZ-BONK,0.1949,$409.09M,-8.86
OHM-APXUSD,0.1948,$570.86M,12.13
META-SN64,0.1948,$185.41M,24.02
NEO-ZANO,0.1948,$264.94M,-1.9
AXS-UUSD,0.1948,$243.47M,-7.04
ZBCN-GOMINING,0.1946,$292.84M,-7.66
APEPE-FRXUSD,0.1946,$311.28M,-1.39
FF-STRCX,0.1946,$333.08M,0.11
A7A5-SHFL,0.1946,$599.60M,1.33
STAC-A,0.1945,$204.93M,-1.1
VELVET-BSV,0.1945,$424.99M,-37.04
2Z-KITE,0.1945,$434.34M,-4.97
TKX-ICNT,0.1945,$205.01M,-4.42
EIGEN-FRAX,0.1945,$360.66M,-3.39
CVX-THBILL,0.1944,$252.75M,14.25
REUSD-JASMY,0.1943,$379.02M,0.44
SHORT-BSV,0.1943,$356.04M,-8.08
STAC-RAIL,0.1942,$192.49M,-10.53
AKT-KITE,0.1942,$360.40M,-16.78
APXUSD-AVUSD,0.1942,$411.03M,3.41
EURC-THETA,0.1942,$576.13M,-0.77
ONYC-FRXUSD,0.1942,$356.13M,0.48
OHM-MANA,0.1941,$407.19M,12.97
DRV-THETA,0.194,$228.74M,-4.35
EDGE-XPIN,0.194,$280.87M,-7.31
APYUSD-FET,0.194,$464.05M,-5.32
GLM-ULTIMA,0.1939,$276.46M,4.77
KAITO-SPCXB,0.1939,$394.80M,45.3
BP-ZAMA,0.1939,$252.05M,36.44
USTBL-AKE,0.1938,$256.36M,490.93
TWT-BAT,0.1938,$251.88M,-5.49
TWT-XPL,0.1938,$369.05M,-2.75
ZK-AKE,0.1938,$179.88M,482.3
AXS-TRAC,0.1938,$267.35M,-3.71
ULTIMA-TRAC,0.1938,$305.37M,13.94
UUSD-USDAI,0.1938,$257.22M,0.06
APXUSD-ULTIMA,0.1937,$476.76M,13.77
FLOKI-ZAMA,0.1937,$336.32M,42.67
RAIL-MANA,0.1937,$221.23M,-6.68
LDO-COMP,0.1936,$462.52M,27.88
OHM-USDF,0.1936,$387.64M,8.98
SPCXB-SHORT,0.1936,$183.09M,-25.47
ZBT-BTSE,0.1936,$247.06M,-3.41
OZO-US,0.1935,$544.26M,225.17
UB-COCO,0.1934,$545.06M,16.05
APR-TEL,0.1934,$370.71M,-17.63
ZK-AVUSD,0.1934,$200.33M,-8.29
WEMIX-EURC,0.1934,$550.46M,-10.1
NEX-PIEVERSE,0.1934,$272.41M,-13.83
OZO-VCNT,0.1933,$289.74M,0.13
OZO-TEL,0.1933,$299.61M,-11.21
AXS-GUSD,0.1933,$293.19M,-7.15
GPS-RAY,0.1931,$259.02M,4.84
IMX-ACRED,0.193,$342.36M,-0.7
GRT-EIGEN,0.193,$301.94M,-10.69
FLUID-NEX,0.1929,$176.62M,6.85
DEXE-META,0.1928,$369.49M,-23.21
CARDS-PRL,0.1928,$352.94M,-9.28
STX-KITE,0.1928,$482.52M,-11.18
CRVUSD-CHZ,0.1927,$356.19M,-12.04
VCNT-SHORT,0.1927,$262.00M,-8.8
SOON-PYTH,0.1927,$411.37M,39.17
DEXE-MX,0.1926,$424.67M,-44.07
WIF-USDZ,0.1926,$273.73M,-6.35
US-A7A5,0.1925,$897.17M,224.84
GRX-USDZ,0.1925,$251.49M,15.62
META-USDAT,0.1925,$235.21M,20.53
CAKE-SHORT,0.1925,$544.74M,-5.75
TRAC-XPIN,0.1925,$268.56M,4.64
ZBCN-BORG,0.1924,$315.54M,-15.93
GRX-ENS,0.1924,$300.17M,18.78
WEMIX-BTT,0.1924,$359.90M,-9.79
CARDS-VET,0.1924,$657.82M,-14.4
MX-FRAX,0.1924,$370.65M,-0.16
SPX-AWE,0.1923,$407.90M,0.99
UB-XPIN,0.1923,$505.73M,24.83
TEL-APYUSD,0.1923,$332.44M,-6.76
USDTB-ZK,0.1922,$439.88M,-7.97
USAT-JTO,0.1922,$453.87M,-12.13
ZANO-USDF,0.1922,$243.00M,-2.45
LUNC-FDUSD,0.1921,$625.00M,-7.67
GRT-TRAC,0.1921,$285.01M,-3.75
BP-FRAX,0.1921,$334.30M,-8.12
FARTCOIN-TAG,0.1921,$268.08M,29.87
UB-NEX,0.1918,$451.17M,13.95
STX-BONK,0.1918,$515.46M,-4.63
WFI-GRASS,0.1918,$390.41M,-13.24
VELVET-SHFL,0.1917,$287.90M,-36.23
FF-GUSD,0.1917,$341.79M,-2.73
USDA-ONYC,0.1917,$342.38M,0.39
USDTB-USDF,0.1916,$467.36M,0.58
WEMIX-EIGEN,0.1916,$241.02M,-13.55
AVUSD-GLIDR,0.1916,$217.36M,4.3
ENS-STRCX,0.1916,$316.87M,5.81
EARNETH-OZO,0.1915,$272.24M,11.05
AKT-SFP,0.1915,$231.13M,-15.8
GRX-USDF,0.1915,$235.94M,15.8
WEMIX-THETA,0.1915,$226.52M,-10.63
OUSG-BAT,0.1914,$483.66M,-5.27
LDO-STX,0.1914,$553.71M,17.64
US-ENS,0.1914,$595.04M,228.18
APR-UQC,0.1913,$304.41M,-6.51
ACRED-NEX,0.1913,$205.37M,-9.51
TEL-SHFL,0.1913,$295.71M,-9.61
EURC-MET,0.1913,$539.45M,0.9
OZO-TKX,0.1911,$228.74M,4.97
AWE-KITE,0.1911,$337.82M,-0.41
CRVUSD-RAIL,0.1911,$301.89M,-10.68
BORG-KOGE,0.1911,$352.42M,-9.65
META-JTO,0.191,$364.05M,8.37
COCO-RAY,0.191,$347.23M,-6.63
DCR-TRUMP,0.191,$560.17M,13.35
ACRED-MX,0.191,$265.63M,-0.25
INJ-ZANO,0.1908,$590.40M,-1.96
LDO-ZBCN,0.1908,$480.47M,15.64
META-STRK,0.1908,$284.63M,18.57
ZK-ZAMA,0.1908,$222.16M,36.25
COCO-UUSD,0.1908,$284.01M,-7.47
ACRED-AERO,0.1908,$529.41M,-4.67
ZBT-THBILL,0.1908,$231.88M,-2.6
KAU-FLUID,0.1907,$394.59M,17.09
CASH-GLM,0.1907,$216.78M,-5.79
TKX-SHFL,0.1907,$224.84M,6.57
RLB-AWE,0.1906,$210.09M,4.59
APR-APYUSD,0.1906,$354.52M,-1.9
BC-MET,0.1906,$308.99M,55.48
CAKE-KAG,0.1906,$660.88M,1.81
KITE-BSV,0.1906,$490.50M,-2.51
SN64-BTSE,0.1905,$223.10M,2.86
TKX-FRAX,0.1904,$323.51M,5.12
OHM-GOMINING,0.1904,$391.37M,11.12
SPX-WFI,0.1903,$476.62M,-1.68
SPX-META,0.1902,$397.49M,18.58
EARNETH-GRX,0.1902,$271.04M,26.76
META-TEL,0.1902,$269.73M,9.26
STAC-2Z,0.1901,$304.98M,-1.46
KMNO-FF,0.1901,$290.31M,-1.67
GRT-WEMIX,0.19,$261.77M,-17.1
UUSD-XPIN,0.19,$244.68M,1.31
CARDS-FF,0.19,$461.15M,-19.25
FRXUSD-XCN,0.19,$239.58M,-6.94
KAU-META,0.1899,$403.72M,21.14
EARNETH-SUN,0.1899,$489.23M,15.91
GRT-AVUSD,0.1899,$277.32M,-6.91
COCO-SFP,0.1899,$286.95M,-9.87
SPCXB-SN64,0.1899,$175.53M,-13.06
GOMINING-BONK,0.1899,$380.51M,5.41
EARNETH-USTBL,0.1898,$307.78M,11.15
GLM-RAY,0.1898,$257.77M,-4.92
SHORT-GUSD,0.1898,$247.06M,-8.97
FLUID-WFI,0.1897,$260.83M,16.72
KAG-SYRUP,0.1897,$420.94M,9.94
SNX-AKE,0.1897,$217.96M,490.52
AERO-SHFL,0.1897,$535.77M,-3.14
CVX-PYTH,0.1896,$456.18M,18.12
TIBBIR-WFI,0.1896,$281.03M,3.55
FDUSD-WIF,0.1896,$492.44M,-6.22
USAT-EIGEN,0.1896,$325.82M,-3.56
KOGE-FET,0.1896,$520.07M,-13.38
TKX-XTZ,0.1895,$328.92M,-4.39
USDA-FET,0.1895,$402.10M,-9.88
NXM-FRXUSD,0.1894,$196.79M,8.91
SPX-KMNO,0.1894,$400.10M,-0.93
INJ-GOMINING,0.1894,$574.80M,2.74
BC-TAG,0.1894,$364.64M,72.4
BC-EURC,0.1894,$669.60M,54.35
APEPE-DASH,0.1894,$598.79M,-3.43
CARDS-GRASS,0.1894,$484.74M,-30.07
NFT-XCN,0.1894,$394.18M,-5.98
MANA-MET,0.1894,$220.80M,5.05
BAT-GUSD,0.1894,$252.92M,-5.47
DRV-SHFL,0.1893,$224.04M,-2.06
US-PENGU,0.1893,$790.68M,224.48
KMNO-EURCV,0.1893,$247.46M,0.9
SN64-USDZ,0.1893,$217.38M,3.39
ULTIMA-XCN,0.1892,$311.36M,3.61
DASH-SHORT,0.1892,$494.99M,-10.92
A7A5-THBILL,0.1892,$596.14M,-0.16
PENDLE-THBILL,0.1891,$368.59M,6.29
ZBCN-APEPE,0.189,$378.63M,-11.26
META-BONK,0.189,$360.36M,23.73
APEPE-FDUSD,0.1889,$547.46M,-1.39
NFT-AERO,0.1889,$678.90M,-3.79
AVUSD-THETA,0.1888,$242.07M,-0.44
DCR-BAT,0.1887,$306.19M,3.83
1INCH-ZANO,0.1886,$246.98M,10.41
CAKE-ACRED,0.1886,$562.23M,3.25
ULTIMA-REUSD,0.1886,$349.13M,10.81
CARDS-PEANUT,0.1886,$453.40M,-20.58
ZBT-PENDLE,0.1886,$364.60M,3.38
IMX-MET,0.1885,$316.74M,0.22
DYDX-GOMINING,0.1885,$213.43M,-15.41
GPS-SHFL,0.1885,$217.41M,5.59
ACRED-REUSD,0.1885,$282.47M,0.35
USDA-GEOD,0.1885,$190.52M,-0.39
NEX-SPCXB,0.1885,$175.86M,-26.18
CASH-ONYC,0.1883,$368.22M,0.47
GPS-GLM,0.1883,$190.77M,-1.83
ACRED-THBILL,0.1883,$232.98M,0.25
USTBL-AXS,0.1882,$304.53M,-6.95
USTBL-BTT,0.1882,$420.31M,0.33
MX-MON,0.1882,$398.78M,7.01
PRL-USDZ,0.1882,$211.46M,7.18
KMNO-TEL,0.188,$272.34M,-10.25
TIBBIR-UQC,0.1879,$214.50M,3.17
AVUSD-A7A5,0.1879,$594.18M,-0.1
SPCXB-AIAT,0.1879,$203.51M,-14.64
RAIL-PEANUT,0.1879,$274.38M,-14.71
PYTH-PRL,0.1879,$405.43M,11.33
GPS-USDZ,0.1878,$223.40M,3.84
GLM-MX,0.1878,$245.35M,-6.14
SNX-A,0.1878,$224.72M,-1.56
JTO-THETA,0.1878,$394.73M,-12.79
SN64-FRAX,0.1878,$310.06M,3.69
BTSE-PRL,0.1878,$217.18M,6.65
KAG-AIAT,0.1877,$331.67M,0.6
AWE-PENGU,0.1877,$477.54M,2.26
JTO-FRAX,0.1877,$488.70M,-11.96
EARNETH-XTZ,0.1876,$372.42M,1.7
ZBCN-ACRED,0.1876,$292.31M,-9.75
VCNT-MON,0.1876,$412.64M,7.45
VCNT-FRXUSD,0.1876,$274.37M,0.11
ZBT-SOSO,0.1876,$230.53M,6.94
ZBT-XPL,0.1876,$334.53M,-5.41
META-FARTCOIN,0.1875,$218.43M,32.43
FLUID-USDZ,0.1875,$213.68M,16.34
ULTIMA-AIAT,0.1875,$299.68M,12.5
FDUSD-CARDS,0.1875,$614.96M,-16.56
RLB-FRXUSD,0.1874,$214.19M,1.69
ZBCN-JTO,0.1874,$445.91M,-21.99
TIA-SUN,0.1874,$648.78M,0.49
TKX-APEPE,0.1874,$304.80M,3.53
US-ETHFI,0.1873,$818.86M,239.65
APEPE-WFI,0.1873,$375.90M,-1.15
ZK-ACRED,0.1873,$199.39M,-8.4
ZK-NEX,0.1873,$174.68M,-18.11
USDTB-AR,0.1872,$471.58M,-4.14
REUSD-FARTCOIN,0.1872,$290.44M,12.17
INJ-OZO,0.1871,$584.53M,0.57
APXUSD-WIF,0.1871,$441.40M,-3.03
SHORT-REAL,0.1871,$346.61M,-13.02
TRUMP-USDF,0.1871,$469.23M,4.18
ZRO-TIBBIR,0.187,$391.24M,2.82
STRK-REUSD,0.187,$356.64M,-1.7
DYDX-ZANO,0.1868,$229.03M,-20.11
XCN-SHFL,0.1868,$251.06M,-5.32
KAG-EIGEN,0.1867,$354.28M,-4.91
DYDX-EDGE,0.1866,$233.84M,-26.18
DEXE-KMNO,0.1866,$372.10M,-42.72
OZO-MX,0.1866,$275.89M,-0.32
DCR-SUN,0.1866,$545.07M,14.11
UB-USDZ,0.1865,$488.23M,23.44
STAC-ETHFI,0.1865,$502.53M,14.69
BP-TEL,0.1865,$288.55M,-19.55
GPS-UUSD,0.1864,$195.79M,4.0
USDAT-SYRUP,0.1861,$347.05M,11.29
WIF-SHORT,0.1861,$243.90M,-15.13
CHZ-BSV,0.1861,$402.63M,-11.25
US-AR,0.186,$535.02M,220.47
META-JASMY,0.186,$307.00M,20.7
GNO-SOSO,0.186,$399.23M,2.31
US-ZAMA,0.1859,$556.78M,269.89
GNO-SAND,0.1859,$407.83M,-12.2
DYDX-USDF,0.1858,$209.70M,-17.55
USDTB-KITE,0.1858,$587.52M,-2.8
APEPE-GLIDR,0.1858,$302.74M,2.68
EDGE-PYTH,0.1857,$457.33M,-4.55
BC-AXS,0.1857,$363.26M,47.38
APR-KAU,0.1856,$504.70M,-5.76
CTOC-AKE,0.1856,$370.53M,490.97
ZBT-XCN,0.1856,$243.60M,-9.71
GRT-ONYC,0.1855,$407.55M,-6.66
ETHFI-ONYC,0.1855,$646.10M,14.98
ZBCN-ONYC,0.1854,$423.48M,-9.39
ZRO-BSV,0.1854,$543.25M,0.35
TWT-MANA,0.1854,$279.85M,3.95
SNX-A7A5,0.1854,$600.64M,-0.59
VIRTUAL-USDAI,0.1853,$527.01M,3.55
META-GALA,0.1853,$184.03M,11.25
ZK-APYUSD,0.1853,$242.48M,-4.01
TIBBIR-GPS,0.1853,$202.49M,7.25
ULTIMA-MANA,0.1853,$313.08M,14.6
PRL-SYRUP,0.1853,$291.32M,18.58
PYTH-XCN,0.1852,$451.02M,-2.93
US-FF,0.1851,$611.25M,222.48
IOTA-ZBT,0.1851,$261.52M,-6.53
IMX-GOMINING,0.185,$342.88M,1.4
ZBCN-GRX,0.185,$301.37M,5.89
TIA-UQC,0.185,$414.51M,-4.52
IOTA-EIGEN,0.185,$288.17M,-7.35
DYDX-2Z,0.1849,$300.20M,-19.24
BC-ZANO,0.1848,$350.73M,51.95
US-STRCX,0.1848,$559.76M,227.92
TKX-SHORT,0.1848,$201.00M,-3.96
GNO-AVUSD,0.1848,$398.62M,-7.18
AXS-USDAI,0.1848,$301.13M,-7.07
STAC-SFP,0.1847,$205.38M,-2.17
DYDX-NEO,0.1847,$231.64M,-16.99
EARNETH-FRXUSD,0.1847,$256.86M,11.03
META-ZBT,0.1847,$209.36M,17.75
REUSD-STRCX,0.1847,$308.23M,3.03
GEOD-MET,0.1844,$183.76M,0.7
RLB-REUSD,0.1843,$271.71M,1.92
ZRO-COMP,0.1843,$444.08M,1.92
GRX-NEO,0.1843,$257.87M,16.35
DYDX-EIGEN,0.1841,$238.46M,-21.17
APEPE-STRCX,0.1841,$342.16M,1.37
UB-OZO,0.184,$486.13M,23.59
1INCH-KAITO,0.184,$425.09M,74.79
LDO-TEL,0.184,$477.51M,14.25
META-AWE,0.184,$201.24M,23.43
SPCXB-TAG,0.184,$230.60M,1.37
DEXE-ZANO,0.1839,$405.24M,-46.23
RLB-APEPE,0.1837,$305.63M,0.27
CTOC-FRXUSD,0.1837,$384.92M,0.18
AKT-PYTH,0.1836,$449.75M,-9.42
DCR-WEMIX,0.1836,$303.20M,-0.76
CHEEMS-APYUSD,0.1836,$258.44M,-9.82
REAL-SFP,0.1836,$351.79M,-6.47
ICNT-XCN,0.1835,$231.23M,-16.32
MX-PEANUT,0.1835,$335.13M,-4.35
NXM-ZANO,0.1834,$218.03M,6.39
TKX-CARDS,0.1834,$372.31M,-11.64
KAU-FRAX,0.1833,$528.37M,0.81
AKT-APXUSD,0.1833,$423.45M,-10.24
APR-ACRED,0.1832,$311.43M,-6.29
TIA-TRUMP,0.1832,$663.88M,-0.27
ZANO-STX,0.1832,$381.68M,-10.36
GOMINING-BAT,0.1832,$218.98M,-3.21
LUNC-ZANO,0.1831,$410.06M,-10.19
DYDX-CTOC,0.1831,$372.87M,-17.44
DEXE-WIF,0.1831,$420.42M,-49.96
GOMINING-GEOD,0.1831,$209.91M,1.88
ONYC-USDZ,0.1831,$373.59M,0.35
ZANO-SN64,0.183,$221.15M,1.0
AVUSD-ZBT,0.183,$229.92M,-2.55
VELVET-SUN,0.1829,$508.79M,-32.97
ZANO-MON,0.1829,$379.35M,4.85
USDAT-KAG,0.1828,$353.49M,-1.32
CAKE-REUSD,0.1828,$614.62M,3.4
BP-AVUSD,0.1828,$230.21M,-8.09
WEMIX-USDA,0.1828,$196.60M,-10.06
FF-MANA,0.1827,$323.67M,1.37
2Z-REUSD,0.1826,$369.77M,-1.39
STX-SHFL,0.1826,$371.92M,-6.22
1INCH-META,0.1825,$211.23M,33.42
1INCH-MET,0.1825,$205.23M,13.93
APXUSD-EURCV,0.1825,$444.49M,3.1
PENGU-EIGEN,0.1825,$512.31M,-4.23
GRASS-SUN,0.1825,$558.16M,-8.61
CASH-BORG,0.1823,$260.29M,-6.07
PYTH-FRXUSD,0.1823,$431.28M,4.04
GRT-BC,0.1822,$380.91M,47.34
OUSG-USDZ,0.1821,$507.64M,0.01
REUSD-PENDLE,0.1821,$418.08M,6.39
EIGEN-THBILL,0.1821,$258.53M,-3.42
KITE-USDAI,0.1821,$389.44M,-3.32
LUNC-XTZ,0.182,$504.37M,-17.01
ZBCN-MANA,0.182,$308.66M,-5.82
VIRTUAL-DCR,0.182,$572.35M,12.76
GLM-STRCX,0.182,$235.56M,-3.02
CTOC-UUSD,0.182,$374.79M,0.21
STRCX-SHORT,0.182,$238.35M,-6.12
TAG-REAL,0.182,$394.13M,13.82
SNX-NFT,0.1818,$386.96M,0.69
1INCH-KOGE,0.1817,$329.97M,9.34
RLB-JTO,0.1817,$372.91M,-10.47
DYDX-AXS,0.1817,$241.55M,-24.68
EDGE-CHEEMS,0.1817,$236.29M,-22.88
BP-USDF,0.1817,$226.07M,-8.25
VSN-AIAT,0.1816,$268.87M,16.52
OUSG-ETHFI,0.1816,$780.14M,14.64
AXS-KAG,0.1816,$357.38M,-8.42
WEMIX-USDAI,0.1816,$257.86M,-9.97
CASH-VCNT,0.1815,$286.46M,0.1
VIRTUAL-XEC,0.1814,$489.03M,13.83
ZK-GLM,0.1814,$179.12M,-14.29
XTZ-USAT,0.1814,$410.70M,-9.32
AVUSD-XPIN,0.1814,$260.87M,1.47
APR-RAIL,0.1813,$286.23M,-17.1
US-SOSO,0.1813,$535.55M,234.84
ULTIMA-IOTA,0.1813,$329.27M,6.79
USDA-ETHFI,0.1813,$496.07M,14.43
JTO-AKE,0.1813,$364.16M,478.66
XEC-A,0.1813,$221.75M,9.02
STAC-AR,0.1812,$218.70M,-4.49
US-SN64,0.1812,$508.96M,228.65
GPS-UQC,0.1812,$204.03M,3.84
A-XCN,0.1812,$231.95M,-8.24
RLB-DCR,0.1811,$307.05M,10.9
EDGE-INJ,0.1811,$595.21M,-8.03
APXUSD-USDA,0.1811,$391.23M,3.13
RAIL-ONYC,0.1811,$336.05M,-10.25
FRXUSD-WFI,0.1811,$284.47M,0.27
GPS-CARDS,0.181,$364.88M,-12.62
EIGEN-SN64,0.181,$230.58M,-0.06
THETA-EURCV,0.181,$275.53M,-0.76
STAC-USTBL,0.1809,$263.49M,0.31
FF-SHORT,0.1809,$289.84M,-11.56
DASH-SHFL,0.1808,$518.83M,-0.39
APYUSD-XPIN,0.1808,$303.02M,5.75
STAC-PEANUT,0.1807,$287.18M,-3.82
USDTB-MANA,0.1807,$486.91M,4.57
DEXE-GLM,0.1807,$368.84M,-49.51
GOMINING-USDZ,0.1807,$242.95M,2.07
AIAT-ONYC,0.1807,$364.18M,2.4
KAG-APYUSD,0.1806,$371.82M,3.15
KAITO-TRUMP,0.1806,$666.66M,66.0
WEMIX-SHFL,0.1806,$221.82M,-8.35
IMX-FRXUSD,0.1805,$337.24M,-0.78
SPX-APXUSD,0.1805,$597.13M,1.27
OUSG-OHM,0.1805,$656.05M,9.06
OUSG-WFI,0.1805,$554.79M,0.38
APEPE-BORG,0.1805,$339.63M,-7.48
TWT-WIF,0.1805,$294.81M,-6.33
DRV-BAT,0.1804,$206.06M,-9.09
ICNT-CHZ,0.1804,$245.71M,-21.44
UQC-PENGU,0.1803,$479.74M,-0.78
CAKE-XTZ,0.1802,$672.67M,-6.18
CAKE-CARDS,0.1802,$716.06M,-13.43
FARTCOIN-SOSO,0.1802,$239.60M,21.62
ZBCN-USDF,0.1801,$289.11M,-9.8
APXUSD-ZANO,0.1801,$426.22M,0.7
NEX-NFT,0.1801,$354.85M,-8.63
WFI-THBILL,0.1801,$292.48M,0.41
1INCH-KAG,0.18,$329.51M,11.58
KAG-THETA,0.18,$339.78M,-1.99
USDAT-ONYC,0.1799,$386.01M,0.48
USAT-CHZ,0.1799,$329.37M,-12.07
FF-BAT,0.1799,$295.70M,-8.06
IMX-VCNT,0.1798,$391.77M,-0.7
DRV-REUSD,0.1798,$270.08M,-3.45
GALA-CRCLON,0.1798,$181.47M,-8.91
KITE-REAL,0.1798,$481.06M,-7.45
LUNC-DRV,0.1797,$381.54M,-11.38
META-RAIL,0.1797,$185.26M,9.8
ENS-SHORT,0.1797,$273.62M,-5.86
AIAT-ZAMA,0.1797,$255.79M,46.68
SPX-US,0.1796,$721.04M,223.21
LDO-BORG,0.1796,$441.47M,19.41
USDTB-USDZ,0.1796,$482.91M,0.41
META-KITE,0.1796,$327.42M,17.18
CAKE-WEMIX,0.1796,$547.62M,-6.83
FLUID-FDUSD,0.1796,$432.38M,16.48
REAL-A7A5,0.1796,$727.26M,-4.43
BAT-USDZ,0.1796,$230.80M,-5.52
OZO-BTSE,0.1795,$258.41M,-0.62
TIBBIR-ENS,0.1795,$282.56M,6.33
ICNT-MET,0.1795,$190.99M,-8.35
TAG-GLIDR,0.1795,$246.45M,22.03
PIEVERSE-NFT,0.1795,$446.60M,-3.25
LDO-PENGU,0.1794,$674.91M,24.83
USDTB-BP,0.1794,$469.76M,-7.77
GNO-XPIN,0.1794,$427.54M,-6.12
SPX-KAITO,0.1793,$611.34M,59.94
GNO-XTZ,0.1793,$508.12M,-16.71
A7A5-CRCLON,0.1793,$571.06M,0.04
OHM-PRL,0.1792,$359.87M,16.23
NEO-USDF,0.1792,$245.61M,0.66
FDUSD-MON,0.1792,$594.29M,7.37
ZK-GEOD,0.1791,$178.70M,-8.81
DYDX-XCN,0.179,$227.52M,-24.56
LDO-XPL,0.179,$523.78M,22.83
ZRO-KMNO,0.1788,$382.78M,0.52
ZANO-REAL,0.1788,$380.22M,-6.63
GRX-A,0.1787,$226.39M,14.46
XTZ-FDUSD,0.1787,$571.57M,-9.31
ACRED-ONYC,0.1787,$361.25M,0.56
LUNC-UQC,0.1786,$386.92M,-7.81
WEMIX-BTSE,0.1786,$233.54M,-10.63
DYDX-MON,0.1785,$346.06M,-10.25
APR-FRAX,0.1785,$416.46M,-6.2
KMNO-MX,0.1785,$248.61M,0.65
FDUSD-ZBT,0.1785,$460.04M,-2.74
CRVUSD-RAY,0.1785,$375.06M,0.92
GRT-ZBT,0.1784,$275.29M,-9.88
EURCV-USDF,0.1784,$261.27M,-0.05
OHM-SUN,0.1783,$618.09M,13.81
COCO-CRCLON,0.1783,$277.07M,-7.16
A7A5-FRXUSD,0.1783,$588.13M,-0.3
BC-TIA,0.1782,$526.06M,50.06
2Z-ICNT,0.1782,$303.91M,-11.0
AWE-TRUMP,0.1782,$463.21M,7.05
REUSD-REAL,0.1782,$416.49M,-3.87
EDGE-THBILL,0.1781,$253.91M,-8.42
XTZ-WEMIX,0.1781,$325.90M,-19.31
AIAT-SHFL,0.1781,$239.38M,3.57
FRXUSD-JASMY,0.1781,$321.51M,0.2
1INCH-RLB,0.178,$220.09M,14.59
TIA-BONK,0.178,$571.44M,-1.18
REUSD-PIEVERSE,0.178,$349.52M,-3.98
EIGEN-BTT,0.178,$400.07M,-3.38
UB-USDAT,0.1779,$500.64M,23.58
OUSG-SN64,0.1779,$470.24M,3.64
OZO-MON,0.1779,$373.49M,7.38
FLOKI-USAT,0.1779,$383.74M,-2.06
JTO-PYTH,0.1779,$590.00M,-8.12
PEANUT-THBILL,0.1779,$302.47M,-3.85
DRV-SYRUP,0.1777,$309.89M,7.58
VELVET-USDA,0.1777,$262.68M,-37.93
SOON-PRL,0.1777,$174.08M,42.45
FLUID-PENGU,0.1776,$458.00M,15.8
TIBBIR-CHEEMS,0.1776,$206.80M,-11.02
ICNT-STX,0.1776,$352.09M,-17.21
DASH-FRXUSD,0.1776,$507.36M,-2.01
WIF-XEC,0.1776,$265.80M,4.06
UB-USDA,0.1775,$457.01M,23.49
FLOKI-SHORT,0.1775,$296.06M,-10.97
VELVET-CASH,0.1774,$288.52M,-37.85
KAG-TRAC,0.1774,$337.36M,2.04
PENGU-TEL,0.1774,$546.03M,-11.91
SOSO-EURCV,0.1774,$266.02M,9.59
APEPE-ONYC,0.1773,$447.57M,-0.94
DCR-KOGE,0.1773,$416.93M,5.65
KAU-A7A5,0.1772,$786.51M,0.32
NEO-SPCXB,0.1772,$219.31M,-15.96
GEOD-BSV,0.1771,$352.84M,0.51
RLB-BSV,0.1769,$362.76M,2.5
BC-GUSD,0.1769,$369.08M,54.39
GRX-DASH,0.1769,$521.53M,13.72
CHEEMS-SFP,0.1768,$203.05M,-16.66
CTOC-SHFL,0.1768,$396.40M,1.8
THETA-ONYC,0.1768,$372.30M,-0.19
XPIN-SFP,0.1768,$247.63M,-1.09
STAC-PENGU,0.1767,$474.36M,-0.48
ICNT-IOTA,0.1767,$249.15M,-13.14
WEMIX-AWE,0.1767,$206.24M,-7.06
OHM-TAG,0.1766,$420.87M,26.87
GOMINING-SFP,0.1766,$218.30M,-0.16
CRCLON-BSV,0.1766,$351.34M,1.17
1INCH-EURCV,0.1765,$265.25M,12.81
USDTB-EURCV,0.1765,$504.96M,0.43
VELVET-GLIDR,0.1765,$267.89M,-33.77
LUNC-SUN,0.1764,$621.19M,-2.8
UB-BTT,0.1764,$620.31M,23.76
STAC-JASMY,0.1764,$314.23M,0.37
KAU-KAG,0.1764,$522.00M,-0.71
ZRO-STRK,0.1764,$473.97M,-2.42
MX-ZAMA,0.1764,$288.40M,44.4
SPX-XEC,0.1763,$421.53M,8.37
1INCH-USTBL,0.1763,$276.66M,13.05
AKT-NFT,0.1763,$392.92M,-12.47
APEPE-GEOD,0.1763,$295.71M,-1.72
TAG-SOSO,0.1762,$261.66M,27.64
THETA-APYUSD,0.1762,$284.22M,3.83
MET-XCN,0.1762,$219.07M,-5.94
WFI-TRUMP,0.1762,$531.93M,4.39
CARDS-SUN,0.1761,$611.16M,-11.7
FARTCOIN-SOON,0.1761,$213.02M,47.07
VSN-USDF,0.176,$262.73M,14.64
STAC-BONK,0.176,$367.59M,3.4
DRV-PENGU,0.176,$474.36M,-4.36
OZO-MANA,0.176,$256.68M,4.07
KMNO-STX,0.176,$348.54M,-6.85
XTZ-REUSD,0.176,$392.91M,-9.08
USDAI-FET,0.176,$463.36M,-9.79
VSN-STX,0.1759,$401.41M,6.74
RLB-COMP,0.1759,$263.60M,4.07
INJ-BP,0.1759,$573.47M,-7.76
AWE-FRAX,0.1758,$325.89M,3.1
GEOD-USDZ,0.1758,$221.73M,-0.43
OHM-GEOD,0.1757,$370.15M,8.61
USDA-XPIN,0.1757,$241.07M,1.19
BORG-TRUMP,0.1757,$495.66M,-1.94
APR-BTSE,0.1756,$329.50M,-7.04
REUSD-AERO,0.1756,$581.81M,-4.52
ENS-AKE,0.1756,$271.59M,493.84
SPCXB-EIGEN,0.1756,$226.13M,-20.14
CHEEMS-EIGEN,0.1755,$240.91M,-17.88
NEX-MX,0.1755,$240.92M,-9.95
TIA-SOON,0.1754,$396.50M,30.75
UQC-SN64,0.1754,$198.01M,3.39
ICNT-REAL,0.1754,$350.63M,-13.48
FF-ETHFI,0.1754,$592.18M,11.84
VET-SHFL,0.1754,$510.36M,3.82
LUNC-RLB,0.1753,$383.17M,-6.01
FLUID-USDF,0.1753,$198.12M,16.52
KAITO-SFP,0.1753,$412.00M,59.52
FF-WIF,0.1753,$338.63M,-8.9
SHORT-AIAT,0.1753,$215.53M,-6.96
LDO-XTZ,0.1752,$528.67M,16.16
APXUSD-ICNT,0.1752,$396.63M,-6.16
AWE-SPCXB,0.1752,$191.36M,-13.65
SNX-MANA,0.1752,$253.82M,3.76
RLB-CVX,0.1751,$239.09M,15.77
INJ-TEL,0.1751,$633.55M,-10.7
US-ULTIMA,0.1751,$600.67M,235.71
GNO-GLIDR,0.1751,$384.03M,-3.3
UQC-KITE,0.1751,$340.02M,-3.45
DYDX-EURC,0.175,$547.90M,-17.72
USDTB-ETHFI,0.175,$755.41M,15.04
APXUSD-ONYC,0.175,$541.26M,3.67
JASMY-THBILL,0.175,$329.52M,0.34
DEXE-SUN,0.1749,$616.37M,-38.83
APXUSD-FRXUSD,0.1749,$404.98M,3.21
STRCX-AR,0.1749,$256.85M,-1.89
PENGU-PYTH,0.1749,$693.08M,3.36
DCR-KAG,0.1748,$416.47M,7.88
META-GUSD,0.1747,$244.92M,20.44
KAG-GLIDR,0.1747,$315.07M,2.75
KAITO-FRXUSD,0.1747,$419.19M,61.88
KITE-SUN,0.1747,$574.29M,1.56
ZBCN-RAIL,0.1745,$267.12M,-20.56
CRVUSD-SN64,0.1745,$302.04M,3.55
RLB-GRASS,0.1744,$320.14M,-11.82
USTBL-COMP,0.1744,$320.17M,2.53
KAG-MET,0.1744,$303.11M,-0.32
TEL-A7A5,0.1743,$652.52M,-11.55
MX-SYRUP,0.1743,$357.84M,10.93
LUNC-US,0.1742,$697.86M,217.46
OUSG-CARDS,0.1742,$649.12M,-16.45
ZBCN-META,0.1742,$272.69M,10.66
AKT-REUSD,0.1742,$295.83M,-13.2
FDUSD-USDA,0.1742,$442.27M,-0.06
DCR-WIF,0.1741,$349.12M,2.99
VSN-BORG,0.174,$289.16M,8.52
1INCH-ZAMA,0.174,$253.63M,57.66
APR-GRT,0.174,$357.73M,-13.51
USTBL-KAG,0.174,$374.53M,-1.21
FLUID-ZANO,0.1739,$217.45M,13.96
XPIN-AR,0.1739,$260.95M,-3.41
VSN-PIEVERSE,0.1738,$332.98M,10.36
NXM-XEC,0.1738,$206.33M,19.19
GLM-ENS,0.1738,$270.83M,-2.76
ACRED-VET,0.1738,$504.00M,2.28
SPCXB-A,0.1738,$187.82M,-17.85
RLB-GRX,0.1737,$228.37M,17.42
REAL-FRAX,0.1737,$469.12M,-3.93
VSN-GUSD,0.1736,$300.40M,14.52
KMNO-ONYC,0.1736,$344.23M,1.47
STRK-NEX,0.1736,$279.54M,-11.55
ACRED-ZANO,0.1736,$246.20M,-2.41
TEL-XPL,0.1736,$394.90M,-13.9
KITE-MX,0.1736,$382.59M,-3.67
MANA-SUN,0.1736,$473.67M,8.92
APR-AKT,0.1735,$324.78M,-19.83
VELVET-ZBT,0.1735,$280.45M,-40.61
COCO-XCN,0.1735,$313.88M,-14.47
ZK-FRXUSD,0.1734,$194.27M,-8.49
CRVUSD-THBILL,0.1734,$329.98M,0.19
BORG-PRL,0.1734,$222.34M,1.23
TRAC-MANA,0.1734,$255.05M,7.41
TRAC-WFI,0.1733,$298.21M,3.63
KMNO-GUSD,0.1732,$247.53M,0.93
2Z-GALA,0.1731,$290.95M,-10.9
PYTH-PEANUT,0.1731,$505.90M,0.02
TWT-SYRUP,0.173,$355.71M,11.19
AVUSD-SHFL,0.173,$237.38M,1.84
SHORT-XPL,0.173,$318.14M,-11.55
A-SHFL,0.173,$223.69M,0.35
ZBCN-UUSD,0.1729,$277.06M,-9.81
RLB-A,0.1728,$206.56M,0.39
FLUID-KAG,0.1728,$299.98M,15.12
A7A5-WFI,0.1728,$652.75M,-0.05
ZRO-UQC,0.1727,$392.77M,-0.6
PIEVERSE-FRXUSD,0.1727,$292.00M,-4.22
LDO-AKE,0.1726,$398.72M,516.29
TIA-USDZ,0.1725,$433.88M,-4.52
OHM-ZK,0.1725,$360.16M,0.43
KOGE-BSV,0.1725,$472.64M,-2.75
EARNETH-UQC,0.1723,$254.96M,10.9
CVX-WFI,0.1723,$309.36M,14.35
COCO-IOTA,0.1723,$331.80M,-11.29
UQC-STRCX,0.1723,$248.81M,2.66
AWE-JASMY,0.1723,$317.41M,3.11
TAG-GOMINING,0.1723,$260.63M,20.13
ZBT-PIEVERSE,0.1723,$296.03M,-6.98
UB-PENDLE,0.1722,$611.49M,29.7
PENGU-RAIL,0.1722,$461.56M,-11.37
PENGU-TRAC,0.1722,$495.38M,2.71
EURC-MANA,0.1722,$581.42M,3.92
OZO-EURC,0.1721,$575.33M,-0.09
BP-PRL,0.1721,$198.31M,-1.0
UQC-USDAI,0.1721,$265.46M,-0.11
AWE-BAT,0.1721,$209.24M,-2.48
STRCX-BTSE,0.1721,$273.91M,2.13
SN64-XPIN,0.1721,$234.89M,4.77
CAKE-MON,0.172,$695.39M,10.5
KAITO-BP,0.172,$423.50M,53.57
AVUSD-RAY,0.172,$278.98M,1.09
IMX-AKE,0.1719,$322.84M,490.01
2Z-SOSO,0.1719,$318.92M,8.06
TAG-FRAX,0.1719,$365.13M,18.13
REUSD-GOMINING,0.1718,$283.00M,2.44
BORG-MX,0.1718,$288.86M,-6.42
INJ-GNO,0.1717,$741.88M,-6.84
NEO-REUSD,0.1717,$301.21M,0.86
ZANO-SUN,0.1717,$473.45M,2.38
DCR-SHFL,0.1716,$324.18M,10.86
EIGEN-THETA,0.1716,$266.68M,-4.22
VSN-VIRTUAL,0.1715,$520.46M,18.13
USTBL-A7A5,0.1715,$639.05M,-0.18
LUNC-WEMIX,0.1714,$379.32M,-17.67
GNO-KITE,0.1714,$514.65M,-10.71
NEO-KAG,0.1714,$347.47M,-0.73
XTZ-GLIDR,0.1713,$326.86M,-5.24
ONYC-BSV,0.1713,$504.70M,1.29
TWT-BONK,0.1712,$413.41M,3.13
KAG-SFP,0.1712,$316.42M,-3.69
SHORT-PEANUT,0.1712,$282.09M,-12.9
IMX-THBILL,0.1711,$345.26M,-0.64
AXS-CRVUSD,0.1711,$355.74M,-7.04
OHM-AVUSD,0.171,$391.78M,9.14
CAKE-FF,0.171,$639.48M,0.48
WIF-GEOD,0.171,$240.69M,-6.55
USDA-SYRUP,0.1709,$303.42M,11.2
VCNT-GOMINING,0.1708,$280.01M,2.29
STRCX-MET,0.1708,$230.21M,3.79
JASMY-USDF,0.1707,$323.43M,0.24
UB-CARDS,0.1706,$629.70M,6.98
CAKE-USDZ,0.1706,$574.58M,3.03
IMX-REUSD,0.1705,$394.75M,-0.55
ZANO-USDZ,0.1705,$258.55M,-2.62
SFP-ZAMA,0.1705,$240.54M,42.39
XEC-PRL,0.1704,$203.53M,17.6
ZBCN-USDA,0.1703,$273.45M,-9.93
SPCXB-ETHFI,0.1703,$485.43M,-2.06
EARNETH-A7A5,0.1702,$625.15M,10.72
VELVET-BP,0.1702,$280.74M,-46.16
GLM-AWE,0.1702,$200.58M,-2.87
ICNT-USAT,0.1702,$286.80M,-9.36
SNX-STRCX,0.1702,$263.23M,2.5
TKX-XEC,0.1701,$222.90M,15.24
CTOC-USDZ,0.1701,$402.39M,0.05
FF-KITE,0.1701,$424.29M,-5.99
SYRUP-AKE,0.1701,$302.77M,502.08
DCR-REUSD,0.17,$370.21M,9.47
STRCX-THETA,0.1699,$266.89M,2.12
TAG-BSV,0.1699,$403.56M,18.76
EIGEN-USDF,0.1699,$252.43M,-3.52
MON-AKE,0.1699,$343.72M,498.16
CASH-US,0.1698,$540.98M,225.15
AWE-MANA,0.1698,$237.21M,6.96
IOTA-SHFL,0.1698,$268.97M,-2.15
OHM-AERO,0.1697,$690.18M,4.16
UQC-PENDLE,0.1697,$358.67M,6.02
TAG-XPIN,0.1697,$289.96M,19.21
USDTB-SOON,0.1696,$445.53M,35.68
ZRO-GALA,0.1695,$373.37M,-9.74
RAY-ZAMA,0.1695,$300.82M,45.62
CHZ-SHFL,0.1695,$265.54M,-10.44
EIGEN-MET,0.1694,$230.01M,-2.55
LUNC-CRVUSD,0.1693,$490.95M,-7.65
IMX-TRAC,0.1693,$350.99M,2.58
1INCH-ULTIMA,0.1693,$297.52M,23.48
EARNETH-XEC,0.1693,$266.40M,21.32
USTBL-ETHFI,0.1693,$560.73M,14.64
TIBBIR-SOON,0.1693,$196.49M,38.44
STAC-MANA,0.1692,$234.03M,4.22
ULTIMA-MET,0.1692,$271.12M,11.58
DEXE-DCR,0.1691,$476.86M,-34.5
TKX-ZANO,0.1691,$234.60M,2.43
DEXE-CTOC,0.169,$549.08M,-43.56
KAG-FARTCOIN,0.169,$336.70M,10.59
APXUSD-A7A5,0.1689,$773.26M,2.9
BP-TAG,0.1689,$259.30M,9.64
THETA-WFI,0.1689,$300.64M,-0.4
RLB-XPL,0.1687,$324.86M,-0.98
USTBL-AWE,0.1687,$266.66M,3.05
TWT-XTZ,0.1687,$373.94M,-9.42
XTZ-UQC,0.1687,$333.49M,-9.45
NEX-WFI,0.1687,$264.87M,-9.35
ZK-USDF,0.1686,$196.19M,-8.44
FLUID-BORG,0.1686,$224.56M,10.39
RAY-FRAX,0.1686,$383.07M,1.06
VSN-NEX,0.1685,$241.22M,4.98
INJ-SUN,0.1685,$801.53M,5.43
TKX-KMNO,0.1685,$201.46M,5.94
ICNT-XPIN,0.1685,$246.47M,-8.1
UB-SHFL,0.1684,$482.24M,25.2
EDGE-KAG,0.1684,$349.67M,-9.91
ZRO-CHZ,0.1684,$428.89M,-12.55
ZK-ONYC,0.1684,$330.56M,-8.03
COCO-USDF,0.1684,$296.06M,-7.46
ACRED-ETHFI,0.1684,$514.93M,14.61
1INCH-CTOC,0.1683,$390.82M,13.08
GPS-COMP,0.1683,$255.33M,6.35
KMNO-FARTCOIN,0.1683,$221.03M,12.92
STX-PYTH,0.1683,$571.88M,-3.83
OUSG-DCR,0.1682,$583.03M,9.35
USTBL-TRUMP,0.1682,$518.23M,4.26
ACRED-GRASS,0.1682,$330.91M,-13.39
GEOD-AKE,0.1682,$189.87M,490.49
XCN-XPL,0.1682,$350.25M,-9.61
LUNC-EURCV,0.1681,$428.33M,-7.79
IMX-AVUSD,0.1681,$343.30M,-0.58
APR-SFP,0.1681,$299.12M,-8.74
AWE-A7A5,0.1681,$584.03M,2.61
DYDX-BORG,0.168,$236.14M,-23.68
META-THETA,0.168,$221.51M,19.86
ZK-KITE,0.168,$316.36M,-11.83
GRT-XPIN,0.1679,$306.24M,-5.86
ZBCN-WIF,0.1679,$323.62M,-16.09
JTO-AR,0.1679,$384.69M,-16.81
GNO-VET,0.1678,$671.60M,-5.2
CASH-CAKE,0.1677,$569.21M,3.15
TKX-USTBL,0.1677,$264.28M,5.07
GPS-XCN,0.1677,$225.67M,-3.0
FLOKI-KOGE,0.1677,$412.66M,-5.64
DCR-THETA,0.1676,$328.87M,8.57
KMNO-ZANO,0.1676,$229.18M,-1.51
BP-GEOD,0.1676,$208.58M,-8.62
ICNT-ZANO,0.1676,$232.73M,-11.87
NXM-GRX,0.1675,$210.97M,24.64
CAKE-GUSD,0.1674,$596.70M,3.08
SHORT-FRAX,0.1674,$317.62M,-8.71
UB-USTBL,0.1673,$521.68M,23.69
KAU-WEMIX,0.1673,$408.73M,-9.35
KAU-STX,0.1673,$558.82M,-7.22
KMNO-IOTA,0.1673,$245.60M,-2.78
KMNO-ZBT,0.1673,$211.97M,-1.76
KITE-AKE,0.1673,$327.53M,487.47
JASMY-ZAMA,0.1673,$349.40M,44.93
DRV-TIA,0.1672,$409.13M,-8.09
OZO-ONYC,0.1672,$371.50M,0.5
TWT-ICNT,0.1672,$250.04M,-9.45
KAITO-JASMY,0.1672,$520.86M,62.06
TIBBIR-TEL,0.1671,$280.80M,-7.95
TKX-FRXUSD,0.167,$213.36M,4.95
TIBBIR-MX,0.167,$257.07M,2.95
FARTCOIN-SHORT,0.167,$220.56M,3.03
APXUSD-TEL,0.1669,$469.37M,-8.04
NEX-COMP,0.1669,$249.65M,-7.21
JTO-BTSE,0.1669,$401.75M,-12.79
VSN-BSV,0.1668,$409.39M,15.41
1INCH-ZRO,0.1668,$400.57M,12.44
KAU-MANA,0.1668,$439.69M,4.66
VELVET-GLM,0.1668,$261.26M,-43.65
AWE-PRL,0.1668,$189.89M,10.22
THETA-FRXUSD,0.1668,$236.01M,-0.64
APYUSD-THBILL,0.1668,$276.06M,4.63
GNO-XCN,0.1667,$412.30M,-14.34
USDAT-ZBT,0.1667,$253.75M,-2.74
STRK-PYTH,0.1667,$510.57M,2.08
VCNT-BSV,0.1666,$422.94M,0.92
KITE-WFI,0.1666,$406.55M,-3.07
XCN-USDF,0.1666,$241.50M,-6.9
1INCH-MANA,0.1665,$247.20M,16.95
VIRTUAL-USDF,0.1665,$481.41M,3.59
ACRED-EIGEN,0.1665,$255.63M,-3.47
ACRED-AIAT,0.1665,$233.02M,2.03
BTSE-ONYC,0.1665,$379.32M,-0.18
APXUSD-GEOD,0.1664,$389.40M,2.89
KMNO-DASH,0.1664,$495.46M,-1.02
CARDS-USDA,0.1664,$365.04M,-16.66
SPX-ICNT,0.1663,$403.65M,-11.29
ZRO-USDAI,0.1663,$442.19M,-0.46
UQC-USDZ,0.1663,$235.41M,-0.24
ZBT-USDAI,0.1663,$271.38M,-2.74
AKT-AIAT,0.1662,$246.37M,-11.51
FF-JASMY,0.1662,$403.87M,-2.47
EDGE-XCN,0.1661,$265.63M,-15.53
REUSD-TEL,0.1661,$341.75M,-11.0
APR-FLOKI,0.166,$394.90M,-8.46
CARDS-ZANO,0.166,$400.03M,-19.09
VELVET-WFI,0.1659,$341.05M,-37.6
MANA-FRAX,0.1659,$351.45M,4.22
BC-GALA,0.1658,$308.18M,45.2
OZO-APEPE,0.1658,$326.66M,-1.38
UB-FDUSD,0.1657,$706.93M,23.58
DRV-PIEVERSE,0.1657,$284.73M,-7.92
USTBL-EIGEN,0.1657,$301.43M,-3.44
KAITO-IOTA,0.1657,$456.84M,58.09
JTO-AERO,0.1657,$683.01M,-16.91
XCN-ZAMA,0.1657,$267.47M,37.79
USTBL-XTZ,0.1656,$386.32M,-9.2
USDTB-BTT,0.1655,$614.99M,0.72
VCNT-PENGU,0.1655,$536.16M,-0.56
USDA-APYUSD,0.1655,$254.30M,4.41
PIEVERSE-AERO,0.1655,$596.46M,-9.0
INJ-BSV,0.1654,$717.73M,1.37
CASH-SYRUP,0.1654,$329.27M,11.28
TKX-EIGEN,0.1654,$244.03M,1.37
TAG-RAY,0.1654,$308.07M,18.82
DYDX-CAKE,0.1653,$545.06M,-14.45
ZRO-SFP,0.1653,$387.49M,-2.83
COCO-WEMIX,0.1653,$284.64M,-17.49
KAG-EURCV,0.1653,$363.13M,-1.44
GRX-CTOC,0.1652,$399.10M,15.91
GUSD-USDAI,0.1652,$306.94M,-0.05
2Z-STRCX,0.1651,$343.13M,1.14
A-ZAMA,0.1651,$240.10M,43.46
NXM-SHORT,0.165,$184.42M,-0.0
APR-APXUSD,0.165,$491.45M,-3.18
USTBL-COCO,0.165,$345.06M,-7.38
CAKE-BP,0.165,$561.43M,-5.15
STRK-USDF,0.165,$301.05M,-1.89
IMX-UB,0.1649,$588.16M,22.77
IMX-PRL,0.1649,$311.39M,6.51
STAC-SAND,0.1649,$227.83M,-4.63
TEL-AIAT,0.1649,$292.29M,-9.31
NEO-MANA,0.1648,$265.16M,4.65
FDUSD-USDF,0.1648,$457.94M,0.07
ZANO-REUSD,0.1648,$298.59M,-2.26
MX-BTT,0.1648,$410.06M,-0.15
APEPE-APXUSD,0.1647,$496.42M,1.8
GRX-MET,0.1647,$213.51M,16.76
FF-PYTH,0.1647,$513.65M,1.36
DRV-JTO,0.1646,$371.28M,-15.84
ULTIMA-WEMIX,0.1646,$282.12M,0.58
ZANO-FRAX,0.1646,$351.23M,-2.32
BTSE-PEANUT,0.1646,$317.65M,-4.65
MANA-FRXUSD,0.1646,$241.31M,4.05
2Z-SUN,0.1645,$544.63M,3.25
RAIL-SHFL,0.1645,$211.24M,-9.08
THETA-USDZ,0.1645,$253.48M,-0.77
APR-AVUSD,0.1644,$312.37M,-6.18
DRV-AIAT,0.1644,$220.62M,-1.76
USTBL-UUSD,0.1644,$260.63M,0.17
APXUSD-FLOKI,0.1644,$493.57M,1.13
GNO-TRUMP,0.1644,$640.03M,-3.25
RAIL-FRXUSD,0.1644,$199.77M,-10.7
MANA-SHFL,0.1644,$252.78M,5.67
NXM-AVUSD,0.1643,$202.85M,9.1
STAC-FET,0.1643,$408.56M,-9.62
INJ-A,0.1643,$561.52M,-0.74
SOON-ZBT,0.1643,$203.96M,32.39
BORG-USDF,0.1643,$250.11M,-6.02
KOGE-XPIN,0.1643,$359.04M,-2.31
USDA-GRASS,0.1642,$312.05M,-13.57
IMX-PYTH,0.1641,$548.68M,3.23
STAC-NEO,0.1641,$236.42M,0.79
CHEEMS-ENS,0.1641,$276.39M,-11.27
SNX-FF,0.1641,$314.72M,-2.95
RAY-SFP,0.1641,$265.74M,-1.48
IMX-DRV,0.164,$329.96M,-4.49
USDAT-EURCV,0.164,$289.24M,-0.09
AIAT-AERO,0.164,$532.35M,-2.84
ZBCN-KOGE,0.1639,$391.42M,-13.42
APEPE-AWE,0.1639,$307.18M,1.51
VCNT-SOSO,0.1639,$281.03M,9.79
CASH-OHM,0.1638,$397.82M,8.93
APYUSD-SUN,0.1638,$500.42M,9.37
STAC-VELVET,0.1637,$269.15M,-37.68
RLB-USDF,0.1637,$216.11M,1.73
KMNO-JTO,0.1637,$366.66M,-11.14
NEX-GUSD,0.1637,$239.83M,-9.68
LDO-APYUSD,0.1636,$461.32M,29.97
META-BSV,0.1636,$353.91M,21.33
GPS-KITE,0.1636,$328.01M,0.63
GOMINING-EURC,0.1636,$565.60M,2.08
GOMINING-SHORT,0.1636,$213.12M,-6.71
BC-USDF,0.1635,$331.41M,54.51
OHM-TWT,0.1635,$424.27M,8.84
COCO-FDUSD,0.1635,$530.32M,-7.49
GPS-USAT,0.1635,$281.24M,3.97
FRXUSD-THBILL,0.1635,$227.86M,0.16
KMNO-STRK,0.1634,$287.23M,-0.94
2Z-ZANO,0.1633,$333.50M,-4.14
CHEEMS-WFI,0.1633,$274.86M,-14.05
WEMIX-GEOD,0.1633,$194.77M,-10.3
LUNC-DYDX,0.1632,$376.76M,-25.29
INJ-GLM,0.1632,$554.00M,-5.25
TRAC-A7A5,0.1632,$601.87M,3.07
EDGE-OZO,0.1631,$261.27M,-8.54
OZO-SFP,0.1631,$228.03M,-2.32
TIA-TAG,0.1631,$451.56M,13.54
BP-FLOKI,0.1631,$312.74M,-10.37
FDUSD-NFT,0.1631,$610.62M,1.0
ZANO-FRXUSD,0.1631,$241.08M,-2.5
VSN-FET,0.163,$456.81M,4.78
SPX-ONYC,0.163,$548.28M,-1.46
OUSG-SYRUP,0.163,$587.50M,11.41
USTBL-REAL,0.163,$409.90M,-3.99
COCO-CTOC,0.163,$459.22M,-7.35
NXM-USDA,0.1629,$183.05M,8.82
CASH-STRCX,0.1629,$262.81M,2.78
VIRTUAL-USDA,0.1629,$465.75M,3.46
KAG-CHEEMS,0.1629,$314.01M,-15.65
UUSD-A7A5,0.1629,$577.99M,-0.26
EIGEN-MX,0.1629,$291.18M,-3.92
EURC-A7A5,0.1629,$928.24M,-0.42
US-NEO,0.1628,$552.74M,225.76
KMNO-GOMINING,0.1628,$213.58M,3.19
CRVUSD-SYRUP,0.1628,$419.30M,11.31
THETA-XPIN,0.1628,$270.99M,0.61
SOSO-BSV,0.1628,$375.08M,10.52
LDO-AKT,0.1627,$431.59M,12.04
DYDX-COMP,0.1626,$257.19M,-15.21
LDO-GUSD,0.1626,$452.70M,25.42
CTOC-XCN,0.1626,$404.66M,-6.79
REUSD-SHORT,0.1626,$264.99M,-8.65
NEX-SHFL,0.1626,$211.73M,-7.98
USDAI-TRUMP,0.1625,$514.83M,4.14
STAC-GUSD,0.1624,$252.15M,0.12
INJ-TRAC,0.1624,$582.90M,3.92
META-ONYC,0.1624,$341.62M,20.98
STRCX-TAG,0.1624,$285.86M,20.72
EDGE-A,0.1623,$238.26M,-9.85
BC-FET,0.1623,$525.49M,44.65
GLM-SFP,0.1623,$197.49M,-8.15
ZANO-FARTCOIN,0.1623,$254.17M,9.42
JTO-A,0.1623,$370.93M,-13.42
GEOD-KOGE,0.1623,$308.49M,-3.89
IMX-SUN,0.1622,$569.61M,4.09
1INCH-VELVET,0.1622,$282.32M,-24.94
INJ-KAITO,0.1622,$768.50M,62.42
BC-GEOD,0.1622,$313.91M,54.15
PENGU-NFT,0.1622,$636.24M,0.31
KAU-SOSO,0.1621,$424.90M,10.32
VELVET-JTO,0.1621,$435.14M,-50.0
VCNT-FARTCOIN,0.1621,$287.46M,12.02
UB-KAG,0.162,$574.53M,22.22
US-OHM,0.162,$694.77M,234.07
FDUSD-NEX,0.162,$436.43M,-9.59
NEX-GLIDR,0.162,$191.71M,-5.52
OZO-ICNT,0.1619,$226.87M,-9.33
CAKE-KOGE,0.1619,$661.34M,-0.42
UQC-FF,0.1619,$300.30M,-2.79
AWE-PENDLE,0.1619,$356.47M,9.06
AVUSD-PRL,0.1619,$200.05M,7.51
DYDX-SOON,0.1618,$187.88M,17.55
US-USDAI,0.1618,$576.40M,225.16
REUSD-SN64,0.1618,$257.42M,3.76
GALA-SFP,0.1618,$191.35M,-11.62
GLM-FRXUSD,0.1617,$204.68M,-5.78
GNO-THETA,0.1616,$408.74M,-8.04
KMNO-CHZ,0.1616,$242.16M,-11.08
REUSD-SOSO,0.1616,$284.02M,9.94
SOON-FET,0.1615,$395.93M,25.34
EARNETH-AVUSD,0.1614,$262.92M,11.23
KAITO-USDZ,0.1614,$436.66M,61.75
USDA-STX,0.1614,$346.69M,-7.93
NFT-BTSE,0.1614,$397.63M,0.33
TEL-MX,0.1613,$324.90M,-11.59
UB-TRAC,0.1612,$484.50M,26.94
CASH-META,0.1612,$217.43M,20.51
OUSG-CVX,0.1611,$515.07M,14.23
APR-2Z,0.1611,$398.73M,-8.03
CASH-FF,0.1611,$314.30M,-2.66
VELVET-AKE,0.161,$262.03M,452.94
APXUSD-XPIN,0.161,$439.95M,4.47
TWT-BTSE,0.161,$281.58M,-0.74
TIBBIR-PIEVERSE,0.161,$288.57M,-0.93
IMX-CHEEMS,0.1609,$327.64M,-15.1
BC-GLIDR,0.1609,$320.95M,58.55
VSN-GRX,0.1607,$274.99M,30.33
GPS-FF,0.1607,$288.29M,1.29
NEO-TAG,0.1607,$278.84M,18.55
BP-FDUSD,0.1607,$460.33M,-8.28
CRVUSD-TRUMP,0.1607,$569.44M,4.17
CARDS-SPCXB,0.1607,$354.40M,-33.15
SPCXB-MET,0.1607,$174.95M,-15.55
A7A5-COMP,0.1607,$637.53M,2.09
DYDX-WFI,0.1606,$272.41M,-17.35
2Z-ONYC,0.1606,$448.54M,-1.17
COCO-JASMY,0.1606,$395.81M,-7.32
CHEEMS-GALA,0.1606,$188.93M,-23.57
UQC-NFT,0.1606,$372.54M,0.86
PYTH-BTSE,0.1606,$454.47M,3.37
BC-XTZ,0.1605,$445.04M,45.13
TIA-A7A5,0.1605,$784.70M,-4.7
US-APEPE,0.1605,$620.33M,223.74
UB-UUSD,0.1604,$460.62M,23.61
ZRO-SUN,0.1604,$627.04M,4.41
AKT-FDUSD,0.1604,$474.49M,-13.43
GRX-ZBT,0.1604,$238.04M,12.99
AWE-CRVUSD,0.1604,$317.87M,2.96
SFP-AERO,0.1604,$517.10M,-7.13
STAC-ULTIMA,0.1603,$284.34M,10.75
CHEEMS-FRXUSD,0.1603,$210.24M,-14.3
CARDS-WFI,0.1603,$443.41M,-16.33
GALA-A,0.1603,$190.90M,-10.54
FRXUSD-AR,0.1603,$225.98M,-4.66
OUSG-FARTCOIN,0.1602,$503.26M,12.05
STAC-XCN,0.1602,$232.30M,-6.77
GOMINING-EURCV,0.1602,$265.00M,2.09
GNO-FDUSD,0.1601,$628.74M,-7.37
AXS-FF,0.1601,$335.97M,-9.74
SAND-SUN,0.1601,$467.48M,0.07
SPX-FF,0.1599,$494.36M,-4.6
2Z-SHFL,0.1599,$323.74M,-0.01
USDA-PRL,0.1598,$180.25M,7.23
LDO-WFI,0.1597,$477.74M,25.74
ZRO-WEMIX,0.1597,$385.18M,-10.45
VSN-AKT,0.1596,$279.29M,1.14
DYDX-THBILL,0.1595,$215.80M,-17.45
VELVET-VET,0.1595,$555.46M,-35.67
BC-BSV,0.1595,$478.06M,55.28
ZRO-ZBT,0.1595,$398.70M,-3.23
META-XTZ,0.1595,$320.89M,11.18
RLB-PENDLE,0.1594,$354.92M,7.81
ICNT-KITE,0.1594,$333.57M,-12.69
IMX-STRCX,0.1593,$368.12M,1.98
DRV-2Z,0.1593,$304.98M,-5.33
ACRED-USAT,0.1593,$300.27M,0.1
ACRED-FRAX,0.1593,$335.11M,0.28
RAIL-AKE,0.1593,$185.37M,480.09
DYDX-FRXUSD,0.1592,$207.79M,-17.59
APR-GEOD,0.1592,$290.74M,-6.7
GNO-STRCX,0.1592,$423.44M,-4.61
OZO-GOMINING,0.1591,$240.86M,2.22
CAKE-FDUSD,0.1591,$793.29M,3.17
BC-TIBBIR,0.159,$326.05M,57.75
VIRTUAL-FRAX,0.159,$589.64M,3.72
AKE-USDF,0.159,$207.36M,490.86
META-SOSO,0.1589,$212.00M,30.2
AVUSD-STX,0.1589,$366.49M,-7.64
STRCX-BTT,0.1589,$400.27M,2.97
APEPE-FRAX,0.1588,$421.43M,-1.22
APXUSD-PENDLE,0.1588,$545.71M,9.34
ONYC-GUSD,0.1588,$395.71M,0.4
SOSO-JASMY,0.1588,$328.18M,9.88
TKX-SUN,0.1587,$445.73M,9.82
DRV-XPL,0.1586,$323.23M,-6.35
CHEEMS-CRCLON,0.1586,$193.17M,-13.96
FF-CHZ,0.1586,$336.42M,-14.74
US-USDAT,0.1585,$558.77M,225.16
APEPE-FARTCOIN,0.1585,$324.37M,10.52
GRX-USDA,0.1585,$220.28M,15.67
OZO-FDUSD,0.1584,$471.39M,0.05
FDUSD-AIAT,0.1584,$464.08M,1.95
CARDS-CHZ,0.1584,$413.01M,-28.66
RLB-AVUSD,0.1583,$220.25M,1.88
EDGE-BP,0.1583,$250.21M,-16.88
GPS-WIF,0.1583,$242.35M,-2.28
US-NEX,0.1582,$509.29M,215.54
ZRO-CAKE,0.1582,$731.95M,2.67
OUSG-XPL,0.1581,$600.84M,-2.53
STAC-ENS,0.1581,$278.71M,3.22
1INCH-A,0.1581,$218.11M,11.63
DRV-FRXUSD,0.1581,$212.56M,-3.68
APXUSD-CHEEMS,0.1581,$395.37M,-11.1
GLM-FDUSD,0.1581,$440.86M,-5.77
XTZ-STRCX,0.1581,$366.27M,-6.55
FF-THETA,0.1581,$318.38M,-3.32
PENGU-SUN,0.1581,$714.01M,4.22
PRL-BSV,0.1581,$342.56M,8.12
GRX-COMP,0.158,$283.42M,18.14
KMNO-AWE,0.158,$203.84M,3.92
XTZ-JASMY,0.158,$437.06M,-9.14
PYTH-COMP,0.158,$480.69M,6.42
CASH-SHFL,0.1579,$243.42M,1.64
GNO-PEANUT,0.1579,$467.18M,-11.39
DCR-A,0.1579,$305.07M,7.94
MET-USDF,0.1579,$201.25M,1.07
XTZ-DASH,0.1578,$622.91M,-11.35
PENGU-MX,0.1578,$522.31M,-1.01
UB-AXS,0.1577,$504.52M,16.48
RLB-WFI,0.1577,$278.82M,1.93
META-USDA,0.1577,$191.59M,20.43
AVUSD-GUSD,0.1577,$265.48M,0.14
NXM-A7A5,0.1576,$565.08M,8.59
SPX-XTZ,0.1576,$527.55M,-11.26
DRV-ONYC,0.1576,$348.85M,-3.23
AWE-ONYC,0.1575,$352.03M,3.39
TAG-GRASS,0.1575,$360.94M,4.45
APR-FRXUSD,0.1574,$306.31M,-6.38
1INCH-NFT,0.1573,$380.34M,13.89
ONYC-XPIN,0.1573,$391.10M,1.73
LDO-FF,0.1572,$495.48M,22.82
CARDS-AKE,0.1572,$364.39M,474.22
AVUSD-AKE,0.1572,$211.50M,491.01
SPX-GUSD,0.1571,$451.58M,-2.0
RLB-EARNETH,0.157,$251.21M,12.7
2Z-KMNO,0.157,$300.36M,-0.64
VIRTUAL-COCO,0.157,$553.79M,-3.98
GNO-RAY,0.157,$445.65M,-6.51
USDAT-AIAT,0.157,$257.78M,1.95
NEX-STRCX,0.157,$231.12M,-6.83
NFT-THBILL,0.157,$382.46M,1.13
AIAT-CRCLON,0.157,$210.83M,2.28
BTSE-REAL,0.157,$382.17M,-4.77
MET-EURCV,0.157,$238.85M,0.91
1INCH-EURC,0.1569,$565.85M,12.8
UB-XCN,0.1568,$490.49M,16.61
LDO-APXUSD,0.1568,$598.25M,28.69
APXUSD-XTZ,0.1567,$520.53M,-6.12
GLM-NFT,0.1567,$359.28M,-4.82
OUSG-US,0.1566,$799.22M,225.27
US-AXS,0.1566,$562.65M,218.07
KAG-COMP,0.1566,$373.02M,1.06
DRV-GNO,0.1565,$385.29M,-11.08
APEPE-VET,0.1565,$590.32M,0.78
APXUSD-BAT,0.1565,$398.47M,-2.19
USDAT-EURC,0.1565,$589.84M,-0.1
FARTCOIN-GOMINING,0.1565,$238.57M,14.12
RLB-GRT,0.1564,$265.62M,-5.45
BC-TRUMP,0.1564,$576.96M,58.59
ZBCN-KAG,0.1564,$390.97M,-11.19
UUSD-BAT,0.1564,$203.20M,-5.35
NEX-PEANUT,0.1564,$274.87M,-13.61
CARDS-A,0.1563,$371.16M,-17.86
WFI-AKE,0.1563,$270.07M,491.06
AKE-SHFL,0.1563,$216.92M,492.44
GNO-PIEVERSE,0.1562,$464.73M,-11.61
WEMIX-DASH,0.1562,$497.86M,-12.0
CASH-BONK,0.1561,$386.96M,3.22
ZANO-BTT,0.1561,$390.63M,-2.31
UB-CVX,0.156,$495.65M,37.66
1INCH-APYUSD,0.156,$273.94M,17.4
KAU-SHFL,0.156,$429.71M,2.26
VELVET-ZK,0.156,$250.86M,-46.36
GRX-AVUSD,0.156,$240.07M,15.95
CTOC-GOMINING,0.156,$390.57M,2.36
BC-KITE,0.1559,$451.57M,51.13
2Z-TAG,0.1559,$347.40M,16.3
ZRO-AKE,0.1559,$380.28M,490.33
GPS-MANA,0.1559,$227.39M,8.0
REUSD-RAIL,0.1559,$257.28M,-10.46
ENS-MET,0.1559,$265.49M,4.05
VIRTUAL-SHORT,0.1558,$467.12M,-5.36
DCR-FDUSD,0.1558,$548.88M,9.24
NEX-GALA,0.1558,$178.94M,-18.87
GALA-XPIN,0.1558,$233.51M,-8.0
IOTA-SHORT,0.1557,$245.13M,-12.68
STRCX-GOMINING,0.1556,$256.36M,4.97
KAG-ENS,0.1555,$389.76M,1.7
EDGE-FF,0.1554,$328.26M,-11.24
XTZ-CTOC,0.1554,$500.48M,-9.16
US-XEC,0.1553,$538.42M,235.44
USDAT-COCO,0.1553,$324.02M,-7.49
INJ-RAIL,0.1552,$549.08M,-10.17
LDO-VET,0.1552,$692.15M,27.67
META-NEO,0.1552,$229.19M,21.12
TWT-SUN,0.1552,$490.76M,4.79
CRVUSD-CARDS,0.1552,$480.92M,-16.55
USDA-PEANUT,0.1552,$280.71M,-4.08
SPCXB-TRAC,0.1552,$209.20M,-13.2
ETHFI-A7A5,0.1552,$878.10M,14.2
RLB-VIRTUAL,0.1551,$473.84M,5.21
XTZ-USDZ,0.1551,$352.86M,-9.44
STRCX-BAT,0.1551,$244.21M,-2.62
TAG-ETHFI,0.1551,$544.96M,32.45
KAU-CHEEMS,0.155,$408.62M,-13.68
BC-CARDS,0.155,$488.44M,37.88
TKX-FLUID,0.155,$189.73M,21.4
CAKE-EIGEN,0.1549,$587.78M,-0.42
ACRED-RAY,0.1549,$278.05M,0.98
ZANO-APYUSD,0.1549,$289.29M,1.98
1INCH-GNO,0.1548,$398.46M,5.53
CASH-KOGE,0.1547,$336.17M,-3.57
KMNO-SHFL,0.1547,$219.42M,2.63
OUSG-AVUSD,0.1546,$496.23M,0.34
GRT-CRVUSD,0.1546,$373.39M,-7.09
UUSD-USDZ,0.1546,$227.17M,-0.08
VELVET-TAG,0.1545,$311.57M,-19.92
PYTH-AERO,0.1545,$735.73M,-0.75
UB-GEOD,0.1544,$455.18M,23.25
TIA-FLUID,0.1544,$392.78M,12.06
COCO-SNX,0.1544,$306.66M,-7.79
PRL-GUSD,0.1544,$233.58M,7.23
KAITO-KITE,0.1543,$541.27M,58.54
DEXE-2Z,0.1542,$476.42M,-45.36
TIA-THBILL,0.1541,$424.42M,-4.25
TIBBIR-KAG,0.1541,$320.18M,1.95
BC-USDAI,0.154,$377.01M,54.47
OZO-CVX,0.154,$260.11M,14.13
MANA-AERO,0.154,$545.76M,-0.73
ULTIMA-AKE,0.1537,$277.22M,501.37
APR-AR,0.1536,$312.44M,-11.06
CHEEMS-ONYC,0.1536,$346.52M,-13.84
FDUSD-MET,0.1536,$435.51M,1.04
SAND-STRCX,0.1536,$265.98M,-2.04
DEXE-KAG,0.1535,$487.77M,-45.06
VIRTUAL-FRXUSD,0.1535,$479.49M,3.55
ICNT-TRUMP,0.1535,$458.96M,-5.23
FF-GALA,0.1535,$280.90M,-11.93
WEMIX-XCN,0.1534,$230.08M,-16.94
RAIL-XPL,0.1534,$310.43M,-13.37
SPX-GOMINING,0.1533,$417.64M,0.26
1INCH-FRAX,0.1533,$335.88M,13.1
OZO-NEX,0.1533,$215.63M,-9.58
TIA-CARDS,0.1533,$575.36M,-20.98
US-VCNT,0.1533,$583.41M,225.24
FDUSD-SOSO,0.1533,$462.69M,9.71
ACRED-PEANUT,0.1533,$299.58M,-3.9
RLB-REAL,0.1532,$353.33M,-2.44
VELVET-UQC,0.1532,$274.52M,-37.98
TWT-ONYC,0.1532,$394.67M,0.38
CRVUSD-PRL,0.1532,$296.12M,7.34
EIGEN-SUN,0.1532,$482.88M,1.31
GLM-KAG,0.1531,$308.45M,-7.13
ENS-SUN,0.1531,$518.36M,7.92
GEOD-APYUSD,0.153,$252.47M,4.17
DYDX-BP,0.1529,$212.10M,-25.91
KAU-REUSD,0.1529,$475.74M,0.87
LDO-STRK,0.1529,$492.41M,23.55
USTBL-KAITO,0.1529,$470.11M,62.0
GNO-ZAMA,0.1529,$420.46M,37.36
KAG-SPCXB,0.1529,$299.23M,-17.91
SOON-A,0.1529,$192.30M,33.87
TAG-THETA,0.1529,$271.16M,17.29
ETHFI-FRAX,0.1529,$619.96M,14.69
ZRO-COCO,0.1528,$468.98M,-7.99
VCNT-GLIDR,0.1528,$265.83M,4.19
FF-XCN,0.1528,$321.94M,-9.62
COMP-SOSO,0.1528,$275.91M,12.09
UB-ACRED,0.1527,$475.88M,23.66
GNO-MANA,0.1527,$414.03M,-3.35
FLUID-CHEEMS,0.1527,$186.60M,2.15
DYDX-SUN,0.1526,$440.16M,-12.72
VIRTUAL-JTO,0.1526,$638.21M,-8.61
AWE-XCN,0.1526,$235.48M,-4.04
TIA-UUSD,0.1525,$406.28M,-4.36
KAITO-ZBT,0.1525,$423.22M,59.12
WEMIX-WIF,0.1525,$246.77M,-16.22
GLM-XPIN,0.1524,$239.66M,-4.53
PIEVERSE-TRUMP,0.1524,$539.47M,-0.1
COMP-SUN,0.1524,$501.61M,7.28
AKT-TAG,0.1523,$273.46M,4.5
KAG-DASH,0.1523,$611.13M,-3.36
SYRUP-ZAMA,0.1523,$345.06M,56.02
USTBL-THBILL,0.1522,$278.78M,0.28
ULTIMA-EURCV,0.1522,$331.14M,10.46
DEXE-IOTA,0.1521,$421.66M,-47.5
ZBCN-KITE,0.1521,$409.28M,-13.18
CTOC-NEX,0.1521,$365.33M,-9.44
ACRED-XPIN,0.1521,$259.94M,1.36
ZANO-KOGE,0.1521,$345.31M,-6.08
VSN-RLB,0.152,$255.17M,16.26
DYDX-KAG,0.152,$311.56M,-18.94
USDTB-ZBT,0.152,$469.47M,-2.23
VELVET-PENGU,0.152,$538.22M,-38.52
OZO-PENDLE,0.152,$375.95M,6.17
US-GUSD,0.152,$568.47M,225.08
WEMIX-SPCXB,0.152,$185.96M,-26.55
TRAC-SOSO,0.152,$240.25M,13.07
STAC-USDAT,0.1519,$242.44M,0.2
GRX-PEANUT,0.1519,$308.63M,11.74
COCO-BTSE,0.1519,$317.33M,-8.16
EURC-SFP,0.1519,$552.77M,-2.47
VSN-GLM,0.1518,$245.66M,8.8
CHEEMS-GUSD,0.1518,$249.82M,-14.38
VCNT-PRL,0.1518,$248.51M,7.4
FF-SOSO,0.1518,$308.87M,7.03
EARNETH-USDA,0.1517,$243.12M,10.95
ZRO-USDAT,0.1517,$424.55M,-0.46
USDAT-TAG,0.1517,$284.87M,17.96
FLUID-XCN,0.1517,$215.95M,9.51
ZK-SUN,0.1516,$426.64M,-3.61
GEOD-XCN,0.1516,$224.00M,-7.27
LUNC-THBILL,0.1515,$396.83M,-7.54
SPX-GRX,0.1515,$426.17M,13.81
VIRTUAL-CRVUSD,0.1515,$581.62M,3.57
GNO-BORG,0.1515,$420.91M,-13.46
KAU-CTOC,0.1514,$583.31M,0.79
KAITO-STRK,0.1514,$498.48M,59.93
FLOKI-ZBT,0.1514,$312.45M,-4.83
MET-THBILL,0.1514,$207.35M,1.17
LUNC-EDGE,0.1513,$414.87M,-16.26
SPX-AVUSD,0.1513,$418.05M,-1.72
EARNETH-FF,0.1513,$339.23M,8.36
EARNETH-SHORT,0.1513,$244.49M,2.12
TIBBIR-WIF,0.1513,$252.83M,-2.95
XPIN-SHFL,0.1513,$266.30M,2.9
DRV-IOTA,0.1512,$250.22M,-7.47
KAU-FF,0.1512,$500.59M,-2.04
APXUSD-CHZ,0.1512,$439.20M,-8.87
AXS-USDA,0.1512,$239.87M,-7.15
KAG-USDZ,0.1512,$341.08M,-1.46
KAG-FDUSD,0.1511,$559.79M,-1.32
KMNO-A7A5,0.1511,$576.23M,0.69
OUSG-TRAC,0.151,$503.92M,3.5
1INCH-BTT,0.151,$375.29M,13.11
DYDX-XPIN,0.151,$242.76M,-16.34
KAU-TIA,0.151,$614.80M,-3.77
BC-USDZ,0.151,$346.96M,54.34
FLUID-CARDS,0.151,$355.15M,-0.12
REUSD-THETA,0.151,$293.53M,-0.41
PIEVERSE-A,0.151,$284.37M,-5.51
2Z-GOMINING,0.1509,$317.90M,0.55
TIA-BSV,0.1509,$564.98M,-3.58
XTZ-PENDLE,0.1509,$476.13M,-3.19
DASH-USDA,0.1508,$493.61M,-2.1
EIGEN-COMP,0.1508,$299.92M,-1.18
BSV-XCN,0.1508,$388.15M,-6.13
RLB-DRV,0.1507,$206.92M,-2.02
BC-SYRUP,0.1507,$426.82M,65.74
XTZ-XPL,0.1507,$446.06M,-11.98
FLOKI-SUN,0.1507,$540.80M,2.81
GOMINING-PRL,0.1507,$199.63M,9.49
DRV-ZRO,0.1506,$387.40M,-4.17
KOGE-GRASS,0.1506,$430.02M,-17.06
BC-JASMY,0.1505,$431.16M,54.65
USTBL-APYUSD,0.1505,$318.97M,4.61
PENGU-ZBT,0.1505,$485.66M,-3.42
OHM-SOON,0.1504,$365.81M,44.08
LUNC-NEX,0.1503,$369.23M,-17.3
KAG-BSV,0.1503,$472.18M,-0.52
ULTIMA-EURC,0.1503,$631.74M,10.45
KAITO-GUSD,0.1503,$458.78M,61.8
UQC-WIF,0.1503,$254.36M,-6.36
ZRO-CRCLON,0.1501,$377.61M,-0.13
TWT-NFT,0.1501,$412.99M,0.89
KAG-XCN,0.1501,$343.35M,-8.29
APYUSD-AR,0.1501,$274.18M,-0.19
TIA-FDUSD,0.15,$652.59M,-4.38
DYDX-GRASS,0.1499,$313.73M,-31.09
DEXE-AWE,0.1499,$379.90M,-40.8
DEXE-REAL,0.1499,$523.14M,-47.84
KAITO-WFI,0.1499,$483.81M,62.13
FF-FET,0.1499,$498.20M,-12.47
BTSE-WFI,0.1499,$307.66M,-0.4
NXM-CARDS,0.1498,$355.74M,-7.69
APR-PRL,0.1498,$280.46M,0.91
US-SNX,0.1498,$541.40M,224.86
USTBL-GALA,0.1498,$249.46M,-9.13
GPS-PYTH,0.1498,$417.37M,7.98
KMNO-SAND,0.1498,$223.21M,-3.82
XTZ-PEANUT,0.1498,$410.01M,-13.33
ZANO-PIEVERSE,0.1498,$313.24M,-6.73
STRCX-SYRUP,0.1498,$348.04M,14.06
RLB-IOTA,0.1497,$251.85M,-2.1
OZO-BTT,0.1497,$384.77M,0.22
VSN-ETHFI,0.1496,$550.78M,29.1
OUSG-APXUSD,0.1496,$675.31M,3.33
ZBCN-OHM,0.1496,$453.08M,-0.92
ZRO-FRXUSD,0.1496,$394.68M,-0.46
BONK-AKE,0.1496,$360.47M,494.02
DEXE-AERO,0.1495,$688.45M,-48.49
NXM-RLB,0.1494,$191.14M,10.57
DRV-MX,0.1494,$253.23M,-4.04
LUNC-BSV,0.1493,$537.39M,-6.87
UB-SUN,0.1493,$703.13M,28.45
OUSG-A7A5,0.1493,$858.45M,-0.18
FLOKI-REUSD,0.1493,$365.94M,-1.82
MANA-CRCLON,0.1493,$224.24M,4.39
CRVUSD-BAT,0.1492,$315.46M,-5.36
SPCXB-STRCX,0.1492,$226.33M,-13.79
SPCXB-BSV,0.1492,$344.03M,-15.75
XEC-MX,0.1492,$270.05M,9.95
XEC-GRASS,0.1492,$335.33M,-3.2
VIRTUAL-ACRED,0.1491,$484.61M,3.63
ZRO-JTO,0.1491,$553.39M,-12.62
DRV-GPS,0.149,$198.65M,0.26
VIRTUAL-AKE,0.149,$465.09M,494.34
GLM-PENDLE,0.149,$345.41M,0.34
BP-SHFL,0.149,$235.64M,-6.67
UQC-SAND,0.149,$233.21M,-4.94
SOON-COMP,0.149,$249.33M,37.54
PIEVERSE-GEOD,0.149,$276.43M,-4.54
MON-A7A5,0.149,$726.40M,7.05
ZRO-DCR,0.1489,$487.53M,8.75
FDUSD-BTT,0.1489,$605.57M,0.21
SOON-TEL,0.1489,$264.32M,23.91
COMP-ZAMA,0.1489,$297.14M,47.14
LUNC-EURC,0.1488,$728.93M,-7.8
OUSG-NEO,0.1488,$514.02M,0.74
ULTIMA-JTO,0.1488,$450.34M,-1.58
KAITO-REAL,0.1488,$558.33M,57.75
ACRED-STRCX,0.1488,$255.84M,2.88
PIEVERSE-USDF,0.1488,$293.92M,-4.17
DRV-UQC,0.1487,$210.66M,-3.82
US-REAL,0.1487,$668.02M,221.03
CHEEMS-SN64,0.1487,$190.31M,-10.8
LDO-ZK,0.1486,$387.55M,16.99
US-TIBBIR,0.1486,$525.45M,228.44
APEPE-EURCV,0.1486,$350.80M,-1.51
STRCX-PYTH,0.1486,$462.15M,6.8
KAU-CRVUSD,0.1485,$520.36M,0.66
2Z-VIRTUAL,0.1485,$571.90M,1.9
AKT-KAITO,0.1485,$437.66M,48.42
APXUSD-MANA,0.1485,$426.44M,7.24
VCNT-IOTA,0.1485,$312.02M,-3.68
NEX-THBILL,0.1485,$208.26M,-9.46
FARTCOIN-PYTH,0.1485,$444.37M,15.95
GLM-THBILL,0.1484,$212.70M,-5.64
CHEEMS-CARDS,0.1484,$369.18M,-30.89
XTZ-APYUSD,0.1484,$383.60M,-4.84
APR-DCR,0.1483,$399.17M,2.83
TRAC-COMP,0.1483,$282.99M,5.77
RAY-ONYC,0.1483,$409.21M,1.35
APYUSD-WFI,0.1483,$332.67M,4.74
VIRTUAL-PYTH,0.1482,$690.93M,7.56
GPS-SPCXB,0.1482,$181.54M,-12.61
NEO-NFT,0.1482,$398.30M,1.59
KITE-PYTH,0.1482,$553.36M,0.7
A-THETA,0.1482,$228.38M,-1.93
CHZ-USDZ,0.1482,$271.53M,-12.19
KITE-BAT,0.1481,$335.42M,-8.73
FRXUSD-AKE,0.1481,$205.44M,490.81
META-FET,0.148,$401.33M,10.7
SAND-USDF,0.148,$237.03M,-4.76
RAIL-USDF,0.148,$201.68M,-10.66
COCO-XPIN,0.1479,$329.12M,-6.25
XTZ-AERO,0.1479,$639.85M,-14.1
STAC-FF,0.1478,$294.93M,-2.48
FET-SHFL,0.1478,$427.32M,-8.17
SPX-THBILL,0.1477,$420.01M,-1.78
LDO-THBILL,0.1477,$421.13M,25.64
XTZ-BSV,0.1477,$483.97M,-8.51
AWE-USDF,0.1477,$217.66M,2.97
DRV-MON,0.1475,$350.84M,3.66
USTBL-PENGU,0.1475,$532.56M,-0.53
KAITO-WEMIX,0.1475,$409.69M,51.89
ZANO-ENS,0.1475,$307.23M,0.53
OUSG-KAU,0.1474,$688.56M,0.75
EDGE-AIAT,0.1474,$253.95M,-6.64
ZANO-XPL,0.1474,$351.75M,-5.16
SPX-SHFL,0.1473,$423.47M,-0.3
VELVET-2Z,0.1473,$368.84M,-39.5
DYDX-FDUSD,0.1472,$443.96M,-17.58
TIA-XEC,0.1472,$425.95M,5.9
STRCX-XPIN,0.1471,$285.69M,4.04
VSN-PENGU,0.147,$522.61M,13.93
LDO-RAIL,0.147,$393.04M,14.78
UQC-MET,0.147,$197.44M,0.9
XEC-RAIL,0.147,$209.30M,-0.42
STAC-CHEEMS,0.1469,$202.96M,-14.13
APR-INJ,0.1469,$655.63M,-5.84
USTBL-CRVUSD,0.1469,$372.89M,0.17
UQC-STX,0.1468,$358.54M,-7.97
ICNT-SHORT,0.1468,$199.12M,-18.26
LUNC-VELVET,0.1467,$445.40M,-45.55
VELVET-COMP,0.1467,$325.83M,-35.46
ULTIMA-ZAMA,0.1467,$319.51M,55.31
AWE-AIAT,0.1467,$223.80M,4.85
NXM-FF,0.1466,$279.16M,6.23
CHEEMS-JTO,0.1466,$368.95M,-26.45
INJ-BC,0.1465,$678.81M,55.0
OZO-COCO,0.1465,$309.52M,-7.48
US-CARDS,0.1465,$687.83M,208.56
GRX-THBILL,0.1465,$242.03M,15.89
USTBL-UQC,0.1464,$268.86M,0.01
USDAT-XTZ,0.1464,$365.27M,-9.31
ZANO-XEC,0.1464,$250.62M,7.79
ZRO-ZK,0.1463,$369.11M,-8.97
XTZ-THBILL,0.1463,$343.41M,-9.18
TRAC-JASMY,0.1463,$335.25M,3.56
EDGE-USDZ,0.1462,$263.36M,-8.69
US-BTT,0.1462,$678.44M,225.34
UQC-PRL,0.1462,$192.09M,7.18
DASH-FRAX,0.1462,$617.50M,-1.84
KMNO-ULTIMA,0.1461,$279.72M,11.56
UQC-FRXUSD,0.1461,$217.94M,-0.11
GALA-GOMINING,0.1461,$204.18M,-7.07
PYTH-EURCV,0.1461,$470.80M,3.92
APYUSD-PRL,0.1461,$242.20M,11.79
OUSG-XPIN,0.146,$525.15M,1.39
DRV-ICNT,0.146,$204.21M,-13.06
ZRO-RAY,0.146,$447.76M,0.4
USDAT-USDA,0.146,$235.98M,-0.06
UQC-XEC,0.146,$227.48M,10.18
ACRED-CRVUSD,0.146,$327.09M,0.13
REUSD-ENS,0.146,$343.50M,3.28
NEX-USDF,0.146,$202.17M,-9.55
LDO-CHZ,0.1459,$447.34M,13.41
APEPE-COMP,0.1459,$360.69M,0.99
GRX-MANA,0.1459,$255.48M,19.78
GNO-STRK,0.1459,$471.85M,-9.33
GPS-WEMIX,0.1459,$196.43M,-6.02
CARDS-FRAX,0.1459,$488.93M,-16.4
KITE-ONYC,0.1459,$478.21M,-2.86
EDGE-THETA,0.1458,$262.07M,-9.23
EARNETH-ZRO,0.1458,$431.70M,10.55
META-AIAT,0.1458,$213.39M,22.44
AWE-STX,0.1458,$356.34M,-4.93
CARDS-THBILL,0.1458,$386.80M,-16.43
1INCH-US,0.1457,$534.78M,238.06
1INCH-KITE,0.1457,$347.82M,9.59
CHEEMS-SOON,0.1457,$190.33M,20.84
UQC-ENS,0.1457,$284.09M,2.91
US-WIF,0.1456,$565.31M,218.91
UUSD-TRAC,0.1456,$223.45M,3.42
SNX-JTO,0.1456,$391.07M,-12.42
TIBBIR-FF,0.1454,$298.77M,0.63
EDGE-ETHFI,0.1453,$535.87M,5.94
VELVET-CRCLON,0.1453,$259.35M,-37.51
ENS-ZBT,0.1453,$290.02M,0.28
AIAT-SYRUP,0.1453,$325.23M,13.21
VSN-CHEEMS,0.1452,$251.21M,0.28
IMX-GNO,0.1452,$509.97M,-8.18
TWT-VCNT,0.1452,$312.91M,0.01
GPS-JTO,0.1452,$364.65M,-8.18
RLB-USDAT,0.1451,$244.07M,1.69
KAITO-REUSD,0.1451,$476.70M,62.12
BORG-GUSD,0.1451,$287.78M,-6.14
REUSD-BTSE,0.145,$300.54M,-0.4
CASH-AXS,0.1449,$265.71M,-7.07
GNO-FF,0.1449,$474.93M,-10.05
TWT-MX,0.1449,$299.06M,-0.44
WEMIX-BONK,0.1449,$365.37M,-6.76
REUSD-APYUSD,0.1449,$325.56M,4.73
NEX-GOMINING,0.1449,$205.89M,-7.42
PYTH-GLIDR,0.1449,$422.74M,8.11
EDGE-NEX,0.1447,$226.30M,-18.18
DEXE-BTT,0.1447,$533.55M,-43.53
LUNC-USTBL,0.1446,$439.74M,-7.56
DYDX-BTSE,0.1446,$230.98M,-18.25
BC-ZK,0.1445,$303.92M,45.96
DEXE-COMP,0.1445,$433.41M,-41.33
SAND-XPIN,0.1445,$270.08M,-3.55
DASH-ZANO,0.1445,$528.59M,-4.53
OHM-EIGEN,0.1444,$416.40M,5.36
FRXUSD-BONK,0.1444,$374.87M,3.23
CVX-ACRED,0.1443,$249.86M,14.19
US-IOTA,0.1443,$566.54M,221.37
APEPE-SUN,0.1443,$543.65M,3.48
WEMIX-EURCV,0.1443,$249.86M,-10.08
USDA-AVUSD,0.1443,$212.15M,0.13
PENDLE-PYTH,0.1443,$572.01M,10.16
APR-LDO,0.1442,$499.59M,19.1
XTZ-FRAX,0.1442,$445.54M,-9.14
PYTH-SYRUP,0.1442,$528.61M,15.3
DEXE-FLOKI,0.144,$472.59M,-45.79
CARDS-RAIL,0.144,$358.71M,-27.29
XEC-THBILL,0.144,$237.39M,10.45
INJ-COCO,0.1439,$643.46M,-6.97
RLB-GALA,0.1438,$192.89M,-7.59
BC-AKT,0.1438,$347.96M,41.01
GLM-NEX,0.1438,$185.09M,-15.4
NEX-ONYC,0.1438,$336.53M,-9.14
KOGE-BTSE,0.1438,$347.26M,-4.22
VSN-APR,0.1437,$347.28M,8.2
APXUSD-AR,0.1437,$411.11M,-1.47
VELVET-BTSE,0.1436,$299.61M,-38.51
US-USDF,0.1436,$530.80M,225.2
CRVUSD-FET,0.1436,$517.97M,-9.77
ACRED-AWE,0.1435,$220.86M,3.02
VSN-KOGE,0.1434,$365.04M,11.02
LUNC-APYUSD,0.1434,$437.03M,-3.2
BC-VCNT,0.1433,$384.01M,54.56
A7A5-AERO,0.1433,$892.58M,-5.08
APXUSD-AIAT,0.1432,$413.04M,5.14
WIF-SPCXB,0.1432,$231.88M,-22.81
EURC-PYTH,0.1432,$771.40M,3.91
RAIL-XPIN,0.1432,$234.74M,-9.45
EDGE-APYUSD,0.1431,$294.10M,-4.09
AWE-WFI,0.1431,$280.36M,3.17
FF-USDAI,0.1431,$349.72M,-2.65
WIF-SFP,0.1431,$249.08M,-8.59
USTBL-SOON,0.143,$250.85M,35.28
CHEEMS-USDA,0.143,$196.50M,-14.38
ACRED-CRCLON,0.143,$207.89M,0.45
WIF-STRCX,0.143,$287.14M,-3.46
SPCXB-MON,0.143,$333.73M,-9.22
STRCX-THBILL,0.143,$258.73M,2.93
NFT-COMP,0.143,$423.85M,3.37
APEPE-SFP,0.1429,$304.09M,-3.76
UUSD-SN64,0.1429,$189.78M,3.55
REUSD-ETHFI,0.1429,$567.32M,14.76
STRK-A,0.1428,$291.50M,-3.22
UUSD-SHORT,0.1428,$197.34M,-8.86
XPIN-WFI,0.1428,$319.44M,1.52
GRX-AERO,0.1427,$538.47M,10.97
GNO-COMP,0.1427,$441.97M,-4.99
KMNO-COMP,0.1427,$257.35M,3.39
NEX-SFP,0.1427,$193.06M,-11.96
KAU-GLM,0.1426,$403.07M,-5.17
VIRTUAL-ZBT,0.1426,$483.51M,0.78
A-EURCV,0.1426,$251.73M,-1.38
USDZ-ZAMA,0.1426,$265.20M,44.63
VSN-KAITO,0.1425,$460.16M,76.46
NXM-AIAT,0.1425,$204.85M,10.83
UB-GUSD,0.1425,$510.34M,23.5
MANA-BSV,0.1425,$389.88M,4.86
OUSG-TRUMP,0.1424,$737.64M,4.26
FLUID-GRASS,0.1424,$302.16M,2.97
EARNETH-BC,0.1423,$366.51M,65.48
NEO-ONYC,0.1423,$379.98M,1.08
TKX-TAG,0.1422,$248.51M,22.88
VET-A7A5,0.1422,$867.16M,1.88
ICNT-FDUSD,0.142,$447.67M,-9.34
STX-GOMINING,0.142,$366.08M,-5.66
NXM-GPS,0.1419,$182.88M,12.85
LDO-VCNT,0.1419,$467.64M,25.59
ZBCN-SOSO,0.1419,$293.86M,-0.16
US-MET,0.1419,$508.38M,226.16
WEMIX-SFP,0.1419,$203.16M,-12.33
AWE-EURCV,0.1419,$255.26M,2.82
PENGU-USDF,0.1419,$483.56M,-0.61
PENGU-XPIN,0.1418,$516.61M,0.6
SHORT-A,0.1418,$199.84M,-10.18
A7A5-FRAX,0.1417,$698.27M,-0.12
VSN-CTOC,0.1416,$425.90M,14.75
GLIDR-SFP,0.1416,$204.11M,1.73
DCR-STRK,0.1415,$391.99M,7.28
DASH-REUSD,0.1415,$564.87M,-1.78
REAL-SOSO,0.1415,$365.65M,5.58
SPX-A,0.1414,$404.36M,-3.21
VIRTUAL-EIGEN,0.1414,$510.16M,-0.04
SNX-THETA,0.1414,$248.53M,-0.94
SOON-MANA,0.1414,$221.39M,39.19
GLIDR-SHFL,0.1414,$222.78M,5.72
PYTH-MET,0.1413,$410.78M,5.04
CARDS-FRXUSD,0.1412,$378.79M,-16.57
VSN-MON,0.1411,$399.09M,21.94
STAC-CRVUSD,0.1411,$314.69M,0.22
GEOD-CRCLON,0.1411,$187.20M,0.03
APR-THBILL,0.141,$314.32M,-6.24
OHM-A,0.141,$378.09M,7.65
APXUSD-THBILL,0.141,$412.99M,3.35
EURC-WFI,0.141,$624.58M,0.14
APYUSD-SFP,0.141,$260.86M,2.13
1INCH-SPCXB,0.1409,$201.35M,-3.66
OHM-CTOC,0.1409,$550.81M,9.09
TWT-ZAMA,0.1409,$286.28M,44.65
XTZ-MANA,0.1409,$356.86M,-5.29
WEMIX-USDZ,0.1409,$227.81M,-10.1
IMX-XEC,0.1408,$346.78M,9.5
GRX-AXS,0.1408,$267.79M,8.66
SHFL-XPL,0.1408,$341.99M,-1.02
DEXE-ENS,0.1407,$450.15M,-40.69
CVX-CHEEMS,0.1407,$235.13M,-0.21
GRX-XTZ,0.1407,$349.57M,6.42
KMNO-AVUSD,0.1407,$214.00M,1.21
BP-TRUMP,0.1407,$471.63M,-4.17
ZBCN-APXUSD,0.1406,$472.33M,-6.65
FLUID-PEANUT,0.1406,$270.82M,12.46
UUSD-SYRUP,0.1406,$307.03M,11.32
SOSO-GRASS,0.1406,$332.46M,-3.8
UB-VELVET,0.1405,$527.34M,-14.3
RLB-MON,0.1405,$352.47M,9.03
META-XEC,0.1404,$214.87M,30.81
CRVUSD-USDF,0.1404,$323.89M,0.09
TEL-PRL,0.1404,$258.39M,-3.94
EIGEN-ZBT,0.1404,$254.54M,-6.33
CAKE-TEL,0.1403,$621.51M,-8.1
KMNO-PEANUT,0.1403,$282.56M,-3.0
VELVET-SYRUP,0.1402,$373.75M,-26.58
CRVUSD-CRCLON,0.1402,$304.90M,0.38
USAT-KITE,0.1402,$417.23M,-3.32
USDA-RAY,0.1402,$259.18M,0.8
USDTB-WEMIX,0.1401,$455.95M,-9.45
CASH-BAT,0.1401,$225.43M,-5.39
COCO-KAG,0.1401,$397.91M,-8.85
TIBBIR-AWE,0.1401,$212.31M,6.21
CARDS-KOGE,0.1401,$483.02M,-20.15
STRCX-TEL,0.1401,$315.11M,-8.47
APR-COCO,0.14,$380.61M,-13.9
GRT-VELVET,0.14,$327.85M,-44.98
BC-MANA,0.14,$350.95M,58.5
NEO-UQC,0.14,$241.79M,0.49
ZANO-ZBT,0.14,$245.11M,-5.26
AVUSD-SYRUP,0.14,$323.22M,11.49
CASH-MET,0.1399,$211.43M,1.02
META-AXS,0.1399,$239.10M,13.43
APXUSD-ZK,0.1398,$379.41M,-5.3
APXUSD-FET,0.1398,$600.97M,-6.6
DCR-NFT,0.1398,$467.30M,10.2
ULTIMA-VCNT,0.1398,$346.14M,10.66
OUSG-KAG,0.1397,$593.94M,-1.21
APR-FDUSD,0.1397,$542.49M,-6.37
NEO-CRVUSD,0.1397,$345.83M,0.65
ULTIMA-PYTH,0.1397,$503.06M,14.59
TAG-A,0.1397,$247.36M,16.66
FDUSD-RAIL,0.1396,$435.94M,-10.69
STRCX-EURCV,0.1396,$290.23M,2.67
BORG-MON,0.1396,$386.46M,1.28
KITE-EURCV,0.1396,$381.44M,-3.43
NFT-AIAT,0.1396,$382.50M,2.91
SYRUP-XCN,0.1396,$336.91M,4.32
DEXE-GOMINING,0.1395,$389.64M,-41.53
SOON-EURC,0.1395,$540.05M,35.03
RLB-UUSD,0.1394,$204.06M,1.72
GRX-CHEEMS,0.1394,$224.42M,1.43
CRVUSD-USAT,0.1394,$397.28M,0.04
PRL-AERO,0.1394,$498.44M,2.53
IMX-META,0.1393,$322.74M,19.72
FF-JTO,0.1393,$460.92M,-14.81
OUSG-FET,0.1392,$686.17M,-9.68
OZO-ENS,0.1392,$301.37M,3.06
DCR-JTO,0.1392,$471.41M,-2.92
GLM-GUSD,0.1392,$244.27M,-5.86
UUSD-RAY,0.1392,$262.79M,0.92
CTOC-SUN,0.1391,$617.29M,5.05
SAND-GOMINING,0.1391,$240.75M,-2.63
TKX-REUSD,0.139,$270.88M,5.19
UQC-REAL,0.139,$357.08M,-4.24
ZANO-TRUMP,0.139,$488.55M,1.62
KAU-CASH,0.1389,$430.32M,0.63
CASH-JTO,0.1388,$390.65M,-12.14
NEO-SOSO,0.1388,$250.36M,10.3
KMNO-GALA,0.1388,$186.64M,-8.26
DASH-AKE,0.1388,$492.96M,488.78
VSN-TKX,0.1387,$254.34M,19.53
OHM-CRCLON,0.1387,$368.66M,9.28
STRK-XPIN,0.1387,$334.11M,-0.68
ACRED-SN64,0.1387,$205.03M,3.61
AWE-CHZ,0.1387,$249.96M,-9.16
KAG-XTZ,0.1386,$439.17M,-10.66
CARDS-REAL,0.1386,$517.93M,-20.7
TRAC-XPL,0.1386,$344.25M,0.72
OZO-CARDS,0.1385,$394.16M,-16.55
META-TRUMP,0.1385,$452.80M,24.64
PYTH-MX,0.1385,$471.95M,3.68
LUNC-FLUID,0.1384,$365.18M,8.78
APR-TRAC,0.1384,$320.06M,-3.01
OZO-REUSD,0.1384,$292.73M,0.28
VIRTUAL-A,0.1384,$471.86M,2.25
ACRED-ZBT,0.1384,$228.99M,-2.66
STRK-FRXUSD,0.1383,$299.13M,-1.93
SHORT-AR,0.1383,$213.61M,-13.57
INJ-UUSD,0.1382,$559.02M,0.59
GLIDR-XPIN,0.1382,$246.28M,5.35
ZK-KMNO,0.1381,$182.37M,-7.5
KMNO-WIF,0.1381,$244.36M,-5.24
SAND-GUSD,0.1381,$274.69M,-4.88
EIGEN-SYRUP,0.1381,$347.84M,7.71
IMX-NFT,0.138,$491.84M,0.18
VELVET-PRL,0.138,$250.57M,-30.56
CARDS-FET,0.138,$574.79M,-26.39
NEX-WIF,0.138,$236.67M,-15.85
NFT-KOGE,0.138,$478.67M,-2.59
IMX-KAG,0.1379,$441.01M,-2.13
CTOC-GRASS,0.1379,$490.87M,-13.33
USTBL-XPIN,0.1378,$305.74M,1.39
TWT-ACRED,0.1378,$263.51M,0.01
BTSE-MON,0.1378,$381.31M,6.7
TRUMP-ZAMA,0.1378,$495.20M,48.87
CASH-FRAX,0.1377,$342.08M,0.19
AKT-ACRED,0.1377,$243.43M,-13.35
EDGE-FRXUSD,0.1376,$245.90M,-8.56
UQC-ACRED,0.1376,$223.06M,-0.02
META-AVUSD,0.1375,$211.39M,20.72
NEX-SOON,0.1375,$180.34M,25.54
CRVUSD-USDAI,0.1374,$369.49M,0.05
XTZ-TRUMP,0.1373,$582.86M,-5.2
APEPE-EURC,0.1372,$651.40M,-1.52
ZK-COCO,0.1372,$268.57M,-16.01
NEX-JTO,0.1372,$358.97M,-21.75
ENS-SOON,0.1372,$266.08M,38.18
STRCX-FET,0.1372,$446.71M,-7.03
TEL-RAIL,0.1372,$264.16M,-21.96
VELVET-STRK,0.1371,$355.71M,-39.8
CVX-ULTIMA,0.1371,$316.52M,24.66
FLOKI-SHFL,0.1371,$319.91M,-0.44
VSN-VELVET,0.137,$317.40M,-23.27
RLB-GLM,0.137,$199.03M,-4.12
APR-AKE,0.137,$291.91M,484.42
VCNT-ETHFI,0.137,$564.34M,14.61
KAU-US,0.1369,$727.27M,225.77
2Z-UQC,0.1369,$310.36M,-1.76
CHEEMS-TEL,0.1369,$274.63M,-25.55
GALA-SOSO,0.1369,$205.20M,0.43
VSN-GEOD,0.1368,$245.24M,14.28
CRVUSD-USDZ,0.1368,$339.44M,-0.08
IOTA-KITE,0.1368,$379.58M,-7.11
DEXE-XPL,0.1367,$494.67M,-46.38
UQC-BSV,0.1367,$366.51M,0.7
STRK-ZAMA,0.1367,$327.02M,42.8
SPCXB-ZAMA,0.1367,$223.35M,28.17
ONYC-SYRUP,0.1367,$453.45M,11.74
UB-BTSE,0.1366,$493.95M,22.91
APR-CVX,0.1365,$331.21M,7.71
EDGE-META,0.1365,$231.39M,11.94
META-WFI,0.1365,$269.96M,20.76
AWE-SHORT,0.1365,$203.37M,-5.98
SUN-XCN,0.1365,$471.95M,-2.07
KMNO-PRL,0.1364,$182.09M,8.3
RLB-TKX,0.1363,$207.72M,6.61
CVX-OHM,0.1363,$410.62M,23.02
ONYC-THBILL,0.1363,$364.14M,0.62
APR-BSV,0.1362,$454.88M,-5.57
CASH-TEL,0.1362,$296.33M,-11.24
KAITO-USDAI,0.1362,$466.71M,61.88
VCNT-BONK,0.1362,$429.39M,3.32
XPIN-USDAI,0.1362,$302.33M,1.28
US-APYUSD,0.1361,$577.09M,229.63
OZO-A,0.136,$227.59M,-1.25
FF-IOTA,0.136,$339.86M,-6.44
PENGU-SHORT,0.136,$469.27M,-9.56
TKX-STRCX,0.1359,$244.24M,7.72
ZANO-JTO,0.1359,$399.80M,-14.65
TEL-BAT,0.1359,$277.73M,-16.64
OUSG-THBILL,0.1358,$498.18M,0.28
DRV-ETHFI,0.1358,$502.53M,10.81
2Z-UUSD,0.1358,$302.12M,-1.6
APEPE-RAIL,0.1358,$291.20M,-12.12
USDAT-WIF,0.1358,$286.14M,-6.22
PIEVERSE-AIAT,0.1358,$300.06M,-2.29
VSN-LDO,0.1357,$454.09M,40.08
TIA-RAIL,0.1357,$396.33M,-15.11
STRK-SPCXB,0.1357,$274.75M,-18.51
SPCXB-SHFL,0.1357,$206.93M,-14.94
SHORT-PRL,0.1357,$181.62M,-1.6
GRX-ZAMA,0.1356,$261.91M,60.49
EURC-SUN,0.1356,$792.33M,4.77
BSV-ZAMA,0.1356,$396.30M,45.56
CASH-CRCLON,0.1355,$214.87M,0.35
VIRTUAL-AWE,0.1355,$475.39M,6.45
TWT-CRVUSD,0.1355,$360.52M,-0.05
VCNT-STX,0.1355,$414.96M,-7.75
ZANO-BORG,0.1355,$269.43M,-8.58
TRAC-EURCV,0.1355,$273.10M,3.27
SN64-SUN,0.1355,$432.28M,8.39
VSN-THETA,0.1354,$276.99M,13.94
OHM-GPS,0.1354,$371.81M,12.89
REUSD-XEC,0.1354,$286.89M,10.54
FRXUSD-SHFL,0.1354,$231.32M,1.64
DCR-GALA,0.1353,$291.39M,-0.04
PENGU-GUSD,0.1353,$521.22M,-0.73
IOTA-A7A5,0.1352,$625.78M,-4.09
CHZ-FRXUSD,0.1352,$254.06M,-12.06
TIA-CHEEMS,0.1351,$406.81M,-18.71
GRX-DCR,0.1351,$326.88M,24.96
GEOD-A,0.1351,$196.63M,-1.6
DRV-SPCXB,0.135,$188.18M,-20.27
GRT-ZRO,0.135,$446.10M,-7.6
USTBL-PIEVERSE,0.135,$342.92M,-4.1
GPS-VCNT,0.135,$260.45M,4.06
CHEEMS-USAT,0.135,$285.55M,-14.3
UQC-GOMINING,0.135,$223.58M,2.07
TAG-ZAMA,0.135,$282.88M,62.69
CTOC-CRCLON,0.1349,$367.85M,0.51
BORG-SFP,0.1349,$241.00M,-8.43
XPIN-AERO,0.1349,$559.27M,-3.51
UUSD-AR,0.1348,$215.84M,-4.63
KAG-EURC,0.1347,$663.73M,-1.45
SHORT-AKE,0.1347,$193.08M,481.91
VSN-XEC,0.1346,$270.35M,24.89
ZRO-AIAT,0.1346,$402.73M,1.46
AXS-SHORT,0.1346,$241.24M,-15.98
ZRO-TWT,0.1344,$433.22M,-0.57
META-GLM,0.1344,$190.18M,14.72
COCO-AERO,0.1344,$598.59M,-12.28
NEO-BTSE,0.1344,$266.89M,-0.04
RLB-PRL,0.1343,$188.34M,8.98
USDAT-THBILL,0.1343,$257.73M,0.17
CASH-BSV,0.1342,$380.51M,0.83
GRX-BP,0.1342,$238.33M,7.44
GPS-JASMY,0.1342,$307.60M,4.15
GLM-BTT,0.1342,$354.24M,-5.6
TRAC-REAL,0.1342,$372.72M,-0.75
DYDX-WIF,0.1341,$244.21M,-23.84
CARDS-MON,0.1341,$517.06M,-9.23
THETA-KOGE,0.1341,$340.24M,-4.22
CASH-NEX,0.134,$212.35M,-9.6
AKT-COCO,0.134,$312.61M,-20.96
AVUSD-NFT,0.134,$380.50M,1.19
SOON-THETA,0.134,$216.10M,34.5
STAC-TRAC,0.1339,$226.31M,3.56
STAC-TRUMP,0.1339,$460.03M,4.31
TIA-META,0.1339,$401.90M,16.11
ZK-A7A5,0.1339,$562.56M,-8.8
USDA-PYTH,0.1338,$417.54M,3.95
LUNC-AVUSD,0.1337,$394.88M,-7.48
VELVET-SHORT,0.1337,$264.06M,-46.76
ICNT-UUSD,0.1337,$201.36M,-9.32
PIEVERSE-ZAMA,0.1337,$319.89M,40.52
BTSE-CRCLON,0.1336,$225.96M,-0.3
LDO-BAT,0.1334,$406.61M,20.09
BC-BTSE,0.1334,$352.68M,53.81
OZO-STRK,0.1334,$314.51M,-1.91
USDAT-SHFL,0.1334,$261.20M,1.65
ZK-GUSD,0.1334,$233.86M,-8.57
RLB-ZK,0.1332,$188.63M,-6.82
INJ-GEOD,0.1332,$553.58M,0.23
GEOD-BTSE,0.1332,$227.46M,-0.97
US-ZK,0.1331,$503.32M,216.65
META-FLOKI,0.1331,$293.92M,18.44
ACRED-CHZ,0.1331,$259.18M,-11.98
USDA-REUSD,0.1331,$263.61M,0.17
BONK-EURCV,0.1331,$414.38M,3.11
TKX-PYTH,0.133,$424.80M,8.96
TWT-SOON,0.133,$238.48M,35.06
FLUID-CHZ,0.133,$230.43M,4.39
AIAT-AR,0.133,$234.03M,-2.74
CASH-ACRED,0.1329,$237.06M,0.1
APEPE-WEMIX,0.1329,$301.78M,-11.39
TIBBIR-USDA,0.1329,$202.66M,3.22
AXS-XEC,0.1329,$263.15M,3.22
ONYC-USDAI,0.1329,$403.64M,0.48
USDTB-SNX,0.1328,$477.96M,0.25
FLOKI-KITE,0.1328,$430.51M,-5.4
1INCH-SHFL,0.1327,$237.22M,14.55
APEPE-KMNO,0.1327,$299.38M,-0.41
UQC-JTO,0.1327,$376.66M,-12.26
DASH-BSV,0.1327,$655.93M,-1.2
GALA-USDF,0.1327,$200.45M,-9.21
BAT-USDAI,0.1327,$260.85M,-5.38
APEPE-ZANO,0.1326,$332.52M,-3.91
OHM-JTO,0.1326,$544.44M,-3.21
TAG-AIAT,0.1326,$263.05M,19.88
GOMINING-BSV,0.1326,$374.06M,3.01
AKT-SHFL,0.1325,$249.79M,-11.81
KAG-USDAI,0.1325,$371.13M,-1.32
DRV-KAG,0.1324,$316.33M,-5.03
2Z-PYTH,0.1324,$523.70M,2.39
APXUSD-PRL,0.1324,$379.13M,10.51
COCO-WFI,0.1324,$358.76M,-7.26
DCR-GLM,0.1324,$297.54M,3.43
USDA-SOON,0.1324,$186.19M,35.07
IMX-ONYC,0.1323,$473.53M,-0.33
USDTB-ZBCN,0.1323,$532.80M,-9.32
TIBBIR-ACRED,0.1323,$221.53M,3.39
XTZ-IOTA,0.1323,$373.05M,-13.11
MX-BTSE,0.1323,$283.70M,-1.0
SAND-CRVUSD,0.1322,$337.24M,-4.78
KOGE-COMP,0.1322,$373.47M,-1.18
UB-US,0.1321,$779.80M,248.71
GRX-FDUSD,0.1321,$470.19M,15.76
ZK-XPIN,0.1321,$229.25M,-7.23
OUSG-XTZ,0.132,$605.72M,-9.2
COCO-USDAI,0.132,$341.66M,-7.5
UUSD-PIEVERSE,0.132,$281.87M,-4.18
TAG-NFT,0.132,$409.59M,18.92
LUNC-REUSD,0.1319,$446.33M,-7.44
NXM-BC,0.1319,$306.44M,63.36
EDGE-NFT,0.1319,$400.50M,-7.6
COCO-TEL,0.1319,$358.54M,-18.76
STAC-KAITO,0.1318,$411.91M,62.05
DEXE-AR,0.1318,$390.13M,-48.39
ZRO-AKT,0.1318,$413.15M,-13.92
SNX-SOSO,0.1318,$239.02M,9.41
USAT-GOMINING,0.1318,$300.79M,2.2
STRCX-PRL,0.1318,$224.86M,10.08
ZBT-FRXUSD,0.1318,$223.87M,-2.74
PYTH-RAY,0.1316,$484.37M,4.9
STAC-APEPE,0.1315,$304.00M,-1.22
CRVUSD-REUSD,0.1315,$379.48M,0.28
CARDS-BONK,0.1315,$533.81M,-13.36
BSV-SHFL,0.1314,$379.89M,2.45
RLB-COCO,0.1313,$288.49M,-5.84
BP-USDA,0.1312,$210.41M,-8.38
AVUSD-COMP,0.1312,$275.30M,2.6
COCO-FLOKI,0.1311,$382.73M,-9.58
VELVET-BC,0.131,$386.07M,16.6
BC-NEX,0.131,$309.90M,44.85
DEXE-SOON,0.131,$364.09M,-8.57
CHZ-ONYC,0.131,$390.34M,-11.61
MON-PRL,0.131,$332.26M,14.65
CHEEMS-AKE,0.1309,$195.84M,476.49
FLOKI-FRAX,0.1309,$418.57M,-1.89
SHORT-RAY,0.1309,$260.56M,-8.02
BC-KAG,0.1308,$433.26M,53.12
OHM-KAG,0.1308,$489.50M,7.59
NEO-GLM,0.1308,$228.54M,-5.18
FARTCOIN-SFP,0.1308,$225.74M,9.57
ACRED-XCN,0.1307,$244.70M,-6.86
ACRED-BSV,0.1306,$373.53M,0.92
TEL-WFI,0.1306,$348.86M,-10.99
STAC-XEC,0.1305,$222.10M,10.48
2Z-SHORT,0.1305,$299.89M,-10.54
ZRO-SYRUP,0.1305,$492.00M,10.8
DCR-SOON,0.1305,$292.79M,44.37
MON-THBILL,0.1305,$366.13M,7.5
COCO-USDZ,0.1304,$311.61M,-7.63
GEOD-USDAI,0.1303,$251.78M,-0.3
UQC-GEOD,0.1302,$202.36M,-0.44
OUSG-OZO,0.1301,$505.55M,0.16
EDGE-XEC,0.1301,$255.43M,1.72
ZRO-FRAX,0.1301,$504.82M,-0.29
ULTIMA-FRAX,0.1301,$401.77M,10.75
VCNT-GEOD,0.1301,$258.79M,-0.22
AXS-THBILL,0.13,$261.62M,-6.93
SOON-PENDLE,0.13,$340.66M,41.29
ZRO-TRAC,0.1299,$408.42M,2.9
TWT-JTO,0.1299,$417.10M,-12.23
ULTIMA-CARDS,0.1299,$450.57M,-6.02
BP-KOGE,0.1299,$328.38M,-11.87
REUSD-MANA,0.1299,$298.82M,4.29
STX-BTSE,0.1299,$383.63M,-8.5
AIAT-XPIN,0.1299,$262.88M,3.2
DRV-AVUSD,0.1298,$218.62M,-3.49
VELVET-CTOC,0.1298,$441.50M,-37.69
KAITO-COMP,0.1298,$468.59M,64.27
STAC-PYTH,0.1297,$424.00M,4.21
EDGE-KAITO,0.1297,$445.24M,53.3
RLB-PIEVERSE,0.1296,$286.36M,-2.55
VELVET-XEC,0.1296,$285.96M,-27.56
GRX-CRVUSD,0.1296,$336.15M,15.78
META-SOON,0.1296,$185.42M,55.66
COCO-XTZ,0.1295,$409.69M,-16.84
ULTIMA-ZBT,0.1295,$295.65M,7.81
CASH-CRVUSD,0.1294,$334.07M,0.04
NEO-AVUSD,0.1294,$249.75M,0.82
BONK-ZAMA,0.1294,$402.76M,47.96
VSN-ZANO,0.1293,$282.05M,12.08
RLB-ZBT,0.1293,$218.22M,-1.08
EARNETH-STRCX,0.1293,$287.74M,13.8
DEXE-PENDLE,0.1293,$524.73M,-37.58
KAG-BAT,0.1293,$317.11M,-6.74
UB-USDF,0.1292,$472.67M,23.62
SPCXB-USDZ,0.1291,$212.92M,-16.69
ZBT-A,0.1291,$216.23M,-4.04
VSN-AR,0.129,$266.95M,9.92
FLUID-TIBBIR,0.129,$192.77M,19.75
ICNT-CARDS,0.129,$370.44M,-25.94
CRVUSD-ENS,0.129,$388.12M,3.07
KAG-USDF,0.1289,$325.53M,-1.28
KOGE-CHZ,0.1289,$358.29M,-15.65
DCR-BSV,0.1288,$461.27M,10.04
ACRED-SUN,0.1288,$457.33M,4.98
RLB-ETHFI,0.1287,$504.16M,16.18
VIRTUAL-KOGE,0.1287,$583.72M,-0.04
USTBL-A,0.1287,$263.13M,-1.15
BP-RAIL,0.1287,$204.08M,-19.02
FDUSD-THBILL,0.1287,$464.03M,0.17
CRVUSD-XCN,0.1287,$341.71M,-6.92
RAIL-EURCV,0.1287,$239.28M,-10.81
AKT-SHORT,0.1286,$225.95M,-22.34
CRVUSD-AVUSD,0.1286,$328.03M,0.25
ZANO-AVUSD,0.1286,$247.14M,-2.3
RAIL-BTSE,0.1286,$222.96M,-11.36
ONYC-AKE,0.1286,$341.73M,491.27
DRV-META,0.1285,$198.06M,16.81
CARDS-ETHFI,0.1285,$668.76M,-2.07
PENGU-A7A5,0.1284,$849.92M,-0.97
EIGEN-NFT,0.1284,$405.11M,-2.59
A7A5-ZAMA,0.1284,$616.02M,44.44
DEXE-STRK,0.1283,$463.29M,-45.66
COCO-EIGEN,0.1283,$324.81M,-11.08
DASH-APYUSD,0.1283,$555.56M,2.46
META-FLUID,0.1282,$181.70M,36.97
CRVUSD-REAL,0.1282,$461.11M,-4.08
JTO-GUSD,0.1282,$418.14M,-12.21
VSN-IMX,0.1281,$378.22M,13.8
XTZ-SOSO,0.1281,$342.06M,0.37
A7A5-BONK,0.1281,$743.15M,2.91
USDTB-THBILL,0.128,$473.46M,0.68
USDAT-KMNO,0.1279,$237.82M,1.02
XTZ-MX,0.1279,$376.06M,-9.67
A7A5-EURCV,0.1279,$627.64M,-0.41
VSN-RAY,0.1278,$313.90M,15.47
VELVET-AVUSD,0.1278,$282.48M,-37.65
VIRTUAL-GRX,0.1278,$493.67M,19.28
USDAT-BSV,0.1278,$398.29M,0.84
CTOC-KITE,0.1278,$507.01M,-3.17
STRCX-XEC,0.1278,$260.25M,13.07
VELVET-META,0.1277,$261.92M,-17.35
APXUSD-THETA,0.1277,$421.15M,2.55
STRK-A7A5,0.1277,$667.42M,-2.25
SHORT-ONYC,0.1277,$343.76M,-8.43
XTZ-ULTIMA,0.1276,$407.17M,1.24
OUSG-GPS,0.1275,$476.26M,4.09
INJ-US,0.1275,$878.20M,225.69
GRX-PRL,0.1275,$208.17M,23.04
ZBT-FRAX,0.1275,$334.01M,-2.57
EDGE-STRCX,0.1274,$276.77M,-5.8
CVX-US,0.1274,$553.78M,239.24
RAIL-CHZ,0.1274,$233.98M,-22.79
PYTH-BSV,0.1274,$579.85M,4.85
TKX-USDA,0.1273,$199.62M,4.86
DRV-WIF,0.1272,$248.99M,-9.93
INJ-CHEEMS,0.1272,$559.55M,-13.76
META-ZANO,0.1272,$226.57M,18.0
META-VET,0.1272,$484.37M,22.69
COCO-PEANUT,0.1272,$368.76M,-11.51
ULTIMA-USDZ,0.1272,$309.09M,10.45
SOON-TAG,0.1272,$235.08M,53.09
STRCX-SN64,0.1272,$230.79M,6.29
TAG-USDAI,0.1272,$302.51M,17.96
RLB-BONK,0.1271,$369.22M,4.89
BP-STX,0.1271,$364.75M,-16.15
CARDS-ENS,0.1271,$444.94M,-13.55
ETHFI-BSV,0.1271,$658.38M,15.33
OUSG-UQC,0.127,$488.27M,0.01
DYDX-LDO,0.127,$401.06M,7.89
EDGE-FLUID,0.127,$222.26M,7.89
OHM-SOSO,0.127,$392.39M,18.62
CVX-TAG,0.1269,$279.88M,32.04
APYUSD-A7A5,0.1269,$636.33M,4.18
OUSG-GRASS,0.1268,$596.12M,-13.36
APEPE-OHM,0.1268,$477.17M,7.52
USTBL-KMNO,0.1268,$258.86M,1.13
GLM-FRAX,0.1268,$314.83M,-5.61
AVUSD-ENS,0.1268,$292.05M,3.24
STAC-MET,0.1267,$192.06M,1.2
USTBL-SYRUP,0.1267,$368.09M,11.41
ICNT-GOMINING,0.1267,$217.14M,-7.17
REUSD-ZAMA,0.1267,$305.24M,44.99
TRAC-GUSD,0.1267,$273.17M,3.31
NXM-UQC,0.1266,$194.89M,8.77
PYTH-XPIN,0.1266,$466.26M,5.29
MANA-EURCV,0.1266,$280.82M,3.93
ZBT-TRUMP,0.1265,$471.34M,1.38
THBILL-XPL,0.1265,$338.52M,-2.51
TKX-CRVUSD,0.1264,$315.49M,4.98
OHM-TEL,0.1264,$450.12M,-2.32
GNO-SHFL,0.1264,$404.04M,-5.75
TAG-WFI,0.1264,$319.61M,18.2
GOMINING-USDF,0.1264,$227.40M,2.25
ZRO-TKX,0.1263,$388.20M,4.46
AWE-ETHFI,0.1263,$505.71M,17.43
CRVUSD-VCNT,0.1263,$376.49M,0.13
SOON-STX,0.1263,$340.53M,27.3
EDGE-KMNO,0.1262,$234.00M,-7.57
USTBL-ZANO,0.1262,$292.00M,-2.38
INJ-ZAMA,0.1261,$597.05M,45.29
APEPE-BAT,0.1261,$304.77M,-6.8
FDUSD-ENS,0.1261,$522.17M,3.05
VSN-EARNETH,0.126,$297.84M,25.61
BC-THBILL,0.126,$337.50M,54.61
XEC-WFI,0.126,$294.00M,10.55
TRAC-BSV,0.126,$382.16M,4.19
ZRO-PRL,0.1259,$368.82M,6.83
APEPE-PYTH,0.1259,$522.72M,2.62
GPS-DASH,0.1259,$493.44M,1.94
EDGE-FDUSD,0.1258,$482.07M,-8.55
CASH-ZBT,0.1258,$235.96M,-2.75
US-ONYC,0.1258,$665.17M,225.61
APEPE-PENDLE,0.1258,$452.01M,4.73
GPS-NEO,0.1258,$229.78M,4.57
CRVUSD-FARTCOIN,0.1258,$335.06M,11.96
XEC-XPIN,0.1258,$264.35M,11.56
OZO-AVUSD,0.1257,$241.27M,0.24
FLUID-FLOKI,0.1257,$284.80M,14.39
GPS-BTT,0.1257,$355.48M,4.15
RLB-ZAMA,0.1256,$242.08M,46.42
FDUSD-FRAX,0.1256,$566.16M,0.2
ZANO-AERO,0.1256,$545.53M,-7.28
REUSD-TRAC,0.1256,$291.10M,3.62
EIGEN-JASMY,0.1256,$352.18M,-3.38
DRV-VELVET,0.1255,$269.15M,-41.55
KAU-COCO,0.1255,$492.53M,-6.89
ULTIMA-GEOD,0.1255,$276.05M,10.25
SAND-PYTH,0.1255,$446.55M,-0.79
AR-BSV,0.1255,$374.55M,-3.85
META-A7A5,0.1254,$573.62M,20.2
GNO-CARDS,0.1254,$551.51M,-23.97
AIAT-BTT,0.1254,$377.45M,2.13
RLB-RAY,0.1253,$267.28M,2.55
EDGE-AR,0.1253,$252.03M,-13.24
LDO-GALA,0.1253,$391.81M,16.23
VSN-SYRUP,0.1252,$358.14M,25.87
SPX-BSV,0.1252,$560.57M,-1.11
KAU-BSV,0.1252,$566.80M,1.45
ZBCN-ZANO,0.1252,$308.43M,-12.36
GNO-TWT,0.1252,$431.11M,-7.48
ACRED-SAND,0.1252,$240.23M,-4.72
IMX-A7A5,0.1251,$705.53M,-1.1
AKT-XEC,0.1251,$247.85M,-3.15
KAITO-THETA,0.1251,$435.36M,61.22
CTOC-USDAI,0.1251,$432.44M,0.18
LDO-GOMINING,0.125,$418.76M,27.68
KAITO-JTO,0.125,$577.91M,49.73
FF-WFI,0.125,$366.83M,-2.41
SFP-USDF,0.125,$214.57M,-2.3
LUNC-GNO,0.1249,$561.54M,-15.07
PENDLE-A,0.1249,$352.94M,4.86
VSN-CAKE,0.1248,$598.08M,17.74
OZO-CTOC,0.1248,$400.30M,0.19
ZANO-NFT,0.1248,$395.68M,-1.53
LUNC-XEC,0.1247,$398.36M,2.61
FLUID-ZAMA,0.1247,$224.10M,61.21
DCR-USDA,0.1247,$298.96M,9.15
GRX-GRASS,0.1246,$339.97M,2.25
WEMIX-KOGE,0.1246,$314.57M,-13.55
UUSD-SUN,0.1246,$442.08M,4.93
USAT-BTSE,0.1246,$318.34M,-0.65
US-ICNT,0.1245,$520.54M,215.78
APEPE-KAG,0.1245,$415.05M,-2.74
TIBBIR-EURCV,0.1245,$255.92M,3.19
GRX-APXUSD,0.1243,$419.15M,18.94
IMX-XPIN,0.1242,$372.22M,0.47
DYDX-APEPE,0.1242,$299.23M,-19.01
VELVET-THETA,0.1241,$292.59M,-38.51
UQC-GRASS,0.1241,$323.89M,-13.61
WIF-TRUMP,0.1241,$503.73M,-2.11
TIBBIR-TRUMP,0.124,$463.87M,7.42
SAND-FRXUSD,0.124,$235.11M,-4.81
GOMINING-KITE,0.124,$347.57M,-1.14
A7A5-XPL,0.124,$698.79M,-2.96
UB-FRAX,0.1239,$580.90M,23.75
APR-NEX,0.1239,$286.72M,-16.0
AVUSD-ETHFI,0.1239,$515.87M,14.72
APR-REAL,0.1238,$445.45M,-10.51
OZO-AR,0.1238,$241.35M,-4.64
META-SNX,0.1238,$217.85M,20.23
NEX-STX,0.1238,$340.85M,-17.46
EARNETH-GPS,0.1237,$242.95M,14.98
CASH-CHEEMS,0.1237,$222.34M,-14.3
WEMIX-MX,0.1237,$251.01M,-10.33
DCR-ICNT,0.1236,$304.35M,-0.14
GLM-USDF,0.1236,$206.60M,-5.74
VSN-EIGEN,0.1235,$291.49M,11.02
IMX-US,0.1235,$646.29M,224.35
VELVET-TRUMP,0.1235,$523.89M,-33.73
ZRO-EURCV,0.1235,$434.19M,-0.58
TKX-KAITO,0.1235,$412.71M,66.81
GPS-AXS,0.1235,$239.70M,-3.12
TIA-MON,0.1234,$554.68M,2.95
TWT-REUSD,0.1234,$315.90M,0.16
UUSD-USDF,0.1234,$211.62M,0.1
AVUSD-FRAX,0.1234,$336.04M,0.39
LDO-PRL,0.1233,$387.27M,32.79
GRX-KOGE,0.1233,$338.25M,12.17
GLM-ONYC,0.1233,$340.97M,-5.33
LDO-AERO,0.1232,$717.57M,20.72
GRT-SHORT,0.1231,$258.90M,-16.02
TIA-TIBBIR,0.1231,$412.98M,-1.11
BP-XCN,0.1231,$243.89M,-15.26
CHZ-TRUMP,0.1231,$501.53M,-7.94
ZBCN-FRXUSD,0.123,$287.19M,-9.84
ZBCN-WFI,0.1229,$351.82M,-9.6
ZANO-GUSD,0.1229,$280.67M,-2.57
AVUSD-FET,0.1229,$421.90M,-9.6
BC-RAY,0.1228,$382.58M,55.34
VIRTUAL-REUSD,0.1228,$537.00M,3.78
XTZ-WIF,0.1228,$371.82M,-15.56
OHM-BSV,0.1227,$534.30M,9.75
ZK-USDA,0.1227,$180.53M,-8.57
BTT-SOSO,0.1227,$376.06M,9.89
LDO-TWT,0.1226,$451.66M,25.4
CAKE-SOSO,0.1226,$563.78M,12.84
ACRED-AKE,0.1226,$210.56M,490.9
VCNT-THETA,0.1226,$290.54M,-0.56
DYDX-KAU,0.1225,$406.17M,-16.98
KAITO-RAIL,0.1225,$399.11M,51.16
DYDX-DCR,0.1224,$300.64M,-8.38
APR-DRV,0.1224,$299.03M,-10.08
TWT-SHFL,0.1224,$269.87M,1.54
KMNO-ZAMA,0.1224,$235.83M,45.74
OUSG-CRCLON,0.1223,$473.10M,0.48
1INCH-ACRED,0.1223,$230.86M,13.01
KAG-ACRED,0.1223,$328.73M,-1.24
KAG-TRUMP,0.1223,$571.08M,2.79
EIGEN-VET,0.1223,$529.55M,-1.39
GALA-THBILL,0.1222,$206.55M,-9.11
EIGEN-XPL,0.1222,$361.18M,-6.23
BORG-A7A5,0.1221,$616.47M,-6.38
NFT-GUSD,0.1221,$414.03M,0.91
CASH-USDA,0.122,$218.20M,-0.07
ULTIMA-PIEVERSE,0.122,$363.78M,6.34
APR-PENDLE,0.1219,$447.04M,-0.25
CVX-GUSD,0.1219,$284.32M,14.03
FF-FARTCOIN,0.1219,$315.30M,9.26
DRV-GUSD,0.1218,$252.15M,-3.76
DEXE-CAKE,0.1218,$721.27M,-40.57
ZBCN-BSV,0.1218,$435.77M,-9.03
FLUID-SN64,0.1218,$176.28M,19.97
GPS-GLIDR,0.1218,$197.39M,8.05
1INCH-AIAT,0.1217,$233.80M,14.85
DEXE-ULTIMA,0.1217,$455.78M,-33.16
KAG-KOGE,0.1217,$427.84M,-4.91
SOSO-SUN,0.1217,$458.88M,14.58
UB-KAU,0.1216,$669.14M,24.19
GLM-EIGEN,0.1216,$235.35M,-9.36
AIAT-APYUSD,0.1216,$276.11M,6.42
RLB-USDTB,0.1215,$459.79M,2.2
INJ-APYUSD,0.1215,$617.36M,5.03
TIBBIR-KOGE,0.1215,$320.63M,-0.28
UQC-BTSE,0.1215,$241.13M,-0.77
1INCH-AVUSD,0.1214,$231.79M,13.12
GNO-A,0.1214,$384.93M,-8.67
BP-NEX,0.1214,$204.56M,-17.91
ETHFI-MANA,0.1214,$531.28M,18.55
ONYC-FRAX,0.1214,$466.27M,0.65
GLM-UQC,0.1213,$202.78M,-5.91
UQC-NEX,0.1213,$198.35M,-9.73
GALA-EURC,0.1213,$538.65M,-9.38
FLUID-CTOC,0.1212,$361.29M,16.63
GLM-TEL,0.1212,$269.08M,-17.04
CRVUSD-XPL,0.1212,$432.64M,-2.62
VCNT-A7A5,0.1212,$642.65M,-0.21
TRAC-SUN,0.1212,$465.96M,8.26
SPX-REUSD,0.1211,$469.51M,-1.68
DEXE-USAT,0.1211,$459.31M,-43.71
CASH-IOTA,0.1211,$269.59M,-3.77
KAU-SPCXB,0.121,$393.84M,-15.94
ACRED-BTSE,0.121,$248.15M,-0.55
CHZ-USDF,0.121,$255.98M,-12.02
GRT-META,0.1209,$256.76M,13.39
BC-BP,0.1209,$333.81M,46.16
SHORT-BTSE,0.1209,$230.66M,-9.55
GPS-ETHFI,0.1208,$495.90M,18.47
GRT-GUSD,0.1207,$310.85M,-7.19
TKX-UUSD,0.1207,$203.23M,4.98
GRX-COCO,0.1207,$308.32M,8.23
DYDX-VIRTUAL,0.1206,$467.43M,-14.07
DEXE-FET,0.1206,$580.00M,-53.53
OZO-SYRUP,0.1206,$332.54M,11.31
UQC-SFP,0.1206,$210.75M,-2.47
MET-GUSD,0.1206,$238.92M,0.95
DRV-ACRED,0.1205,$217.68M,-3.6
US-USDZ,0.1205,$546.36M,225.03
GLM-PRL,0.1205,$178.83M,1.51
STRCX-A,0.1205,$243.08M,1.5
A7A5-USDZ,0.1205,$605.59M,-0.42
OUSG-PRL,0.1204,$464.32M,7.43
AKT-USTBL,0.1204,$289.23M,-13.32
SAND-KOGE,0.1204,$339.34M,-8.39
CRVUSD-MON,0.1204,$460.24M,7.39
EURC-KITE,0.1204,$682.04M,-3.44
APR-ZBCN,0.1203,$373.66M,-16.24
OZO-TRAC,0.1203,$248.96M,3.4
XTZ-ZANO,0.1203,$356.63M,-11.83
STRK-GOMINING,0.1203,$304.77M,0.25
DRV-LDO,0.1202,$405.84M,21.79
DCR-CHEEMS,0.1202,$303.10M,-5.09
OZO-ULTIMA,0.1201,$307.00M,10.59
USTBL-GPS,0.1201,$256.85M,4.09
GPS-FLOKI,0.1201,$294.52M,1.89
EARNETH-KAITO,0.12,$456.21M,72.89
ZBCN-APYUSD,0.12,$335.40M,-5.37
SOON-WIF,0.12,$236.35M,28.91
GOMINING-AIAT,0.12,$233.54M,4.13
STAC-CASH,0.1199,$224.66M,0.19
KAG-AR,0.1199,$329.75M,-6.01
CRVUSD-DASH,0.1198,$609.48M,-1.99
SPCXB-BTSE,0.1198,$218.65M,-17.22
RLB-UQC,0.1197,$212.29M,1.55
INJ-CRVUSD,0.1197,$671.29M,0.58
LDO-USDAI,0.1197,$460.63M,25.5
FLUID-XPIN,0.1197,$231.18M,17.73
RLB-FET,0.1196,$410.19M,-8.13
USDAT-BORG,0.1196,$278.07M,-6.06
EDGE-UUSD,0.1195,$235.76M,-8.53
COCO-SYRUP,0.1195,$391.47M,3.77
XTZ-SNX,0.1195,$347.91M,-9.61
ICNT-PYTH,0.1195,$422.93M,-5.34
CARDS-AR,0.1195,$384.92M,-21.25
LUNC-META,0.1194,$374.31M,12.82
DEXE-THETA,0.1194,$400.17M,-44.37
DEXE-AKE,0.1194,$369.60M,447.08
FLOKI-CRVUSD,0.1194,$410.56M,-2.03
VSN-TRAC,0.1193,$274.56M,17.96
OUSG-USDAI,0.1193,$537.69M,0.14
1INCH-GRX,0.1193,$239.91M,28.66
LDO-SN64,0.1193,$393.19M,29.0
CASH-COCO,0.1193,$306.24M,-7.51
STAC-GPS,0.1192,$198.65M,4.14
APEPE-TIBBIR,0.1192,$307.85M,1.89
USTBL-ZBT,0.1192,$274.79M,-2.62
CRVUSD-STRCX,0.1192,$352.84M,2.81
REUSD-FET,0.1192,$473.35M,-9.56
ENS-SFP,0.1192,$278.80M,0.68
TAG-JASMY,0.1192,$356.65M,18.13
LDO-CAKE,0.1191,$750.39M,28.64
VELVET-TIBBIR,0.1191,$272.99M,-34.57
ICNT-SNX,0.1191,$224.01M,-9.64
DYDX-ZBCN,0.119,$275.14M,-27.46
BC-EURCV,0.1189,$369.01M,54.36
VSN-KMNO,0.1188,$248.91M,15.59
VSN-SAND,0.1188,$276.08M,9.77
US-SHFL,0.1188,$540.37M,226.78
CAKE-A7A5,0.1188,$925.40M,2.84
UQC-UUSD,0.1188,$207.80M,-0.08
SPCXB-PENDLE,0.1188,$336.19M,-10.43
APR-TIBBIR,0.1187,$302.88M,-3.1
USDTB-USDA,0.1187,$451.70M,0.45
DEXE-AIAT,0.1187,$392.06M,-41.79
GRX-VET,0.1187,$513.05M,17.93
USDTB-XPIN,0.1186,$500.42M,1.79
VCNT-RAIL,0.1186,$254.29M,-10.61
TEL-NFT,0.1186,$438.84M,-10.27
AIAT-BONK,0.1186,$382.93M,5.15
OZO-TIA,0.1185,$431.79M,-4.37
TIA-GPS,0.1185,$402.50M,-0.44
CAKE-UUSD,0.1185,$546.98M,3.19
CTOC-FF,0.1185,$467.29M,-2.5
BSV-EURCV,0.1185,$407.93M,0.72
EARNETH-AIAT,0.1184,$264.92M,12.96
VELVET-SPCXB,0.1184,$252.04M,-54.43
VIRTUAL-KAITO,0.1184,$678.84M,65.41
GPS-GOMINING,0.1184,$211.57M,6.15
ENS-GOMINING,0.1183,$291.63M,5.23
WEMIX-UUSD,0.1182,$200.21M,-9.94
VCNT-GRASS,0.1182,$380.31M,-13.39
AWE-USDAI,0.118,$263.26M,2.93
SHORT-XCN,0.118,$227.21M,-15.85
OUSG-BORG,0.1179,$518.52M,-5.95
DEXE-GPS,0.1179,$370.09M,-39.76
EDGE-UQC,0.1178,$243.99M,-8.69
XTZ-FLOKI,0.1178,$423.98M,-11.4
UQC-RAY,0.1178,$271.03M,0.76
KITE-BTSE,0.1178,$365.11M,-3.98
CASH-FLUID,0.1177,$208.30M,16.47
GNO-SNX,0.1177,$405.08M,-7.67
KAU-TEL,0.1176,$482.62M,-10.62
KAITO-SYRUP,0.1176,$516.52M,73.15
WEMIX-FARTCOIN,0.1176,$223.43M,1.94
SAND-SHORT,0.1176,$222.74M,-13.71
EURC-TRAC,0.1176,$573.70M,3.26
LUNC-GPS,0.1175,$374.91M,-3.73
UB-BP,0.1175,$475.07M,15.26
DYDX-WEMIX,0.1175,$198.29M,-27.58
EDGE-BONK,0.1175,$400.92M,-5.36
2Z-WFI,0.1175,$376.88M,-1.38
US-CTOC,0.1175,$693.97M,225.31
VIRTUAL-FF,0.1175,$561.85M,0.87
COCO-TRAC,0.1175,$307.89M,-4.14
VSN-BP,0.1174,$265.13M,6.29
USDTB-APEPE,0.1174,$556.88M,-0.88
GRX-GALA,0.1174,$212.71M,6.48
UQC-XCN,0.1174,$237.68M,-7.08
ULTIMA-SPCXB,0.1173,$267.24M,-6.01
KAITO-UQC,0.1173,$417.29M,61.75
OUSG-SAND,0.1172,$505.44M,-4.69
BC-KAITO,0.1172,$528.84M,116.33
ZRO-ACRED,0.1172,$399.80M,-0.38
BP-AWE,0.1172,$220.06M,-5.38
ACRED-USDA,0.1172,$211.22M,0.02
USDA-ENS,0.1171,$272.25M,2.96
MON-WFI,0.1171,$422.74M,7.61
LUNC-TAG,0.117,$423.97M,10.26
STRK-STRCX,0.117,$330.01M,0.83
PIEVERSE-MX,0.117,$332.67M,-4.57
GUSD-FET,0.117,$455.42M,-9.87
CASH-MANA,0.1169,$253.40M,4.04
UUSD-FF,0.1169,$292.07M,-2.62
EDGE-ZAMA,0.1168,$273.79M,36.17
APEPE-XPL,0.1168,$421.95M,-4.06
GNO-CTOC,0.1168,$557.65M,-7.22
GALA-KOGE,0.1168,$302.76M,-12.83
BTSE-SUN,0.1168,$475.40M,4.23
EURCV-TRUMP,0.1168,$506.83M,4.03
ZBCN-AKE,0.1167,$272.80M,480.95
WEMIX-WFI,0.1167,$274.97M,-9.72
PYTH-GUSD,0.1167,$470.87M,3.96
GRX-USAT,0.1166,$309.33M,15.75
AWE-SOON,0.1166,$195.83M,38.07
GUSD-EURCV,0.1166,$298.94M,-0.17
INJ-REUSD,0.1165,$626.67M,0.79
GRX-FF,0.1164,$316.38M,13.08
FLUID-FRAX,0.1164,$306.35M,16.65
GPS-TRUMP,0.1164,$453.40M,8.09
JTO-XEC,0.1164,$388.09M,-1.84
ZRO-A,0.1163,$387.04M,-1.76
USDA-NFT,0.1163,$360.70M,0.9
EIGEN-XPIN,0.1163,$285.49M,-2.31
LDO-JTO,0.1162,$571.83M,13.35
CTOC-CARDS,0.1162,$543.87M,-16.42
STRCX-SUN,0.1162,$483.08M,7.66
PENGU-ZAMA,0.1162,$509.53M,44.08
ZBT-KOGE,0.1162,$328.09M,-6.33
UB-IOTA,0.1161,$508.41M,19.78
APXUSD-GPS,0.1161,$391.07M,7.16
BP-STRCX,0.1161,$255.03M,-5.53
USAT-THBILL,0.1161,$303.16M,0.16
SOON-EURCV,0.1161,$239.45M,35.05
UB-XEC,0.116,$480.29M,33.86
VELVET-BTT,0.1159,$425.98M,-37.66
GNO-FET,0.1159,$588.56M,-17.19
CAKE-KMNO,0.1159,$545.21M,4.15
KAG-REUSD,0.1158,$381.13M,-1.09
ICNT-FRAX,0.1158,$321.64M,-9.18
GOMINING-APYUSD,0.1158,$273.69M,6.68
RLB-AKT,0.1157,$232.67M,-11.77
GNO-TIBBIR,0.1157,$389.13M,-4.09
CARDS-USDZ,0.1157,$396.26M,-16.7
KITE-USDF,0.1157,$343.84M,-3.28
ETHFI-FRXUSD,0.1157,$509.81M,14.52
APR-CRCLON,0.1156,$289.24M,-6.04
BC-UUSD,0.1156,$319.35M,54.5
COCO-FET,0.1156,$490.14M,-17.32
UUSD-AWE,0.1156,$205.61M,2.96
AWE-EURC,0.1156,$555.86M,2.8
EDGE-ACRED,0.1155,$251.02M,-8.47
VELVET-EIGEN,0.1155,$307.09M,-41.43
OHM-SHORT,0.1155,$373.36M,0.03
STX-SUN,0.1155,$592.81M,-2.96
FRXUSD-BAT,0.1155,$213.34M,-5.39
NXM-CRVUSD,0.1154,$298.92M,8.93
EURC-TRUMP,0.1154,$807.43M,4.02
LDO-GRX,0.1153,$427.29M,41.23
DEXE-ZRO,0.1153,$558.83M,-44.19
NEO-USDA,0.1153,$229.95M,0.53
SOON-THBILL,0.1153,$207.94M,35.3
GNO-WFI,0.1152,$457.19M,-7.13
LDO-FLOKI,0.1151,$501.71M,23.42
2Z-BORG,0.1151,$340.61M,-7.71
CASH-KMNO,0.1151,$220.04M,1.0
XPIN-EURCV,0.1151,$294.33M,1.16
USTBL-EURC,0.115,$610.88M,0.02
DCR-USDF,0.115,$314.62M,9.28
UB-WFI,0.1149,$535.38M,23.82
APR-UUSD,0.1149,$296.18M,-6.35
CASH-SUN,0.1149,$464.31M,4.89
AXS-SHFL,0.1149,$265.09M,-5.45
TEL-ETHFI,0.1149,$574.21M,3.26
KITE-A,0.1149,$334.29M,-4.61
NEO-GEOD,0.1148,$228.12M,0.29
VCNT-AERO,0.1148,$578.82M,-4.67
GALA-EURCV,0.1148,$238.05M,-9.37
FRXUSD-XPL,0.1148,$330.51M,-2.65
CVX-NEX,0.1147,$225.14M,4.49
GUSD-THBILL,0.1147,$267.44M,0.08
ACRED-SOON,0.1146,$205.05M,35.25
DEXE-JASMY,0.1145,$485.67M,-43.53
APEPE-SOSO,0.1145,$317.95M,8.29
GRX-KITE,0.1145,$356.10M,12.41
JTO-CHZ,0.1145,$412.78M,-24.22
VSN-CASH,0.1144,$272.91M,14.6
OUSG-THETA,0.1144,$506.34M,-0.52
BSV-USDAI,0.1144,$415.93M,0.83
APR-SPCXB,0.1143,$281.93M,-22.96
BC-XEC,0.1143,$339.03M,64.76
OHM-AWE,0.1143,$381.63M,11.85
KAG-USDA,0.1143,$309.87M,-1.41
UUSD-CARDS,0.1143,$368.65M,-16.54
ULTIMA-PRL,0.1142,$265.77M,17.87
USAT-AKE,0.1142,$280.75M,490.81
RLB-XTZ,0.1141,$329.75M,-7.65
DYDX-IOTA,0.1141,$245.44M,-21.38
CHEEMS-EURC,0.1141,$550.35M,-14.42
STAC-STX,0.114,$353.16M,-7.67
ACRED-PENDLE,0.114,$365.69M,6.24
RLB-STX,0.1139,$354.79M,-6.18
CRVUSD-ZBT,0.1139,$326.00M,-2.72
CARDS-AERO,0.1139,$683.24M,-21.35
DYDX-THETA,0.1138,$223.96M,-18.26
BC-TKX,0.1138,$323.01M,59.4
GLM-CTOC,0.1138,$369.76M,-5.63
KAG-STX,0.1138,$464.21M,-9.19
GRT-NEX,0.1137,$251.67M,-16.73
1INCH-SUN,0.1136,$458.11M,17.8
TKX-GLM,0.1136,$198.20M,-0.85
VCNT-SN64,0.1136,$254.44M,3.61
BAT-SHFL,0.1136,$224.81M,-3.76
1INCH-USDZ,0.1134,$243.21M,12.8
GRT-GLM,0.1134,$256.11M,-12.92
USDTB-NEX,0.1134,$445.85M,-9.08
APEPE-AKE,0.1134,$296.88M,489.4
KMNO-UUSD,0.1134,$197.81M,1.04
CHEEMS-AWE,0.1133,$206.14M,-11.39
NEX-BTT,0.1133,$349.80M,-9.41
GUSD-JASMY,0.1133,$361.09M,0.12
LDO-DCR,0.1132,$505.97M,34.71
GPS-CTOC,0.1132,$371.01M,4.12
ZANO-RAIL,0.1132,$221.00M,-13.22
VELVET-OHM,0.1131,$442.31M,-28.93
APEPE-BTSE,0.1131,$334.47M,-2.06
XEC-PIEVERSE,0.1131,$301.54M,6.07
FLOKI-SPCXB,0.113,$284.04M,-18.64
TRAC-BTT,0.113,$383.14M,3.57
XTZ-VCNT,0.1129,$389.92M,-9.23
MON-FET,0.1129,$554.11M,-2.45
UB-GLM,0.1128,$455.60M,17.77
AXS-AKE,0.1128,$239.21M,483.72
CHEEMS-AVUSD,0.1128,$216.29M,-14.1
AIAT-BTSE,0.1128,$251.09M,1.28
DRV-EDGE,0.1127,$238.62M,-12.27
META-AKE,0.1127,$190.94M,511.31
KAITO-SNX,0.1127,$431.70M,61.59
NEX-AVUSD,0.1127,$206.31M,-9.4
GALA-GUSD,0.1127,$238.12M,-9.33
RLB-AXS,0.1126,$247.96M,-5.4
META-EIGEN,0.1126,$236.01M,16.94
IMX-USDA,0.1125,$323.50M,-0.87
DRV-US,0.1125,$521.61M,221.45
DRV-ZAMA,0.1125,$240.45M,41.05
BSV-FRAX,0.1125,$478.56M,1.01
USDA-MANA,0.1124,$227.56M,3.96
2Z-TRAC,0.1123,$326.00M,1.74
OHM-BORG,0.1123,$414.08M,2.85
ZANO-MX,0.1123,$281.75M,-2.85
WIF-MON,0.1123,$394.54M,1.12
PYTH-AKE,0.1123,$416.88M,494.83
IMX-SHORT,0.1122,$324.87M,-9.69
META-REUSD,0.1122,$262.85M,20.76
GNO-PENGU,0.1122,$654.36M,-8.05
ULTIMA-PENDLE,0.1122,$432.35M,16.7
KAITO-APYUSD,0.1122,$467.40M,66.35
FLOKI-XEC,0.1122,$317.97M,8.23
CRCLON-AKE,0.1122,$188.38M,491.15
STRCX-REAL,0.1121,$389.85M,-1.34
IMX-LDO,0.112,$530.52M,24.7
ENS-GEOD,0.112,$270.42M,2.72
PYTH-SFP,0.112,$424.09M,1.67
UQC-USDA,0.1119,$204.20M,-0.2
STRCX-USDZ,0.1118,$268.18M,2.66
OHM-SN64,0.1117,$365.80M,12.44
KAG-SAND,0.1117,$338.88M,-6.16
FDUSD-A,0.1117,$448.39M,-1.26
ACRED-BAT,0.1117,$218.46M,-5.3
DRV-UUSD,0.1116,$202.43M,-3.65
APXUSD-TRAC,0.1116,$418.72M,6.58
KAITO-VCNT,0.1116,$473.71M,61.97
NFT-TRUMP,0.1116,$621.91M,5.11
RLB-FF,0.1115,$296.56M,-0.99
DYDX-UQC,0.1115,$205.89M,-17.72
DRV-USDTB,0.1115,$458.16M,-3.17
GRT-CARDS,0.1115,$430.21M,-23.7
AVUSD-PYTH,0.1115,$437.34M,4.23
GOMINING-BTSE,0.1115,$248.67M,1.54
VELVET-ETHFI,0.1114,$566.39M,-23.35
GRX-CRCLON,0.1114,$216.95M,16.09
FLOKI-RAIL,0.1114,$288.35M,-12.78
VSN-OUSG,0.1113,$531.14M,14.72
KAU-ZK,0.1113,$392.66M,-7.87
GPS-GEOD,0.1113,$190.35M,3.64
USDA-BORG,0.1113,$234.45M,-6.15
AXS-UQC,0.1112,$251.71M,-7.2
STX-APYUSD,0.1112,$408.64M,-3.37
FF-MET,0.1111,$281.70M,-1.65
ZBCN-SPCXB,0.111,$262.81M,-26.42
A-SFP,0.111,$205.02M,-3.63
SYRUP-FRAX,0.111,$427.31M,11.46
SPX-ZANO,0.1109,$433.24M,-4.44
OHM-UQC,0.1109,$383.82M,8.81
SNX-SPCXB,0.1109,$207.97M,-16.85
NXM-XPIN,0.1108,$231.77M,10.16
OUSG-AKT,0.1108,$508.64M,-13.32
TWT-GPS,0.1108,$244.48M,3.87
FF-COMP,0.1108,$351.61M,-0.27
LUNC-KAG,0.1107,$492.59M,-9.02
ZRO-WFI,0.1107,$459.30M,-0.22
FDUSD-SYRUP,0.1107,$553.34M,11.3
DASH-SPCXB,0.1107,$482.97M,-18.59
APR-A,0.1106,$298.68M,-7.67
GRT-REUSD,0.1106,$328.78M,-6.87
1INCH-APR,0.1105,$312.21M,6.53
EDGE-OHM,0.1105,$411.78M,0.36
AKT-FF,0.1104,$320.68M,-16.11
APEPE-GUSD,0.1104,$350.87M,-1.47
KAITO-PIEVERSE,0.1104,$491.35M,57.64
VSN-ZBCN,0.1103,$328.17M,4.74
EARNETH-VCNT,0.1103,$311.39M,11.12
FLUID-ULTIMA,0.1103,$267.99M,27.03
BP-CARDS,0.1103,$383.10M,-24.89
GEOD-ONYC,0.1103,$340.55M,0.15
MANA-TRUMP,0.1103,$488.77M,8.17
CHEEMS-SOSO,0.1102,$216.91M,-4.61
SOON-CHZ,0.1102,$234.15M,23.07
WIF-KOGE,0.1102,$360.49M,-9.81
ETHFI-GUSD,0.1102,$549.40M,14.44
DYDX-BTT,0.1101,$357.34M,-17.41
LDO-AXS,0.1101,$446.88M,18.41
OZO-FARTCOIN,0.1101,$248.31M,11.95
APEPE-DCR,0.1101,$404.14M,7.82
GRX-AWE,0.1101,$229.92M,18.66
META-PYTH,0.1101,$416.77M,24.53
ACRED-MET,0.1101,$204.46M,1.11
SPCXB-PRL,0.1101,$169.61M,-9.27
OZO-THBILL,0.11,$243.23M,0.18
BP-SPCXB,0.11,$199.77M,-24.87
BP-XPL,0.1099,$334.82M,-10.96
DASH-ZAMA,0.1099,$535.25M,42.72
KOGE-EURCV,0.1099,$363.58M,-3.67
VSN-ZK,0.1098,$235.25M,6.09
BORG-ZAMA,0.1098,$276.08M,38.67
GALA-RAIL,0.1096,$178.46M,-19.97
CRCLON-ZAMA,0.1096,$230.66M,45.09
GRX-TRAC,0.1095,$247.76M,19.12
KITE-A7A5,0.1095,$710.21M,-3.64
IMX-BP,0.1094,$341.56M,-9.1
APXUSD-USAT,0.1094,$480.29M,3.21
XTZ-KOGE,0.1094,$439.62M,-12.9
ACRED-TRAC,0.1094,$238.71M,3.47
IOTA-GUSD,0.1094,$297.08M,-3.85
1INCH-USDF,0.1093,$227.66M,12.97
DCR-CARDS,0.1093,$471.65M,-7.36
USAT-ONYC,0.1093,$431.43M,0.47
APYUSD-FRAX,0.1093,$378.19M,4.67
NEO-BP,0.1092,$248.01M,-7.69
UQC-FDUSD,0.1092,$454.12M,-0.1
AWE-RAY,0.1092,$268.83M,3.8
STAC-US,0.1091,$521.61M,225.33
DEXE-VCNT,0.1091,$438.52M,-43.62
OZO-USDF,0.1091,$237.14M,0.08
VIRTUAL-CARDS,0.1091,$638.44M,-13.05
XPIN-BSV,0.1091,$403.39M,2.08
AWE-FF,0.109,$298.11M,0.25
VCNT-USDA,0.109,$260.62M,0.02
APR-BONK,0.1089,$461.34M,-3.17
USDTB-SHORT,0.1088,$453.07M,-8.37
APEPE-THETA,0.1088,$327.45M,-2.06
GRX-GEOD,0.1088,$218.44M,15.43
WFI-USDAI,0.1088,$331.98M,0.27
IMX-OUSG,0.1087,$607.57M,-0.66
NXM-STRCX,0.1087,$227.67M,11.67
2Z-NEX,0.1086,$292.67M,-11.25
FDUSD-MANA,0.1086,$477.48M,4.06
CHZ-SUN,0.1086,$486.43M,-7.19
OZO-PENGU,0.1085,$497.01M,-0.63
XTZ-FRXUSD,0.1085,$335.40M,-9.32
STRK-GEOD,0.1085,$283.56M,-2.26
GOMINING-GUSD,0.1085,$265.07M,2.12
STAC-USDA,0.1084,$198.82M,0.11
1INCH-GLM,0.1084,$210.58M,7.12
FLUID-AERO,0.1084,$500.66M,11.69
CHEEMS-ICNT,0.1084,$201.89M,-23.67
XTZ-PENGU,0.1084,$597.19M,-9.99
VET-SOSO,0.1084,$505.55M,11.88
OUSG-CHZ,0.1083,$524.39M,-11.95
APR-GRASS,0.1083,$412.26M,-19.88
TIA-ZRO,0.1083,$591.25M,-4.87
TIA-APXUSD,0.1083,$601.55M,-1.19
TIBBIR-GEOD,0.1083,$200.83M,2.98
CHEEMS-GEOD,0.1083,$194.66M,-14.62
BP-ACRED,0.1083,$229.28M,-8.21
AVUSD-USDF,0.1083,$227.82M,0.26
GNO-EIGEN,0.1082,$423.24M,-10.96
GNO-BTT,0.1082,$542.12M,-7.19
VIRTUAL-SPCXB,0.1081,$455.10M,-13.04
SAND-NEX,0.108,$215.52M,-14.43
USDAT-GLM,0.1079,$234.56M,-5.78
SHORT-MON,0.1079,$345.75M,-1.54
ONYC-JASMY,0.1079,$457.79M,0.66
VSN-SUN,0.1078,$493.18M,19.48
OZO-RAIL,0.1078,$215.14M,-10.68
2Z-USDA,0.1078,$298.51M,-1.71
GRX-RAY,0.1078,$287.10M,16.62
ZBT-BONK,0.1078,$378.89M,0.46
IMX-KMNO,0.1077,$325.34M,0.21
ZRO-ENS,0.1077,$460.83M,2.56
APEPE-SPCXB,0.1077,$286.90M,-17.98
KAITO-SHORT,0.1077,$406.82M,52.97
CARDS-GUSD,0.1077,$418.37M,-16.65
AVUSD-GOMINING,0.1077,$231.54M,2.4
EDGE-GOMINING,0.1076,$251.54M,-6.38
VELVET-AKT,0.1076,$294.90M,-51.31
FLUID-SOSO,0.1076,$202.87M,26.16
ZANO-PRL,0.1076,$215.23M,4.8
BAT-SOSO,0.1076,$220.00M,4.3
OZO-GLM,0.1075,$220.06M,-5.76
KMNO-AIAT,0.1075,$216.00M,2.93
STX-A7A5,0.1075,$728.72M,-8.16
KITE-MON,0.1075,$480.20M,4.02
FLUID-STRCX,0.1074,$227.08M,19.24
APEPE-SOON,0.1073,$291.37M,33.74
OHM-USDA,0.1073,$371.98M,8.85
GPS-THBILL,0.1073,$213.94M,4.11
DCR-A7A5,0.1073,$680.98M,8.92
CRVUSD-ZAMA,0.1073,$349.86M,44.78
GOMINING-SHFL,0.1073,$236.96M,3.82
MANA-AR,0.1073,$247.44M,-0.63
OUSG-SOON,0.1072,$470.26M,35.28
DYDX-SOSO,0.1072,$214.45M,-7.91
APR-SHORT,0.1072,$293.94M,-15.29
APR-CRVUSD,0.1071,$408.44M,-6.35
CASH-CTOC,0.1071,$397.02M,0.17
NEO-GUSD,0.107,$283.28M,0.54
CHEEMS-ZANO,0.1069,$231.48M,-16.81
UUSD-CRVUSD,0.1069,$311.84M,0.08
GEOD-FRAX,0.1069,$314.41M,-0.13
1INCH-WIF,0.1068,$262.16M,6.68
KAU-VELVET,0.1068,$474.81M,-37.23
GRX-XPL,0.1068,$344.68M,13.09
CRVUSD-ZANO,0.1068,$343.21M,-2.47
WIF-SUN,0.1068,$488.63M,-1.35
AIAT-COMP,0.1068,$277.30M,4.33
GRT-FRXUSD,0.1067,$271.27M,-7.11
US-AWE,0.1067,$524.79M,228.06
META-GRASS,0.1067,$311.28M,7.02
UUSD-REAL,0.1067,$348.84M,-4.08
USDA-GLIDR,0.1067,$197.56M,4.01
APXUSD-TWT,0.1066,$443.52M,3.11
USDAT-GPS,0.1066,$235.81M,3.98
CRVUSD-A7A5,0.1066,$690.26M,-0.27
US-SUN,0.1065,$761.26M,230.03
TWT-KOGE,0.1065,$362.62M,-3.66
CAKE-CRVUSD,0.1065,$659.24M,3.19
CRVUSD-SNX,0.1065,$334.49M,-0.25
KOGE-ONYC,0.1065,$460.35M,-3.1
REAL-XPIN,0.1065,$393.96M,-2.86
VCNT-PIEVERSE,0.1064,$346.53M,-4.13
VCNT-THBILL,0.1064,$282.38M,0.25
NEX-KITE,0.1064,$322.33M,-12.94
WFI-EURCV,0.1064,$323.98M,0.15
LDO-FRXUSD,0.1063,$413.12M,25.5
BC-STRCX,0.1063,$360.36M,57.24
ZK-TAG,0.1063,$229.42M,9.44
XTZ-GOMINING,0.1063,$341.04M,-7.14
SFP-WFI,0.1063,$277.28M,-2.1
IMX-GLM,0.1062,$322.08M,-6.59
KAU-GUSD,0.1062,$457.81M,0.56
EARNETH-SOON,0.1062,$236.95M,46.17
KMNO-VCNT,0.1062,$262.47M,1.1
KMNO-BONK,0.1062,$362.97M,4.22
TIBBIR-SHORT,0.1061,$204.04M,-5.61
ACRED-BONK,0.1061,$379.99M,3.32
XEC-COMP,0.1061,$278.78M,12.69
RAY-A7A5,0.1061,$641.21M,0.57
MON-XCN,0.1061,$377.85M,0.4
DEXE-XCN,0.106,$403.74M,-50.68
FDUSD-WFI,0.106,$520.64M,0.27
WEMIX-FRXUSD,0.106,$210.35M,-9.97
SOON-AR,0.106,$206.06M,30.48
KITE-PIEVERSE,0.106,$414.09M,-7.56
SHORT-FET,0.106,$403.47M,-18.7
KOGE-MON,0.106,$462.34M,3.78
APXUSD-PYTH,0.1059,$616.42M,7.23
REUSD-PENGU,0.1059,$539.15M,-0.41
REUSD-MON,0.1059,$415.63M,7.6
CARDS-ONYC,0.1058,$515.07M,-16.12
CTOC-MANA,0.1057,$406.39M,4.2
SAND-AKE,0.1057,$220.71M,485.99
GEOD-FET,0.1057,$400.26M,-10.12
IMX-AIAT,0.1056,$345.30M,1.14
LDO-NEO,0.1056,$436.97M,26.1
AVUSD-MON,0.1056,$364.17M,7.56
LDO-OZO,0.1055,$428.49M,25.52
GRX-SNX,0.1055,$246.53M,15.46
PYTH-CHZ,0.1055,$465.50M,-8.05
LDO-AR,0.1054,$419.25M,20.82
FARTCOIN-XPIN,0.1054,$267.91M,13.19
STRCX-EIGEN,0.1054,$281.39M,-0.79
EIGEN-RAIL,0.1054,$230.44M,-14.28
GLIDR-ONYC,0.1054,$347.59M,4.56
SPX-GPS,0.1053,$398.08M,2.03
DYDX-SHFL,0.1053,$219.27M,-15.97
DRV-PYTH,0.1053,$424.00M,0.33
CVX-GEOD,0.1053,$229.16M,13.78
TKX-GUSD,0.1053,$252.95M,4.87
FLOKI-FRXUSD,0.1053,$308.43M,-2.06
TRAC-KOGE,0.1053,$337.81M,-0.2
STAC-USAT,0.1052,$287.87M,0.19
US-FRXUSD,0.1052,$528.89M,225.16
TWT-TRAC,0.1052,$272.13M,3.28
VSN-NXM,0.1051,$237.76M,23.49
LDO-CHEEMS,0.1051,$403.51M,11.18
BC-SAND,0.1051,$344.76M,49.64
GNO-XPL,0.1051,$503.23M,-10.04
TIBBIR-REUSD,0.1051,$273.92M,3.54
REUSD-STX,0.1051,$417.95M,-7.6
VSN-SHORT,0.105,$248.45M,5.69
OUSG-ZBCN,0.105,$557.52M,-9.72
FDUSD-KOGE,0.105,$560.25M,-3.55
GRT-CASH,0.1049,$283.36M,-7.12
GPS-SAND,0.1049,$221.20M,-0.86
AXS-SUN,0.1049,$485.98M,-2.19
KAITO-THBILL,0.1049,$427.20M,62.02
KITE-MET,0.1049,$321.42M,-2.31
PRL-ONYC,0.1049,$330.28M,7.77
OUSG-LDO,0.1048,$683.45M,25.62
UQC-ETHFI,0.1048,$507.91M,14.39
UQC-BAT,0.1048,$211.43M,-5.52
ZANO-SOSO,0.1048,$247.75M,7.19
TEL-SHORT,0.1048,$271.87M,-20.14
VSN-FLOKI,0.1047,$349.40M,12.52
OZO-USDAT,0.1047,$265.10M,0.05
TIBBIR-CRCLON,0.1047,$199.34M,3.64
CHEEMS-FLOKI,0.1047,$298.83M,-16.38
USDA-AIAT,0.1047,$214.16M,1.86
UB-PYTH,0.1046,$682.20M,27.59
ZBT-JASMY,0.1046,$325.53M,-2.57
APR-PYTH,0.1045,$517.75M,-2.36
VELVET-ICNT,0.1045,$268.07M,-47.22
2Z-TIBBIR,0.1045,$308.82M,1.65
ZRO-APYUSD,0.1045,$442.88M,4.01
XTZ-CARDS,0.1045,$494.34M,-25.91
US-SYRUP,0.1044,$626.21M,236.42
USDAT-SOON,0.1044,$229.81M,35.17
WIF-RAIL,0.1044,$236.19M,-16.95
EDGE-SHORT,0.1043,$233.53M,-17.47
GRT-KMNO,0.1043,$259.37M,-6.12
DEXE-GLIDR,0.1043,$375.46M,-39.63
UQC-SUN,0.1042,$450.31M,4.76
ICNT-USDZ,0.1042,$228.96M,-9.48
RAIL-THBILL,0.1041,$207.78M,-10.56
PYTH-GEOD,0.1041,$415.71M,3.71
USDTB-KAG,0.104,$569.21M,-0.81
AVUSD-BTSE,0.104,$249.09M,-0.44
PRL-SFP,0.104,$186.80M,4.95
CAKE-GOMINING,0.1039,$562.75M,5.34
USDA-JASMY,0.1039,$307.76M,0.11
PIEVERSE-SFP,0.1039,$284.81M,-6.58
NXM-ZRO,0.1038,$371.63M,8.42
DYDX-GRT,0.1038,$259.21M,-24.73
VCNT-AVUSD,0.1038,$280.42M,0.31
SPCXB-BONK,0.1038,$350.48M,-13.35
ZBCN-MX,0.1037,$327.86M,-10.2
KAITO-GALA,0.1037,$397.88M,52.61
STRK-CRVUSD,0.1037,$401.26M,-1.91
NEX-PRL,0.1037,$174.40M,-2.31
THETA-A7A5,0.1037,$604.30M,-0.96
RLB-SNX,0.1036,$226.71M,1.39
EARNETH-CRVUSD,0.1036,$358.99M,11.06
ZRO-RAIL,0.1036,$374.60M,-11.19
STRK-TRAC,0.1036,$312.88M,1.43
CASH-APEPE,0.1035,$323.38M,-1.4
COCO-AR,0.1034,$300.27M,-12.18
TIBBIR-GLM,0.1034,$201.25M,-2.5
PIEVERSE-ONYC,0.1034,$428.29M,-3.76
GRX-PYTH,0.1033,$445.46M,19.77
APXUSD-WFI,0.1033,$469.60M,3.46
NEX-REAL,0.1033,$339.39M,-13.73
MET-AERO,0.1033,$503.79M,-3.75
US-FDUSD,0.1032,$765.06M,225.16
TAG-TRUMP,0.1032,$502.46M,22.07
GOMINING-SOSO,0.1032,$232.15M,11.89
NFT-USDAI,0.1032,$421.96M,0.99
OZO-USDA,0.1031,$221.47M,-0.05
DCR-GEOD,0.1031,$297.12M,8.91
BP-BSV,0.1031,$372.73M,-7.48
UB-BC,0.103,$580.41M,78.02
RLB-SUN,0.103,$446.56M,6.56
KAU-GRX,0.103,$432.40M,16.37
US-CAKE,0.103,$866.16M,228.29
AVUSD-VET,0.103,$504.93M,2.39
EDGE-USDAI,0.1029,$293.41M,-8.56
LDO-TIBBIR,0.1029,$409.68M,28.78
ICNT-USDF,0.1029,$213.41M,-9.31
ACRED-USDAI,0.1029,$272.48M,0.11
RAIL-SHORT,0.1029,$187.40M,-19.61
APR-PENGU,0.1028,$568.11M,-7.05
TKX-MANA,0.1028,$234.83M,8.98
GNO-SN64,0.1028,$372.64M,-3.88
USAT-USDA,0.1028,$281.41M,-0.07
EURC-KOGE,0.1028,$664.18M,-3.69
BC-CVX,0.1027,$354.39M,68.56
TWT-EIGEN,0.1027,$289.06M,-3.66
EDGE-WFI,0.1026,$310.52M,-8.32
KAU-CAKE,0.1026,$755.50M,3.78
STRK-KOGE,0.1026,$403.36M,-5.51
SPX-SUN,0.1025,$644.36M,2.95
DYDX-XTZ,0.1025,$323.34M,-26.93
LDO-STRCX,0.1025,$443.99M,28.27
USAT-SUN,0.1025,$527.52M,4.89
USAT-SOSO,0.1024,$301.82M,9.7
TEL-GOMINING,0.1024,$289.88M,-9.05
REAL-SHFL,0.1024,$370.46M,-2.49
USDAT-EIGEN,0.1023,$280.39M,-3.55
SHORT-THETA,0.1023,$223.65M,-9.55
VSN-US,0.1022,$569.86M,239.74
UB-LDO,0.1022,$664.03M,49.05
KAU-KAITO,0.1022,$617.58M,62.5
OZO-IOTA,0.1022,$272.87M,-3.75
GLM-SN64,0.1022,$184.75M,-2.28
ULTIMA-WFI,0.1022,$356.24M,10.82
STAC-DEXE,0.1021,$376.72M,-43.54
USDA-REAL,0.1021,$345.24M,-4.19
RLB-WIF,0.102,$250.62M,-4.56
INJ-META,0.102,$554.65M,21.05
KAITO-CRVUSD,0.102,$521.32M,61.91
NEX-GRASS,0.102,$306.20M,-23.1
WIF-ZBT,0.102,$260.29M,-8.99
USTBL-GLIDR,0.1019,$262.22M,4.22
KMNO-FLOKI,0.1019,$296.53M,-1.07
EIGEN-WFI,0.1019,$315.14M,-3.32
KOGE-XCN,0.1019,$343.81M,-10.53
RLB-BTSE,0.1018,$237.38M,1.02
DYDX-CHZ,0.1018,$242.00M,-29.68
CAKE-AKE,0.1018,$542.71M,493.95
EIGEN-FET,0.1018,$446.51M,-13.38
NXM-KOGE,0.1017,$301.02M,5.32
TIA-SHFL,0.1017,$427.89M,-2.76
XTZ-MET,0.1017,$314.89M,-8.31
AKT-A7A5,0.1016,$606.60M,-13.75
META-SPCXB,0.1016,$180.95M,3.94
XTZ-XEC,0.1016,$344.93M,0.97
UQC-ZBT,0.1016,$221.97M,-2.88
US-SOON,0.1015,$508.98M,260.29
OHM-REUSD,0.1015,$443.24M,9.18
TIBBIR-NFT,0.1015,$371.01M,4.27
FARTCOIN-EIGEN,0.1015,$263.60M,8.35
INJ-XPIN,0.1013,$604.13M,1.81
TIBBIR-SOSO,0.1013,$223.07M,12.99
VSN-DASH,0.1012,$548.33M,12.57
USDAT-CARDS,0.1012,$408.67M,-16.57
SUN-TRUMP,0.1012,$699.68M,9.02
STAC-VCNT,0.1011,$267.09M,0.28
INJ-XTZ,0.1011,$684.71M,-8.78
GEOD-AR,0.1011,$210.40M,-4.99
ETHFI-ZAMA,0.1011,$537.70M,59.25
FLUID-WIF,0.101,$232.63M,10.23
SN64-MET,0.101,$179.41M,4.52
2Z-SPCXB,0.1009,$287.87M,-18.21
ULTIMA-EIGEN,0.1009,$322.29M,6.99
UUSD-ENS,0.1009,$275.86M,3.08
TRAC-BTSE,0.1009,$256.78M,2.72
AIAT-GUSD,0.1009,$267.48M,1.87
MON-SHFL,0.1009,$369.59M,8.99
OUSG-USDF,0.1008,$492.09M,0.18
DRV-USDA,0.1008,$198.82M,-3.77
USDTB-FRAX,0.1008,$575.59M,0.71
CVX-SPCXB,0.1008,$220.35M,-2.47
ULTIMA-SFP,0.1008,$284.43M,8.21
CTOC-AIAT,0.1008,$392.98M,2.1
FF-VET,0.1008,$581.24M,-0.48
FF-XPIN,0.1008,$337.18M,-1.4
GRX-CARDS,0.1007,$392.96M,-0.84
USDAT-WEMIX,0.1006,$240.22M,-9.96
UUSD-SFP,0.1006,$202.52M,-2.31
CRVUSD-AIAT,0.1006,$330.03M,1.97
SNX-CARDS,0.1006,$391.30M,-16.86
EIGEN-MON,0.1006,$388.79M,3.78
RAIL-GEOD,0.1006,$184.19M,-11.03
GEOD-BAT,0.1006,$197.76M,-5.71
SOON-USDF,0.1005,$201.85M,35.2
UB-AERO,0.1003,$775.21M,18.79
OUSG-WIF,0.1003,$526.59M,-6.11
RLB-TIA,0.1003,$410.76M,-2.72
BC-FDUSD,0.1003,$565.67M,54.48
USTBL-BONK,0.1003,$425.79M,3.35
META-GLIDR,0.1003,$196.80M,24.6
TWT-APYUSD,0.1003,$306.59M,4.39
PENGU-TAG,0.1003,$516.79M,17.28
PYTH-MANA,0.1003,$452.74M,8.06
INJ-APXUSD,0.1002,$754.29M,3.75
ZBCN-TAG,0.1002,$322.34M,8.09
KAITO-TRAC,0.1002,$432.94M,65.24
KITE-CHZ,0.1002,$376.14M,-15.4
ETHFI-SHFL,0.1002,$521.29M,16.14
APR-STRCX,0.1001,$337.18M,-3.61
BC-COCO,0.1001,$403.79M,46.95
DEXE-PENGU,0.1001,$645.80M,-44.38
GLM-FET,0.1,$400.68M,-15.6
A-MX,0.1,$252.88M,-1.63
2Z-AIAT,0.0999,$320.32M,0.3
DEXE-TIBBIR,0.0998,$380.57M,-40.43
USTBL-EURCV,0.0998,$310.28M,0.03
GRX-JASMY,0.0998,$335.68M,15.93
USDA-XCN,0.0998,$225.84M,-7.03
GEOD-XPIN,0.0998,$239.24M,0.95
1INCH-APXUSD,0.0997,$410.87M,16.12
EDGE-SHFL,0.0996,$257.37M,-6.94
DEXE-CHZ,0.0996,$418.22M,-55.8
ZRO-USDZ,0.0996,$412.14M,-0.59
BAT-XPIN,0.0996,$248.31M,-4.13
ZRO-MANA,0.0995,$416.14M,3.56
KAG-SOON,0.0995,$303.70M,33.81
KMNO-AR,0.0995,$214.08M,-3.67
INJ-USTBL,0.0994,$620.08M,0.67
CTOC-ACRED,0.0994,$390.04M,0.26
FDUSD-PRL,0.0994,$430.17M,7.32
JTO-TRAC,0.0994,$392.30M,-8.77
VSN-UQC,0.0993,$258.91M,14.47
SPX-SOSO,0.0993,$418.66M,7.76
UB-DYDX,0.0993,$458.70M,5.96
KMNO-AERO,0.0993,$512.39M,-3.77
CRVUSD-FF,0.0993,$404.34M,-2.63
1INCH-LDO,0.0992,$419.01M,38.4
TKX-AIAT,0.0992,$221.42M,6.87
FF-USDF,0.0992,$304.12M,-2.61
ZANO-BTSE,0.0992,$264.27M,-3.16
KAG-JTO,0.0991,$482.33M,-13.48
ULTIMA-CTOC,0.0991,$456.70M,10.73
FF-GEOD,0.0991,$286.63M,-2.98
PYTH-THETA,0.0991,$447.45M,3.37
RLB-ONYC,0.099,$350.48M,2.14
GLM-STRK,0.099,$283.97M,-7.74
CAKE-USDA,0.0989,$543.37M,3.07
AIAT-WFI,0.0989,$292.52M,2.19
MX-AKE,0.0989,$246.11M,490.46
MET-BONK,0.0989,$354.36M,4.23
JTO-EURCV,0.0988,$418.07M,-12.24
SHORT-TRUMP,0.0988,$454.94M,-4.77
WEMIX-GUSD,0.0987,$249.93M,-10.05
IMX-ZAMA,0.0986,$365.13M,43.95
GRX-GNO,0.0986,$406.74M,8.36
GNO-ZANO,0.0986,$413.80M,-9.89
GPS-XPIN,0.0986,$240.91M,5.22
EURC-USDF,0.0986,$561.87M,-0.06
MET-USDZ,0.0986,$216.81M,0.9
1INCH-CRVUSD,0.0985,$327.87M,12.95
USDAT-STRCX,0.0985,$280.59M,2.79
TWT-UQC,0.0985,$256.49M,-0.21
GLM-COMP,0.0985,$254.09M,-3.4
LDO-XEC,0.0984,$422.65M,35.79
USDA-MON,0.0984,$344.37M,7.28
EIGEN-GLIDR,0.0984,$241.98M,0.52
CASH-GUSD,0.0983,$271.52M,-0.06
GLM-BTSE,0.0983,$227.87M,-6.44
IMX-DYDX,0.0982,$325.19M,-18.4
SPX-A7A5,0.0982,$780.28M,-2.24
GRT-KOGE,0.0981,$375.49M,-10.69
USDTB-GEOD,0.0981,$449.87M,0.21
ZRO-IOTA,0.0981,$432.33M,-4.25
APXUSD-BTT,0.0981,$554.53M,3.4
COCO-SUN,0.0981,$526.51M,-2.63
FF-PENDLE,0.0981,$442.94M,3.47
NEX-EURC,0.0981,$540.36M,-9.72
US-BTSE,0.098,$552.08M,224.49
UB-FLUID,0.0979,$447.12M,40.02
ZRO-EURC,0.0979,$734.79M,-0.59
GPS-TAG,0.0979,$241.08M,21.9
KAG-GOMINING,0.0979,$329.26M,0.85
EDGE-USDAT,0.0978,$275.77M,-8.56
ZBCN-KAITO,0.0978,$486.54M,52.02
TWT-SFP,0.0977,$251.20M,-2.44
EDGE-GRX,0.0976,$260.07M,7.17
KAU-TIBBIR,0.0976,$414.79M,3.92
ZBCN-COCO,0.0975,$361.49M,-17.36
TIA-GLM,0.0975,$401.25M,-10.19
APXUSD-DCR,0.0975,$497.83M,12.43
GNO-GEOD,0.0975,$376.99M,-7.7
GPS-AIAT,0.0975,$213.99M,5.89
UQC-PYTH,0.0975,$429.38M,3.9
PIEVERSE-SOSO,0.0975,$298.67M,5.47
APEPE-SN64,0.0974,$291.35M,2.1
FF-CRCLON,0.0974,$285.14M,-2.32
1INCH-FDUSD,0.0973,$461.91M,12.93
ZK-SOSO,0.0973,$200.94M,1.2
USAT-SYRUP,0.0973,$392.48M,11.28
CRCLON-GUSD,0.0973,$242.36M,0.28
TKX-SOON,0.0972,$193.45M,40.09
APEPE-TAG,0.0972,$346.43M,16.54
GPS-SUN,0.0972,$438.30M,8.84
VCNT-FET,0.0972,$470.36M,-9.71
TRAC-FRAX,0.0972,$343.73M,3.56
PENDLE-A7A5,0.0972,$728.86M,5.83
PYTH-FET,0.0972,$627.28M,-5.78
GEOD-SFP,0.0972,$197.08M,-2.67
BTT-CRCLON,0.0972,$352.33M,0.54
OUSG-SFP,0.0971,$482.98M,-2.23
COCO-USDA,0.0971,$280.40M,-7.59
DRV-DEXE,0.097,$376.72M,-47.42
COCO-MANA,0.097,$315.61M,-3.47
XPIN-TRUMP,0.0969,$502.29M,5.39
GRT-USDF,0.0968,$273.18M,-7.07
TIA-ZANO,0.0968,$437.65M,-6.9
VIRTUAL-USTBL,0.0968,$530.41M,3.67
TIBBIR-XPIN,0.0968,$251.38M,4.56
CHEEMS-BORG,0.0968,$238.59M,-20.38
A7A5-PEANUT,0.0968,$662.74M,-4.31
UB-MANA,0.0967,$492.22M,27.6
META-EURC,0.0967,$545.45M,20.39
APXUSD-SUN,0.0967,$637.35M,8.09
AXS-KITE,0.0967,$375.69M,-10.41
KAITO-WIF,0.0967,$455.61M,55.63
VET-USDF,0.0967,$500.79M,2.24
CASH-ZRO,0.0966,$406.77M,-0.47
CTOC-ONYC,0.0966,$521.21M,0.63
TAG-PENDLE,0.0966,$395.72M,24.08
GEOD-PEANUT,0.0966,$278.88M,-4.32
REAL-MANA,0.0966,$380.44M,-0.08
LDO-ULTIMA,0.0965,$484.90M,36.05
APEPE-GLM,0.0965,$296.12M,-7.2
APXUSD-SN64,0.0965,$385.05M,6.71
GALA-PYTH,0.0965,$409.97M,-5.24
XEC-MET,0.0965,$208.87M,11.31
UB-TIBBIR,0.0964,$467.32M,26.85
BC-CTOC,0.0964,$494.57M,54.62
KAITO-AIAT,0.0964,$427.25M,63.81
VELVET-TIA,0.0963,$472.99M,-42.26
SOON-EIGEN,0.0963,$230.60M,31.58
WIF-USDAI,0.0963,$303.78M,-6.22
SPX-GNO,0.0962,$584.72M,-9.32
OUSG-APEPE,0.0962,$581.61M,-1.28
GRT-KAG,0.0962,$375.04M,-8.46
US-JTO,0.0962,$687.60M,213.0
GLM-CHZ,0.0962,$238.90M,-17.87
UUSD-THBILL,0.0962,$217.72M,0.19
NFT-USDF,0.0961,$376.36M,1.03
AERO-THBILL,0.0961,$532.31M,-4.62
APR-ZK,0.096,$280.74M,-14.89
LDO-ZRO,0.096,$587.95M,25.01
EDGE-COCO,0.0959,$320.20M,-16.08
GLM-BORG,0.0959,$233.03M,-11.87
ICNT-ETHFI,0.0959,$501.46M,5.15
WIF-A7A5,0.0959,$624.55M,-6.54
PENDLE-GEOD,0.0959,$345.00M,5.82
OUSG-VCNT,0.0958,$544.69M,0.23
USDAT-A7A5,0.0957,$618.00M,-0.29
GLM-SHORT,0.0957,$192.31M,-14.69
ICNT-A,0.0957,$203.86M,-10.64
INJ-DEXE,0.0956,$733.32M,-43.18
COCO-SOON,0.0955,$274.23M,27.64
KMNO-STRCX,0.0955,$238.82M,3.78
XTZ-ACRED,0.0955,$340.52M,-9.23
META-USDZ,0.0954,$222.80M,20.39
UUSD-AVUSD,0.0954,$215.76M,0.25
GALA-SUN,0.0954,$430.90M,-4.38
KITE-SN64,0.0954,$321.99M,0.18
APR-ZANO,0.0953,$327.55M,-8.89
US-BSV,0.0953,$677.46M,225.97
TEL-BTSE,0.0953,$307.43M,-11.9
EURC-XPIN,0.0953,$594.93M,1.15
CHZ-XPIN,0.0953,$289.04M,-10.81
GRX-ETHFI,0.0952,$523.99M,30.25
UQC-IOTA,0.0952,$255.59M,-3.9
USAT-SHORT,0.0952,$282.78M,-8.89
TRAC-ZAMA,0.0952,$261.48M,48.12
USTBL-AVUSD,0.0951,$276.82M,0.34
SOSO-AERO,0.0951,$530.96M,4.92
GRX-APYUSD,0.095,$282.22M,20.23
ZK-SHFL,0.095,$205.75M,-6.87
UB-THETA,0.0949,$486.93M,22.91
STAC-AKE,0.0949,$198.17M,490.99
DEXE-VET,0.0949,$663.04M,-41.54
USDAT-ZANO,0.0949,$270.96M,-2.49
TWT-GEOD,0.0949,$242.81M,-0.41
TIA-GNO,0.0948,$589.13M,-11.78
ZRO-FET,0.0948,$590.67M,-10.28
ICNT-USDA,0.0948,$197.75M,-9.44
AWE-PIEVERSE,0.0948,$287.90M,-1.31
BC-AKE,0.0947,$315.09M,545.26
USTBL-ICNT,0.0947,$262.41M,-9.23
SNX-VCNT,0.0946,$286.88M,-0.18
WIF-PYTH,0.0946,$467.70M,-2.21
STRCX-GLIDR,0.0946,$242.18M,6.87
BORG-RAIL,0.0946,$228.11M,-16.79
DCR-APYUSD,0.0945,$360.90M,13.71
WIF-A,0.0945,$248.63M,-7.52
EARNETH-PYTH,0.0944,$468.30M,15.05
2Z-GLM,0.0944,$297.10M,-7.43
CVX-GLM,0.0944,$229.58M,8.3
DCR-SOSO,0.0944,$319.37M,18.92
USDA-RAIL,0.0944,$186.02M,-10.79
GALA-ZAMA,0.0944,$226.43M,35.48
SFP-EURCV,0.0944,$252.17M,-2.46
NXM-SOON,0.0943,$176.88M,44.04
CASH-BTSE,0.0943,$255.13M,-0.65
UQC-EIGEN,0.0943,$248.61M,-3.69
USAT-SHFL,0.0943,$306.63M,1.64
LUNC-DEXE,0.0942,$552.98M,-51.41
GRT-A7A5,0.0942,$639.55M,-7.43
COCO-GRASS,0.0942,$400.09M,-21.0
AWE-TRAC,0.0942,$229.49M,6.29
CARDS-IOTA,0.0942,$416.44M,-20.36
FARTCOIN-STRCX,0.0942,$263.81M,14.7
EURC-SOSO,0.0942,$566.62M,9.58
GEOD-SYRUP,0.0942,$301.59M,10.96
ZBCN-A7A5,0.0941,$655.48M,-10.16
APEPE-CARDS,0.0941,$470.23M,-17.99
SPCXB-FET,0.0941,$391.45M,-26.38
SPX-KAG,0.094,$515.77M,-3.27
DRV-TRUMP,0.094,$460.03M,0.44
DEXE-USTBL,0.094,$434.92M,-43.59
APEPE-AIAT,0.094,$319.34M,0.53
ZK-CHEEMS,0.094,$184.67M,-22.81
KAG-WIF,0.094,$360.04M,-7.57
ULTIMA-UUSD,0.094,$281.49M,10.61
AWE-GALA,0.094,$194.44M,-6.34
FF-TRAC,0.094,$315.95M,0.71
NXM-VCNT,0.0939,$251.31M,8.99
VELVET-TRAC,0.0939,$290.17M,-34.48
VIRTUAL-ULTIMA,0.0939,$551.27M,14.1
WEMIX-ONYC,0.0939,$346.63M,-9.51
A-MANA,0.0939,$233.67M,2.76
VSN-CHZ,0.0938,$295.03M,2.52
TKX-KAG,0.0938,$317.13M,3.6
FLUID-GPS,0.0938,$182.30M,20.42
CHZ-GUSD,0.0938,$293.64M,-12.14
SUN-EURCV,0.0938,$491.73M,4.78
LDO-BSV,0.0937,$561.69M,26.31
EARNETH-SOSO,0.0937,$263.53M,20.72
CASH-FLOKI,0.0937,$320.53M,-2.07
ZANO-STRCX,0.0937,$271.95M,0.27
ZANO-GLIDR,0.0937,$232.54M,1.58
TAG-FRXUSD,0.0937,$254.99M,17.95
WEMIX-A7A5,0.0936,$578.63M,-10.29
USTBL-GRX,0.0935,$284.94M,15.87
OHM-CHEEMS,0.0935,$376.12M,-5.38
COCO-RAIL,0.0935,$274.06M,-18.22
COCO-REAL,0.0935,$433.28M,-11.63
BP-KITE,0.0935,$346.24M,-11.63
SOON-AIAT,0.0935,$207.99M,37.08
TEL-PIEVERSE,0.0935,$356.40M,-15.47
STAC-FRAX,0.0934,$322.71M,0.37
1INCH-A7A5,0.0934,$594.02M,12.61
CARDS-MANA,0.0934,$400.25M,-12.55
SYRUP-GUSD,0.0934,$356.75M,11.21
TIA-BP,0.0933,$420.73M,-12.7
TKX-SPCXB,0.0933,$188.98M,-11.63
CHEEMS-THBILL,0.0933,$218.25M,-14.16
USDA-TRAC,0.0933,$219.84M,3.3
JTO-EURC,0.0933,$718.67M,-12.26
PYTH-KOGE,0.0933,$535.51M,0.45
OZO-WEMIX,0.0932,$225.72M,-9.95
US-SPCXB,0.0932,$504.50M,208.57
ZK-CARDS,0.0932,$353.22M,-25.08
GPS-FARTCOIN,0.0932,$219.02M,15.88
GRT-UUSD,0.0931,$261.13M,-7.08
CHEEMS-WIF,0.0931,$246.66M,-20.54
COCO-WIF,0.093,$330.56M,-13.75
CHEEMS-PYTH,0.093,$421.68M,-10.28
TIA-US,0.0929,$725.46M,220.75
CRVUSD-ETHFI,0.0929,$611.94M,14.55
RAY-SOSO,0.0929,$279.59M,10.57
MX-BONK,0.0929,$415.53M,2.87
VSN-AWE,0.0928,$256.71M,17.51
DCR-UUSD,0.0928,$302.56M,9.27
VCNT-NEX,0.0928,$254.77M,-9.51
IOTA-PYTH,0.0928,$468.94M,0.25
DYDX-EURCV,0.0927,$247.30M,-17.71
DRV-BC,0.0927,$322.21M,50.77
CHEEMS-FF,0.0927,$292.60M,-16.97
ZBT-MANA,0.0927,$245.33M,1.28
MET-AKE,0.0927,$184.94M,491.82
NEO-SHFL,0.0926,$255.17M,2.24
GLM-XTZ,0.0926,$320.24M,-15.12
RLB-A7A5,0.0925,$582.48M,1.37
CASH-ICNT,0.0925,$223.59M,-9.36
TIBBIR-FRAX,0.0925,$326.55M,3.48
UQC-SHFL,0.0925,$229.42M,1.51
VSN-DRV,0.0924,$253.54M,10.9
VSN-KAG,0.0924,$364.59M,13.25
CASH-DCR,0.0924,$324.80M,9.23
TIBBIR-KITE,0.0924,$338.49M,-0.04
USAT-TRUMP,0.0924,$542.62M,4.14
SYRUP-SHFL,0.0924,$328.65M,12.91
FLOKI-TAG,0.0923,$343.58M,15.87
MANA-USDF,0.0923,$243.22M,4.09
OUSG-FLOKI,0.0922,$578.76M,-1.94
EDGE-ONYC,0.0922,$382.18M,-8.11
USDAT-WFI,0.0922,$314.34M,0.27
USDAT-ULTIMA,0.0921,$321.50M,10.58
UUSD-STRCX,0.0921,$240.58M,2.82
BC-US,0.092,$638.54M,279.61
AWE-CARDS,0.092,$374.69M,-13.66
CRVUSD-JASMY,0.092,$423.64M,0.23
USDTB-US,0.0919,$774.49M,225.67
CHEEMS-RAY,0.0919,$263.32M,-13.43
SPX-ACRED,0.0918,$417.12M,-1.83
KAG-WFI,0.0918,$388.24M,-1.08
STRK-ACRED,0.0918,$304.25M,-1.85
VCNT-TRAC,0.0918,$288.11M,3.47
SOON-BTSE,0.0918,$223.12M,34.5
KAU-USDA,0.0917,$404.48M,0.55
GRX-FARTCOIN,0.0917,$247.11M,27.67
ULTIMA-NFT,0.0917,$446.22M,11.54
RLB-SYRUP,0.0916,$311.52M,12.95
USDTB-GRX,0.0916,$479.62M,16.27
KAITO-MET,0.0916,$398.69M,62.89
ZANO-AIAT,0.0916,$249.14M,-0.57
XEC-SHFL,0.0916,$240.86M,11.93
RLB-BAT,0.0915,$207.69M,-3.72
COCO-GPS,0.0915,$280.23M,-3.55
AWE-PYTH,0.0915,$427.18M,6.94
USAT-MET,0.0915,$274.64M,1.02
A-SN64,0.0915,$192.28M,2.23
GPS-NEX,0.0914,$186.34M,-5.65
WEMIX-XEC,0.0914,$219.88M,0.32
DEXE-SHORT,0.0913,$371.63M,-52.62
GNO-BONK,0.0913,$547.59M,-4.17
NEX-FET,0.0913,$396.25M,-19.42
KAU-USTBL,0.0912,$469.15M,0.76
META-APXUSD,0.0912,$390.47M,23.71
VCNT-SOON,0.0912,$254.45M,35.25
LDO-SOSO,0.0911,$419.79M,35.18
META-XCN,0.0911,$225.07M,13.55
TWT-GALA,0.0911,$237.08M,-9.35
COCO-TIBBIR,0.0911,$290.71M,-4.22
ACRED-SYRUP,0.0911,$322.29M,11.38
LUNC-CHEEMS,0.091,$379.22M,-21.99
META-SHORT,0.091,$192.97M,11.61
TWT-UUSD,0.091,$248.25M,-0.05
AXS-GOMINING,0.091,$259.25M,-4.89
ULTIMA-UQC,0.091,$289.72M,10.44
UQC-MX,0.091,$258.61M,-0.47
FLOKI-CARDS,0.091,$467.38M,-18.65
USAT-REUSD,0.091,$352.66M,0.25
RLB-SN64,0.0909,$194.26M,5.18
CASH-CHZ,0.0909,$266.16M,-12.07
TRAC-MON,0.0909,$371.86M,10.73
PENDLE-ONYC,0.0909,$496.86M,6.61
2Z-KAG,0.0908,$416.03M,-2.98
US-THETA,0.0908,$545.06M,224.49
META-USDF,0.0908,$207.25M,20.56
GLM-BSV,0.0908,$353.25M,-4.97
CHEEMS-CRVUSD,0.0908,$312.37M,-14.27
CTOC-TEL,0.0908,$449.32M,-11.08
STX-XPIN,0.0908,$395.41M,-6.59
UB-USAT,0.0907,$546.06M,23.57
VELVET-KAITO,0.0907,$475.77M,24.01
KAITO-PEANUT,0.0907,$493.81M,57.87
ZRO-SN64,0.0906,$374.75M,3.03
FDUSD-BSV,0.0906,$604.59M,0.84
FF-PENGU,0.0906,$564.00M,-3.33
FLUID-BTT,0.0905,$345.76M,16.66
APR-NFT,0.0904,$460.91M,-5.41
FLUID-WEMIX,0.0904,$186.71M,6.48
FDUSD-SFP,0.0904,$448.83M,-2.34
USDA-ZBT,0.0904,$210.12M,-2.83
XEC-EIGEN,0.0904,$260.05M,6.73
DEXE-JTO,0.0903,$542.72M,-55.86
APEPE-GPS,0.0903,$297.37M,2.55
XTZ-NEX,0.0903,$315.80M,-18.94
FDUSD-ACRED,0.0903,$461.14M,0.12
COCO-UQC,0.0902,$292.24M,-7.63
XEC-GOMINING,0.0902,$235.02M,12.49
NFT-A,0.0902,$366.81M,-0.3
EARNETH-GEOD,0.0901,$241.29M,10.71
US-MANA,0.0901,$550.35M,229.18
GNO-GRASS,0.0901,$498.51M,-20.88
SPX-SOON,0.09,$392.08M,33.22
KAITO-SOON,0.09,$399.28M,97.02
UUSD-BTT,0.09,$359.26M,0.24
FLOKI-VCNT,0.09,$362.95M,-1.97
CRVUSD-XEC,0.09,$331.51M,10.33
VET-ZAMA,0.09,$526.77M,46.93
GNO-NEX,0.0899,$372.97M,-16.99
COCO-BONK,0.0899,$449.17M,-4.29
KAG-PRL,0.0899,$297.76M,5.96
GRT-GNO,0.0898,$443.99M,-14.51
VELVET-FET,0.0898,$472.42M,-47.67
OZO-PIEVERSE,0.0898,$307.38M,-4.2
GLM-PIEVERSE,0.0898,$276.84M,-10.02
AXS-ZBT,0.0898,$257.63M,-9.83
NEO-VCNT,0.0897,$298.22M,0.71
MANA-USDZ,0.0897,$258.77M,3.92
USTBL-KOGE,0.0896,$374.99M,-3.44
ETHFI-SFP,0.0896,$502.62M,12.15
ONYC-SOSO,0.0896,$362.79M,10.16
PIEVERSE-FRAX,0.0895,$402.15M,-4.04
MX-THBILL,0.0895,$268.52M,-0.19
DEXE-MANA,0.0894,$405.46M,-39.68
TIA-WFI,0.0894,$481.03M,-4.14
UQC-SOSO,0.0894,$224.61M,9.57
US-GRX,0.0893,$543.06M,240.89
USTBL-KITE,0.0893,$392.84M,-3.2
BP-GUSD,0.0892,$263.74M,-8.37
CRVUSD-MX,0.0892,$362.64M,-0.31
ZBT-BAT,0.0892,$217.36M,-8.15
FDUSD-STX,0.0891,$596.61M,-7.83
CARDS-NEX,0.0891,$359.20M,-26.19
STX-ZAMA,0.0891,$388.33M,36.89
TEL-EIGEN,0.0891,$314.91M,-14.82
ZBT-SN64,0.0891,$203.94M,0.75
UB-ONYC,0.089,$607.04M,24.03
INJ-ULTIMA,0.089,$640.94M,11.11
LDO-AWE,0.089,$409.02M,28.41
US-RAIL,0.089,$508.81M,214.43
CTOC-BTSE,0.089,$408.11M,-0.49
APXUSD-FRAX,0.0889,$515.12M,3.39
ONYC-GRASS,0.0889,$462.07M,-13.02
LDO-AIAT,0.0888,$421.18M,27.42
FLOKI-USDF,0.0888,$310.35M,-2.02
NXM-ACRED,0.0887,$201.91M,8.99
LDO-KAG,0.0887,$516.89M,24.15
FLUID-AR,0.0887,$202.34M,11.79
DCR-PYTH,0.0887,$524.14M,13.25
UUSD-MON,0.0887,$347.98M,7.4
DRV-ULTIMA,0.0886,$284.34M,6.87
COCO-XEC,0.0886,$303.68M,2.79
STX-GUSD,0.0886,$400.02M,-7.92
MON-EURCV,0.0886,$397.63M,7.25
UB-TAG,0.0885,$505.90M,41.51
DEXE-BONK,0.0885,$539.03M,-40.5
APEPE-USDA,0.0885,$297.54M,-1.48
JTO-PRL,0.0885,$352.71M,-4.84
WIF-FRAX,0.0885,$366.41M,-6.05
CASH-SFP,0.0884,$224.75M,-2.35
FLUID-EIGEN,0.0884,$226.88M,12.89
NEO-SUN,0.0884,$476.06M,5.5
KAITO-AERO,0.0883,$723.64M,57.1
BP-SOON,0.0883,$204.25M,26.85
EURC-MON,0.0883,$698.23M,7.24
NXM-PYTH,0.0882,$408.23M,12.92
KAU-GPS,0.0882,$404.32M,4.59
OZO-GUSD,0.0882,$274.80M,-0.04
CHEEMS-THETA,0.0882,$226.41M,-14.96
EURC-NFT,0.0882,$714.56M,0.86
BTSE-A7A5,0.0882,$611.32M,-0.96
APR-META,0.0881,$291.80M,14.12
APR-CHZ,0.0881,$340.53M,-18.46
TIA-USAT,0.0881,$491.72M,-4.39
KAITO-BTSE,0.0881,$442.38M,61.22
AVUSD-BSV,0.088,$374.47M,1.03
EIGEN-AERO,0.088,$554.97M,-8.34
AIAT-EURCV,0.088,$267.42M,1.83
FDUSD-SN64,0.0879,$436.09M,3.53
FDUSD-JASMY,0.0879,$557.68M,0.21
XEC-SOSO,0.0879,$236.05M,19.99
PYTH-JASMY,0.0879,$532.95M,4.22
VSN-UB,0.0878,$511.73M,38.15
OUSG-MANA,0.0878,$511.63M,4.17
ULTIMA-SOSO,0.0878,$298.29M,20.26
UUSD-BTSE,0.0877,$232.90M,-0.61
USAT-SPCXB,0.0877,$270.76M,-16.56
IOTA-STRCX,0.0877,$288.37M,-1.0
EURC-GUSD,0.0877,$599.54M,-0.18
1INCH-SOSO,0.0876,$232.41M,22.61
TRAC-MET,0.0876,$213.08M,4.39
USAT-AVUSD,0.0875,$301.21M,0.21
FF-SHFL,0.0875,$313.68M,-1.03
TEL-JASMY,0.0875,$385.90M,-11.05
GRT-ACRED,0.0874,$276.39M,-7.02
META-DASH,0.0874,$492.85M,18.49
DCR-MET,0.0874,$292.19M,10.24
XPIN-FRAX,0.0874,$364.96M,1.45
VELVET-IOTA,0.0873,$314.08M,-41.64
GPS-SOON,0.0873,$186.02M,39.11
GPS-STX,0.0873,$346.53M,-3.89
XEC-TRAC,0.0873,$243.12M,13.67
RLB-FARTCOIN,0.0872,$227.28M,13.6
BC-PEANUT,0.0872,$404.11M,50.46
KAG-NEX,0.0872,$304.02M,-10.95
KMNO-BSV,0.0872,$356.51M,1.82
ICNT-ACRED,0.0872,$216.61M,-9.26
WEMIX-AERO,0.0872,$514.80M,-14.75
CRVUSD-SFP,0.0872,$314.78M,-2.32
OUSG-VET,0.0871,$769.21M,2.31
2Z-SOON,0.0871,$292.35M,33.51
USTBL-JASMY,0.0871,$372.43M,0.32
TWT-GOMINING,0.0871,$264.03M,2.1
TIBBIR-RAIL,0.0871,$196.33M,-7.42
NEO-XEC,0.0871,$253.23M,10.91
AXS-VCNT,0.0871,$308.13M,-6.98
TEL-GUSD,0.0871,$323.82M,-11.31
KOGE-BONK,0.0871,$479.09M,-0.35
EARNETH-KOGE,0.087,$361.09M,7.45
BC-KOGE,0.087,$433.72M,50.89
COCO-SOSO,0.087,$300.81M,2.18
UUSD-BONK,0.087,$364.73M,3.26
APR-SOSO,0.0869,$312.98M,3.31
LDO-SOON,0.0869,$393.21M,60.64
DEXE-BSV,0.0869,$532.57M,-42.9
KMNO-GRASS,0.0869,$313.89M,-12.49
FF-GLIDR,0.0869,$293.67M,1.42
EIGEN-BSV,0.0869,$399.08M,-2.75
1INCH-AKE,0.0868,$211.34M,503.72
DEXE-CRVUSD,0.0868,$486.13M,-43.68
NEX-APYUSD,0.0868,$248.46M,-5.12
OZO-CRVUSD,0.0865,$337.35M,0.07
APEPE-TRAC,0.0865,$325.03M,1.97
COCO-AVUSD,0.0865,$300.20M,-7.3
KAG-UUSD,0.0865,$313.48M,-1.3
CHEEMS-BAT,0.0865,$203.73M,-19.71
DASH-GEOD,0.0865,$491.78M,-2.34
VIRTUAL-XTZ,0.0864,$595.04M,-5.79
FLOKI-SOON,0.0864,$288.52M,33.08
CRVUSD-GRASS,0.0864,$427.92M,-13.46
USDA-FRAX,0.0864,$316.24M,0.11
SHFL-USDF,0.0864,$233.24M,1.69
ZRO-BORG,0.0863,$423.02M,-6.55
USTBL-AERO,0.0863,$575.21M,-4.64
ICNT-SOON,0.0863,$191.58M,25.79
ICNT-BTSE,0.0863,$234.68M,-10.01
CASH-WIF,0.0862,$268.36M,-6.23
USTBL-USDZ,0.0861,$288.23M,0.01
GNO-WIF,0.0861,$428.99M,-13.62
A-FET,0.0861,$408.21M,-11.09
DYDX-ACRED,0.086,$212.91M,-17.51
INJ-FF,0.086,$651.52M,-2.12
EARNETH-ACRED,0.086,$261.98M,11.12
DCR-PIEVERSE,0.086,$384.86M,5.0
XTZ-AR,0.086,$341.53M,-14.0
EIGEN-GRASS,0.086,$356.46M,-17.06
AKE-ZAMA,0.0859,$233.33M,535.55
CVX-UQC,0.0858,$242.84M,13.98
MET-SHFL,0.0858,$210.82M,2.65
LUNC-AIAT,0.0857,$396.88M,-5.75
NEX-USDZ,0.0857,$217.72M,-9.73
XEC-KITE,0.0857,$351.46M,6.97
DYDX-TWT,0.0856,$246.33M,-17.69
ZRO-SNX,0.0856,$407.19M,-0.76
APR-CTOC,0.0855,$471.39M,-6.22
ZBCN-UQC,0.0855,$285.29M,-9.97
AKT-CARDS,0.0855,$397.26M,-30.03
NEX-XPIN,0.0855,$235.23M,-8.34
VELVET-JASMY,0.0854,$378.09M,-37.67
WEMIX-TRUMP,0.0854,$457.81M,-5.85
EIGEN-PEANUT,0.0854,$325.13M,-7.57
VELVET-MANA,0.0853,$297.89M,-33.82
GLM-SNX,0.0853,$217.20M,-6.08
ZRO-REUSD,0.0852,$452.19M,-0.23
AVUSD-SOSO,0.0851,$232.57M,9.9
SPCXB-ZBT,0.0851,$199.48M,-19.33
TEL-PYTH,0.0851,$495.68M,-7.22
AKE-XPL,0.0851,$316.11M,488.15
1INCH-CARDS,0.085,$384.68M,-3.67
VELVET-USTBL,0.085,$327.34M,-37.73
AKT-XTZ,0.085,$353.87M,-22.77
CARDS-PIEVERSE,0.085,$450.95M,-20.81
JTO-MANA,0.0849,$400.02M,-8.1
DYDX-PENGU,0.0848,$469.58M,-18.26
USDAT-RAIL,0.0848,$229.64M,-10.7
VCNT-XPIN,0.0848,$309.34M,1.36
AVUSD-SHORT,0.0848,$213.53M,-8.69
AWE-XEC,0.0847,$225.28M,13.22
ENS-BTSE,0.0847,$309.18M,2.38
SPCXB-THBILL,0.0847,$203.47M,-16.42
XEC-SUN,0.0847,$461.75M,15.18
DYDX-RAIL,0.0846,$187.71M,-28.31
META-CRCLON,0.0846,$188.27M,20.86
KAITO-PYTH,0.0846,$630.63M,65.9
USDTB-SOSO,0.0845,$472.11M,10.22
KAG-AKE,0.0844,$309.22M,489.47
ULTIMA-FRXUSD,0.0844,$291.62M,10.58
CHZ-ZAMA,0.0844,$281.95M,32.67
GNO-FRAX,0.0843,$502.71M,-7.2
FLOKI-AKE,0.0843,$294.03M,488.73
OUSG-XEC,0.0842,$499.71M,10.43
APR-MANA,0.0842,$327.77M,-2.35
USTBL-FARTCOIN,0.0842,$283.85M,12.05
VCNT-MET,0.0842,$253.86M,1.11
PYTH-REAL,0.0842,$570.42M,-0.09
DEXE-RAY,0.0841,$437.09M,-42.84
CVX-ZAMA,0.0841,$272.63M,58.84
US-STX,0.0841,$669.48M,217.29
EDGE-GNO,0.084,$418.62M,-15.96
EARNETH-XPIN,0.084,$291.84M,12.29
KAITO-A7A5,0.084,$787.47M,61.56
SPCXB-VET,0.084,$474.49M,-14.39
STRCX-EURC,0.084,$590.83M,2.66
BORG-SOSO,0.084,$254.86M,3.62
TAG-TEL,0.084,$319.38M,6.7
OZO-UUSD,0.0839,$225.08M,0.07
TIA-KAG,0.0839,$520.18M,-5.74
GPS-BP,0.0839,$210.24M,-4.34
CHEEMS-IOTA,0.0839,$247.89M,-18.09
ZANO-A7A5,0.0839,$609.36M,-2.81
VSN-XPIN,0.0838,$295.79M,15.85
ZRO-PIEVERSE,0.0838,$466.84M,-4.7
GLM-XEC,0.0838,$214.22M,4.5
SOON-SYRUP,0.0838,$297.26M,46.43
CAKE-XPIN,0.0837,$592.09M,4.41
KMNO-EIGEN,0.0837,$238.61M,-2.57
ACRED-A,0.0837,$217.33M,-1.18
REUSD-SHFL,0.0837,$288.83M,1.88
CRCLON-USDAI,0.0837,$250.29M,0.36
EDGE-KITE,0.0835,$367.98M,-11.9
GPS-AKE,0.0835,$191.53M,494.76
STAC-EURCV,0.0834,$252.08M,0.08
DYDX-CRVUSD,0.0834,$309.92M,-17.57
OZO-TRUMP,0.0834,$482.69M,4.16
USTBL-USDA,0.0834,$257.02M,0.05
GNO-WEMIX,0.0834,$383.07M,-17.37
CRVUSD-IOTA,0.0834,$359.63M,-3.74
DYDX-BAT,0.0833,$201.28M,-23.0
USDTB-PYTH,0.0833,$676.88M,4.55
BC-CHEEMS,0.0833,$319.89M,40.15
NEX-BORG,0.0833,$228.60M,-15.68
USDAI-AKE,0.0833,$252.96M,490.82
RLB-APXUSD,0.0832,$399.33M,4.88
KAG-PENGU,0.0832,$585.41M,-2.0
VELVET-FDUSD,0.0831,$512.60M,-37.84
OZO-SN64,0.0831,$215.29M,3.54
COCO-GALA,0.0831,$272.84M,-16.77
ULTIMA-GOMINING,0.0831,$297.26M,12.76
NXM-SOSO,0.083,$203.46M,18.59
GRX-A7A5,0.083,$602.30M,15.44
CAKE-USDF,0.083,$559.03M,3.2
NEO-ZAMA,0.0829,$271.59M,45.35
XTZ-SUN,0.0829,$567.76M,-4.44
UB-KMNO,0.0828,$458.86M,24.56
NEO-KMNO,0.0828,$231.80M,1.61
ACRED-DASH,0.0828,$512.48M,-1.93
SFP-AKE,0.0828,$198.25M,488.45
VSN-WIF,0.0827,$297.24M,8.35
EARNETH-KAG,0.0827,$360.63M,9.68
CVX-ZBT,0.0827,$248.76M,11.34
APEPE-XPIN,0.0827,$346.26M,-0.14
JTO-KOGE,0.0827,$482.78M,-15.71
MANA-ZAMA,0.0827,$269.20M,48.78
RLB-GLIDR,0.0825,$205.66M,5.76
EDGE-XTZ,0.0825,$361.45M,-17.9
KAG-VET,0.0825,$602.65M,0.85
XEC-SN64,0.0825,$209.45M,13.81
PYTH-SUN,0.0825,$663.65M,8.91
DYDX-GRX,0.0824,$221.96M,-1.86
ZRO-SPCXB,0.0824,$370.29M,-17.05
NEO-SOON,0.0824,$223.78M,35.76
SOON-USDZ,0.0824,$217.40M,35.03
TRUMP-THBILL,0.0824,$475.32M,4.28
NFT-BTT,0.0823,$524.00M,1.17
NFT-XPIN,0.0823,$409.42M,2.24
TIBBIR-SHFL,0.0822,$227.88M,4.92
FLOKI-TRUMP,0.0822,$555.90M,2.06
OZO-GNO,0.0821,$407.94M,-7.36
CHEEMS-FARTCOIN,0.0821,$223.33M,-2.38
ACRED-USDF,0.0821,$226.88M,0.15
VCNT-COMP,0.0821,$323.77M,2.49
VSN-INJ,0.082,$610.13M,15.13
GNO-FLOKI,0.082,$481.15M,-9.46
FLOKI-USDAI,0.082,$355.95M,-2.06
AWE-REUSD,0.082,$273.25M,3.17
NFT-FRXUSD,0.082,$374.44M,0.99
EARNETH-ONYC,0.0819,$393.15M,11.49
VSN-GPS,0.0818,$246.90M,18.55
APEPE-FF,0.0818,$393.65M,-4.07
ICNT-SHFL,0.0818,$222.97M,-7.73
NEX-TRUMP,0.0818,$447.72M,-5.48
DEXE-ZBCN,0.0817,$451.35M,-53.57
US-MX,0.0817,$569.55M,224.8
GPS-PENGU,0.0817,$467.73M,3.3
AWE-GLIDR,0.0817,$207.20M,7.01
TEL-MANA,0.0817,$305.70M,-7.21
TRAC-USDF,0.0817,$235.50M,3.43
VIRTUAL-UUSD,0.0816,$469.35M,3.58
AKT-GRX,0.0816,$252.49M,2.3
TKX-ACRED,0.0816,$218.48M,5.04
FLUID-PRL,0.0816,$170.36M,23.76
TIBBIR-MANA,0.0816,$237.87M,7.33
CRVUSD-TEL,0.0816,$386.37M,-11.21
EDGE-MON,0.0815,$384.17M,-1.22
GRX-XPIN,0.0815,$268.99M,17.01
GRX-FET,0.0815,$430.02M,5.93
CARDS-BTT,0.0815,$528.34M,-16.39
ENS-TEL,0.0815,$350.39M,-8.21
OUSG-TIA,0.0814,$686.74M,-4.27
KAU-SFP,0.0814,$411.04M,-1.73
VELVET-GUSD,0.0814,$316.01M,-37.93
OZO-TIBBIR,0.0814,$231.78M,3.32
APEPE-ULTIMA,0.0814,$383.06M,9.16
TIBBIR-EURC,0.0814,$556.52M,3.18
CARDS-TEL,0.0814,$443.18M,-27.83
KITE-PRL,0.0814,$316.07M,3.97
KAU-SYRUP,0.0813,$515.55M,11.9
NXM-KAG,0.0812,$300.56M,7.56
GRT-SUN,0.0812,$503.63M,-2.24
CHEEMS-VET,0.0812,$489.27M,-12.12
SAND-VCNT,0.0812,$289.63M,-4.72
APR-STRK,0.0811,$385.60M,-8.33
APR-ETHFI,0.0811,$596.28M,8.12
CAKE-AIAT,0.0811,$565.17M,5.08
KAITO-EIGEN,0.0811,$449.86M,58.3
VIRTUAL-KMNO,0.081,$467.59M,4.53
UQC-A,0.081,$210.31M,-1.4
GEOD-A7A5,0.081,$572.55M,-0.62
DEXE-ETHFI,0.0809,$673.97M,-29.21
META-AR,0.0809,$211.47M,15.84
APXUSD-REUSD,0.0809,$462.49M,3.45
GNO-ENS,0.0809,$458.71M,-4.35
USDAT-XPIN,0.0809,$284.70M,1.28
FLUID-CRCLON,0.0809,$179.14M,16.81
ICNT-USDAI,0.0809,$259.01M,-9.35
SPCXB-AR,0.0809,$201.59M,-21.24
APR-VCNT,0.0808,$360.83M,-6.29
AXS-PYTH,0.0808,$465.05M,-3.05
EURC-RAIL,0.0808,$539.88M,-10.83
MON-ONYC,0.0808,$494.40M,7.82
SUN-FET,0.0808,$648.21M,-4.92
BP-PIEVERSE,0.0807,$296.32M,-12.53
ZBT-A7A5,0.0807,$592.15M,-3.06
CVX-A7A5,0.0806,$613.02M,13.79
AXS-CARDS,0.0806,$412.56M,-23.66
LUNC-ZBT,0.0805,$392.84M,-10.44
ZK-KAITO,0.0805,$393.62M,53.37
WFI-AERO,0.0805,$588.92M,-4.52
DCR-GOMINING,0.0804,$318.34M,11.41
UQC-MON,0.0804,$356.21M,7.23
VCNT-ENS,0.0804,$340.52M,3.13
NFT-GLIDR,0.0804,$365.91M,5.07
GUSD-XCN,0.0804,$279.16M,-7.02
TKX-AVUSD,0.0803,$219.42M,5.15
APXUSD-SFP,0.0803,$397.79M,0.85
ZK-TRUMP,0.0803,$441.74M,-4.37
USDTB-EIGEN,0.0802,$496.11M,-3.04
CASH-GPS,0.0802,$218.03M,3.96
OHM-A7A5,0.0802,$754.01M,8.62
APXUSD-NEO,0.0802,$428.83M,3.81
GLM-ZBT,0.0802,$208.71M,-8.55
LUNC-KOGE,0.0801,$493.05M,-11.26
ZRO-NFT,0.0801,$549.28M,0.5
AWE-MX,0.0801,$256.41M,2.57
A-CHZ,0.0801,$246.43M,-13.36
FDUSD-REUSD,0.08,$513.53M,0.27
ZBT-GEOD,0.08,$208.29M,-3.07
APR-SN64,0.0799,$286.38M,-2.88
FLUID-UQC,0.0799,$194.31M,16.34
ENS-GUSD,0.0799,$325.58M,2.97
UB-SPCXB,0.0798,$446.37M,6.99
OZO-NEO,0.0798,$259.07M,0.64
CVX-USDF,0.0798,$246.65M,14.15
ULTIMA-ACRED,0.0798,$296.74M,10.66
NFT-JASMY,0.0798,$476.11M,1.17
EDGE-BSV,0.0797,$394.47M,-7.75
ZRO-XPIN,0.0797,$429.65M,0.79
GLM-IOTA,0.0797,$242.34M,-9.57
KAG-CHZ,0.0797,$357.83M,-13.41
CHEEMS-COMP,0.0797,$259.64M,-11.91
UQC-RAIL,0.0797,$197.86M,-10.83
WEMIX-AKE,0.0797,$195.95M,480.82
RLB-THBILL,0.0796,$222.21M,1.83
USDTB-USTBL,0.0796,$516.36M,0.66
ZBCN-USTBL,0.0796,$338.12M,-9.72
META-ETHFI,0.0796,$495.31M,35.02
TWT-COCO,0.0796,$332.69M,-7.6
UQC-SYRUP,0.0796,$315.27M,11.16
GALA-TRUMP,0.0796,$446.00M,-5.13
2Z-CARDS,0.0795,$471.20M,-18.22
VCNT-USDAI,0.0795,$321.88M,0.11
WEMIX-KITE,0.0794,$332.43M,-13.31
KAITO-RAY,0.0793,$472.28M,62.75
SOON-RAY,0.0793,$253.02M,36.03
KITE-XCN,0.0793,$361.66M,-10.28
BAT-USDF,0.0793,$215.25M,-5.34
OUSG-ICNT,0.0792,$481.82M,-9.23
DRV-SHORT,0.0792,$200.20M,-12.59
GNO-DASH,0.0792,$680.08M,-9.41
XEC-GUSD,0.0792,$268.96M,10.23
DYDX-UUSD,0.0791,$197.65M,-17.56
KAU-PYTH,0.0791,$629.67M,4.65
FLUID-BONK,0.0791,$351.23M,19.68
GOMINING-FRXUSD,0.0791,$225.48M,2.2
EDGE-CASH,0.079,$257.99M,-8.57
USDTB-USDAI,0.079,$512.96M,0.54
GLM-GLIDR,0.079,$196.15M,-1.7
AXS-AIAT,0.079,$261.67M,-5.14
CTOC-A,0.079,$377.29M,-1.12
AVUSD-KITE,0.079,$347.98M,-3.12
STX-SHORT,0.079,$348.07M,-16.75
FRXUSD-AERO,0.079,$524.29M,-4.76
USDAT-AVUSD,0.0789,$255.78M,0.23
CVX-XEC,0.0788,$254.27M,24.39
GNO-AWE,0.0788,$388.46M,-4.47
UQC-GUSD,0.0788,$257.53M,-0.19
AWE-BTSE,0.0788,$238.93M,2.27
NEX-BTSE,0.0788,$223.44M,-10.26
SPCXB-TRUMP,0.0788,$442.92M,-12.44
USDZ-XPL,0.0788,$347.98M,-2.77
VSN-USDAI,0.0787,$308.33M,14.6
STAC-OHM,0.0787,$378.45M,9.11
EURC-BONK,0.0787,$714.98M,3.1
GEOD-EURCV,0.0787,$243.78M,-0.42
STAC-UUSD,0.0786,$202.43M,0.23
INJ-WEMIX,0.0786,$559.66M,-9.44
OZO-KITE,0.0786,$357.30M,-3.3
AKT-CHEEMS,0.0786,$228.71M,-27.75
GRX-USDAI,0.0786,$281.54M,15.75
CHEEMS-STRK,0.0786,$289.53M,-16.25
ICNT-PIEVERSE,0.0786,$283.65M,-13.59
LDO-BTT,0.0785,$562.67M,25.68
APEPE-TEL,0.0785,$375.68M,-12.65
META-SYRUP,0.0785,$302.66M,31.79
GLM-WEMIX,0.0785,$195.19M,-15.77
PYTH-SN64,0.0785,$411.35M,7.53
USDTB-CASH,0.0784,$477.54M,0.53
BC-CASH,0.0784,$341.59M,54.47
ZRO-UUSD,0.0784,$384.54M,-0.43
USTBL-TEL,0.0784,$335.16M,-11.11
AXS-TAG,0.0784,$288.76M,10.86
UQC-MANA,0.0784,$239.40M,3.92
ACRED-THETA,0.0783,$241.13M,-0.56
WIF-MX,0.0783,$296.93M,-6.58
STRCX-ZAMA,0.0783,$278.61M,47.52
XEC-BONK,0.0783,$384.40M,13.51
BTSE-THBILL,0.0783,$251.05M,-0.5
UB-DRV,0.0782,$463.48M,19.87
AKT-SPCXB,0.0782,$213.93M,-30.02
KMNO-PENGU,0.0782,$469.74M,0.34
PYTH-CRCLON,0.0782,$414.21M,4.37
A7A5-TRUMP,0.0782,$835.59M,3.82
VSN-REAL,0.0781,$399.95M,10.47
APR-TIA,0.0781,$502.88M,-10.79
FLUID-SHFL,0.0781,$207.69M,18.1
ZANO-A,0.0781,$233.45M,-3.79
USDZ-THBILL,0.0781,$245.32M,0.03
KITE-SFP,0.078,$334.73M,-5.68
GUSD-XPL,0.078,$370.09M,-2.72
NEX-VET,0.0779,$479.29M,-7.42
SOON-XPIN,0.0779,$234.91M,36.41
SPCXB-TEL,0.0779,$259.85M,-27.81
GUSD-SHFL,0.0779,$270.91M,1.57
RLB-SAND,0.0778,$229.46M,-3.14
EDGE-APXUSD,0.0778,$431.03M,-5.37
ZBCN-AVUSD,0.0778,$293.25M,-9.64
ZK-ZBT,0.0778,$198.30M,-11.25
CARDS-STX,0.0778,$519.38M,-24.43
ENS-EIGEN,0.0778,$316.66M,-0.54
TAG-FET,0.0778,$450.99M,8.14
BP-BAT,0.0777,$217.65M,-13.7
FRXUSD-SUN,0.0777,$452.21M,4.9
BSV-USDF,0.0776,$370.33M,0.87
USDAT-SUN,0.0775,$482.09M,4.9
AWE-MET,0.0775,$195.24M,3.94
MANA-USDAI,0.0775,$288.82M,4.05
FARTCOIN-KOGE,0.0774,$337.16M,8.35
XTZ-THETA,0.0773,$351.57M,-9.98
NEX-A,0.0773,$192.62M,-10.89
MANA-SOSO,0.0773,$247.97M,13.73
DYDX-GNO,0.0772,$380.51M,-24.99
USDTB-VELVET,0.0772,$522.02M,-37.33
VCNT-SYRUP,0.0772,$371.69M,11.38
RLB-DYDX,0.0771,$202.14M,-15.93
RLB-KAITO,0.0771,$413.54M,63.55
KAITO-EURCV,0.0771,$458.71M,61.77
BP-MANA,0.0771,$245.62M,-4.27
ICNT-AR,0.0771,$217.63M,-14.03
STRCX-ZBT,0.0771,$254.74M,0.02
KOGE-SOSO,0.0771,$330.74M,6.12
OUSG-1INCH,0.077,$496.07M,13.04
DYDX-ZK,0.077,$182.22M,-26.1
DRV-SN64,0.077,$192.63M,-0.19
AWE-FRXUSD,0.077,$215.74M,2.93
VCNT-PYTH,0.077,$485.80M,4.12
SUN-FRAX,0.077,$562.36M,5.07
OUSG-ZAMA,0.0769,$518.06M,44.87
US-UQC,0.0769,$526.99M,225.02
GRX-WIF,0.0769,$270.44M,9.51
DCR-SPCXB,0.0769,$288.31M,-7.35
BP-MX,0.0769,$264.82M,-8.65
IOTA-GEOD,0.0769,$241.92M,-4.09
STAC-DRV,0.0768,$205.29M,-3.51
VELVET-ENS,0.0768,$342.57M,-34.82
KMNO-ETHFI,0.0768,$497.91M,15.51
CRVUSD-SHORT,0.0768,$309.60M,-8.86
OUSG-ZK,0.0766,$464.60M,-8.37
CHEEMS-JASMY,0.0766,$311.90M,-14.12
APR-AXS,0.0765,$340.08M,-13.47
USDTB-XEC,0.0765,$474.98M,10.82
2Z-WEMIX,0.0765,$302.76M,-11.62
PIEVERSE-SUN,0.0765,$524.37M,0.66
KAU-BTT,0.0764,$567.78M,0.82
OZO-SOON,0.0764,$215.31M,35.18
NEX-MANA,0.0764,$221.71M,-5.57
EIGEN-RAY,0.0764,$303.60M,-2.69
OUSG-DEXE,0.0763,$654.33M,-43.59
RLB-USDA,0.0763,$200.45M,1.6
COCO-NFT,0.0763,$448.74M,-6.53
SPX-DYDX,0.0762,$399.94M,-19.53
TKX-GEOD,0.0762,$197.79M,4.62
GLM-AKE,0.0761,$190.29M,485.01
XTZ-PYTH,0.0761,$546.83M,-5.3
GPS-CRVUSD,0.076,$308.06M,4.0
EURC-BSV,0.076,$708.53M,0.71
EARNETH-NEX,0.0759,$237.27M,1.41
BC-EIGEN,0.0759,$360.16M,50.89
CAKE-DCR,0.0759,$649.97M,12.37
ZANO-EURCV,0.0759,$280.60M,-2.61
ZBCN-ICNT,0.0758,$278.85M,-19.21
APEPE-CHEEMS,0.0758,$301.68M,-15.71
USDTB-STRCX,0.0757,$496.32M,3.31
GPS-BAT,0.0757,$199.42M,-1.44
SNX-GEOD,0.0757,$216.78M,-0.6
AVUSD-GEOD,0.0757,$210.32M,-0.11
USDTB-CTOC,0.0756,$630.52M,0.69
GPS-USDAI,0.0756,$253.45M,3.97
ACRED-PENGU,0.0756,$486.76M,-0.56
GOMINING-A7A5,0.0756,$593.77M,1.89
RLB-MET,0.0755,$193.69M,2.69
DEXE-TEL,0.0755,$448.40M,-54.96
ZBCN-KMNO,0.0755,$275.29M,-8.85
COCO-ENS,0.0755,$360.29M,-4.48
SPCXB-GLIDR,0.0755,$186.92M,-12.48
GNO-DCR,0.0754,$485.42M,1.84
UUSD-PRL,0.0754,$183.86M,7.34
FARTCOIN-FRXUSD,0.0754,$232.93M,11.94
FARTCOIN-THBILL,0.0754,$240.94M,12.07
INJ-XEC,0.0753,$578.69M,10.84
AXS-XPIN,0.0753,$288.58M,-5.82
COCO-ZAMA,0.0752,$322.03M,37.23
CRVUSD-STX,0.0752,$462.57M,-7.81
VELVET-NFT,0.0751,$431.02M,-36.88
ZRO-SOON,0.0751,$374.76M,34.67
TIBBIR-SFP,0.0751,$209.22M,0.94
REUSD-PEANUT,0.0751,$351.97M,-3.75
DRV-GALA,0.075,$191.26M,-12.96
US-ZBT,0.075,$532.91M,222.39
OHM-ZBT,0.075,$389.75M,6.17
UQC-TEL,0.075,$282.33M,-11.37
UUSD-TEL,0.075,$274.10M,-11.2
REUSD-AR,0.075,$283.49M,-4.42
ZRO-AWE,0.0749,$390.58M,2.44
AXS-USDF,0.0749,$255.53M,-7.03
RLB-OZO,0.0748,$229.57M,1.7
GRX-REAL,0.0748,$373.16M,11.62
USDAT-FF,0.0747,$332.08M,-2.65
KAITO-CRCLON,0.0747,$402.12M,62.22
VELVET-PIEVERSE,0.0746,$348.59M,-42.09
VIRTUAL-SOON,0.0746,$459.58M,38.68
IMX-CARDS,0.0745,$496.19M,-17.38
CHEEMS-AIAT,0.0745,$218.30M,-12.37
CHEEMS-BTT,0.0745,$359.79M,-14.11
OUSG-EIGEN,0.0744,$520.84M,-3.44
AKT-GUSD,0.0744,$277.90M,-13.51
GRX-THETA,0.0744,$250.19M,15.09
USDA-THBILL,0.0744,$214.11M,0.08
TWT-AKE,0.0743,$243.99M,490.71
APEPE-XEC,0.0742,$320.82M,8.89
UUSD-MET,0.0742,$189.20M,1.06
SOON-AERO,0.0742,$504.38M,30.38
OUSG-VELVET,0.074,$546.75M,-37.73
APR-VET,0.074,$585.35M,-4.2
ZBCN-GLM,0.074,$272.04M,-15.65
APEPE-MON,0.074,$449.55M,5.95
ULTIMA-CRVUSD,0.074,$393.75M,10.6
NEX-TEL,0.074,$264.64M,-20.85
VET-XPIN,0.074,$533.85M,3.45
BC-FRAX,0.0739,$439.64M,54.65
APXUSD-DASH,0.0739,$692.49M,1.18
XEC-MANA,0.0739,$250.84M,14.33
UB-OUSG,0.0738,$741.09M,23.69
OUSG-AR,0.0738,$496.30M,-4.54
VELVET-PYTH,0.0738,$487.86M,-33.83
META-GOMINING,0.0738,$210.98M,22.7
FLUID-XEC,0.0738,$205.74M,26.76
VCNT-BORG,0.0738,$302.71M,-5.98
OZO-ZAMA,0.0737,$263.11M,44.77
CASH-THETA,0.0737,$248.11M,-0.65
US-STRK,0.0737,$608.18M,223.2
UQC-CTOC,0.0737,$383.02M,0.04
WEMIX-RAIL,0.0737,$190.27M,-20.69
PENGU-FRXUSD,0.0737,$481.64M,-0.65
VELVET-USDAT,0.0736,$306.30M,-37.84
SPCXB-JASMY,0.0736,$297.12M,-16.38
PYTH-PIEVERSE,0.0736,$503.44M,-0.2
SFP-SHFL,0.0736,$224.13M,-0.72
VSN-ULTIMA,0.0735,$332.59M,25.16
LUNC-APXUSD,0.0735,$573.95M,-4.48
KAITO-FLOKI,0.0735,$507.78M,59.8
COMP-XPIN,0.0735,$304.22M,3.66
XPIN-USDF,0.0735,$256.74M,1.32
BORG-GEOD,0.0734,$232.62M,-6.39
GOMINING-MET,0.0734,$204.98M,3.21
GUSD-GRASS,0.0734,$365.37M,-13.56
TIA-GEOD,0.0733,$400.84M,-4.71
USDAT-KITE,0.0733,$371.80M,-3.31
CRVUSD-BTT,0.0733,$471.52M,0.23
GALA-GEOD,0.0733,$182.96M,-9.58
IMX-FF,0.0732,$419.61M,-3.46
UB-AR,0.0732,$476.89M,18.89
APR-GLIDR,0.0732,$297.77M,-2.3
USDTB-ZAMA,0.0732,$493.33M,45.27
2Z-THBILL,0.0732,$320.27M,-1.49
GNO-CHZ,0.0732,$426.78M,-19.46
IOTA-ONYC,0.0732,$393.78M,-3.31
WIF-EIGEN,0.0732,$286.94M,-9.81
STAC-TAG,0.0731,$247.71M,18.13
EDGE-TIBBIR,0.0731,$242.46M,-5.28
OZO-BP,0.0731,$239.53M,-8.27
USTBL-NFT,0.0731,$425.36M,1.11
KMNO-WFI,0.0731,$272.56M,1.25
UQC-FLOKI,0.0731,$306.53M,-2.19
ZAMA-USDF,0.0731,$249.65M,44.8
GEOD-BTT,0.073,$353.82M,-0.12
APEPE-BSV,0.0729,$459.85M,-0.58
OHM-PYTH,0.0729,$597.17M,12.95
FDUSD-CRVUSD,0.0729,$558.15M,0.06
AWE-SYRUP,0.0729,$313.07M,14.2
DASH-NEX,0.0729,$487.76M,-11.63
TRAC-TRUMP,0.0729,$481.06M,7.5
EURCV-ZAMA,0.0729,$287.25M,44.64
DYDX-AR,0.0728,$213.92M,-22.27
BC-BONK,0.0728,$484.52M,57.68
COCO-STX,0.0728,$434.74M,-15.36
PYTH-XPL,0.0728,$541.95M,1.37
ZRO-ETHFI,0.0727,$684.65M,14.03
ZRO-XEC,0.0726,$404.21M,9.82
USDAT-CHEEMS,0.0726,$240.12M,-14.29
UQC-DASH,0.0726,$505.45M,-2.14
GOMINING-ZAMA,0.0726,$253.37M,46.93
OUSG-PENGU,0.0725,$751.97M,-0.53
AKT-KAG,0.0725,$342.09M,-14.78
GLM-AXS,0.0725,$238.45M,-12.87
AWE-SUN,0.0725,$448.11M,7.8
GALA-XEC,0.0725,$208.07M,1.03
1INCH-UQC,0.0724,$223.84M,12.79
ICNT-GEOD,0.0724,$195.92M,-9.68
A-SYRUP,0.0724,$309.54M,10.0
RLB-NEO,0.0723,$238.05M,2.28
US-TWT,0.0723,$567.43M,225.05
CHEEMS-GOMINING,0.0723,$215.88M,-12.12
CTOC-BONK,0.0723,$539.95M,3.38
FDUSD-XPIN,0.0723,$490.99M,1.28
A-BONK,0.0723,$367.24M,1.94
A-SUN,0.0723,$444.58M,3.61
ZBCN-VCNT,0.0722,$341.72M,-9.75
GLM-BONK,0.0722,$359.71M,-2.58
CRVUSD-BONK,0.0722,$477.00M,3.25
CVX-XPIN,0.0721,$279.71M,15.36
VIRTUAL-CHEEMS,0.0721,$469.89M,-10.77
USDA-PENDLE,0.0721,$346.83M,6.06
ZBT-GRASS,0.0721,$329.81M,-16.25
APYUSD-BTT,0.0721,$417.60M,4.68
GLIDR-GUSD,0.0721,$250.89M,4.02
VELVET-ONYC,0.072,$412.71M,-37.39
DEXE-CRCLON,0.072,$366.93M,-43.37
GLM-ETHFI,0.072,$494.65M,8.72
XTZ-SHORT,0.072,$323.03M,-18.22
BP-SNX,0.072,$236.67M,-8.59
ACRED-SFP,0.072,$217.77M,-2.26
STRCX-RAY,0.072,$303.80M,3.66
STAC-GEOD,0.0719,$196.99M,-0.13
AWE-RAIL,0.0719,$195.66M,-7.79
ZBCN-ZAMA,0.0718,$315.09M,34.89
GPS-KMNO,0.0718,$194.03M,4.96
RLB-STRK,0.0717,$293.48M,-0.27
KAU-ICNT,0.0717,$409.88M,-8.74
BP-SUN,0.0717,$456.53M,-3.42
VSN-THBILL,0.0716,$268.83M,14.74
TIBBIR-MET,0.0716,$195.90M,4.31
XTZ-SN64,0.0716,$315.47M,-5.82
ZANO-ZAMA,0.0716,$268.97M,42.24
KITE-THBILL,0.0716,$349.94M,-3.18
KOGE-AKE,0.0716,$309.67M,487.23
BTT-GUSD,0.0716,$408.98M,0.13
RLB-KMNO,0.0715,$202.29M,2.67
DEXE-US,0.0715,$693.05M,181.42
CHEEMS-KOGE,0.0715,$314.47M,-17.88
PYTH-ZAMA,0.0715,$459.17M,48.77
ZRO-BTT,0.0714,$544.23M,-0.28
WIF-GOMINING,0.0714,$261.91M,-4.05
APXUSD-GUSD,0.0713,$444.56M,3.14
FLOKI-GUSD,0.0713,$348.01M,-2.14
STRCX-KOGE,0.0713,$354.94M,-0.79
VSN-TWT,0.0712,$299.36M,14.5
VIRTUAL-SUN,0.0712,$711.86M,8.42
COCO-KITE,0.0712,$416.22M,-10.84
TRAC-FRXUSD,0.0712,$233.59M,3.38
DYDX-FLOKI,0.0711,$296.37M,-19.67
LDO-GNO,0.0711,$585.84M,18.1
VELVET-CARDS,0.0711,$435.37M,-54.44
ZRO-XPL,0.0711,$505.34M,-3.13
GPS-GUSD,0.0711,$245.52M,3.89
KMNO-TRUMP,0.0711,$455.41M,5.13
USDTB-TRAC,0.071,$479.19M,3.9
XEC-FET,0.071,$425.38M,0.49
ZBT-FET,0.071,$419.86M,-12.56
GLM-PEANUT,0.0708,$279.30M,-9.79
SOON-RAIL,0.0708,$179.85M,24.44
BTT-AKE,0.0708,$355.00M,491.0
EDGE-SFP,0.0707,$238.71M,-10.93
UQC-AR,0.0707,$224.07M,-4.79
BTSE-BTT,0.0707,$392.58M,-0.46
DEXE-TIA,0.0706,$580.57M,-48.12
TIA-KMNO,0.0706,$404.51M,-3.4
GNO-RAIL,0.0706,$372.49M,-18.1
COCO-GEOD,0.0706,$278.57M,-7.83
USDA-MX,0.0706,$246.77M,-0.42
GOMINING-XCN,0.0706,$245.22M,-4.76
SPX-TAG,0.0705,$447.14M,16.01
KAITO-BONK,0.0704,$574.22M,65.09
SNX-GOMINING,0.0704,$238.00M,1.91
REUSD-EURC,0.0704,$617.47M,0.13
WFI-ZAMA,0.0704,$312.36M,45.0
ZBT-BTT,0.0703,$373.42M,-2.56
CHZ-USDAI,0.0703,$301.58M,-12.06
COMP-AKE,0.0703,$254.85M,493.2
XTZ-VET,0.0702,$614.43M,-7.14
ACRED-GALA,0.0702,$203.66M,-9.16
VCNT-SPCXB,0.0702,$249.98M,-16.47
VCNT-ZBT,0.0702,$278.39M,-2.66
VCNT-CRCLON,0.0702,$257.30M,0.45
FRAX-ZAMA,0.0701,$357.88M,44.93
AXS-XTZ,0.07,$369.16M,-16.41
XEC-SYRUP,0.07,$326.70M,21.57
USDAI-THBILL,0.07,$275.37M,0.16
SOON-BORG,0.0699,$228.28M,29.07
TRAC-USDAI,0.0699,$281.10M,3.39
IMX-SOON,0.0698,$317.33M,34.36
GRX-TIBBIR,0.0698,$230.58M,19.03
CAKE-AWE,0.0698,$553.01M,6.07
FDUSD-PIEVERSE,0.0698,$528.18M,-4.21
USAT-FF,0.0698,$377.51M,-2.66
ZBCN-ULTIMA,0.0697,$358.97M,0.71
KAITO-TAG,0.0697,$454.34M,79.81
CTOC-ICNT,0.0697,$376.57M,-9.2
SNX-EIGEN,0.0697,$263.03M,-3.85
VSN-SPX,0.0696,$452.97M,12.66
OZO-ZRO,0.0696,$410.05M,-0.45
ULTIMA-XEC,0.0696,$301.16M,20.86
USAT-TRAC,0.0696,$308.89M,3.38
AR-AKE,0.0696,$211.58M,486.13
OZO-AXS,0.0694,$268.99M,-7.05
GRX-UQC,0.0694,$232.12M,15.62
COCO-PENGU,0.0694,$555.94M,-8.17
FF-TAG,0.0694,$337.35M,15.28
APR-MX,0.0693,$346.98M,-6.73
META-FF,0.0693,$287.70M,17.84
CHEEMS-RAIL,0.0693,$190.16M,-25.02
KMNO-VET,0.0693,$486.98M,3.18
KAU-BORG,0.0692,$446.58M,-5.45
META-PENDLE,0.0692,$346.07M,26.65
GNO-PRL,0.0692,$366.71M,-0.08
FDUSD-FET,0.0692,$652.02M,-9.79
DASH-XEC,0.0692,$516.89M,8.27
JTO-USDZ,0.0692,$396.03M,-12.26
KITE-FET,0.0692,$537.92M,-13.14
KAU-ZBT,0.0691,$422.25M,-2.13
ZBCN-REUSD,0.0691,$344.71M,-9.6
GPS-FET,0.0691,$401.93M,-5.85
BP-AIAT,0.0691,$232.21M,-6.37
JTO-SFP,0.0691,$371.37M,-14.5
INJ-SHORT,0.069,$556.79M,-8.35
APEPE-AERO,0.069,$615.73M,-6.18
FLUID-AWE,0.069,$192.11M,19.38
KAG-AVUSD,0.069,$329.67M,-1.13
RAIL-PYTH,0.069,$411.20M,-6.69
MET-SOSO,0.069,$206.00M,10.71
VSN-JASMY,0.0689,$362.48M,14.78
VELVET-XPL,0.0689,$387.09M,-40.52
TAG-RAIL,0.0689,$234.91M,7.23
SHORT-CHZ,0.0689,$241.69M,-20.97
UB-XTZ,0.0688,$586.31M,14.24
DEXE-EURCV,0.0688,$423.52M,-43.82
WEMIX-NEX,0.0688,$190.75M,-19.59
OHM-XEC,0.0687,$395.26M,19.22
FARTCOIN-ZAMA,0.0687,$260.82M,56.67
US-TRAC,0.0686,$542.63M,228.52
CHEEMS-KAITO,0.0686,$409.59M,47.56
KMNO-USDAI,0.0686,$255.46M,1.01
USDA-USDF,0.0686,$208.02M,-0.02
AVUSD-A,0.0686,$218.27M,-1.07
ZBT-KITE,0.0686,$345.95M,-6.08
OUSG-FRXUSD,0.0685,$490.17M,0.14
META-PENGU,0.0685,$467.13M,19.85
GLM-MANA,0.0685,$226.15M,-1.76
REUSD-JTO,0.0685,$436.07M,-11.89
BSV-AERO,0.0685,$672.87M,-3.95
RLB-BORG,0.0684,$242.54M,-4.4
KAU-AVUSD,0.0684,$424.28M,0.83
CTOC-SPCXB,0.0684,$360.54M,-16.41
UUSD-ZAMA,0.0684,$237.60M,44.79
VCNT-ZANO,0.0684,$295.60M,-2.41
EIGEN-APYUSD,0.0684,$298.72M,0.91
XPIN-AKE,0.0684,$240.42M,492.07
AERO-SUN,0.0684,$756.66M,0.11
TWT-KAG,0.0683,$362.16M,-1.43
NFT-CHZ,0.0683,$408.66M,-11.1
DYDX-MX,0.0682,$248.45M,-17.95
NXM-KAITO,0.0681,$396.14M,70.77
UUSD-GRASS,0.0681,$315.65M,-13.45
MET-USDAI,0.0681,$246.85M,1.03
FF-EIGEN,0.068,$332.88M,-6.24
DRV-BSV,0.0679,$361.14M,-2.87
EARNETH-TAG,0.0679,$292.01M,28.97
GEOD-GLIDR,0.0679,$195.73M,3.77
KAU-MET,0.0678,$397.72M,1.64
ZBCN-STRCX,0.0678,$318.07M,-7.07
AVUSD-BTT,0.0678,$375.45M,0.4
OUSG-GUSD,0.0677,$529.76M,0.06
USDTB-META,0.0677,$450.94M,21.04
UQC-CRVUSD,0.0677,$320.07M,-0.08
BORG-GOMINING,0.0677,$253.83M,-3.88
MET-XPIN,0.0677,$234.31M,2.28
JASMY-SUN,0.0677,$553.88M,5.08
US-KITE,0.0676,$650.97M,221.82
AKT-KOGE,0.0676,$342.54M,-17.02
NEX-MON,0.0676,$338.52M,-2.26
JTO-KITE,0.0676,$500.64M,-15.47
XPIN-PEANUT,0.0676,$329.43M,-2.74
APR-JASMY,0.0675,$407.98M,-6.2
INJ-NEX,0.0675,$549.56M,-9.06
TIBBIR-SUN,0.0675,$448.78M,8.18
USDA-EURC,0.0675,$546.21M,-0.19
AIAT-THETA,0.0675,$244.07M,1.28
STAC-THBILL,0.0674,$220.58M,0.33
DRV-VCNT,0.0674,$267.09M,-3.6
ZK-REUSD,0.0674,$251.79M,-8.25
FLUID-A,0.0674,$188.58M,15.18
GLM-THETA,0.0674,$220.85M,-6.45
ULTIMA-TEL,0.0674,$356.02M,-0.68
CARDS-EIGEN,0.0674,$409.46M,-20.15
RLB-WEMIX,0.0673,$204.70M,-8.31
EARNETH-UUSD,0.0673,$246.73M,11.07
KAG-FF,0.0673,$405.98M,-4.0
APYUSD-XCN,0.0673,$287.79M,-2.47
SFP-XPL,0.0673,$323.32M,-5.01
RLB-EURCV,0.0671,$253.71M,1.57
SOSO-THBILL,0.0671,$234.52M,9.84
ZBCN-AWE,0.067,$283.09M,-6.93
TKX-XPIN,0.067,$248.34M,6.2
ACRED-SHORT,0.067,$212.59M,-8.8
USDA-BSV,0.067,$354.67M,0.75
AIAT-XPL,0.067,$338.57M,-0.72
LDO-DEXE,0.0669,$577.28M,-18.23
XTZ-BAT,0.0669,$328.89M,-14.72
ACRED-TRUMP,0.0669,$472.43M,4.23
A7A5-MET,0.0669,$567.62M,0.71
BC-PIEVERSE,0.0668,$401.65M,50.23
FDUSD-GUSD,0.0668,$495.60M,-0.05
FARTCOIN-XEC,0.0668,$242.47M,22.22
KAITO-EURC,0.0667,$759.30M,61.76
BC-FLOKI,0.0666,$418.08M,52.39
USDAT-GEOD,0.0666,$234.15M,-0.3
ZK-GPS,0.0666,$180.36M,-4.54
XTZ-STX,0.0666,$475.99M,-17.18
REAL-AKE,0.0666,$344.58M,486.68
UB-2Z,0.0665,$563.17M,21.92
DYDX-STX,0.0665,$348.38M,-25.45
APR-OHM,0.0665,$472.20M,2.54
BC-DEXE,0.0665,$493.65M,10.74
ZBCN-GUSD,0.0665,$326.78M,-9.92
GLM-FLOKI,0.0665,$293.27M,-7.86
KAG-SOSO,0.0665,$330.28M,8.36
KAITO-ZANO,0.0665,$440.43M,59.36
ICNT-XEC,0.0665,$221.03M,0.93
AKT-UQC,0.0664,$236.41M,-13.57
VSN-FRAX,0.0663,$370.96M,14.78
OUSG-ZBT,0.0663,$494.20M,-2.63
SPCXB-SOSO,0.0663,$202.12M,-6.88
NXM-NEX,0.0662,$177.20M,-0.71
DYDX-USDAT,0.0662,$237.67M,-17.59
CHEEMS-MX,0.0662,$250.91M,-14.65
XTZ-WFI,0.0662,$400.02M,-9.07
STRK-AKE,0.0662,$284.73M,488.86
CARDS-SHORT,0.0662,$366.42M,-25.48
VSN-GRT,0.0661,$312.24M,7.47
OHM-PIEVERSE,0.0661,$457.89M,4.7
SHORT-MANA,0.0661,$228.94M,-4.86
KAU-ZRO,0.066,$593.06M,0.15
LDO-CVX,0.066,$438.01M,39.59
VIRTUAL-SOSO,0.066,$486.16M,13.23
META-REAL,0.066,$344.47M,16.39
STRK-UUSD,0.066,$289.00M,-1.9
BTSE-SOSO,0.066,$249.70M,9.04
NXM-ONYC,0.0659,$333.08M,9.36
VELVET-TWT,0.0659,$314.97M,-37.95
XTZ-XPIN,0.0659,$370.37M,-8.06
UUSD-JTO,0.0659,$368.42M,-12.1
UUSD-CHZ,0.0659,$243.92M,-12.03
CRVUSD-PEANUT,0.0659,$396.59M,-3.96
ENS-SHFL,0.0659,$297.47M,4.67
GRX-WFI,0.0658,$298.64M,16.0
WEMIX-PYTH,0.0658,$421.78M,-5.96
REUSD-GALA,0.0658,$256.05M,-9.01
XEC-APYUSD,0.0658,$277.58M,14.78
AKE-XCN,0.0658,$225.18M,483.85
OUSG-USDAT,0.0657,$520.05M,0.15
BC-ZBT,0.0657,$333.52M,51.71
GLM-KAITO,0.0657,$404.03M,56.08
XTZ-FET,0.0657,$531.39M,-19.13
KAITO-FARTCOIN,0.0657,$432.28M,73.8
CARDS-A7A5,0.0657,$747.07M,-16.89
OZO-PRL,0.0656,$209.37M,7.33
WEMIX-SUN,0.0656,$442.71M,-5.09
PENDLE-BSV,0.0656,$509.14M,6.96
LDO-US,0.0655,$722.16M,250.63
ZRO-SHORT,0.0655,$382.31M,-9.37
APEPE-UUSD,0.0655,$301.15M,-1.36
NEX-EURCV,0.0655,$239.77M,-9.71
XEC-KOGE,0.0655,$333.61M,6.73
VSN-USDA,0.0654,$247.07M,14.51
APXUSD-ENS,0.0654,$471.13M,6.24
XTZ-ENS,0.0654,$401.54M,-6.29
ULTIMA-USDA,0.0654,$277.88M,10.49
FF-TEL,0.0654,$366.60M,-13.91
TAG-ZBT,0.0654,$259.01M,15.19
XEC-A7A5,0.0654,$597.66M,9.99
ZBT-MET,0.0654,$203.36M,-1.74
PYTH-TRUMP,0.0654,$678.75M,8.16
CTOC-SOON,0.0653,$365.01M,35.31
ACRED-PIEVERSE,0.0653,$297.12M,-4.13
USAT-APYUSD,0.0653,$343.36M,4.49
SPX-RLB,0.0652,$406.35M,-0.26
DRV-OHM,0.0652,$378.45M,5.23
DEXE-SFP,0.0652,$376.81M,-46.07
APEPE-MX,0.0652,$351.95M,-1.75
SAND-SPCXB,0.0652,$210.72M,-21.39
RLB-INJ,0.0651,$563.51M,2.22
CARDS-SOSO,0.0651,$385.46M,-6.89
FF-FRXUSD,0.0651,$302.21M,-2.65
SOON-XEC,0.0651,$209.47M,45.45
DYDX-A,0.065,$200.15M,-18.88
CAKE-SPCXB,0.065,$532.73M,-13.42
SN64-APYUSD,0.065,$248.12M,7.99
LUNC-GLM,0.0649,$373.66M,-13.48
OZO-APYUSD,0.0649,$283.42M,4.51
US-SAND,0.0649,$544.15M,220.33
VIRTUAL-GEOD,0.0649,$463.91M,3.22
APEPE-SYRUP,0.0649,$408.61M,9.87
UQC-SOON,0.0649,$198.03M,35.03
BORG-USDZ,0.0649,$265.66M,-6.19
SPX-CHEEMS,0.0648,$402.39M,-16.24
STRK-TAG,0.0648,$334.28M,16.0
BC-FRXUSD,0.0647,$329.49M,54.47
ZRO-MON,0.0647,$532.95M,6.88
APEPE-ETHFI,0.0647,$601.25M,13.1
META-GNO,0.0647,$378.06M,13.12
STRCX-MON,0.0647,$388.99M,10.13
USDTB-XTZ,0.0646,$581.00M,-8.8
GPS-KOGE,0.0646,$310.16M,0.39
UQC-AKE,0.0646,$203.54M,490.68
XEC-MON,0.0646,$367.65M,17.65
AR-GUSD,0.0646,$265.56M,-4.74
DRV-TAG,0.0645,$247.71M,14.25
ACRED-UUSD,0.0645,$214.83M,0.14
SPX-UQC,0.0644,$410.09M,-2.05
DYDX-AWE,0.0644,$203.69M,-14.68
DYDX-NEX,0.0644,$188.20M,-27.21
OZO-A7A5,0.0644,$603.50M,-0.28
SOON-SHFL,0.0644,$211.41M,36.78
OUSG-PENDLE,0.0643,$630.90M,6.27
WEMIX-NFT,0.0643,$364.95M,-9.0
FF-GRASS,0.0642,$408.15M,-16.16
VSN-IOTA,0.0641,$298.47M,10.81
SPX-SHORT,0.0641,$399.63M,-10.83
GLM-CARDS,0.0641,$363.63M,-22.38
AWE-STRCX,0.0641,$246.62M,5.7
AWE-BSV,0.0641,$364.31M,3.74
GALA-SHFL,0.0641,$210.01M,-7.63
APR-FET,0.064,$502.31M,-16.2
2Z-USTBL,0.064,$363.18M,-1.51
XEC-GEOD,0.064,$213.80M,9.98
NFT-EURCV,0.064,$413.96M,0.87
INJ-GPS,0.0639,$555.24M,4.5
AKT-FLUID,0.0639,$214.68M,3.02
1INCH-ZBT,0.0638,$229.76M,10.16
APR-PEANUT,0.0638,$380.93M,-10.39
VELVET-UUSD,0.0638,$266.29M,-37.82
UB-KITE,0.0637,$592.84M,20.23
DYDX-SHORT,0.0637,$195.42M,-26.5
DRV-A,0.0637,$204.93M,-4.98
USDA-SUN,0.0637,$438.47M,4.81
ZANO-EURC,0.0637,$581.20M,-2.62
RAIL-MON,0.0637,$338.04M,-3.36
DRV-GRX,0.0636,$226.74M,12.05
GRX-BSV,0.0636,$382.59M,16.56
KAG-SUN,0.0636,$555.98M,3.55
STRK-CARDS,0.0636,$458.08M,-18.53
TRAC-APYUSD,0.0636,$281.79M,7.86
TKX-NEX,0.0635,$193.77M,-4.67
OHM-TRAC,0.0635,$399.47M,12.3
TIBBIR-CRVUSD,0.0635,$318.54M,3.33
PIEVERSE-APYUSD,0.0635,$340.21M,0.26
AKT-KMNO,0.0634,$226.41M,-12.45
UQC-TRAC,0.0634,$231.69M,3.25
ACRED-CARDS,0.0634,$383.91M,-16.48
GUSD-ZAMA,0.0634,$287.32M,44.68
USAT-MANA,0.0632,$316.61M,4.04
TAG-SYRUP,0.0632,$352.32M,29.22
ZBT-RAY,0.0632,$276.95M,-1.88
DYDX-AVUSD,0.0631,$213.84M,-17.39
ZRO-GLIDR,0.0631,$386.14M,3.61
UQC-CARDS,0.0631,$376.89M,-16.7
GNO-ZK,0.063,$367.00M,-15.88
A-AKE,0.063,$197.81M,489.52
TWT-CHEEMS,0.0629,$248.78M,-14.4
SHORT-THBILL,0.0629,$215.49M,-8.75
TRAC-AR,0.0629,$239.72M,-1.3
APR-AERO,0.0628,$610.76M,-11.16
USDAT-XEC,0.0628,$259.26M,10.31
APEPE-USTBL,0.0627,$362.20M,-1.27
META-SHFL,0.0627,$216.81M,22.14
KAG-ZBT,0.0627,$327.64M,-4.09
UQC-VCNT,0.0627,$272.46M,-0.02
STRCX-PEANUT,0.0627,$325.33M,-1.22
TIBBIR-BTSE,0.0626,$239.60M,2.64
GLM-SOSO,0.0626,$211.35M,3.9
ULTIMA-KOGE,0.0626,$395.85M,6.99
KAITO-MON,0.0626,$557.46M,69.22
VCNT-USDZ,0.0626,$291.83M,-0.02
AVUSD-TAG,0.0626,$261.04M,18.15
SHORT-USDF,0.0626,$209.39M,-8.84
RLB-EURC,0.0625,$554.31M,1.56
RLB-SOSO,0.0625,$220.86M,11.37
OZO-CAKE,0.0625,$572.49M,3.18
TIA-ZAMA,0.0625,$444.30M,40.35
US-WFI,0.0625,$593.51M,225.4
USTBL-CHEEMS,0.0625,$261.16M,-14.18
USTBL-ZAMA,0.0625,$298.65M,44.87
FDUSD-FF,0.0625,$538.38M,-2.65
FLOKI-NEX,0.0625,$288.84M,-11.68
STRCX-AKE,0.0625,$236.32M,493.58
UB-GPS,0.0624,$456.85M,27.52
UB-KOGE,0.0624,$574.98M,19.99
RLB-GNO,0.0624,$386.92M,-5.71
VELVET-KOGE,0.0624,$380.65M,-41.43
KAG-XEC,0.0624,$333.15M,8.96
CHEEMS-PIEVERSE,0.0624,$282.40M,-18.53
APXUSD-PIEVERSE,0.0623,$477.14M,-1.02
USDAT-VCNT,0.0623,$304.24M,0.11
KMNO-SNX,0.0623,$220.46M,0.72
UUSD-MANA,0.0623,$231.17M,4.08
VCNT-AKE,0.0623,$259.97M,490.9
ZBT-THETA,0.0623,$240.04M,-3.41
A7A5-BSV,0.0623,$736.70M,0.51
TIA-FF,0.0622,$498.78M,-7.06
COCO-AWE,0.0622,$290.04M,-4.59
KAU-THETA,0.0621,$434.40M,-0.03
OHM-XPIN,0.0621,$420.70M,10.19
ICNT-SFP,0.0621,$204.30M,-11.72
VCNT-ONYC,0.0621,$410.65M,0.56
GEOD-PRL,0.0621,$178.42M,6.99
DEXE-MET,0.062,$363.50M,-42.7
KITE-AIAT,0.062,$349.98M,-1.39
STAC-META,0.0619,$198.06M,20.69
DYDX-SNX,0.0619,$220.30M,-17.88
CRVUSD-THETA,0.0619,$338.14M,-0.62
GLM-JASMY,0.0618,$306.35M,-5.6
DASH-SOON,0.0618,$487.44M,33.13
JTO-SOON,0.0618,$358.65M,23.01
IOTA-SOON,0.0618,$237.58M,31.37
A-PRL,0.0618,$186.36M,6.02
BC-AR,0.0617,$335.62M,49.79
APEPE-BTT,0.0617,$460.83M,-1.21
CHEEMS-SYRUP,0.0617,$307.57M,-3.03
RLB-CAKE,0.0616,$551.46M,4.82
RLB-GEOD,0.0616,$198.62M,1.36
LDO-UUSD,0.0616,$402.98M,25.53
DEXE-A7A5,0.0616,$752.29M,-44.03
USTBL-GRASS,0.0616,$376.71M,-13.36
USDAT-MANA,0.0616,$271.18M,4.05
XTZ-EIGEN,0.0615,$366.07M,-12.9
AWE-KOGE,0.0615,$319.97M,-0.65
AWE-GRASS,0.0615,$321.69M,-10.57
THETA-ZAMA,0.0615,$263.90M,44.09
SPX-CARDS,0.0614,$570.94M,-18.51
OUSG-CASH,0.0614,$502.27M,0.13
DCR-VCNT,0.0614,$367.22M,9.32
KMNO-XEC,0.0614,$217.48M,11.3
SNX-SFP,0.0614,$225.17M,-2.64
A7A5-FET,0.0613,$784.12M,-10.11
SOSO-USDF,0.0613,$228.43M,9.75
OUSG-EURC,0.0612,$830.29M,0.01
STAC-UQC,0.0612,$210.66M,0.06
CASH-SPCXB,0.0612,$207.55M,-16.57
SNX-PYTH,0.0612,$443.80M,3.74
GPS-FRXUSD,0.061,$205.93M,3.97
GALA-ZBT,0.061,$202.56M,-12.02
BP-WEMIX,0.0609,$214.66M,-18.28
VELVET-USAT,0.0607,$351.73M,-37.85
ZRO-XCN,0.0607,$414.41M,-7.43
BTSE-USDF,0.0607,$244.95M,-0.6
USTBL-MET,0.0606,$250.26M,1.15
BP-WIF,0.0606,$260.58M,-14.54
OUSG-SOSO,0.0605,$496.84M,9.82
OHM-EURC,0.0605,$725.84M,8.81
GPS-PIEVERSE,0.0605,$278.09M,-0.27
FF-FRAX,0.0605,$412.35M,-2.48
CHZ-SOSO,0.0605,$260.73M,-2.38
LUNC-OZO,0.0604,$404.20M,-7.66
SPX-APR,0.0604,$498.47M,-8.32
1INCH-GPS,0.0604,$211.83M,16.87
GNO-REUSD,0.0604,$450.08M,-7.14
ZANO-AKE,0.0604,$226.68M,488.3
AKE-THBILL,0.0604,$213.46M,490.95
LDO-SHFL,0.0603,$424.60M,27.12
US-APXUSD,0.0603,$714.02M,228.35
FARTCOIN-FRAX,0.0603,$343.08M,12.11
1INCH-TAG,0.0602,$260.88M,30.86
DYDX-TIA,0.0602,$404.36M,-22.0
USTBL-BTSE,0.0602,$293.95M,-0.52
OHM-FF,0.0602,$468.09M,6.26
KAITO-FRAX,0.0602,$529.34M,62.06
TEL-ONYC,0.0602,$420.52M,-10.78
USTBL-OHM,0.0601,$436.65M,9.06
META-VCNT,0.0601,$259.86M,20.61
CRVUSD-GUSD,0.0601,$361.56M,-0.03
SOON-PENGU,0.0601,$461.73M,34.49
SOON-SHORT,0.0601,$187.56M,26.25
CAKE-SOON,0.06,$537.20M,38.3
COCO-XPL,0.06,$404.81M,-10.17
FF-BTSE,0.06,$325.40M,-3.32
TAG-COMP,0.06,$304.39M,20.34
TEL-XPIN,0.06,$319.21M,-9.98
USDAT-AKE,0.0599,$235.32M,490.82
COCO-AIAT,0.0599,$302.20M,-5.58
WEMIX-CARDS,0.0599,$369.29M,-26.56
SOON-TRUMP,0.0599,$447.40M,39.28
XPIN-FET,0.0599,$450.82M,-8.54
CTOC-SHORT,0.0598,$372.56M,-8.73
VCNT-XEC,0.0598,$283.90M,10.39
PIEVERSE-XPIN,0.0598,$326.98M,-2.96
PEANUT-ZAMA,0.0598,$322.35M,40.74
META-EURCV,0.0597,$244.85M,20.41
META-XPL,0.0597,$316.00M,17.85
GPS-XPL,0.0597,$316.60M,1.3
STRCX-GUSD,0.0597,$290.30M,2.71
BSV-THBILL,0.0597,$376.43M,0.97
INJ-GUSD,0.0596,$608.74M,0.48
OZO-CHEEMS,0.0596,$225.61M,-14.28
2Z-GEOD,0.0596,$296.68M,-1.95
GNO-USDA,0.0595,$378.82M,-7.46
KMNO-FET,0.0595,$403.94M,-8.81
CTOC-XPIN,0.0595,$419.90M,1.43
RAIL-KOGE,0.0595,$303.99M,-14.28
A7A5-SYRUP,0.0595,$685.45M,10.97
INJ-KMNO,0.0594,$557.26M,1.54
AKT-GNO,0.0594,$411.04M,-20.83
COCO-FRAX,0.0594,$404.29M,-7.33
DCR-KMNO,0.0594,$300.80M,10.22
CHEEMS-CTOC,0.0594,$375.32M,-14.14
DASH-AVUSD,0.0594,$513.41M,-1.81
GALA-FRAX,0.0594,$308.68M,-9.08
SOON-SPCXB,0.0594,$175.54M,18.58
KAG-BP,0.0593,$327.93M,-9.64
VCNT-CHZ,0.0593,$308.58M,-11.98
USDA-SHORT,0.0593,$193.73M,-8.97
MON-XPIN,0.0593,$393.09M,8.62
AKT-SOSO,0.0592,$244.98M,-3.75
UQC-GALA,0.0592,$196.63M,-9.38
CTOC-AERO,0.0592,$689.38M,-4.61
SHORT-XPIN,0.0592,$242.45M,-7.63
PYTH-AIAT,0.0592,$439.34M,5.96
FRXUSD-BSV,0.0592,$368.41M,0.83
UB-USDAI,0.0591,$518.27M,23.58
RLB-APYUSD,0.0591,$262.40M,6.16
KAU-DEXE,0.0591,$582.39M,-43.09
BC-GRASS,0.0591,$435.44M,40.97
XTZ-TEL,0.0591,$399.79M,-20.57
CTOC-TRUMP,0.0591,$632.39M,4.29
XEC-CRCLON,0.0591,$212.31M,10.64
VELVET-CAKE,0.0589,$613.69M,-34.71
GNO-PYTH,0.0589,$604.00M,-3.36
FF-A,0.0589,$294.57M,-3.95
GEOD-MANA,0.0589,$225.73M,3.72
FRXUSD-TRUMP,0.0589,$467.31M,4.14
DEXE-FLUID,0.0588,$360.37M,-27.26
KMNO-XPIN,0.0588,$242.92M,2.26
UUSD-VCNT,0.0588,$264.23M,0.14
TIA-JTO,0.0587,$575.13M,-16.54
OHM-NEX,0.0587,$366.13M,-0.68
EIGEN-AKE,0.0587,$236.12M,487.23
IMX-XTZ,0.0586,$452.80M,-10.12
APR-CASH,0.0586,$318.41M,-6.38
ZRO-A7A5,0.0586,$762.96M,-0.78
GPS-AWE,0.0586,$201.83M,6.88
FF-SN64,0.0586,$282.28M,0.84
DRV-CRCLON,0.0585,$195.50M,-3.35
CVX-TRAC,0.0584,$258.48M,17.47
XTZ-MON,0.0584,$473.67M,-1.97
VSN-MANA,0.0583,$282.28M,18.63
BP-FF,0.0583,$306.52M,-10.97
GALA-TEL,0.0583,$262.93M,-20.51
TRAC-THETA,0.0583,$249.76M,2.72
GUSD-WFI,0.0582,$324.05M,0.19
GNO-CRCLON,0.0581,$375.50M,-7.04
FF-MON,0.0581,$440.48M,4.69
EURC-ZAMA,0.0581,$587.85M,44.63
LDO-COCO,0.058,$487.42M,17.98
FARTCOIN-ZBT,0.058,$236.96M,9.17
SPCXB-STX,0.058,$336.05M,-24.42
STAC-EIGEN,0.0579,$243.24M,-3.39
DYDX-SAND,0.0579,$223.05M,-22.42
BC-APEPE,0.0579,$420.93M,53.06
2Z-CRVUSD,0.0579,$414.39M,-1.6
CVX-AVUSD,0.0579,$250.79M,14.3
META-GPS,0.0579,$191.42M,24.47
2Z-APEPE,0.0578,$403.70M,-3.04
AVUSD-REAL,0.0577,$365.04M,-3.91
ONYC-CRCLON,0.0577,$339.06M,0.82
ONYC-PEANUT,0.0576,$430.74M,-3.53
OUSG-STRCX,0.0575,$521.04M,2.91
RLB-MANA,0.0575,$235.66M,5.71
UUSD-BORG,0.0574,$238.06M,-6.03
REUSD-FRXUSD,0.0574,$277.35M,0.26
SPCXB-XPIN,0.0574,$230.43M,-15.31
SOSO-PEANUT,0.0574,$301.13M,5.69
APR-GOMINING,0.0573,$311.95M,-4.2
DEXE-ICNT,0.0573,$375.65M,-53.08
1INCH-STRCX,0.0572,$256.61M,15.69
XTZ-GEOD,0.0572,$319.82M,-9.64
CARDS-GLIDR,0.0572,$370.25M,-12.49
FARTCOIN-GUSD,0.0572,$272.52M,11.86
PRL-AKE,0.0572,$179.59M,498.11
IMX-APYUSD,0.0571,$385.45M,3.69
APR-PIEVERSE,0.0571,$378.47M,-10.61
INJ-VCNT,0.0571,$623.68M,0.64
US-GLM,0.0571,$513.73M,219.35
COCO-NEO,0.0571,$318.00M,-6.9
ACRED-GLIDR,0.0571,$216.42M,4.19
STAC-BSV,0.057,$361.14M,1.0
DRV-SOSO,0.057,$219.23M,6.0
KMNO-PIEVERSE,0.057,$280.10M,-3.23
ULTIMA-GUSD,0.057,$331.21M,10.5
ACRED-AR,0.057,$231.10M,-4.57
GRT-GEOD,0.0569,$255.69M,-7.44
FLUID-PYTH,0.0569,$407.65M,20.49
XTZ-PRL,0.0569,$309.54M,-2.02
ICNT-ZAMA,0.0569,$239.38M,35.38
APYUSD-USDF,0.0569,$269.97M,4.54
DRV-KAU,0.0568,$410.95M,-3.07
CARDS-TRAC,0.0568,$392.53M,-13.21
OUSG-PIEVERSE,0.0567,$562.33M,-4.1
2Z-FDUSD,0.0567,$548.43M,-1.62
CASH-EIGEN,0.0567,$262.61M,-3.57
GLM-VET,0.0567,$483.72M,-3.61
XEC-XPL,0.0567,$340.04M,7.64
GRX-GLIDR,0.0566,$225.48M,19.83
AVUSD-GRASS,0.0565,$331.85M,-13.28
GEOD-MX,0.0565,$244.93M,-0.66
DRV-BORG,0.0564,$240.91M,-9.77
GRX-UUSD,0.0564,$223.88M,15.78
VSN-PEANUT,0.0563,$335.43M,10.59
OUSG-AWE,0.0563,$486.07M,3.05
TKX-GPS,0.0563,$199.45M,8.9
KAG-ICNT,0.0563,$315.26M,-10.7
CARDS-BORG,0.0563,$407.14M,-22.66
GRT-XTZ,0.0562,$386.82M,-16.45
TIA-XTZ,0.0562,$531.96M,-13.72
GLM-VCNT,0.0562,$259.21M,-5.7
ZBT-RAIL,0.0562,$203.79M,-13.47
DYDX-KAITO,0.0561,$407.14M,44.27
DEXE-CARDS,0.0561,$542.95M,-60.3
CVX-SHORT,0.0561,$232.37M,5.2
BP-BORG,0.0561,$252.51M,-14.38
UUSD-ONYC,0.0561,$345.99M,0.51
CARDS-MX,0.0561,$419.46M,-16.93
AVUSD-TRAC,0.0561,$239.64M,3.58
SOON-GOMINING,0.0561,$205.57M,37.34
SHORT-USDZ,0.0561,$224.94M,-9.02
KAU-LDO,0.056,$611.50M,26.12
USDAT-ACRED,0.056,$254.84M,0.11
STX-AKE,0.056,$346.04M,482.95
GOMINING-NFT,0.056,$380.09M,3.17
LUNC-SOSO,0.0559,$395.49M,2.01
LDO-KOGE,0.0559,$517.34M,21.92
KAG-ZANO,0.0559,$344.85M,-3.84
KAG-XPIN,0.0559,$358.59M,-0.07
KMNO-A,0.0559,$200.31M,-0.28
SAND-SOSO,0.0559,$241.78M,4.88
FF-GOMINING,0.0559,$307.85M,-0.47
STAC-SHORT,0.0558,$200.20M,-8.71
INJ-KOGE,0.0558,$673.38M,-3.03
ZBCN-XTZ,0.0558,$402.75M,-19.18
GRX-JTO,0.0558,$392.73M,3.6
XTZ-PIEVERSE,0.0558,$407.56M,-13.55
WIF-AKE,0.0558,$241.87M,484.57
OUSG-EURCV,0.0557,$529.69M,0.03
ZRO-PENGU,0.0557,$656.47M,-1.14
GLM-STX,0.0557,$345.28M,-13.64
AXS-GEOD,0.0557,$238.03M,-7.39
USAT-BORG,0.0557,$323.50M,-6.07
A-A7A5,0.0557,$580.49M,-1.59
VELVET-CVX,0.0556,$301.32M,-23.76
UB-USDTB,0.0555,$716.36M,24.09
AKT-ZAMA,0.0555,$266.20M,31.3
USDZ-AKE,0.0555,$222.91M,490.69
NXM-DEXE,0.0554,$360.95M,-34.83
ZRO-ICNT,0.0554,$386.33M,-9.84
OHM-EURCV,0.0554,$425.24M,8.83
GPS-BSV,0.0554,$354.50M,4.78
CRVUSD-EIGEN,0.0554,$352.64M,-3.53
FF-XPL,0.0554,$412.87M,-5.32
TRAC-PYTH,0.0554,$445.03M,7.4
KAU-USDF,0.0553,$420.15M,0.68
EIGEN-A7A5,0.0553,$618.80M,-3.88
FLUID-VCNT,0.0552,$250.73M,16.56
COCO-GLIDR,0.0552,$285.60M,-3.42
SAND-CARDS,0.0552,$394.06M,-21.4
STRCX-MX,0.0552,$291.38M,2.43
US-BAT,0.0551,$522.38M,219.75
WEMIX-ACRED,0.0551,$215.47M,-9.88
PYTH-SOSO,0.0551,$437.95M,13.72
USTBL-GNO,0.055,$443.49M,-7.25
REUSD-MET,0.055,$256.85M,1.26
AVUSD-SN64,0.055,$205.97M,3.72
SOON-GUSD,0.055,$239.52M,35.08
USDAT-NEX,0.0549,$230.13M,-9.59
TAG-EURCV,0.0549,$294.50M,17.84
COCO-NEX,0.0548,$274.55M,-17.12
NEO-FDUSD,0.0548,$479.87M,0.63
VCNT-BTSE,0.0548,$297.56M,-0.55
USDA-CRCLON,0.0548,$189.03M,0.27
GNO-SUN,0.0547,$624.93M,-2.5
CTOC-APYUSD,0.0547,$433.13M,4.65
SAND-ZAMA,0.0547,$263.00M,39.93
TEL-THBILL,0.0547,$292.25M,-11.09
NEX-PENGU,0.0546,$462.05M,-10.27
SHORT-SN64,0.0546,$187.54M,-5.39
SN64-KOGE,0.0546,$304.14M,-0.06
OUSG-EARNETH,0.0545,$527.19M,11.15
OUSG-FF,0.0545,$572.53M,-2.54
APR-COMP,0.0545,$355.72M,-3.99
GLM-BAT,0.0545,$198.18M,-11.19
IMX-DEXE,0.0544,$501.40M,-44.51
EDGE-SOSO,0.0544,$252.56M,1.12
USDA-VET,0.0544,$485.13M,2.11
MX-APYUSD,0.0543,$308.72M,4.14
THETA-USDF,0.0543,$237.93M,-0.6
OZO-XTZ,0.0542,$350.77M,-9.3
US-KOGE,0.0542,$633.11M,221.57
SOON-SN64,0.0542,$180.00M,38.66
GEOD-JASMY,0.0542,$305.93M,-0.13
NXM-GEOD,0.0541,$181.22M,8.58
STAC-SHFL,0.0541,$224.04M,1.82
GLM-WFI,0.0541,$269.31M,-5.54
UUSD-SAND,0.0541,$224.97M,-4.77
SOON-ONYC,0.0541,$336.22M,35.62
EIGEN-PENDLE,0.0541,$391.24M,2.57
PYTH-USDF,0.0541,$433.20M,4.08
RAY-XPIN,0.0541,$307.90M,2.14
FRAX-THBILL,0.0541,$338.00M,0.34
VSN-ACRED,0.054,$265.93M,14.69
AKT-VCNT,0.054,$292.84M,-13.35
SNX-AVUSD,0.054,$238.41M,-0.07
BORG-PYTH,0.054,$459.63M,-2.05
CARDS-BTSE,0.0539,$401.98M,-17.23
IMX-GRX,0.0538,$351.42M,14.95
LDO-WIF,0.0538,$449.54M,19.25
APXUSD-SOSO,0.0538,$411.65M,12.9
ZK-KOGE,0.0538,$298.50M,-12.07
SOON-STRCX,0.0538,$230.80M,37.93
UB-FF,0.0537,$553.12M,20.9
DYDX-AKE,0.0537,$193.39M,473.2
AXS-A7A5,0.0537,$621.89M,-7.39
CHEEMS-SPCXB,0.0537,$185.85M,-30.88
SOON-ETHFI,0.0537,$489.90M,49.66
BTSE-USDZ,0.0537,$260.50M,-0.77
STAC-ACRED,0.0536,$217.69M,0.28
BORG-FRXUSD,0.0536,$248.19M,-6.06
A7A5-SFP,0.0536,$580.94M,-2.66
1INCH-SHORT,0.0535,$213.37M,4.02
APR-ICNT,0.0535,$297.96M,-15.75
AKT-UUSD,0.0535,$228.18M,-13.4
NEO-CHEEMS,0.0535,$234.09M,-13.7
ICNT-VCNT,0.0535,$266.02M,-9.26
BTSE-EURCV,0.0535,$282.55M,-0.75
VSN-SN64,0.0534,$240.89M,18.1
CAKE-TRAC,0.0534,$570.86M,6.52
NEO-EIGEN,0.0534,$274.37M,-2.96
KAG-ETHFI,0.0534,$613.58M,13.17
CHEEMS-SHORT,0.0534,$197.87M,-23.21
STRK-GUSD,0.0534,$338.72M,-2.01
AWE-TEL,0.0534,$280.14M,-8.32
AWE-ZBT,0.0534,$219.77M,0.16
NEX-TAG,0.0534,$235.40M,8.33
OUSG-APYUSD,0.0532,$538.38M,4.61
DRV-GOMINING,0.0532,$218.21M,-1.5
USTBL-BSV,0.0532,$419.33M,0.95
UQC-A7A5,0.0532,$586.22M,-0.43
VCNT-WIF,0.0532,$310.79M,-6.14
STAC-OZO,0.0531,$227.94M,0.21
DEXE-GEOD,0.0531,$368.43M,-44.04
2Z-KAITO,0.0531,$511.61M,60.23
GPS-USDF,0.0531,$207.85M,4.01
APYUSD-ZAMA,0.0531,$295.94M,49.23
WEMIX-ZAMA,0.053,$238.24M,34.76
NEX-IOTA,0.053,$237.90M,-13.39
RLB-CTOC,0.0529,$379.27M,1.84
DEXE-OHM,0.0529,$549.89M,-34.79
COCO-MX,0.0529,$334.81M,-7.86
NXM-OUSG,0.0528,$467.12M,9.02
DRV-SUN,0.0528,$444.93M,1.19
XPIN-CRCLON,0.0528,$237.75M,1.61
DCR-XTZ,0.0527,$428.25M,-0.1
VCNT-STRCX,0.0527,$305.24M,2.88
RLB-DASH,0.0526,$501.71M,-0.35
CASH-GOMINING,0.0526,$237.58M,2.2
CHEEMS-XEC,0.0526,$219.77M,-4.01
REUSD-IOTA,0.0526,$315.01M,-3.53
A7A5-BAT,0.0526,$581.62M,-5.7
CAKE-FRXUSD,0.0525,$557.11M,3.16
USAT-STRCX,0.0525,$326.02M,2.78
USDA-BAT,0.0525,$199.59M,-5.47
OUSG-BTT,0.0524,$639.72M,0.32
GNO-XEC,0.0524,$402.10M,2.91
GPS-ACRED,0.0524,$211.05M,4.06
GPS-TRAC,0.0524,$219.68M,7.33
ACRED-A7A5,0.0524,$593.25M,-0.21
1INCH-FF,0.0523,$308.10M,10.25
OZO-CHZ,0.0523,$269.44M,-12.05
TKX-COCO,0.0522,$287.66M,-2.57
BP-AKE,0.0522,$209.76M,482.5
UQC-PEANUT,0.0522,$292.56M,-4.12
JTO-STRCX,0.0522,$409.43M,-9.36
OUSG-AKE,0.0521,$475.77M,490.93
OHM-KITE,0.052,$507.81M,5.6
GALA-AIAT,0.052,$206.59M,-7.33
STAC-USDAI,0.0519,$260.08M,0.2
BTSE-ZAMA,0.0519,$270.92M,44.09
1INCH-XTZ,0.0517,$341.29M,3.59
INJ-AKE,0.0517,$554.76M,491.35
APEPE-USDF,0.0517,$313.20M,-1.35
NXM-SPCXB,0.0516,$172.41M,-7.68
BP-ETHFI,0.0516,$514.13M,6.21
CTOC-XEC,0.0516,$394.46M,10.46
SPX-GLM,0.0515,$396.84M,-7.72
KAU-XPIN,0.0515,$453.20M,1.89
AKT-STRCX,0.0515,$269.19M,-10.67
XTZ-UUSD,0.0515,$325.26M,-9.28
MANA-BTT,0.0515,$390.86M,4.23
LUNC-FRAX,0.0514,$498.96M,-7.5
CARDS-EURC,0.0514,$718.90M,-16.7
SOON-BAT,0.0514,$193.42M,29.75
SOON-ZAMA,0.0514,$227.82M,79.89
OZO-VET,0.0513,$514.25M,2.21
CASH-BP,0.0513,$236.25M,-8.3
A-USDZ,0.0513,$229.68M,-1.4
SUN-SHFL,0.0513,$463.69M,6.52
SOON-REAL,0.0512,$339.07M,31.03
BP-ICNT,0.0511,$215.81M,-17.67
USDA-THETA,0.0511,$222.27M,-0.73
KITE-FRAX,0.0511,$452.07M,-3.14
IMX-USDF,0.051,$339.16M,-0.74
GRX-RAIL,0.051,$213.94M,5.03
SAND-FF,0.051,$317.47M,-7.48
DEXE-AXS,0.0509,$417.77M,-50.8
WEMIX-TRAC,0.0509,$224.09M,-6.61
CARDS-MET,0.0509,$358.28M,-15.57
VELVET-COCO,0.0508,$350.72M,-45.37
TEL-SUN,0.0508,$516.60M,-6.36
GPS-WFI,0.0507,$270.55M,4.21
NFT-MET,0.0507,$353.94M,1.99
CASH-CARDS,0.0506,$390.88M,-16.58
USDA-STRCX,0.0506,$236.97M,2.7
PYTH-FRAX,0.0506,$541.43M,4.21
FRXUSD-SFP,0.0506,$212.65M,-2.34
AXS-NEX,0.0505,$234.02M,-16.69
IMX-SOSO,0.0504,$343.91M,8.9
GPS-CHZ,0.0504,$240.15M,-8.12
NEX-ENS,0.0504,$266.40M,-6.57
VSN-USTBL,0.0503,$311.74M,14.72
VSN-WEMIX,0.0503,$251.32M,4.61
KAU-SHORT,0.0503,$405.86M,-8.27
ICNT-AIAT,0.0503,$219.55M,-7.43
STRCX-VET,0.0502,$529.75M,4.96
RLB-FLOKI,0.0501,$302.78M,-0.4
DRV-BTSE,0.0501,$235.75M,-4.35
CAKE-COCO,0.0501,$631.41M,-4.36
CHEEMS-SHFL,0.0501,$221.72M,-12.67
A7A5-USDF,0.0501,$590.04M,-0.25
SPX-XPIN,0.05,$446.97M,-0.67
OZO-SOSO,0.05,$241.89M,9.72
META-APYUSD,0.05,$253.54M,24.99
GNO-TRAC,0.05,$406.31M,-4.01
ACRED-SNX,0.05,$237.48M,-0.18
CARDS-USAT,0.05,$454.10M,-16.58
WEMIX-TEL,0.0499,$274.74M,-21.22
NEX-AERO,0.0499,$504.70M,-14.38
STRCX-PENGU,0.0499,$512.51M,2.12
RLB-CHEEMS,0.0498,$204.59M,-12.63
FDUSD-TRAC,0.0498,$469.76M,3.39
FF-SOON,0.0498,$282.29M,32.48
REAL-ONYC,0.0498,$495.26M,-3.65
GPS-APYUSD,0.0497,$254.14M,8.44
NEX-SYRUP,0.0497,$297.58M,1.67
OUSG-TKX,0.0496,$483.69M,5.07
AWE-XPIN,0.0496,$250.72M,4.18
VCNT-EURC,0.0496,$614.48M,-0.02
GRT-KAITO,0.0495,$470.61M,54.75
OZO-FLUID,0.0495,$211.58M,16.49
KMNO-USAT,0.0495,$283.25M,1.01
ACRED-FRXUSD,0.0495,$224.96M,0.11
KOGE-AR,0.0495,$330.20M,-8.24
NEX-EIGEN,0.0494,$230.92M,-13.18
JTO-GEOD,0.0494,$362.98M,-12.46
ENS-AIAT,0.0494,$294.05M,4.97
SOSO-ZAMA,0.0494,$254.40M,54.44
GNO-AR,0.0493,$398.70M,-12.06
PENDLE-SHFL,0.0493,$372.05M,7.77
OUSG-DYDX,0.0492,$478.12M,-17.47
BC-USTBL,0.0492,$380.41M,54.59
DEXE-WEMIX,0.0492,$374.50M,-53.7
TKX-ONYC,0.0492,$349.65M,5.41
COCO-SAND,0.0492,$309.41M,-12.33
ULTIMA-BP,0.0492,$295.94M,2.26
REAL-GUSD,0.0492,$398.56M,-4.19
FRXUSD-CRCLON,0.0492,$202.77M,0.36
CHEEMS-XPL,0.0491,$320.90M,-16.96
RAIL-PIEVERSE,0.0491,$271.93M,-14.94
PENDLE-XPIN,0.0491,$395.55M,7.4
GRASS-AKE,0.0491,$311.39M,477.31
TRUMP-SHFL,0.0491,$478.79M,5.76
OZO-STX,0.049,$375.81M,-7.82
TKX-SOSO,0.049,$220.03M,14.63
GRX-XCN,0.049,$253.76M,8.79
CTOC-GUSD,0.049,$424.51M,0.1
UQC-XPIN,0.0489,$252.92M,1.14
UUSD-SPCXB,0.0489,$185.32M,-16.53
1INCH-AWE,0.0488,$221.64M,15.83
VELVET-FRAX,0.0488,$386.57M,-37.67
AWE-USDA,0.0488,$202.00M,2.84
TRAC-PRL,0.0488,$207.74M,10.68
IMX-CRVUSD,0.0487,$439.37M,-0.76
1INCH-COCO,0.0487,$300.04M,5.4
KAITO-ACRED,0.0487,$424.31M,61.97
AWE-USDZ,0.0487,$233.21M,2.8
MANA-AKE,0.0487,$226.91M,494.84
GUSD-AERO,0.0487,$563.88M,-4.84
INJ-KAG,0.0486,$672.93M,-0.79
OZO-XPL,0.0486,$345.88M,-2.63
TWT-BORG,0.0486,$286.74M,-6.17
FET-ZAMA,0.0486,$443.73M,34.94
NXM-UUSD,0.0484,$186.66M,8.94
RLB-XCN,0.0484,$233.93M,-5.28
VELVET-THBILL,0.0484,$284.44M,-37.71
KAITO-PRL,0.0484,$393.34M,69.17
CTOC-RAIL,0.0484,$364.85M,-10.55
USDA-SHFL,0.0484,$217.58M,1.56
EARNETH-GLM,0.0483,$241.70M,5.23
APXUSD-USDAT,0.0483,$434.86M,3.22
CARDS-BAT,0.0483,$372.28M,-21.98
CRVUSD-KITE,0.0482,$444.05M,-3.29
SNX-ZANO,0.0482,$253.60M,-2.79
AVUSD-XCN,0.0482,$245.64M,-6.75
REAL-ZAMA,0.0482,$386.87M,40.62
CVX-FF,0.0481,$327.10M,11.43
GPS-STRK,0.0481,$285.22M,2.02
GLM-CHEEMS,0.0481,$195.08M,-20.1
DRV-XPIN,0.048,$247.54M,-2.43
GRX-GOMINING,0.048,$239.66M,17.93
ZK-UUSD,0.048,$184.14M,-8.46
BP-A7A5,0.048,$592.44M,-8.61
XEC-VET,0.048,$508.41M,12.48
COCO-CHZ,0.0479,$328.36M,-19.59
FARTCOIN-SPCXB,0.0479,$208.55M,-4.65
SOON-GRASS,0.0479,$305.88M,21.66
KAU-XTZ,0.0478,$533.78M,-8.7
USDTB-SFP,0.0478,$458.25M,-1.83
TAG-MON,0.0478,$393.26M,25.3
STAC-BTSE,0.0477,$235.76M,-0.47
INJ-EIGEN,0.0477,$599.83M,-3.03
GRX-EIGEN,0.0477,$264.69M,12.17
GALA-KITE,0.0477,$320.62M,-12.59
SPCXB-RAY,0.0477,$248.54M,-15.69
CASH-AKE,0.0476,$217.54M,490.81
AWE-TAG,0.0476,$250.89M,20.86
WEMIX-TAG,0.0475,$245.49M,7.96
WEMIX-MANA,0.0475,$231.81M,-5.94
USAT-XPIN,0.0475,$330.13M,1.27
ZANO-MET,0.0475,$220.58M,-1.49
ZBT-NFT,0.0475,$378.47M,-1.78
IMX-ZBT,0.0474,$341.27M,-3.55
AIAT-PEANUT,0.0474,$302.52M,-2.07
ONYC-SFP,0.0474,$348.94M,-1.89
GRT-OZO,0.0473,$286.64M,-7.09
DEXE-DASH,0.0473,$671.51M,-45.74
GLM-GOMINING,0.0473,$210.33M,-3.6
MANA-SYRUP,0.0473,$338.63M,15.31
FRAX-XPL,0.0473,$440.65M,-2.47
LUNC-A7A5,0.0472,$757.10M,-7.99
GRT-SOON,0.0472,$251.35M,28.03
CHEEMS-GLIDR,0.0472,$201.70M,-10.22
ZANO-GEOD,0.0472,$225.51M,-2.82
EIGEN-PRL,0.0472,$224.66M,3.73
VELVET-KMNO,0.0471,$264.52M,-36.86
DEXE-TRAC,0.0471,$397.75M,-40.35
VIRTUAL-GLM,0.0471,$464.33M,-2.26
UQC-FRAX,0.0471,$328.09M,0.06
EIGEN-XCN,0.0471,$270.25M,-10.53
KAITO-USDF,0.047,$421.11M,61.92
DRV-KMNO,0.0469,$200.66M,-2.7
TWT-A,0.0469,$250.76M,-1.37
SAND-ZBT,0.0469,$239.13M,-7.57
VSN-USDZ,0.0468,$278.28M,14.47
DYDX-INJ,0.0468,$557.10M,-17.06
DEXE-APEPE,0.0468,$475.44M,-45.13
PIEVERSE-WFI,0.0468,$356.63M,-3.97
DRV-EIGEN,0.0467,$243.24M,-7.27
VELVET-BORG,0.0467,$304.77M,-43.93
2Z-AKE,0.0467,$297.86M,489.16
XTZ-A,0.0467,$327.76M,-10.61
ZANO-SFP,0.0467,$233.89M,-4.86
GRX-SPCXB,0.0466,$209.63M,-0.83
UQC-WEMIX,0.0466,$208.44M,-10.1
USDAI-SUN,0.0466,$499.73M,4.9
GRT-STRCX,0.0465,$302.14M,-4.35
GRT-AKE,0.0465,$256.87M,483.68
VELVET-APEPE,0.0465,$367.86M,-39.26
EIGEN-ONYC,0.0465,$386.80M,-3.1
A-THBILL,0.0465,$220.22M,-1.13
UUSD-GALA,0.0464,$188.40M,-9.22
REUSD-A,0.0464,$269.72M,-1.03
RLB-TRUMP,0.0463,$461.66M,5.81
2Z-ACRED,0.0463,$317.38M,-1.54
NFT-PRL,0.0463,$348.59M,8.28
TKX-ZAMA,0.0462,$241.25M,49.68
USDTB-AWE,0.0461,$461.34M,3.45
SFP-TRUMP,0.0461,$460.12M,1.78
VSN-CARDS,0.046,$419.76M,-1.99
DEXE-CHEEMS,0.046,$374.40M,-58.03
UUSD-ZANO,0.046,$230.95M,-2.46
AWE-ZANO,0.046,$236.98M,0.41
JTO-RAIL,0.046,$358.48M,-22.85
BTSE-FRXUSD,0.046,$243.03M,-0.64
SPCXB-THETA,0.0459,$211.63M,-17.22
GEOD-VET,0.0459,$483.30M,1.87
BAT-ZAMA,0.0459,$241.23M,39.35
BC-DCR,0.0458,$422.35M,63.68
FDUSD-EIGEN,0.0458,$486.69M,-3.55
SPCXB-PIEVERSE,0.0458,$267.62M,-20.8
VELVET-SAND,0.0457,$291.69M,-42.68
GRT-AIAT,0.0456,$279.32M,-5.19
USDTB-AIAT,0.0456,$473.50M,2.46
GRX-SFP,0.0456,$226.83M,13.39
GNO-TEL,0.0456,$456.96M,-18.63
USDAT-SPCXB,0.0456,$225.33M,-16.55
ACRED-FLOKI,0.0456,$313.55M,-1.97
USDA-XPL,0.0456,$316.76M,-2.73
AVUSD-PEANUT,0.0456,$300.51M,-3.79
APR-THETA,0.0455,$322.48M,-7.04
EDGE-AERO,0.0455,$550.35M,-13.34
ZK-VCNT,0.0455,$248.80M,-8.4
CRVUSD-SOSO,0.0455,$328.64M,9.73
TWT-KAITO,0.0454,$457.74M,61.78
ULTIMA-XPIN,0.0453,$326.60M,11.83
FDUSD-SOON,0.0453,$436.11M,35.17
ENS-SOSO,0.0453,$292.66M,12.73
SPX-PYTH,0.0452,$623.44M,2.09
ZBCN-FF,0.0452,$369.56M,-12.52
TKX-KOGE,0.0452,$317.59M,1.37
CTOC-ZAMA,0.0452,$412.81M,44.91
BAT-AKE,0.0452,$198.94M,485.41
IMX-OZO,0.0451,$352.62M,-0.76
USTBL-REUSD,0.0451,$328.27M,0.38
BP-EURCV,0.0451,$263.67M,-8.41
VET-SUN,0.0451,$731.25M,7.07
STAC-CTOC,0.045,$377.65M,0.35
USAT-TAG,0.045,$330.30M,17.95
GRASS-THBILL,0.045,$333.80M,-13.34
APR-ULTIMA,0.0449,$378.09M,4.18
GLM-KITE,0.0449,$326.77M,-9.12
UUSD-AERO,0.0449,$514.16M,-4.73
USAT-WIF,0.0449,$331.57M,-6.23
RLB-KOGE,0.0448,$318.42M,-1.9
DYDX-GALA,0.0448,$186.48M,-26.87
LDO-USAT,0.0448,$488.43M,25.5
OHM-CARDS,0.0448,$544.67M,-7.65
TIBBIR-AIAT,0.0448,$224.46M,5.23
UQC-ONYC,0.0448,$354.22M,0.35
STAC-RLB,0.0447,$206.92M,1.86
TWT-KITE,0.0447,$380.47M,-3.42
AWE-USAT,0.0447,$291.05M,2.93
PYTH-THBILL,0.0447,$439.29M,4.18
SYRUP-SOSO,0.0447,$323.84M,20.97
ZK-XTZ,0.0446,$309.83M,-17.83
TAG-SUN,0.0446,$487.36M,22.83
ZBCN-SUN,0.0445,$519.56M,-4.97
TIA-GOMINING,0.0445,$422.05M,-2.21
CHEEMS-VCNT,0.0445,$264.76M,-14.21
TAG-BAT,0.0445,$248.48M,12.55
RLB-CRVUSD,0.0444,$316.32M,1.71
CASH-BTT,0.0444,$381.49M,0.2
APEPE-KITE,0.0444,$433.36M,-4.73
USTBL-SOSO,0.0444,$277.43M,9.82
NEX-GEOD,0.0444,$184.67M,-9.92
SOON-FRAX,0.0443,$310.08M,35.33
XEC-RAY,0.0443,$282.46M,11.17
DEXE-EURC,0.0442,$724.12M,-43.84
CVX-SUN,0.0442,$477.11M,18.98
XTZ-ICNT,0.0442,$327.05M,-18.69
KAITO-SN64,0.0442,$399.26M,65.38
AVUSD-TEL,0.0442,$290.29M,-11.04
ZBT-SYRUP,0.0442,$321.19M,8.52
BC-AIAT,0.0441,$337.55M,56.4
US-EIGEN,0.0441,$559.56M,221.57
TEL-ZAMA,0.0441,$312.13M,33.5
UQC-FET,0.044,$413.94M,-9.93
GRX-CHZ,0.0439,$268.24M,3.67
ULTIMA-FDUSD,0.0439,$527.80M,10.58
ULTIMA-USDF,0.0439,$293.54M,10.62
AWE-APYUSD,0.0439,$263.95M,7.4
USDA-XEC,0.0439,$215.63M,10.22
TEL-A,0.0439,$276.60M,-12.52
XPIN-SOSO,0.0439,$261.49M,10.96
RLB-MX,0.0438,$254.86M,1.33
USDTB-OZO,0.0438,$480.82M,0.56
CVX-COCO,0.0438,$319.04M,6.59
AWE-GOMINING,0.0438,$221.38M,5.11
GALA-AKE,0.0438,$184.14M,481.54
ENS-XPIN,0.0438,$320.97M,4.3
OUSG-RAY,0.0437,$543.26M,1.01
ZRO-WIF,0.0437,$431.10M,-6.71
STRK-VCNT,0.0437,$353.66M,-1.85
CARDS-THETA,0.0437,$394.96M,-17.24
APXUSD-TAG,0.0436,$440.12M,21.15
USAT-CRCLON,0.0436,$278.08M,0.35
XTZ-SAND,0.0435,$350.66M,-14.14
CRVUSD-TAG,0.0435,$357.12M,17.98
RLB-CARDS,0.0434,$373.14M,-14.91
SPCXB-GUSD,0.0434,$235.04M,-16.64
OZO-GRX,0.0433,$249.39M,15.77
TIA-CRVUSD,0.0433,$518.54M,-4.36
US-ZANO,0.0433,$550.13M,222.64
VELVET-DEXE,0.0432,$440.58M,-81.58
ZBCN-NEX,0.0432,$267.60M,-19.46
VCNT-RAY,0.0432,$327.45M,0.98
WIF-AIAT,0.0432,$264.32M,-4.3
A-WFI,0.0432,$276.83M,-1.02
APEPE-CRCLON,0.0431,$294.21M,-1.06
EARNETH-AKE,0.043,$242.47M,501.83
CAKE-STRCX,0.043,$587.99M,5.93
AWE-BONK,0.043,$370.77M,6.14
USDA-SOSO,0.043,$212.77M,9.62
ZBCN-A,0.0428,$279.56M,-11.13
VIRTUAL-AIAT,0.0428,$487.55M,5.47
TIBBIR-SPCXB,0.0428,$192.02M,-13.28
AVUSD-TRUMP,0.0428,$473.37M,4.34
ENS-FRAX,0.0428,$396.14M,3.22
GLM-UUSD,0.0427,$194.55M,-5.75
FF-BTT,0.0427,$451.76M,-2.47
SN64-AKE,0.0427,$185.51M,494.31
RLB-LDO,0.0426,$407.47M,27.16
DRV-KITE,0.0426,$334.65M,-7.02
VCNT-A,0.0426,$266.73M,-1.18
GUSD-USDZ,0.0426,$276.90M,-0.19
RLB-KAG,0.0425,$317.96M,0.34
KAU-VCNT,0.0425,$472.75M,0.72
CRVUSD-PENGU,0.0425,$583.77M,-0.63
SPCXB-GOMINING,0.0425,$201.10M,-14.38
VSN-A,0.0424,$253.18M,13.31
LDO-ZANO,0.0424,$434.36M,22.98
ULTIMA-KAITO,0.0424,$490.97M,72.44
KAU-ZANO,0.0423,$439.47M,-1.88
GLM-USDZ,0.0423,$222.15M,-5.91
JTO-SHORT,0.0423,$366.19M,-21.04
APXUSD-ETHFI,0.0422,$694.95M,17.71
VCNT-USAT,0.0422,$349.67M,0.1
VELVET-FRXUSD,0.0421,$276.42M,-37.85
TIA-NEX,0.0421,$396.82M,-14.01
APXUSD-ZAMA,0.0421,$432.87M,47.95
UB-MX,0.042,$511.42M,23.22
ZBT-PYTH,0.042,$435.31M,1.27
US-SHORT,0.0419,$516.52M,216.25
SAND-XEC,0.0419,$244.64M,5.48
KMNO-BTSE,0.0418,$231.13M,0.35
US-WEMIX,0.0417,$519.39M,215.16
1INCH-CHEEMS,0.0416,$216.13M,-1.39
GRX-AKE,0.0416,$219.62M,506.54
CTOC-MX,0.0416,$425.59M,-0.18
EURC-SHORT,0.0416,$547.59M,-9.01
ETHFI-SOSO,0.0416,$516.48M,24.2
VELVET-ZAMA,0.0415,$304.31M,6.88
FLUID-DCR,0.0415,$289.06M,25.69
USDA-AKE,0.0415,$191.70M,490.73
EDGE-USAT,0.0414,$321.20M,-8.57
GNO-ULTIMA,0.0414,$464.34M,3.18
CAKE-GLM,0.0414,$541.95M,-2.64
CHEEMS-AERO,0.0414,$514.69M,-19.08
WIF-THBILL,0.0414,$264.28M,-6.09
SHORT-NFT,0.0414,$362.07M,-7.92
OUSG-AXS,0.0413,$523.94M,-6.95
APXUSD-XEC,0.0413,$414.51M,13.5
TRAC-CHZ,0.0413,$267.80M,-8.7
INJ-A7A5,0.0412,$937.44M,0.24
CHEEMS-SAND,0.0412,$225.51M,-19.13
CTOC-TRAC,0.0412,$398.67M,3.54
CTOC-ZANO,0.0411,$406.16M,-2.34
ZBT-XPIN,0.0411,$258.84M,-1.49
RLB-US,0.041,$523.24M,226.82
RLB-PENGU,0.041,$475.99M,1.01
USTBL-GEOD,0.041,$255.19M,-0.18
GLM-ACRED,0.041,$209.80M,-5.7
SHORT-APYUSD,0.041,$255.68M,-4.41
APR-KAITO,0.0409,$505.66M,55.48
GRT-VCNT,0.0409,$325.79M,-7.02
SPCXB-PEANUT,0.0409,$270.07M,-20.57
KOGE-BTT,0.0409,$473.62M,-3.38
CARDS-USDF,0.0408,$380.71M,-16.53
SPCXB-REAL,0.0408,$334.59M,-20.69
RLB-USTBL,0.0407,$265.11M,1.8
BC-SNX,0.0407,$342.00M,54.18
ZANO-MANA,0.0407,$262.54M,1.53
PIEVERSE-A7A5,0.0407,$660.29M,-4.53
DRV-GEOD,0.0406,$196.99M,-4.01
SHORT-PIEVERSE,0.0406,$279.64M,-13.12
UB-OHM,0.0405,$636.64M,32.49
APEPE-BONK,0.0405,$466.31M,1.81
GRX-SAND,0.0405,$249.29M,10.92
GRX-AIAT,0.0405,$242.08M,17.68
GRX-MON,0.0405,$372.29M,23.09
GPS-SHORT,0.0405,$193.56M,-4.94
IOTA-SOSO,0.0405,$264.16M,5.91
EDGE-USDF,0.0404,$247.81M,-8.52
UUSD-KITE,0.0404,$331.79M,-3.29
CARDS-PENDLE,0.0404,$519.52M,-10.44
USDTB-SHFL,0.0403,$476.92M,2.16
UQC-SPCXB,0.0403,$193.55M,-16.69
APR-FLUID,0.0402,$282.68M,10.07
NEO-CARDS,0.0402,$402.64M,-15.97
EIGEN-BONK,0.0402,$405.54M,-0.35
LDO-2Z,0.0401,$505.53M,23.85
KAG-FRAX,0.0401,$433.76M,-1.15
ULTIMA-STRCX,0.0401,$322.49M,13.34
ULTIMA-AR,0.0401,$297.75M,5.89
SOON-NFT,0.0401,$354.53M,36.13
JTO-SHFL,0.04,$390.04M,-10.51
MX-XPIN,0.04,$295.49M,0.92
BTT-ZAMA,0.04,$397.28M,44.94
APXUSD-MX,0.0399,$445.65M,2.86
DCR-EIGEN,0.0399,$343.37M,5.65
XTZ-RAY,0.0399,$388.48M,-8.45
GEOD-SN64,0.0399,$184.34M,3.19
A-USDF,0.0399,$214.13M,-1.23
LUNC-SHFL,0.0398,$400.30M,-6.05
CHEEMS-WEMIX,0.0398,$200.74M,-24.29
CTOC-KOGE,0.0398,$489.15M,-3.41
UUSD-PENGU,0.0398,$471.50M,-0.62
VCNT-VET,0.0398,$553.40M,2.28
NFT-GEOD,0.0397,$358.87M,0.66
MET-WFI,0.0397,$263.96M,1.27
LUNC-KAITO,0.0396,$588.17M,54.18
OZO-GALA,0.0396,$213.91M,-9.23
GNO-AIAT,0.0396,$400.62M,-5.45
ZANO-USDAI,0.0396,$288.60M,-2.49
TEL-BSV,0.0396,$432.81M,-10.42
PYTH-APYUSD,0.0396,$479.49M,8.51
KAG-ONYC,0.0395,$459.90M,-0.87
EARNETH-DEXE,0.0394,$421.02M,-32.7
US-CHZ,0.0394,$563.10M,213.07
VIRTUAL-ZAMA,0.0394,$507.38M,48.28
DCR-BORG,0.0394,$341.05M,3.15
CRCLON-USDF,0.0394,$204.69M,0.4
VSN-PYTH,0.0393,$472.25M,18.62
KAU-APEPE,0.0392,$509.67M,-0.78
CHEEMS-AR,0.0392,$216.37M,-18.98
ULTIMA-A,0.0392,$283.99M,9.28
SFP-BSV,0.0392,$361.22M,-1.53
VSN-OZO,0.0391,$276.19M,14.62
LUNC-COCO,0.0391,$463.12M,-15.2
ACRED-BORG,0.0391,$253.31M,-5.98
STAC-STRCX,0.039,$243.44M,2.96
DEXE-XTZ,0.039,$499.55M,-53.05
OZO-KOGE,0.039,$339.45M,-3.54
ULTIMA-USDAI,0.0389,$339.14M,10.58
BC-JTO,0.0388,$488.21M,42.32
BC-STX,0.0388,$470.09M,46.61
TIA-AKE,0.0388,$402.01M,486.41
SN64-SHFL,0.0388,$211.39M,5.14
IMX-UQC,0.0387,$335.34M,-0.91
SPX-VCNT,0.0387,$466.52M,-1.83
DYDX-DRV,0.0387,$200.51M,-21.3
CASH-TRAC,0.0387,$245.68M,3.38
NEO-PYTH,0.0387,$455.14M,4.63
ZBT-WFI,0.0387,$288.49M,-2.5
THBILL-ZAMA,0.0387,$255.75M,44.89
NXM-GNO,0.0386,$369.51M,1.51
DRV-MET,0.0386,$192.06M,-2.68
EDGE-VCNT,0.0386,$300.42M,-8.47
CVX-META,0.0386,$230.23M,34.61
ZRO-CHEEMS,0.0386,$385.07M,-14.78
USTBL-PENDLE,0.0386,$411.49M,6.27
APXUSD-USDF,0.0386,$406.89M,3.26
SOON-SOSO,0.0386,$206.60M,44.84
GOMINING-A,0.0386,$217.85M,0.91
LDO-GEOD,0.0385,$397.54M,25.17
CHEEMS-CHZ,0.0385,$244.46M,-26.38
XTZ-SYRUP,0.0385,$432.72M,1.95
KOGE-WFI,0.0385,$388.69M,-3.31
OUSG-VIRTUAL,0.0384,$749.82M,3.66
CHEEMS-NEX,0.0384,$190.65M,-23.92
TRAC-AKE,0.0384,$219.19M,494.18
COCO-A,0.0383,$286.51M,-8.79
NEO-XPIN,0.0383,$278.67M,1.87
IMX-TWT,0.0382,$375.79M,-0.88
UB-TEL,0.0382,$535.15M,12.32
GNO-VCNT,0.0382,$447.09M,-7.29
TWT-NEX,0.0382,$238.80M,-9.7
UQC-CRCLON,0.0382,$200.87M,0.23
COCO-STRK,0.0381,$373.43M,-9.45
UQC-USAT,0.0381,$293.25M,-0.11
VCNT-BAT,0.0381,$267.86M,-5.3
A-CRCLON,0.0381,$195.14M,-0.93
LUNC-SOON,0.038,$368.91M,27.46
CASH-GEOD,0.038,$216.36M,-0.31
LDO-SHORT,0.0379,$400.75M,16.59
US-USAT,0.0379,$604.19M,225.15
USAT-GEOD,0.0379,$279.57M,-0.31
DYDX-PYTH,0.0378,$419.23M,-13.58
VELVET-REAL,0.0378,$415.56M,-41.98
GRX-VCNT,0.0378,$288.54M,15.84
WIF-BTSE,0.0378,$279.46M,-6.89
NXM-CHEEMS,0.0377,$187.19M,-5.41
FLUID-KITE,0.0377,$318.29M,13.13
KAITO-GLIDR,0.0377,$410.65M,65.96
APYUSD-COMP,0.0377,$317.45M,6.88
GLIDR-AKE,0.0377,$196.91M,494.89
A7A5-USDAI,0.0377,$635.64M,-0.29
CVX-KAG,0.0376,$348.51M,12.76
SAND-REUSD,0.0376,$292.62M,-4.57
EDGE-DEXE,0.0375,$410.05M,-52.29
INJ-SPCXB,0.0375,$544.77M,-16.03
BC-OHM,0.0375,$495.37M,63.39
APEPE-USDAT,0.0375,$341.16M,-1.39
GPS-ZBT,0.0375,$209.96M,1.2
NEO-AIAT,0.0375,$251.75M,2.54
ULTIMA-BTT,0.0375,$441.17M,10.76
UQC-BONK,0.0375,$372.97M,3.1
REUSD-BSV,0.0375,$425.93M,1.07
NFT-SFP,0.0375,$367.25M,-1.38
EARNETH-GNO,0.0374,$429.59M,3.64
BC-2Z,0.0374,$421.91M,52.82
GPS-ENS,0.0374,$272.08M,6.99
GLM-PENGU,0.0374,$466.48M,-6.46
KMNO-XTZ,0.0374,$323.49M,-8.33
XTZ-ZAMA,0.0374,$363.29M,35.42
ACRED-SPCXB,0.0374,$200.58M,-16.47
BC-ZRO,0.0373,$504.32M,53.99
KAG-NFT,0.0373,$478.21M,-0.36
GPS-VET,0.0372,$484.97M,6.14
FF-NEX,0.0372,$282.61M,-12.27
USDA-USDAI,0.0372,$253.62M,-0.06
DEXE-GALA,0.0371,$362.69M,-52.98
BP-EURC,0.0371,$564.27M,-8.42
ACRED-FF,0.0371,$307.33M,-2.57
APR-AWE,0.037,$302.21M,-3.47
AKT-AKE,0.037,$223.92M,477.36
IOTA-XEC,0.0369,$267.03M,6.52
NFT-A7A5,0.0369,$742.73M,0.67
GEOD-GUSD,0.0369,$243.85M,-0.38
VSN-ENS,0.0368,$326.96M,17.63
STRCX-ETHFI,0.0368,$540.69M,17.29
MON-FRAX,0.0368,$468.26M,7.54
SPX-STRCX,0.0367,$442.87M,0.85
GRT-PYTH,0.0367,$482.70M,-3.1
CVX-AIAT,0.0367,$252.79M,16.03
UUSD-REUSD,0.0367,$267.22M,0.29
AWE-CRCLON,0.0367,$198.67M,3.27
CRVUSD-A,0.0367,$314.34M,-1.24
DEXE-MON,0.0366,$522.27M,-36.37
CRVUSD-SHFL,0.0366,$333.45M,1.67
NXM-META,0.0365,$182.28M,29.4
CHEEMS-KITE,0.0365,$332.32M,-17.64
A-MET,0.0365,$191.71M,-0.26
VSN-2Z,0.0364,$353.23M,12.95
VSN-MET,0.0364,$240.31M,15.61
USDTB-ZRO,0.0364,$640.28M,0.05
VELVET-XCN,0.0364,$296.16M,-44.81
GRX-FLUID,0.0364,$210.38M,32.2
KITE-XPIN,0.0364,$376.90M,-2.07
JTO-SOSO,0.0363,$385.22M,-2.45
UUSD-SNX,0.0362,$222.22M,-0.24
VCNT-SUN,0.0362,$506.73M,4.98
USDA-KITE,0.0362,$328.18M,-3.4
ENS-ZAMA,0.0362,$313.88M,47.78
RLB-TRAC,0.0361,$227.94M,5.05
INJ-ACRED,0.0361,$574.28M,0.64
AKT-GPS,0.0361,$224.40M,-9.49
NEX-ETHFI,0.0361,$490.22M,4.9
LUNC-OUSG,0.036,$659.15M,-7.56
OUSG-USDA,0.036,$476.43M,0.05
USDTB-VCNT,0.036,$519.97M,0.63
VELVET-REUSD,0.036,$333.94M,-37.61
TIA-USDA,0.036,$402.67M,-4.47
USDA-FARTCOIN,0.036,$219.19M,11.85
A-KOGE,0.036,$316.44M,-4.85
GLM-ZANO,0.0359,$225.92M,-8.3
CHEEMS-ZBT,0.0359,$214.26M,-17.06
CRVUSD-GLIDR,0.0359,$313.43M,4.13
PRL-XPIN,0.0359,$228.97M,8.57
BC-NEO,0.0358,$353.34M,55.07
GLIDR-SOSO,0.0358,$217.97M,13.78
RLB-CRCLON,0.0357,$197.12M,2.02
APR-JTO,0.0356,$465.03M,-18.53
GRT-GPS,0.0356,$257.35M,-3.16
2Z-ZBT,0.0356,$316.28M,-4.39
OHM-ZANO,0.0356,$406.97M,6.42
META-XPIN,0.0356,$240.31M,21.77
UUSD-BSV,0.0356,$358.28M,0.86
KOGE-GLIDR,0.0356,$315.53M,0.52
COCO-KAITO,0.0355,$493.49M,54.36
TIA-GRX,0.0354,$430.59M,11.34
XTZ-TRAC,0.0354,$349.14M,-5.95
JTO-A7A5,0.0354,$746.84M,-12.45
SPCXB-GEOD,0.0354,$179.88M,-16.89
SPCXB-CHZ,0.0354,$229.67M,-28.65
UB-A,0.0353,$463.13M,22.28
GLM-USDA,0.0353,$190.94M,-5.87
CRVUSD-SUN,0.0353,$554.34M,4.92
AVUSD-ZAMA,0.0353,$253.79M,44.95
STRCX-SFP,0.0353,$243.53M,0.42
MANA-PEANUT,0.0353,$315.92M,0.04
VSN-AERO,0.0352,$565.27M,9.82
LUNC-VCNT,0.0352,$443.34M,-7.59
RLB-ULTIMA,0.0352,$285.97M,12.24
ZBCN-FLUID,0.0352,$263.56M,6.61
VIRTUAL-GUSD,0.0352,$519.07M,3.47
UUSD-PEANUT,0.0352,$284.32M,-3.96
DEXE-RAIL,0.0351,$363.92M,-54.43
GRX-ONYC,0.0351,$370.30M,16.21
KAG-USAT,0.0351,$398.92M,-1.33
XTZ-BTSE,0.0351,$358.59M,-9.98
KAITO-XPL,0.0351,$529.86M,59.21
VCNT-DASH,0.0351,$561.88M,-1.93
VELVET-MX,0.035,$317.09M,-38.2
APEPE-CRVUSD,0.035,$413.41M,-1.37
LDO-SNX,0.0349,$425.63M,25.21
DEXE-SN64,0.0349,$364.07M,-40.21
TWT-CARDS,0.0349,$417.33M,-16.67
STAC-NEX,0.0347,$192.97M,-9.43
INJ-CARDS,0.0347,$728.10M,-16.04
KAU-NEX,0.0347,$398.64M,-8.98
KAU-GOMINING,0.0346,$423.87M,2.82
ZRO-KOGE,0.0346,$498.90M,-4.05
GRX-ZANO,0.0346,$255.26M,13.24
DEXE-COCO,0.0345,$458.30M,-51.23
GUSD-TRUMP,0.0345,$506.90M,4.06
DASH-PYTH,0.0344,$718.79M,2.0
SHORT-EURCV,0.0344,$246.99M,-9.0
VSN-A7A5,0.0343,$629.10M,14.28
LUNC-AKE,0.0343,$374.42M,483.12
APEPE-ZBT,0.0343,$315.31M,-4.16
GALA-USDAI,0.0343,$246.05M,-9.25
AIAT-BAT,0.0343,$221.39M,-3.46
A7A5-BTT,0.0343,$737.68M,-0.11
NXM-TAG,0.0342,$231.94M,26.84
UB-GRX,0.0342,$484.93M,39.3
WEMIX-ZBT,0.0342,$214.37M,-12.74
DYDX-STRK,0.0341,$287.08M,-19.55
APXUSD-VCNT,0.0341,$459.50M,3.3
FDUSD-CHZ,0.0341,$490.24M,-12.06
INJ-AIAT,0.034,$577.21M,2.48
UUSD-SHFL,0.034,$221.19M,1.68
META-SUN,0.0339,$437.70M,25.39
SN64-GUSD,0.0339,$239.50M,3.44
ONYC-MET,0.0339,$335.62M,1.48
VSN-KITE,0.0338,$382.90M,11.26
TIBBIR-KAITO,0.0338,$415.75M,65.16
IOTA-AVUSD,0.0338,$263.55M,-3.57
A-XPIN,0.0338,$247.19M,-0.02
KOGE-REAL,0.0338,$463.21M,-7.69
SYRUP-USDAI,0.0338,$364.69M,11.29
GUSD-BSV,0.0338,$408.00M,0.75
OUSG-PYTH,0.0337,$701.61M,4.15
EDGE-SPCXB,0.0337,$221.51M,-25.14
WIF-USDF,0.0337,$258.18M,-6.18
PIEVERSE-USDAI,0.0337,$339.52M,-4.21
OUSG-FLUID,0.0336,$466.54M,16.59
DRV-MANA,0.0336,$234.03M,0.34
GRT-XEC,0.0336,$280.80M,3.17
GRX-GLM,0.0336,$218.86M,9.95
KAITO-SHFL,0.0336,$430.67M,63.5
AWE-SNX,0.0336,$228.26M,2.64
UB-CHEEMS,0.0335,$461.15M,9.25
1INCH-SOON,0.0335,$205.83M,48.06
US-CRCLON,0.0335,$511.82M,225.49
USDAT-GOMINING,0.0335,$255.36M,2.21
TIBBIR-AVUSD,0.0335,$222.46M,3.5
TIBBIR-EIGEN,0.0335,$247.08M,-0.28
REUSD-AIAT,0.0335,$285.41M,2.18
ZBCN-GEOD,0.0334,$271.62M,-10.17
META-KMNO,0.0333,$193.44M,21.51
APXUSD-SHORT,0.0333,$392.61M,-5.69
NEO-SHORT,0.0333,$231.33M,-8.29
ENS-APYUSD,0.0333,$334.20M,7.52
KAU-EURCV,0.0332,$457.74M,0.52
GPS-EIGEN,0.0332,$236.60M,0.39
GPS-SFP,0.0332,$198.74M,1.61
UUSD-IOTA,0.0332,$247.36M,-3.74
VELVET-GOMINING,0.0331,$282.07M,-35.67
OZO-FET,0.0331,$431.22M,-9.78
APXUSD-KAITO,0.0331,$604.33M,65.07
APXUSD-CTOC,0.0331,$570.06M,3.37
AWE-PEANUT,0.0331,$290.36M,-1.08
USAT-XPL,0.0331,$405.82M,-2.65
RLB-VELVET,0.033,$270.77M,-36.18
USTBL-FRXUSD,0.033,$270.76M,0.14
FDUSD-WEMIX,0.033,$446.52M,-9.96
DEXE-TWT,0.0329,$422.55M,-43.81
BP-SN64,0.0329,$204.23M,-4.79
ENS-KOGE,0.0329,$390.22M,-0.54
TAG-THBILL,0.0329,$263.00M,18.09
OUSG-RLB,0.0328,$484.52M,1.8
EDGE-ZRO,0.0328,$420.73M,-9.05
AVUSD-PENDLE,0.0328,$366.63M,6.35
ETHFI-KOGE,0.0328,$614.04M,10.94
VSN-STRCX,0.0327,$291.69M,17.37
SPX-COCO,0.0327,$486.30M,-9.44
SPX-NEX,0.0327,$392.40M,-11.54
USDAT-BTSE,0.0327,$272.91M,-0.63
KAITO-CARDS,0.0327,$578.14M,45.29
MON-GUSD,0.0327,$397.70M,7.29
EARNETH-SPCXB,0.0326,$232.48M,-5.55
OZO-2Z,0.0326,$327.63M,-1.61
OZO-FLOKI,0.0326,$323.81M,-2.04
US-PIEVERSE,0.0326,$601.05M,220.92
ZRO-SAND,0.0326,$409.94M,-5.29
APXUSD-EIGEN,0.0325,$435.65M,-0.37
KAG-SN64,0.0325,$303.68M,2.17
CRVUSD-AKE,0.0325,$307.57M,490.84
AIAT-AKE,0.0325,$213.50M,492.74
GRX-XEC,0.0324,$243.55M,26.04
CHEEMS-KMNO,0.0324,$198.34M,-13.31
WEMIX-A,0.0324,$202.71M,-11.26
KITE-BTT,0.0324,$491.48M,-3.13
STAC-BTT,0.0323,$362.12M,0.38
GPS-ZANO,0.0323,$227.17M,1.45
BP-VCNT,0.0323,$278.68M,-8.21
TAG-APYUSD,0.0323,$303.19M,22.43
EURC-GEOD,0.0323,$544.38M,-0.43
MX-A7A5,0.0323,$628.79M,-0.65
BTSE-USDAI,0.0323,$290.55M,-0.64
STRK-SHORT,0.0322,$286.76M,-10.84
EDGE-BTSE,0.0321,$269.09M,-9.22
LDO-A7A5,0.0321,$781.40M,25.18
BC-SFP,0.0321,$322.30M,52.11
GPS-PRL,0.0321,$180.08M,11.26
GPS-AERO,0.0321,$510.38M,-0.81
UUSD-APYUSD,0.0321,$257.91M,4.53
PENGU-KOGE,0.0321,$585.87M,-4.23
OUSG-META,0.032,$475.66M,20.64
DCR-BP,0.032,$317.01M,0.92
USDA-BTSE,0.032,$229.29M,-0.73
DRV-APYUSD,0.0319,$260.77M,0.79
APXUSD-STX,0.0319,$545.57M,-4.65
APXUSD-GOMINING,0.0319,$410.62M,5.39
FF-ENS,0.0319,$368.36M,0.37
REUSD-USDZ,0.0319,$294.82M,0.13
COCO-REUSD,0.0318,$351.65M,-7.26
GRX-GPS,0.0317,$220.11M,19.7
KAG-BORG,0.0317,$351.96M,-7.41
CRVUSD-TRAC,0.0317,$335.72M,3.41
VELVET-APYUSD,0.0316,$324.63M,-33.37
OZO-SAND,0.0316,$250.48M,-4.79
APXUSD-NEX,0.0316,$385.39M,-6.41
AVUSD-AIAT,0.0316,$233.96M,2.14
GEOD-THETA,0.0316,$220.44M,-0.97
DEXE-BORG,0.0315,$412.35M,-49.8
OZO-META,0.0315,$220.71M,20.54
BP-ENS,0.0315,$290.31M,-5.27
STRCX-WFI,0.0315,$315.34M,3.03
XEC-EURCV,0.0315,$268.89M,10.19
OUSG-IOTA,0.0314,$527.82M,-3.65
AKT-SOON,0.0314,$218.40M,21.7
ZANO-ONYC,0.0314,$377.37M,-2.04
USDTB-AERO,0.0313,$769.90M,-4.24
TIA-COCO,0.0313,$490.71M,-11.91
GLM-DASH,0.0313,$492.20M,-7.82
USAT-EURC,0.0313,$635.26M,-0.11
KAITO-USDA,0.0312,$405.45M,61.8
CTOC-VCNT,0.0312,$439.45M,0.26
DCR-BTSE,0.0311,$335.89M,8.57
CHEEMS-USDAI,0.0311,$257.76M,-14.3
ACRED-REAL,0.0311,$364.10M,-4.02
PENDLE-ZAMA,0.0311,$388.46M,50.88
CRVUSD-PIEVERSE,0.031,$394.13M,-4.19
BC-GOMINING,0.0309,$335.13M,56.65
COCO-BAT,0.0309,$287.64M,-12.91
SNX-TRUMP,0.0309,$479.82M,3.85
PIEVERSE-GUSD,0.0309,$331.59M,-4.29
APR-BTT,0.0308,$455.86M,-6.19
DEXE-PIEVERSE,0.0308,$456.16M,-47.95
CASH-FRXUSD,0.0308,$231.94M,0.02
GOMINING-KOGE,0.0308,$329.71M,-1.38
OUSG-WEMIX,0.0307,$480.67M,-9.85
KAU-SUN,0.0307,$650.60M,5.51
ZBCN-NFT,0.0307,$441.80M,-8.88
XTZ-USDF,0.0307,$337.31M,-9.27
STRK-AIAT,0.0307,$307.19M,-0.01
EDGE-CARDS,0.0306,$404.84M,-25.16
ZRO-FLOKI,0.0306,$483.26M,-2.55
GNO-UQC,0.0306,$390.66M,-7.51
KAG-PENDLE,0.0305,$464.34M,4.8
KMNO-BAT,0.0305,$201.44M,-4.4
ACRED-ENS,0.0305,$291.11M,3.13
AVUSD-EURC,0.0305,$566.01M,0.09
APEPE-XTZ,0.0304,$426.83M,-10.73
CHEEMS-TRAC,0.0304,$223.98M,-10.93
APR-KAG,0.0303,$410.08M,-7.73
ZBCN-AIAT,0.0303,$295.25M,-7.92
WEMIX-SOSO,0.0303,$217.01M,-0.29
ACRED-IOTA,0.0303,$262.62M,-3.68
META-RAY,0.0302,$258.42M,21.39
KAITO-BSV,0.0302,$567.76M,62.69
FDUSD-AKE,0.0302,$441.62M,490.82
CVX-USDA,0.0301,$230.99M,14.02
TWT-WFI,0.0301,$323.01M,0.16
DCR-TAG,0.0301,$347.85M,27.17
KAG-GUSD,0.0301,$363.20M,-1.41
VET-AKE,0.0301,$484.48M,492.99
GLIDR-A7A5,0.0301,$579.59M,3.78
TIA-XPIN,0.03,$451.39M,-3.13
US-REUSD,0.03,$586.40M,225.39
USDAT-PYTH,0.0299,$461.16M,4.04
ACRED-FET,0.0299,$420.96M,-9.71
CARDS-PENGU,0.0299,$640.58M,-17.24
GOMINING-MX,0.0299,$266.15M,1.85
GEOD-XPL,0.0299,$314.93M,-2.97
OUSG-COMP,0.0298,$539.57M,2.52
APR-GRX,0.0298,$320.49M,9.35
COCO-VCNT,0.0298,$348.66M,-7.41
GLM-WIF,0.0298,$241.11M,-12.03
FLOKI-PYTH,0.0298,$519.87M,1.95
USDA-A,0.0298,$198.47M,-1.36
GEOD-FRXUSD,0.0298,$204.27M,-0.3
DYDX-PRL,0.0297,$181.94M,-10.3
KAU-PIEVERSE,0.0297,$490.39M,-3.6
BP-WFI,0.0297,$288.78M,-8.05
OUSG-GNO,0.0296,$662.89M,-7.26
APEPE-THBILL,0.0296,$319.29M,-1.25
AXS-SOSO,0.0296,$260.28M,2.61
CRVUSD-BTSE,0.0296,$345.16M,-0.61
USDA-ZANO,0.0296,$227.34M,-2.58
ZBCN-CARDS,0.0295,$446.14M,-26.43
MX-SOSO,0.0295,$267.18M,9.35
DYDX-TRAC,0.0294,$221.53M,-14.23
TIA-SHORT,0.0294,$404.04M,-13.3
DCR-XPIN,0.0294,$347.67M,10.49
FDUSD-EURC,0.0294,$796.13M,-0.1
US-COCO,0.0293,$603.19M,217.63
AVUSD-FRXUSD,0.0293,$225.90M,0.22
SPX-DEXE,0.0292,$576.16M,-45.65
UB-TRUMP,0.0292,$718.23M,27.69
US-FLOKI,0.0292,$617.47M,223.07
OZO-WFI,0.0291,$299.84M,0.28
USTBL-PEANUT,0.0291,$345.38M,-3.87
ZANO-WIF,0.0291,$277.50M,-8.74
KAG-MANA,0.029,$345.08M,2.7
USAT-ZBT,0.029,$299.17M,-2.75
NEX-PENDLE,0.029,$340.98M,-3.47
GNO-AKE,0.0289,$378.17M,483.42
CAKE-XEC,0.0289,$566.65M,13.45
GOMINING-AKE,0.0289,$211.09M,492.99
EURC-BTSE,0.0289,$583.15M,-0.77
PENDLE-SOSO,0.0289,$367.24M,15.83
CVX-GRX,0.0287,$258.91M,29.84
META-COCO,0.0287,$279.64M,13.0
TWT-PYTH,0.0287,$469.83M,3.93
COCO-VET,0.0287,$573.18M,-5.33
DASH-CARDS,0.0287,$666.30M,-18.61
PYTH-ONYC,0.0287,$567.57M,4.49
GRT-COCO,0.0286,$345.57M,-14.63
XEC-PEANUT,0.0286,$303.99M,6.3
EIGEN-USDZ,0.0286,$267.98M,-3.69
UB-A7A5,0.0285,$839.04M,23.26
OUSG-ZANO,0.0285,$511.41M,-2.38
LDO-EURCV,0.0285,$452.63M,25.39
ZRO-EIGEN,0.0285,$425.35M,-4.05
ZRO-NEO,0.0284,$418.53M,0.14
DCR-CRVUSD,0.0284,$414.83M,9.26
FRXUSD-XPIN,0.0284,$254.82M,1.27
CTOC-USAT,0.0283,$460.23M,0.17
OZO-APXUSD,0.0282,$420.35M,3.23
OUSG-GRT,0.0281,$541.59M,-6.99
KAU-SOON,0.0281,$398.32M,35.78
LDO-TRAC,0.0281,$426.86M,28.86
ZAMA-XPL,0.0281,$358.40M,42.09
UUSD-EURC,0.028,$549.82M,-0.07
GRX-PENGU,0.0279,$495.82M,15.08
DCR-ZAMA,0.0279,$340.59M,53.97
KAG-KAITO,0.0279,$522.96M,60.53
SOON-TRAC,0.0279,$213.68M,38.52
BTSE-AKE,0.0279,$228.63M,490.15
IMX-APR,0.0278,$423.71M,-7.18
GRX-TAG,0.0278,$269.17M,33.68
META-ULTIMA,0.0278,$277.11M,31.07
GLM-TRUMP,0.0278,$452.15M,-1.66
UUSD-CRCLON,0.0278,$192.64M,0.39
AWE-REAL,0.0278,$354.88M,-1.2
SN64-ZAMA,0.0278,$227.80M,48.25
EARNETH-COCO,0.0277,$331.16M,3.51
FLUID-SNX,0.0277,$208.72M,16.18
DCR-NEX,0.0277,$293.11M,-0.39
BC-SHFL,0.0276,$340.97M,56.09
XTZ-KITE,0.0276,$457.48M,-12.66
AWE-NEX,0.0276,$196.15M,-6.69
AVUSD-AR,0.0276,$232.03M,-4.46
RAIL-SOSO,0.0276,$206.43M,-1.02
LDO-CARDS,0.0275,$572.06M,8.91
USTBL-XPL,0.0275,$381.43M,-2.53
META-UQC,0.0275,$203.43M,20.39
FRXUSD-GUSD,0.0275,$259.43M,-0.06
UUSD-DASH,0.0273,$497.22M,-1.98
KOGE-PRL,0.0273,$298.22M,3.73
XPIN-ZAMA,0.0273,$282.71M,46.01
APR-ZBT,0.0272,$310.34M,-9.14
USAT-KOGE,0.0272,$399.38M,-3.56
ZANO-EIGEN,0.0272,$271.75M,-6.08
SPCXB-A7A5,0.0272,$563.74M,-16.88
KOGE-SUN,0.0272,$556.44M,1.31
AKE-FET,0.0272,$401.44M,481.0
DYDX-SN64,0.0271,$187.86M,-14.09
VELVET-VCNT,0.0271,$330.95M,-37.76
OHM-STRCX,0.0271,$416.60M,11.71
FARTCOIN-AKE,0.0271,$218.53M,502.73
BC-GPS,0.027,$315.58M,58.42
DEXE-OZO,0.027,$399.38M,-43.69
CASH-AIAT,0.027,$240.00M,1.94
ULTIMA-THBILL,0.027,$299.63M,10.72
KAITO-FF,0.027,$501.55M,59.21
AWE-GEOD,0.027,$200.17M,2.6
VELVET-STX,0.0269,$417.02M,-45.71
ENS-PYTH,0.0269,$497.43M,7.06
VCNT-TRUMP,0.0268,$521.83M,4.23
DRV-JASMY,0.0267,$314.23M,-3.51
KAITO-ETHFI,0.0267,$709.16M,76.38
ACRED-GUSD,0.0267,$264.55M,0.03
UUSD-FET,0.0267,$405.70M,-9.76
SPCXB-CRCLON,0.0267,$178.39M,-16.22
VELVET-XTZ,0.0266,$391.98M,-47.19
VCNT-XCN,0.0266,$294.10M,-6.86
SPX-UUSD,0.0265,$401.86M,-1.89
APEPE-KOGE,0.0265,$415.51M,-4.98
KAG-MON,0.0265,$461.89M,6.01
BC-SN64,0.0264,$309.56M,57.97
KMNO-THETA,0.0264,$224.11M,0.35
STRK-SOON,0.0264,$279.22M,33.21
ZANO-XCN,0.0264,$260.82M,-9.46
GOMINING-RAIL,0.0264,$205.41M,-8.52
SPX-ZRO,0.0263,$586.83M,-2.41
STAC-KAG,0.0263,$316.34M,-1.15
DRV-AWE,0.0263,$208.46M,-0.78
GLM-RAIL,0.0263,$184.61M,-16.51
JTO-USDF,0.0263,$380.47M,-12.09
OUSG-BC,0.0262,$599.82M,54.59
STAC-AWE,0.0262,$208.46M,3.1
INJ-PYTH,0.0262,$780.60M,4.57
2Z-USDF,0.0262,$314.17M,-1.58
VCNT-CARDS,0.0262,$433.31M,-16.48
NEX-FARTCOIN,0.0262,$213.34M,2.32
ACRED-SHFL,0.0261,$236.44M,1.73
FF-PEANUT,0.0261,$376.82M,-6.67
ULTIMA-MX,0.026,$332.29M,10.22
VCNT-JASMY,0.026,$376.03M,0.29
NEX-AR,0.026,$206.38M,-14.28
DRV-FLUID,0.0259,$188.93M,12.77
XTZ-JTO,0.0259,$494.11M,-21.47
GOMINING-EIGEN,0.0259,$256.16M,-1.38
RAY-GUSD,0.0259,$312.51M,0.81
OUSG-USDTB,0.0258,$735.77M,0.66
RLB-TAG,0.0258,$249.34M,19.62
TWT-SOSO,0.0258,$265.06M,9.6
ZK-KAG,0.0258,$298.05M,-9.84
UUSD-EIGEN,0.0258,$240.38M,-3.53
SHORT-BTT,0.0258,$357.03M,-8.7
CHZ-A7A5,0.0258,$622.34M,-12.38
USDTB-A,0.0257,$457.81M,-0.75
EIGEN-PYTH,0.0257,$461.95M,0.45
2Z-XPIN,0.0256,$347.23M,-0.37
META-BORG,0.0256,$233.68M,14.43
DCR-ZANO,0.0256,$333.94M,6.72
KAG-FET,0.0256,$519.61M,-11.14
SHORT-GRASS,0.0256,$313.42M,-22.39
VSN-TAG,0.0255,$295.96M,32.53
KAG-CRVUSD,0.0255,$425.74M,-1.3
REUSD-GEOD,0.0255,$261.78M,-0.07
OUSG-GRX,0.0254,$504.35M,15.87
RLB-OHM,0.0254,$380.08M,10.6
JTO-AVUSD,0.0254,$384.61M,-11.93
STRCX-JASMY,0.0254,$352.38M,2.97
SOSO-GUSD,0.0254,$266.09M,9.63
LUNC-EIGEN,0.0253,$419.49M,-11.26
VELVET-AR,0.0253,$282.56M,-42.53
CASH-ULTIMA,0.0253,$303.72M,10.57
KAG-VCNT,0.0253,$378.14M,-1.24
CHEEMS-STX,0.0253,$350.84M,-22.16
KAITO-NFT,0.0253,$573.79M,62.85
AWE-AVUSD,0.0253,$221.80M,3.13
ONYC-TRUMP,0.0253,$603.60M,4.6
LDO-CTOC,0.0252,$578.20M,25.65
LDO-EURC,0.0252,$753.23M,25.37
EARNETH-META,0.0252,$242.36M,31.53
GRX-NFT,0.0252,$388.62M,16.72
MANA-GLIDR,0.0252,$232.77M,8.13
SPX-CRVUSD,0.0251,$514.13M,-1.89
BC-PENDLE,0.0251,$470.22M,60.6
ZRO-XTZ,0.0251,$510.23M,-9.8
KMNO-SN64,0.025,$188.01M,4.51
FDUSD-VCNT,0.025,$510.54M,0.12
FDUSD-GOMINING,0.025,$461.66M,2.21
OUSG-GALA,0.0249,$468.86M,-9.13
CASH-APXUSD,0.0249,$417.07M,3.21
SFP-BONK,0.0249,$367.68M,0.86
RLB-KAU,0.0248,$412.58M,2.3
RLB-META,0.0248,$199.69M,22.18
EDGE-TRUMP,0.0248,$493.36M,-4.44
ZBT-COMP,0.0248,$273.27M,-0.36
DEXE-NEX,0.0247,$364.41M,-53.33
AIAT-MON,0.0247,$366.17M,9.29
ETHFI-APYUSD,0.0247,$558.02M,18.99
ONYC-AERO,0.0247,$660.58M,-4.3
ICNT-ZBT,0.0246,$215.52M,-12.12
AVUSD-USDZ,0.0246,$243.37M,0.09
APR-MON,0.0245,$444.58M,0.96
BC-WEMIX,0.0245,$319.99M,44.48
VCNT-BTT,0.0245,$423.92M,0.29
OUSG-A,0.0244,$482.54M,-1.15
OHM-VCNT,0.0244,$440.25M,9.03
USAT-BSV,0.0244,$443.72M,0.83
OZO-JTO,0.0243,$393.93M,-12.11
APEPE-REUSD,0.0243,$368.79M,-1.16
COCO-COMP,0.0243,$343.55M,-5.12
2Z-AVUSD,0.0242,$318.31M,-1.43
CTOC-REUSD,0.0242,$442.44M,0.41
ICNT-TAG,0.0242,$246.64M,8.58
USDA-COMP,0.0242,$255.50M,2.32
STAC-ZAMA,0.0241,$240.46M,44.93
EDGE-AWE,0.0241,$241.80M,-5.65
VELVET-NEX,0.0241,$256.83M,-47.47
TKX-GNO,0.0241,$386.09M,-2.45
META-BP,0.0241,$209.65M,12.21
GRT-CHEEMS,0.024,$261.66M,-21.43
META-ACRED,0.024,$210.46M,20.61
VSN-CRVUSD,0.0239,$362.94M,14.63
DYDX-ONYC,0.0239,$344.07M,-17.14
EDGE-TAG,0.0239,$281.04M,9.37
TIBBIR-ICNT,0.0239,$208.06M,-6.07
UUSD-TAG,0.0239,$244.85M,17.99
AWE-GUSD,0.0239,$255.33M,2.85
FF-RAIL,0.0239,$282.13M,-13.38
UB-RAIL,0.0238,$450.68M,12.85
BC-GNO,0.0238,$502.21M,47.08
COCO-FARTCOIN,0.0238,$307.23M,4.41
NXM-APR,0.0237,$283.26M,2.51
DYDX-MET,0.0237,$187.28M,-16.59
APR-TKX,0.0237,$299.83M,-1.45
GLM-BP,0.0237,$209.00M,-14.1
IOTA-AIAT,0.0237,$265.55M,-1.84
THETA-SUN,0.0237,$468.38M,4.23
UB-FRXUSD,0.0236,$470.76M,23.57
LDO-APEPE,0.0236,$504.56M,24.08
AXS-ACRED,0.0236,$258.73M,-6.98
XTZ-SHFL,0.0236,$346.87M,-7.69
CARDS-SN64,0.0236,$358.86M,-13.07
KAU-KMNO,0.0235,$406.33M,1.63
ICNT-AERO,0.0235,$515.94M,-14.13
STRCX-USDF,0.0235,$252.63M,2.83
RAY-GEOD,0.0235,$257.35M,0.56
GPS-SN64,0.0234,$186.00M,7.47
IOTA-ZAMA,0.0234,$285.39M,40.96
STAC-GRX,0.0233,$226.74M,15.92
LDO-GRASS,0.0233,$519.07M,12.0
ZRO-DASH,0.0233,$682.19M,-2.5
TAG-VET,0.0233,$534.02M,20.13
TAG-AR,0.0233,$261.12M,13.27
WFI-USDF,0.0233,$286.38M,0.31
KAU-BC,0.0232,$527.88M,55.09
CAKE-PYTH,0.0232,$768.55M,7.17
CHEEMS-REUSD,0.0232,$267.75M,-14.06
UQC-APYUSD,0.0232,$266.15M,4.36
REUSD-BONK,0.0232,$432.38M,3.47
LUNC-UUSD,0.0231,$378.68M,-7.64
CASH-XEC,0.0231,$241.47M,10.3
TKX-AKE,0.0231,$198.97M,495.74
VET-ONYC,0.0231,$635.16M,2.65
LUNC-GUSD,0.023,$428.40M,-7.75
STAC-TWT,0.023,$251.11M,0.09
LDO-WEMIX,0.023,$403.62M,15.51
GPS-PEANUT,0.023,$280.55M,-0.04
SPCXB-GRASS,0.023,$301.40M,-30.06
VSN-SFP,0.0229,$253.63M,12.24
APEPE-NEX,0.0229,$291.69M,-11.01
RAY-AKE,0.0229,$258.53M,491.68
BTT-SHFL,0.0229,$380.87M,1.83
DRV-NFT,0.0228,$367.17M,-2.72
CASH-ZANO,0.0228,$253.18M,-2.5
GPS-BTSE,0.0228,$229.12M,3.31
GOMINING-TRUMP,0.0228,$472.95M,6.32
EURC-MX,0.0228,$600.62M,-0.46
USTBL-SHFL,0.0226,$282.24M,1.76
COCO-AKE,0.0226,$279.74M,483.29
NEO-APYUSD,0.0226,$291.90M,5.09
KMNO-CRCLON,0.0226,$190.87M,1.35
SNX-BSV,0.0226,$380.93M,0.54
VSN-SOON,0.0225,$240.90M,49.74
VELVET-SFP,0.0225,$269.23M,-40.21
2Z-ZAMA,0.0225,$340.15M,43.1
COCO-CHEEMS,0.0225,$284.54M,-21.82
KAG-REAL,0.0225,$462.75M,-5.46
STRK-ZBT,0.0225,$303.16M,-4.7
AWE-ENS,0.0225,$281.89M,5.95
SNX-SOON,0.0225,$212.44M,34.87
USDA-KOGE,0.0225,$310.33M,-3.65
TRAC-THBILL,0.0225,$241.60M,3.52
MANA-THBILL,0.0225,$249.32M,4.19
XTZ-KAITO,0.0224,$534.74M,52.54
SNX-THBILL,0.0223,$240.37M,-0.13
SPCXB-PYTH,0.0223,$406.90M,-12.55
APR-RAY,0.0222,$359.40M,-5.51
JTO-MX,0.0222,$419.23M,-12.49
FLUID-SOON,0.0221,$176.30M,51.61
DCR-AKE,0.0221,$298.30M,500.03
NEO-KITE,0.0221,$365.78M,-2.72
KMNO-TRAC,0.0221,$221.69M,4.37
ICNT-EIGEN,0.0221,$242.16M,-12.93
USAT-PIEVERSE,0.0221,$367.31M,-4.22
APR-USDF,0.022,$308.23M,-6.33
USDTB-DEXE,0.022,$629.60M,-43.19
BC-IOTA,0.022,$367.14M,50.68
CVX-CRVUSD,0.022,$346.87M,14.13
AKT-GLM,0.022,$223.16M,-19.24
WIF-GUSD,0.022,$295.85M,-6.3
APEPE-VCNT,0.0219,$365.80M,-1.31
KAG-PIEVERSE,0.0219,$395.77M,-5.56
VCNT-AIAT,0.0219,$282.42M,2.03
XTZ-A7A5,0.0218,$703.68M,-9.63
KAITO-VET,0.0218,$698.23M,64.06
TAG-KITE,0.0218,$377.07M,14.61
FRAX-USDF,0.0218,$331.90M,0.24
GPS-MON,0.0217,$344.20M,11.31
NEO-ACRED,0.0217,$248.82M,0.71
XTZ-CHZ,0.0217,$369.61M,-21.4
NEX-JASMY,0.0217,$301.92M,-9.42
XEC-THETA,0.0217,$245.55M,9.64
A-APYUSD,0.0217,$260.42M,3.2
LUNC-SPCXB,0.0216,$364.43M,-24.26
GPS-MET,0.0216,$185.43M,4.98
KAG-THBILL,0.0216,$331.63M,-1.19
SNX-ZAMA,0.0216,$260.25M,44.46
SOSO-WFI,0.0216,$291.13M,9.95
OUSG-KOGE,0.0215,$594.40M,-3.44
KAITO-BAT,0.0215,$412.68M,56.47
CHEEMS-STRCX,0.0214,$241.11M,-11.53
UUSD-ZBT,0.0214,$213.73M,-2.71
MET-SUN,0.0214,$431.71M,5.9
1INCH-XPIN,0.0213,$260.71M,14.18
COCO-DCR,0.0213,$387.00M,1.71
COCO-ULTIMA,0.0213,$365.92M,3.05
MANA-XPIN,0.0213,$276.28M,5.3
BTT-XPIN,0.0213,$404.37M,1.46
INJ-ZRO,0.0212,$743.99M,0.07
TWT-BSV,0.0212,$406.96M,0.73
SNX-REUSD,0.0212,$289.87M,-0.03
CARDS-GALA,0.0212,$357.48M,-25.84
AVUSD-EURCV,0.0212,$265.41M,0.11
VSN-GOMINING,0.0211,$266.46M,16.78
APR-STX,0.0211,$446.91M,-14.24
WEMIX-USDF,0.0211,$212.26M,-9.93
CARDS-EURCV,0.0211,$418.30M,-16.69
USDA-TEL,0.0211,$270.49M,-11.32
USDAI-XPL,0.0211,$378.02M,-2.64
APEPE-COCO,0.021,$385.58M,-8.92
XEC-STX,0.021,$369.97M,2.45
GRT-FF,0.0209,$353.63M,-9.79
GALA-SHORT,0.0209,$186.17M,-18.16
SYRUP-SFP,0.0209,$309.98M,8.92
USDTB-PIEVERSE,0.0208,$537.60M,-3.7
AIAT-CHZ,0.0208,$262.12M,-10.14
UB-AIAT,0.0207,$478.82M,25.5
STAC-COCO,0.0207,$286.86M,-7.33
CVX-EIGEN,0.0207,$275.41M,10.53
JTO-ONYC,0.0207,$514.84M,-11.67
SOON-MX,0.0207,$240.60M,34.8
GPS-NFT,0.0206,$360.53M,4.94
USDA-SN64,0.0206,$186.17M,3.43
VSN-SNX,0.0205,$273.33M,14.31
EDGE-LDO,0.0205,$439.17M,16.92
GRX-EURC,0.0205,$574.13M,15.63
ZK-SOON,0.0205,$174.36M,26.65
KMNO-UQC,0.0205,$206.04M,0.88
AIAT-JASMY,0.0205,$329.57M,2.12
IMX-COCO,0.0204,$411.54M,-8.3
OUSG-GLIDR,0.0204,$481.63M,4.22
BC-SHORT,0.0204,$317.12M,45.56
META-DCR,0.0204,$298.19M,29.73
NEX-CHZ,0.0204,$234.47M,-21.68
SPCXB-AKE,0.0204,$181.06M,474.23
VSN-APEPE,0.0203,$352.25M,13.19
GRX-FLOKI,0.0203,$322.61M,13.67
WEMIX-FRAX,0.0203,$320.49M,-9.8
USAT-A7A5,0.0203,$663.43M,-0.3
AVUSD-RAIL,0.0203,$205.82M,-10.5
VSN-CVX,0.0202,$285.71M,28.69
UB-UQC,0.0202,$468.86M,23.44
LDO-PYTH,0.0202,$624.56M,29.51
META-BTSE,0.0202,$228.53M,19.86
PENGU-AIAT,0.0202,$489.70M,1.27
VELVET-GRX,0.0201,$290.60M,-22.12
DEXE-BTSE,0.0201,$407.19M,-44.37
CASH-WFI,0.0201,$296.56M,0.26
TIBBIR-ZBT,0.0201,$220.43M,0.54
PENDLE-AKE,0.0201,$346.17M,496.94
TKX-META,0.02,$198.86M,25.45
TWT-USDA,0.02,$244.64M,-0.17
VCNT-WFI,0.02,$338.99M,0.35
REUSD-USDF,0.02,$279.27M,0.3
AERO-ZAMA,0.02,$552.18M,39.97
DEXE-XEC,0.0199,$393.54M,-33.42
CHEEMS-GRASS,0.0199,$316.19M,-27.8
USDA-GOMINING,0.0199,$211.74M,2.12
COCO-THETA,0.0198,$310.31M,-8.16
ICNT-THBILL,0.0198,$219.51M,-9.21
APXUSD-COMP,0.0197,$454.38M,5.6
UQC-ICNT,0.0197,$209.59M,-9.48
REUSD-EURCV,0.0197,$316.87M,0.15
DYDX-AKT,0.0196,$226.26M,-31.05
CVX-GPS,0.0196,$230.82M,18.06
GNO-USDZ,0.0196,$410.03M,-7.5
ZANO-TAG,0.0196,$276.23M,15.44
NEX-ZAMA,0.0196,$228.14M,35.13
OUSG-REUSD,0.0195,$547.68M,0.38
USTBL-GUSD,0.0195,$310.35M,0.06
TAG-STX,0.0195,$395.59M,10.09
GOMINING-ZBT,0.0195,$229.51M,-0.56
ZBCN-CRVUSD,0.0194,$389.32M,-9.82
UQC-TAG,0.0194,$253.09M,17.82
APR-ZAMA,0.0193,$334.20M,38.36
SPCXB-KITE,0.0193,$317.54M,-19.9
XEC-ONYC,0.0192,$365.66M,10.76
KOGE-SHFL,0.0192,$335.55M,-1.94
DEXE-PEANUT,0.0191,$458.62M,-47.72
TWT-SHORT,0.0191,$246.02M,-8.99
KMNO-KAITO,0.0191,$407.29M,62.87
FDUSD-BAT,0.0191,$449.51M,-5.38
NEX-SN64,0.0191,$180.32M,-6.1
SN64-SFP,0.0191,$192.72M,1.15
CASH-XPIN,0.019,$266.91M,1.27
AXS-CHEEMS,0.019,$244.01M,-21.39
KOGE-USDZ,0.019,$341.54M,-3.69
VSN-TEL,0.0189,$325.21M,3.35
CASH-KAG,0.0188,$335.71M,-1.33
CASH-ZAMA,0.0188,$259.83M,44.75
FF-USDZ,0.0188,$319.67M,-2.78
KITE-KOGE,0.0188,$446.15M,-6.9
PYTH-NFT,0.0188,$585.88M,5.0
VSN-ZRO,0.0187,$435.65M,14.12
ACRED-JTO,0.0187,$383.68M,-12.04
ULTIMA-USAT,0.0186,$366.93M,10.57
STAC-ZRO,0.0185,$387.40M,-0.29
APR-USDAT,0.0185,$336.19M,-6.37
DEXE-FF,0.0185,$466.37M,-46.39
PENGU-GEOD,0.0185,$466.06M,-0.98
VSN-PRL,0.0184,$234.96M,21.89
LUNC-CARDS,0.0184,$547.77M,-24.27
EDGE-GEOD,0.0184,$230.32M,-8.89
VELVET-ZANO,0.0184,$297.66M,-40.37
ZRO-PEANUT,0.0184,$469.29M,-4.48
OUSG-DRV,0.0183,$482.89M,-3.57
CHEEMS-PEANUT,0.0183,$284.85M,-18.31
STRCX-XCN,0.0183,$270.45M,-4.18
STX-AIAT,0.0183,$368.50M,-5.92
LDO-A,0.0182,$405.49M,24.21
ENS-FRXUSD,0.0182,$285.99M,3.05
DEXE-SAND,0.0181,$399.27M,-48.54
ZRO-FLUID,0.0181,$371.04M,15.99
ZRO-BAT,0.0181,$388.17M,-5.87
TWT-KMNO,0.0181,$246.49M,0.91
VSN-TIA,0.018,$457.38M,10.19
RLB-SOON,0.018,$194.28M,36.82
DYDX-USDZ,0.018,$225.26M,-17.72
APR-MET,0.018,$285.81M,-5.37
XTZ-AWE,0.018,$331.29M,-6.41
SOSO-XCN,0.018,$246.25M,2.74
VIRTUAL-NFT,0.0179,$634.09M,4.51
USTBL-TAG,0.0179,$305.91M,18.07
DCR-GUSD,0.0179,$352.28M,9.16
GLM-REAL,0.0179,$343.82M,-9.91
SAND-TAG,0.0179,$270.26M,13.13
TRAC-PIEVERSE,0.0179,$305.75M,-0.85
PYTH-AR,0.0179,$437.41M,-0.65
A7A5-AKE,0.0179,$573.73M,490.5
UB-KAITO,0.0178,$670.11M,85.43
APR-KITE,0.0178,$428.39M,-9.72
DCR-KAITO,0.0178,$512.05M,71.09
KAITO-A,0.0178,$411.56M,60.59
DEXE-PYTH,0.0177,$595.44M,-39.7
ZRO-TAG,0.0177,$429.82M,17.47
ZRO-ZAMA,0.0177,$422.57M,44.27
AWE-JTO,0.0177,$374.46M,-9.22
STRCX-FRXUSD,0.0177,$250.72M,2.79
AERO-AKE,0.0177,$509.90M,486.03
APR-WEMIX,0.0175,$296.81M,-16.37
UUSD-JASMY,0.0175,$311.37M,0.23
XEC-EURC,0.0175,$569.49M,10.18
EIGEN-REAL,0.0175,$389.65M,-7.69
DEXE-FDUSD,0.0174,$620.18M,-43.7
ZBT-ZAMA,0.0174,$251.76M,41.99
OUSG-ZRO,0.0173,$665.00M,-0.35
USDTB-GPS,0.0173,$451.53M,4.49
STRCX-NFT,0.0172,$405.32M,3.75
BORG-XPIN,0.0172,$283.17M,-4.81
NXM-GUSD,0.0171,$236.38M,8.83
GRX-FRAX,0.0171,$344.16M,15.93
GPS-XTZ,0.0171,$321.48M,-5.37
CHEEMS-FRAX,0.0171,$320.38M,-14.12
VCNT-PENDLE,0.0171,$415.10M,6.24
NEX-A7A5,0.0171,$568.53M,-9.92
SPCXB-PENGU,0.0171,$457.25M,-17.23
AIAT-MANA,0.0171,$249.36M,5.97
MON-SOSO,0.0171,$364.78M,17.05
SPX-SPCXB,0.017,$387.61M,-18.5
OHM-WEMIX,0.017,$376.23M,-1.05
WEMIX-XPIN,0.017,$245.32M,-8.72
CRVUSD-AR,0.017,$328.10M,-4.64
US-FRAX,0.0169,$639.03M,225.33
FLUID-THBILL,0.0169,$204.22M,16.61
SHORT-MX,0.0169,$248.14M,-9.24
AIAT-KOGE,0.0169,$332.13M,-1.64
META-MON,0.0168,$343.61M,27.86
GPS-REAL,0.0168,$345.07M,-0.16
KMNO-ENS,0.0168,$274.09M,4.03
AIAT-VET,0.0168,$506.94M,4.12
BC-USDA,0.0167,$315.75M,54.39
US-THBILL,0.0167,$536.90M,225.3
META-KAITO,0.0167,$404.68M,82.38
FLUID-ETHFI,0.0167,$486.18M,30.97
CHEEMS-UQC,0.0167,$208.34M,-14.43
CHEEMS-SUN,0.0167,$442.61M,-9.42
NEX-SOSO,0.0167,$206.92M,0.09
STRCX-XPL,0.0167,$361.38M,0.12
BC-DASH,0.0166,$617.00M,52.44
JTO-THBILL,0.0166,$386.57M,-11.99
BORG-XEC,0.0166,$257.73M,4.22
RAIL-MET,0.0166,$179.26M,-9.7
KAG-FLOKI,0.0165,$412.20M,-3.41
META-WIF,0.0164,$241.76M,14.27
XTZ-FARTCOIN,0.0164,$348.49M,2.6
KAITO-AKE,0.0164,$404.79M,552.67
UUSD-A,0.0164,$202.07M,-1.24
AWE-MON,0.0164,$354.02M,10.27
UB-ZANO,0.0163,$492.00M,21.06
EDGE-KAU,0.0163,$444.28M,-7.95
GRX-BORG,0.0163,$262.37M,9.67
ZANO-TEL,0.0162,$305.48M,-13.75
AVUSD-THBILL,0.0162,$233.91M,0.36
XEC-BTT,0.0162,$378.93M,10.49
AR-SUN,0.0161,$458.34M,0.21
META-MX,0.016,$246.00M,20.16
UQC-GLIDR,0.016,$209.40M,3.97
XEC-ETHFI,0.016,$519.35M,24.8
APYUSD-USDAI,0.016,$315.56M,4.5
IMX-SHFL,0.0159,$348.72M,0.84
NXM-GLM,0.0159,$181.63M,3.1
GRT-ZAMA,0.0159,$299.16M,37.62
2Z-GRX,0.0159,$326.43M,14.1
AKT-NEX,0.0159,$218.72M,-23.06
COCO-BTT,0.0159,$443.69M,-7.32
GPS-REUSD,0.0159,$263.44M,4.21
KAG-STRK,0.0159,$402.90M,-3.28
DASH-A7A5,0.0159,$875.64M,-2.33
ENS-SPCXB,0.0159,$261.61M,-13.54
CRVUSD-PENDLE,0.0158,$462.70M,6.17
CRVUSD-WFI,0.0158,$386.59M,0.29
DEXE-THBILL,0.0157,$392.01M,-43.57
CASH-NFT,0.0157,$386.54M,0.98
UUSD-WFI,0.0157,$274.33M,0.3
AIAT-FET,0.0157,$423.90M,-7.87
A7A5-JASMY,0.0157,$689.79M,-0.12
TKX-CHEEMS,0.0156,$203.76M,-9.37
OHM-ZAMA,0.0156,$413.62M,53.67
FLUID-PIEVERSE,0.0156,$268.37M,12.24
XPIN-GRASS,0.0156,$360.77M,-12.23
DYDX-USAT,0.0155,$283.09M,-17.6
COCO-PRL,0.0155,$268.29M,-0.21
GPS-USDA,0.0155,$192.19M,3.88
CVX-ONYC,0.0154,$381.02M,14.56
CRVUSD-FRAX,0.0154,$432.12M,0.22
APEPE-GOMINING,0.0153,$316.92M,0.79
NEO-FF,0.0153,$326.06M,-2.05
KAG-IOTA,0.0153,$361.27M,-5.12
PENDLE-MANA,0.0153,$382.04M,10.18
VSN-CRCLON,0.0152,$243.75M,14.94
APR-NEO,0.0152,$330.17M,-5.78
APXUSD-WEMIX,0.0152,$395.48M,-6.78
XTZ-STRK,0.0152,$414.68M,-11.27
SAND-SOON,0.0152,$215.20M,30.33
DEXE-KITE,0.0151,$506.08M,-47.05
ZRO-KAITO,0.0151,$594.02M,61.4
VCNT-EURCV,0.0151,$313.88M,-0.0
GOMINING-FRAX,0.0151,$335.63M,2.38
CASH-APYUSD,0.015,$280.14M,4.49
EIGEN-SHFL,0.015,$261.99M,-1.94
OUSG-2Z,0.0149,$582.59M,-1.51
USAT-NFT,0.0149,$449.75M,0.98
DCR-ACRED,0.0148,$317.82M,9.32
STRK-XEC,0.0148,$308.67M,8.35
ACRED-XEC,0.0148,$234.50M,10.39
WFI-FRAX,0.0148,$394.61M,0.44
OUSG-TWT,0.0147,$528.72M,0.04
UQC-REUSD,0.0147,$275.45M,0.13
UB-NFT,0.0146,$625.36M,24.54
BC-REAL,0.0146,$468.63M,50.34
US-VIRTUAL,0.0146,$788.53M,228.68
NEO-ZBT,0.0146,$247.72M,-2.15
KAG-XPL,0.0146,$434.28M,-3.99
UUSD-ETHFI,0.0146,$499.68M,14.55
SAND-AIAT,0.0146,$243.17M,-2.88
ZANO-SHORT,0.0146,$228.71M,-11.4
OUSG-BSV,0.0145,$638.74M,0.95
USDAT-NFT,0.0145,$404.32M,0.99
KAITO-DASH,0.0145,$706.70M,59.85
MON-MANA,0.0144,$379.58M,11.39
APXUSD-USDZ,0.0143,$422.45M,3.09
GLM-JTO,0.0143,$363.40M,-17.93
BC-CRVUSD,0.0142,$431.62M,54.5
OZO-MET,0.0142,$214.71M,1.05
ZBCN-SHORT,0.0142,$274.83M,-18.75
VIRTUAL-VCNT,0.0142,$534.01M,3.63
CAKE-GPS,0.0142,$543.20M,7.11
ZBT-VET,0.0142,$502.90M,-0.57
TWT-ZANO,0.0141,$279.63M,-2.6
CHEEMS-TRUMP,0.0141,$457.71M,-10.18
PRL-SUN,0.0141,$426.36M,12.19
META-BTT,0.014,$354.89M,20.7
GNO-SOON,0.014,$372.65M,27.76
COCO-USAT,0.014,$369.45M,-7.5
COCO-ONYC,0.014,$430.43M,-7.04
FDUSD-EURCV,0.014,$495.53M,-0.08
1INCH-EIGEN,0.0139,$256.41M,9.34
BP-CRCLON,0.0139,$207.09M,-7.96
ICNT-AKE,0.0139,$197.09M,481.44
VELVET-SOON,0.0138,$256.51M,-2.71
ZRO-ULTIMA,0.0138,$466.45M,10.09
USAT-A,0.0138,$287.52M,-1.27
A-GRASS,0.0138,$318.16M,-14.77
DEXE-TKX,0.0137,$377.52M,-38.78
ZANO-PENDLE,0.0137,$381.81M,3.63
SPCXB-BAT,0.0137,$188.95M,-21.97
BORG-SHFL,0.0137,$259.67M,-4.44
USDTB-TAG,0.0136,$500.59M,18.47
CRVUSD-XPIN,0.0136,$356.95M,1.3
FF-AKE,0.0136,$287.81M,488.14
IMX-APEPE,0.0135,$428.68M,-2.2
APR-SUN,0.0135,$538.68M,-1.5
DRV-ZANO,0.0135,$233.80M,-6.2
BP-A,0.0135,$216.52M,-9.58
VCNT-MX,0.0135,$315.03M,-0.25
APYUSD-GUSD,0.0135,$307.63M,4.42
OHM-NFT,0.0134,$540.33M,9.91
META-KAG,0.0134,$309.11M,19.17
CHEEMS-DASH,0.0134,$497.75M,-16.33
APR-BORG,0.0133,$334.66M,-12.46
KMNO-SOSO,0.0133,$214.61M,10.69
XTZ-AIAT,0.0133,$343.45M,-7.39
DASH-KOGE,0.0133,$611.58M,-5.59
LUNC-FF,0.0132,$471.18M,-10.35
DEXE-ONYC,0.0132,$520.29M,-43.25
TWT-AWE,0.0132,$254.29M,2.83
DCR-AWE,0.0132,$308.60M,12.14
KAITO-CHZ,0.0132,$453.41M,49.8
SN64-A7A5,0.0132,$568.20M,3.2
NEO-A7A5,0.0131,$611.98M,0.3
BP-CRVUSD,0.0131,$326.29M,-8.27
USDA-TRUMP,0.0131,$453.57M,4.05
PIEVERSE-SHFL,0.0131,$303.48M,-2.59
UB-EIGEN,0.013,$501.43M,19.99
OZO-USTBL,0.013,$286.14M,0.16
APEPE-GRX,0.013,$325.46M,14.34
GRX-ICNT,0.013,$225.67M,6.38
CAKE-A,0.013,$549.48M,1.87
VELVET-CHZ,0.0129,$310.64M,-49.93
TIA-AIAT,0.0129,$424.47M,-2.46
KMNO-THBILL,0.0129,$215.95M,1.15
FF-STX,0.0129,$442.80M,-10.52
GEOD-USDF,0.0129,$206.18M,-0.26
RLB-CASH,0.0128,$226.29M,1.68
CAKE-VCNT,0.0128,$611.64M,3.25
SYRUP-EURCV,0.0128,$356.68M,11.17
VSN-BTT,0.0127,$410.37M,14.79
EARNETH-GUSD,0.0127,$296.45M,10.95
BC-ZBCN,0.0127,$396.84M,44.61
ICNT-SOSO,0.0127,$218.16M,0.33
NEX-BONK,0.0127,$355.28M,-6.39
NEX-XPL,0.0127,$310.92M,-12.27
BC-USAT,0.0126,$404.80M,54.47
TIBBIR-STRCX,0.0126,$247.28M,6.07
FDUSD-SHORT,0.0126,$443.65M,-8.88
SAND-GEOD,0.0126,$219.53M,-5.13
NEX-BSV,0.0126,$348.82M,-8.79
IOTA-SPCXB,0.0126,$233.11M,-20.35
RAIL-BTT,0.0126,$349.32M,-10.52
CTOC-AVUSD,0.0125,$390.98M,0.37
AVUSD-SFP,0.0125,$218.71M,-2.15
GALA-SOON,0.0125,$178.62M,25.89
PENDLE-BTSE,0.0125,$383.76M,5.49
OUSG-STX,0.0124,$630.77M,-7.72
KAITO-SUN,0.0124,$651.56M,66.76
DASH-EIGEN,0.0124,$538.03M,-5.59
EIGEN-GEOD,0.0124,$234.94M,-3.89
AKE-TRUMP,0.0124,$452.91M,494.93
STAC-GNO,0.0123,$385.29M,-7.2
CVX-KAITO,0.0123,$444.08M,75.97
EARNETH-ZAMA,0.0122,$284.75M,55.77
BC-ENS,0.0122,$395.64M,57.5
WEMIX-CRVUSD,0.0122,$312.47M,-9.94
VCNT-AR,0.0122,$280.50M,-4.57
REUSD-GRASS,0.0122,$383.30M,-13.24
GEOD-ZAMA,0.0122,$232.16M,44.43
VSN-EDGE,0.0121,$286.87M,6.02
NXM-AKE,0.0121,$182.39M,499.7
1INCH-ONYC,0.0121,$362.02M,13.38
VELVET-SN64,0.0121,$256.49M,-34.35
TIA-SPCXB,0.0121,$392.03M,-20.97
TWT-ULTIMA,0.0121,$330.17M,10.47
UUSD-XPL,0.0121,$320.37M,-2.61
REUSD-NEX,0.0121,$257.76M,-9.36
ONYC-ZAMA,0.0121,$384.02M,45.21
EDGE-AKE,0.012,$231.50M,482.23
DEXE-USDF,0.012,$385.92M,-43.67
USDAT-SOSO,0.012,$256.39M,9.71
CHEEMS-XCN,0.012,$229.98M,-21.26
VELVET-AWE,0.0119,$272.32M,-34.94
CASH-AWE,0.0119,$227.84M,2.92
KMNO-ACRED,0.0119,$213.06M,1.1
ONYC-BTT,0.0119,$505.68M,0.66
AERO-FRAX,0.0119,$634.44M,-4.59
OUSG-INJ,0.0118,$839.49M,0.67
COCO-DASH,0.0118,$581.65M,-9.53
REUSD-FRAX,0.0118,$387.50M,0.43
EURC-AIAT,0.0118,$568.01M,1.82
BC-VIRTUAL,0.0117,$589.14M,58.0
US-BP,0.0117,$533.20M,216.84
USDAT-APYUSD,0.0117,$297.93M,4.5
XTZ-USDA,0.0117,$321.65M,-9.4
DASH-STRCX,0.0117,$538.23M,0.75
IOTA-USDF,0.0117,$259.41M,-3.73
FARTCOIN-AIAT,0.0117,$240.99M,13.86
MANA-PRL,0.0117,$215.45M,11.34
ONYC-SHFL,0.0117,$367.61M,2.1
CRCLON-SFP,0.0117,$195.58M,-2.01
OZO-ZK,0.0116,$209.65M,-8.47
ZBCN-PYTH,0.0116,$498.63M,-5.83
SNX-KOGE,0.0116,$336.58M,-3.85
ZK-AIAT,0.0115,$202.33M,-6.56
VSN-DCR,0.0114,$353.67M,23.81
NXM-COCO,0.0114,$271.09M,1.38
VIRTUAL-STRCX,0.0114,$510.36M,6.31
TIBBIR-TRAC,0.0114,$230.15M,6.67
OUSG-EDGE,0.0113,$516.22M,-8.44
EDGE-BTT,0.0113,$395.45M,-8.38
VELVET-XPIN,0.0113,$311.40M,-36.59
TIA-USDAI,0.0113,$463.93M,-4.38
USTBL-USDAI,0.0113,$318.28M,0.14
ZK-FF,0.0113,$276.64M,-11.16
TAG-EURC,0.0113,$595.10M,17.83
TAG-AKE,0.0113,$240.59M,508.75
BC-MON,0.0112,$467.76M,61.81
COCO-STRCX,0.0112,$325.02M,-4.73
USDA-EURCV,0.0112,$245.61M,-0.18
NEX-CRCLON,0.0112,$183.18M,-9.26
WIF-FRXUSD,0.0112,$256.27M,-6.23
VIRTUAL-GPS,0.0111,$465.58M,7.49
TIBBIR-ZAMA,0.0111,$244.30M,48.04
AXS-ZAMA,0.0111,$281.50M,37.66
NEX-TRAC,0.0111,$213.99M,-6.23
SPCXB-SFP,0.0111,$188.27M,-18.92
DYDX-OZO,0.011,$223.16M,-17.57
GNO-A7A5,0.011,$760.85M,-7.69
WEMIX-FF,0.011,$292.71M,-12.65
CARDS-PYTH,0.011,$590.23M,-12.56
CVX-XTZ,0.0109,$360.29M,4.77
CVX-UUSD,0.0109,$234.60M,14.14
ZRO-PENDLE,0.0109,$535.41M,5.66
ACRED-ZAMA,0.0109,$252.85M,44.84
SHORT-VET,0.0108,$486.51M,-6.71
AIAT-A7A5,0.0108,$596.18M,1.63
USDZ-TRUMP,0.0108,$484.78M,4.01
IMX-SPCXB,0.0107,$312.86M,-17.36
APR-SYRUP,0.0107,$403.64M,4.89
DCR-MANA,0.0107,$334.16M,13.26
UQC-ZAMA,0.0107,$245.83M,44.62
SHORT-JASMY,0.0107,$309.14M,-8.71
DEXE-EIGEN,0.0106,$414.67M,-47.29
VIRTUAL-NEX,0.0106,$459.90M,-6.07
ZK-SPCXB,0.0106,$169.89M,-25.07
DCR-ONYC,0.0106,$448.98M,9.69
SPCXB-BTT,0.0106,$345.01M,-16.38
VELVET-FLUID,0.0105,$252.79M,-21.4
DEXE-USDAI,0.0105,$431.52M,-43.71
TIA-PYTH,0.0105,$627.85M,-0.37
TIA-USDF,0.0105,$418.33M,-4.34
DASH-GUSD,0.0105,$546.94M,-2.09
PIEVERSE-KOGE,0.0105,$396.23M,-7.8
UB-SOSO,0.0104,$477.42M,33.26
RLB-PEANUT,0.0104,$288.81M,-2.33
APR-XTZ,0.0104,$421.86M,-15.71
GRX-EURCV,0.0104,$273.53M,15.64
VSN-SOSO,0.0103,$267.48M,24.28
BC-ETHFI,0.0103,$619.46M,68.97
FLOKI-FF,0.0103,$390.79M,-4.74
VELVET-MON,0.0102,$414.70M,-30.51
ZANO-PEANUT,0.0102,$315.70M,-6.51
APYUSD-SOSO,0.0102,$274.72M,14.18
FET-USDF,0.0102,$417.76M,-9.75
DYDX-ETHFI,0.0101,$497.76M,-3.09
REUSD-BTT,0.0101,$426.91M,0.44
PENDLE-GUSD,0.0101,$400.16M,6.07
IMX-BC,0.01,$446.89M,53.67
RLB-GPS,0.01,$200.28M,5.63
PENGU-XEC,0.01,$491.17M,9.63
VELVET-FLOKI,0.0099,$365.01M,-39.93
VELVET-MET,0.0099,$255.92M,-36.84
DRV-WEMIX,0.0098,$203.07M,-13.68
APEPE-AR,0.0098,$317.41M,-6.08
GRX-SYRUP,0.0098,$331.35M,27.02
KAITO-AR,0.0098,$425.32M,57.2
REUSD-THBILL,0.0098,$285.37M,0.4
IOTA-TAG,0.0098,$292.64M,14.16
PYTH-WFI,0.0098,$495.90M,4.28
SOSO-AKE,0.0098,$212.11M,500.5
OUSG-CHEEMS,0.0097,$480.57M,-14.18
USDTB-GOMINING,0.0097,$471.09M,2.72
DEXE-FARTCOIN,0.0097,$397.09M,-31.8
KMNO-WEMIX,0.0097,$198.44M,-8.98
SOON-GLIDR,0.0097,$191.39M,39.24
RAIL-ZAMA,0.0097,$227.66M,34.03
APXUSD-UQC,0.0096,$403.08M,3.08
ICNT-PRL,0.0096,$185.64M,-2.06
CRVUSD-COMP,0.0096,$371.38M,2.43
BC-SOON,0.0095,$309.58M,89.61
OZO-ZANO,0.0095,$256.46M,-2.48
APXUSD-UUSD,0.0095,$394.84M,3.25
ZBT-ONYC,0.0095,$360.15M,-2.29
VSN-AKE,0.0094,$246.42M,505.39
CTOC-A7A5,0.0094,$753.21M,-0.14
INJ-VELVET,0.0093,$625.74M,-37.31
GRT-TAG,0.0093,$306.41M,10.82
FDUSD-AWE,0.0093,$451.92M,2.94
WEMIX-AIAT,0.0093,$218.40M,-8.05
ACRED-JASMY,0.0092,$326.63M,0.29
PIEVERSE-BTSE,0.0092,$315.19M,-4.88
A-ONYC,0.0092,$348.49M,-0.81
VSN-XCN,0.0091,$280.55M,7.64
APR-CAKE,0.0091,$643.58M,-3.24
USTBL-USDF,0.0091,$272.68M,0.18
GNO-ETHFI,0.0091,$682.53M,7.12
UUSD-AKE,0.0091,$195.31M,490.85
CARDS-AVUSD,0.0091,$384.84M,-16.37
IMX-GEOD,0.009,$321.67M,-1.11
SPX-BC,0.009,$521.64M,52.53
LDO-IOTA,0.009,$450.77M,21.71
XPIN-SUN,0.009,$487.19M,6.15
UUSD-GEOD,0.0089,$194.13M,-0.27
2Z-CASH,0.0088,$324.35M,-1.63
META-USDAI,0.0088,$252.85M,20.52
CHEEMS-A7A5,0.0088,$578.52M,-14.61
DRV-TRAC,0.0087,$226.31M,-0.32
VELVET-VIRTUAL,0.0087,$536.07M,-34.32
VELVET-NEO,0.0087,$300.28M,-37.25
GEOD-ETHFI,0.0087,$494.24M,14.19
USTBL-VCNT,0.0086,$325.29M,0.23
FLUID-AKE,0.0086,$181.81M,507.27
WEMIX-APYUSD,0.0086,$258.55M,-5.5
TEL-SOSO,0.0086,$290.90M,-1.55
BSV-SUN,0.0086,$600.78M,5.71
DYDX-ENS,0.0085,$273.94M,-14.57
ZRO-VCNT,0.0085,$449.20M,-0.38
GLM-GALA,0.0085,$183.38M,-15.06
CRVUSD-GEOD,0.0085,$306.40M,-0.28
ZBCN-TRAC,0.0084,$300.94M,-6.48
US-AIAT,0.0084,$536.94M,227.08
GRX-STRK,0.0084,$313.31M,13.8
META-KOGE,0.0084,$309.56M,16.94
KMNO-FDUSD,0.0084,$444.12M,1.02
APR-EARNETH,0.0083,$343.33M,4.63
2Z-XEC,0.0083,$321.79M,8.66
CASH-FET,0.0083,$427.94M,-9.8
OHM-META,0.0083,$371.22M,29.44
TIBBIR-DCR,0.0083,$309.26M,12.51
GPS-XEC,0.0083,$215.47M,14.26
SOON-MON,0.0083,$338.20M,42.5
CASH-GNO,0.0082,$404.66M,-7.38
OHM-ACRED,0.0082,$390.85M,9.03
CHEEMS-MANA,0.0082,$231.70M,-10.27
CARDS-USDAI,0.0082,$426.31M,-16.57
LDO-XCN,0.0081,$432.86M,18.53
DEXE-GRASS,0.0081,$489.95M,-57.21
APEPE-ACRED,0.0081,$316.40M,-1.31
AKT-CRVUSD,0.008,$340.44M,-13.41
AWE-SHFL,0.008,$227.22M,4.55
SFP-SUN,0.008,$445.02M,2.53
USDTB-TWT,0.0079,$503.99M,0.44
ZBCN-XPIN,0.0079,$322.17M,-8.59
APXUSD-A,0.0079,$397.35M,1.92
NEX-ZBT,0.0079,$204.27M,-12.36
A-GUSD,0.0079,$251.79M,-1.35
KAU-ZBCN,0.0078,$485.58M,-9.23
RAY-AIAT,0.0077,$280.98M,2.81
PEANUT-SFP,0.0077,$287.27M,-6.36
UQC-JASMY,0.0076,$319.61M,0.07
AVUSD-XEC,0.0076,$235.43M,10.51
MX-MET,0.0076,$240.00M,0.67
PYTH-BAT,0.0075,$424.77M,-1.37
RLB-SHORT,0.0074,$201.83M,-7.22
APXUSD-AWE,0.0074,$400.88M,6.12
FLUID-TEL,0.0074,$260.60M,5.22
STX-ZBT,0.0074,$364.46M,-10.61
PYTH-BTT,0.0074,$580.83M,4.22
OZO-KAITO,0.0073,$434.57M,61.9
USTBL-VET,0.0073,$549.80M,2.32
AVUSD-BONK,0.0073,$380.92M,3.43
INJ-GRX,0.0072,$583.33M,16.29
TWT-FLUID,0.0072,$234.75M,16.37
CASH-REUSD,0.0071,$289.45M,0.25
US-NFT,0.0071,$683.49M,226.12
AIAT-SFP,0.0071,$220.71M,-0.42
WFI-SHFL,0.0071,$295.94M,1.89
OZO-COMP,0.007,$284.62M,2.42
TIA-SOSO,0.007,$423.08M,5.3
USDAT-TRAC,0.007,$263.47M,3.39
GLM-TRAC,0.007,$218.43M,-2.42
1INCH-GEOD,0.0069,$210.16M,12.6
DEXE-REUSD,0.0069,$441.51M,-43.47
LUNC-SHORT,0.0068,$376.45M,-16.58
DEXE-UQC,0.0068,$382.10M,-43.84
US-PRL,0.0068,$503.04M,232.45
CHEEMS-BSV,0.0068,$358.81M,-13.49
KAITO-BTT,0.0068,$568.74M,62.07
SOON-VET,0.0068,$478.97M,37.33
EIGEN-TRAC,0.0068,$264.26M,-0.2
OUSG-JASMY,0.0067,$591.84M,0.32
KAU-UUSD,0.0067,$408.09M,0.67
KAG-GALA,0.0067,$302.31M,-10.6
TAG-XEC,0.0067,$264.52M,28.24
MANA-BONK,0.0067,$396.33M,7.25
GRASS-USDF,0.0067,$327.71M,-13.44
KAU-AKE,0.0066,$403.83M,491.43
DEXE-VIRTUAL,0.0066,$643.65M,-40.19
APXUSD-AERO,0.0066,$709.43M,-1.57
ULTIMA-SOON,0.0066,$271.71M,45.71
GLM-FARTCOIN,0.0065,$217.77M,6.13
TRAC-GEOD,0.0065,$218.01M,3.06
TRAC-A,0.0065,$225.95M,2.09
VELVET-BAT,0.0063,$269.92M,-43.26
APXUSD-USDAI,0.0063,$452.49M,3.22
GPS-GRASS,0.0063,$311.88M,-9.53
BORG-ZBT,0.0063,$252.22M,-8.83
LUNC-ZAMA,0.0062,$416.71M,37.06
STAC-BP,0.0062,$216.88M,-8.12
APR-FARTCOIN,0.0062,$319.40M,5.54
OZO-SUN,0.0062,$467.59M,4.91
ZRO-JASMY,0.0062,$496.34M,-0.28
FLUID-USDA,0.0062,$182.46M,16.39
DCR-AVUSD,0.0062,$318.76M,9.43
XTZ-COMP,0.0062,$384.80M,-6.93
BTT-SUN,0.0062,$601.76M,5.08
ICNT-AWE,0.0061,$207.39M,-6.44
FDUSD-SUN,0.0061,$688.39M,4.9
ONYC-AR,0.0061,$362.26M,-4.2
TRUMP-FRAX,0.0061,$577.46M,4.32
VELVET-WIF,0.006,$312.85M,-44.1
OHM-TIBBIR,0.006,$382.29M,12.22
GNO-FARTCOIN,0.006,$405.65M,4.54
KOGE-ZAMA,0.006,$351.96M,41.17
BC-ZAMA,0.0059,$357.38M,99.2
US-BORG,0.0059,$557.24M,219.07
SPCXB-COMP,0.0059,$244.86M,-14.18
NFT-ETHFI,0.0059,$664.41M,15.49
APR-KMNO,0.0058,$294.41M,-5.39
GRT-GRX,0.0058,$285.44M,8.62
2Z-META,0.0058,$297.75M,18.87
INJ-KITE,0.0057,$691.24M,-2.79
DEXE-GNO,0.0057,$556.72M,-51.11
VIRTUAL-ZRO,0.0057,$654.32M,3.06
CARDS-COMP,0.0057,$428.19M,-14.19
SPCXB-RAIL,0.0057,$175.38M,-27.28
MX-EURCV,0.0057,$300.02M,-0.45
DYDX-DEXE,0.0056,$371.95M,-61.32
DEXE-ZK,0.0056,$358.43M,-52.22
US-XCN,0.0056,$548.62M,218.19
USTBL-RAY,0.0056,$323.85M,1.01
USDAT-REUSD,0.0056,$307.23M,0.26
GPS-AR,0.0056,$212.06M,-0.71
CHEEMS-FDUSD,0.0056,$446.41M,-14.29
ULTIMA-AWE,0.0056,$287.52M,13.48
FLOKI-GEOD,0.0056,$292.85M,-2.39
STRCX-PENDLE,0.0056,$391.45M,8.92
NFT-ZAMA,0.0056,$402.33M,45.72
MANA-A7A5,0.0055,$609.59M,3.73
FF-PIEVERSE,0.0054,$374.37M,-6.89
REUSD-TAG,0.0054,$312.50M,18.19
WIF-ZAMA,0.0054,$284.16M,38.51
STAC-EURC,0.0053,$552.68M,0.07
USDTB-AKE,0.0053,$451.05M,491.33
OHM-SHFL,0.0053,$397.20M,10.56
COCO-SN64,0.0053,$274.21M,-4.0
LUNC-PYTH,0.0052,$600.26M,-3.66
RLB-GUSD,0.0052,$253.78M,1.61
GRX-META,0.0051,$219.51M,36.25
EARNETH-CHEEMS,0.005,$247.26M,-3.29
CASH-XTZ,0.005,$347.49M,-9.32
APEPE-UQC,0.005,$309.38M,-1.53
CTOC-SOSO,0.005,$391.59M,9.86
FDUSD-IOTA,0.005,$493.67M,-3.76
ZBT-MON,0.005,$362.14M,4.6
EURC-SYRUP,0.005,$657.28M,11.16
RLB-JASMY,0.0049,$315.86M,1.86
KAU-ULTIMA,0.0048,$490.01M,11.19
CASH-SHORT,0.0048,$219.57M,-8.89
CVX-USTBL,0.0048,$295.66M,14.23
UUSD-FARTCOIN,0.0048,$222.80M,11.97
REUSD-AKE,0.0048,$262.96M,491.05
CTOC-NFT,0.0047,$539.52M,1.14
JTO-SUN,0.0047,$610.93M,-7.26
OUSG-NFT,0.0046,$644.77M,1.11
GRX-GUSD,0.0046,$273.60M,15.67
LDO-JASMY,0.0045,$514.78M,25.68
LDO-FET,0.0045,$609.12M,15.68
DEXE-BAT,0.0045,$377.49M,-49.12
SHORT-SOSO,0.0045,$214.14M,0.8
VELVET-APXUSD,0.0044,$461.56M,-34.66
CASH-AVUSD,0.0044,$237.99M,0.21
AXS-SOON,0.0044,$233.70M,28.07
IOTA-SUN,0.0044,$489.86M,1.11
PRL-ZAMA,0.0044,$221.88M,52.05
COMP-SHFL,0.0044,$280.72M,4.03
USDAT-ICNT,0.0043,$241.37M,-9.35
IOTA-AKE,0.0043,$243.10M,487.02
BORG-EURCV,0.0043,$287.71M,-6.18
APYUSD-AERO,0.0043,$572.50M,-0.29
KOGE-PEANUT,0.0043,$398.69M,-7.57
BTSE-FRAX,0.0043,$353.18M,-0.47
DRV-APXUSD,0.0042,$397.70M,-0.49
LDO-XPIN,0.0042,$448.09M,26.75
SOON-PEANUT,0.0042,$274.55M,31.15
AKE-FRAX,0.0042,$315.59M,490.99
STAC-AERO,0.0041,$517.02M,-4.59
KAU-CHZ,0.0041,$452.45M,-11.45
BC-BTT,0.0041,$479.04M,54.66
PEANUT-FRAX,0.0041,$404.60M,-3.82
KAU-EIGEN,0.004,$448.90M,-2.95
USTBL-USDAT,0.004,$300.64M,0.15
USDAT-GUSD,0.004,$289.31M,-0.05
XTZ-GRASS,0.004,$441.34M,-22.82
STX-NFT,0.004,$515.04M,-6.87
GOMINING-USDAI,0.004,$273.00M,2.2
KAG-ZAMA,0.0039,$351.50M,43.41
ICNT-NEX,0.0039,$191.90M,-18.97
ZBT-SFP,0.0039,$216.68M,-5.11
TRAC-SFP,0.0039,$226.40M,1.02
GEOD-REAL,0.0039,$343.40M,-4.43
OZO-BAT,0.0038,$228.71M,-5.37
FARTCOIN-A7A5,0.0038,$601.22M,11.62
SHORT-COMP,0.0038,$256.88M,-6.5
APYUSD-USDZ,0.0038,$285.52M,4.37
DRV-CARDS,0.0037,$371.51M,-20.28
KAU-EURC,0.0037,$758.34M,0.51
ACRED-MANA,0.0037,$246.43M,4.13
OUSG-PEANUT,0.0036,$564.79M,-3.87
USDTB-UQC,0.0036,$463.54M,0.41
TWT-FDUSD,0.0036,$494.56M,-0.07
GPS-ULTIMA,0.0036,$277.71M,14.52
VCNT-NFT,0.0036,$428.97M,1.07
APR-BAT,0.0035,$299.80M,-11.79
ACRED-FARTCOIN,0.0035,$238.05M,12.02
VCNT-REUSD,0.0035,$331.88M,0.35
TAG-BTT,0.0035,$404.54M,18.14
THETA-AKE,0.0034,$221.62M,490.15
CHZ-AKE,0.0034,$239.66M,478.73
KAG-JASMY,0.0033,$425.28M,-1.15
CTOC-ZBT,0.0033,$388.95M,-2.59
IMX-APXUSD,0.0032,$522.38M,2.41
OUSG-REAL,0.0032,$629.31M,-3.99
DEXE-AVUSD,0.0032,$390.06M,-43.51
FF-USDA,0.0032,$288.46M,-2.74
GNO-USDF,0.0031,$394.48M,-7.33
TIBBIR-ULTIMA,0.0031,$288.19M,13.86
NEX-RAY,0.0031,$253.33M,-8.73
GALA-EIGEN,0.0031,$229.21M,-12.83
SOON-AKE,0.0031,$185.53M,525.95
XEC-BTSE,0.0031,$252.57M,9.65
XTZ-NFT,0.003,$490.00M,-8.35
ZANO-TRAC,0.003,$254.83M,0.87
OUSG-BTSE,0.0029,$513.36M,-0.52
ZRO-REAL,0.0029,$533.81M,-4.59
BORG-EURC,0.0029,$588.31M,-6.19
A-USDAI,0.0029,$259.73M,-1.27
FRXUSD-SOSO,0.0029,$226.51M,9.71
THBILL-SHFL,0.0029,$239.33M,1.78
CASH-USTBL,0.0028,$282.86M,0.14
ZBCN-SOON,0.0028,$267.28M,25.3
CAKE-ZBT,0.0028,$561.14M,0.39
VCNT-APYUSD,0.0028,$322.57M,4.58
GUSD-SUN,0.0028,$491.80M,4.82
LDO-GPS,0.0027,$399.21M,29.45
VELVET-AXS,0.0027,$310.19M,-44.94
DEXE-FRXUSD,0.0027,$384.00M,-43.71
CAKE-CHEEMS,0.0027,$547.51M,-11.16
NEO-AKE,0.0027,$229.30M,491.41
ACRED-WIF,0.0027,$261.39M,-6.14
SPCXB-USDF,0.0027,$197.37M,-16.52
TAG-USDZ,0.0027,$272.46M,17.82
TRAC-SHFL,0.0027,$245.07M,5.01
NFT-AR,0.0027,$380.58M,-3.7
GUSD-AKE,0.0027,$245.03M,490.74
TIA-ACRED,0.0026,$421.53M,-4.3
USDAT-KOGE,0.0026,$353.95M,-3.55
DCR-SFP,0.0026,$305.51M,6.87
GLM-AIAT,0.0026,$212.74M,-3.86
XEC-BAT,0.0026,$222.87M,4.9
DYDX-CASH,0.0025,$219.88M,-17.6
KAU-BP,0.0025,$422.54M,-7.68
VIRTUAL-UQC,0.0025,$477.59M,3.41
CHEEMS-REAL,0.0025,$349.38M,-18.43
WEMIX-USAT,0.0025,$285.65M,-9.97
CRVUSD-VET,0.0025,$601.01M,2.22
KITE-SOSO,0.0025,$348.59M,6.36
PIEVERSE-AKE,0.0025,$277.61M,486.58
GRT-SPCXB,0.0024,$246.88M,-23.69
OZO-ACRED,0.0024,$240.34M,0.13
USAT-EURCV,0.0023,$334.66M,-0.1
ZANO-SOON,0.0023,$221.17M,32.64
EDGE-JTO,0.0022,$404.61M,-20.71
USTBL-TIBBIR,0.0022,$267.33M,3.42
ZK-SHORT,0.0022,$181.91M,-17.4
FLOKI-AIAT,0.0022,$316.49M,-0.14
NFT-SHFL,0.0022,$385.92M,2.61
SPX-OUSG,0.0021,$682.32M,-1.8
RLB-RAIL,0.0021,$194.12M,-9.04
CHEEMS-USDZ,0.0021,$227.71M,-14.43
KAITO-PENGU,0.0021,$680.99M,61.21
CRVUSD-NFT,0.0021,$476.57M,1.01
NEX-KOGE,0.0021,$304.48M,-13.18
GEOD-COMP,0.0021,$253.67M,2.08
XEC-PYTH,0.002,$440.82M,14.32
FLUID-GEOD,0.0019,$180.63M,16.15
ULTIMA-TAG,0.0019,$326.77M,28.51
MANA-WFI,0.0019,$305.93M,4.29
GRX-REUSD,0.0018,$291.53M,15.99
GNO-TAG,0.0018,$427.71M,10.56
ZANO-NEX,0.0018,$221.49M,-12.12
TAG-PIEVERSE,0.0018,$327.15M,13.72
BC-USDAT,0.0017,$359.37M,54.48
TIA-FRXUSD,0.0017,$416.41M,-4.39
ACRED-WFI,0.0017,$289.59M,0.35
RAIL-BSV,0.0017,$348.34M,-9.89
VSN-NFT,0.0016,$415.42M,15.57
DEXE-WFI,0.0016,$448.62M,-43.46
GRX-ZK,0.0016,$208.45M,7.24
STRCX-TRAC,0.0016,$264.46M,6.15
NEX-THETA,0.0015,$216.42M,-10.26
AR-ZAMA,0.0015,$253.87M,40.07
USTBL-FLUID,0.0014,$247.13M,16.59
APXUSD-XCN,0.0014,$424.72M,-3.75
USDTB-CHEEMS,0.0013,$455.84M,-13.78
USDTB-XCN,0.0013,$485.18M,-6.43
VELVET-GALA,0.0013,$255.12M,-47.12
DEXE-TAG,0.0013,$419.15M,-25.78
CAKE-GEOD,0.0013,$541.54M,2.83
FF-SFP,0.0013,$295.02M,-5.02
NXM-ZAMA,0.0012,$224.68M,53.64
XTZ-CRCLON,0.0012,$318.33M,-8.98
UQC-AVUSD,0.0012,$224.00M,0.09
USDA-FRXUSD,0.0012,$206.10M,-0.06
GLIDR-ZAMA,0.0012,$239.19M,48.83
IMX-VELVET,0.0011,$393.82M,-38.65
ZRO-AXS,0.0011,$428.44M,-7.55
KMNO-FRAX,0.0011,$318.09M,1.18
SOON-A7A5,0.0011,$568.21M,34.84
XEC-SHORT,0.0011,$217.01M,1.4
BONK-FRAX,0.0011,$485.01M,3.4
EDGE-CRVUSD,0.001,$348.02M,-8.54
LDO-ZAMA,0.001,$441.01M,70.23
DEXE-AKT,0.001,$402.47M,-57.17
COCO-BORG,0.001,$322.49M,-13.59
TAG-MX,0.001,$295.66M,17.6
SPX-GEOD,0.0009,$396.42M,-2.25
UB-CRVUSD,0.0009,$572.89M,23.6
CAKE-TAG,0.0009,$592.26M,21.09
AWE-THBILL,0.0009,$223.75M,3.07
FF-THBILL,0.0009,$310.22M,-2.51
SPX-AKE,0.0008,$397.60M,488.87
APR-ENS,0.0008,$372.46M,-3.35
KAU-XEC,0.0008,$427.76M,10.92
EDGE-ZANO,0.0007,$267.13M,-11.08
INJ-STRCX,0.0007,$600.03M,3.32
USTBL-CRCLON,0.0007,$253.69M,0.48
KMNO-NEX,0.0007,$188.35M,-8.61
BP-UUSD,0.0007,$214.02M,-8.26
SOSO-SFP,0.0007,$219.32M,7.34
DYDX-USDAI,0.0006,$255.30M,-17.59
STRCX-BSV,0.0006,$399.29M,3.6
SHORT-PYTH,0.0006,$418.91M,-4.87
OUSG-TEL,0.0004,$554.56M,-11.12
STAC-IOTA,0.0004,$250.22M,-3.6
DYDX-GUSD,0.0003,$247.37M,-17.67
DEXE-KOGE,0.0003,$488.23M,-47.29
1INCH-KMNO,0.0002,$213.84M,13.91
APR-WIF,0.0002,$342.73M,-12.62
GRX-BONK,0.0002,$389.04M,18.96
CAKE-ZAMA,0.0002,$585.00M,47.89
FLUID-AIAT,0.0002,$204.27M,18.4
UUSD-EURCV,0.0002,$249.22M,-0.06
KAITO-FET,0.0001,$615.19M,52.06
DASH-FF,0.0001,$589.72M,-4.69
GOMINING-PENDLE,0.0001,$366.21M,8.33
MON-SFP,0.0001,$350.93M,5.0
1INCH-PYTH,0.0,$437.18M,16.94
VSN-PC0000015,,$261.12M,14.59
VSN-PC0000033,,$313.39M,14.59
VSN-PC0000097,,$284.89M,14.59
VSN-PC0000031,,$353.39M,14.59
VSN-PC0000077,,$250.89M,14.59
VSN-VBILL,,$342.94M,14.59
VSN-PC0000023,,$251.74M,14.59
VSN-PC0000085,,$257.39M,14.59
LUNC-PC0000015,,$389.12M,-7.69
LUNC-PC0000033,,$441.40M,-7.69
LUNC-PC0000097,,$412.90M,-7.69
LUNC-PC0000031,,$481.40M,-7.69
LUNC-PC0000077,,$378.90M,-7.69
LUNC-VBILL,,$470.94M,-7.69
LUNC-PC0000023,,$379.74M,-7.69
LUNC-PC0000085,,$385.40M,-7.69
PC0000015-IMX,,$337.55M,-0.79
PC0000015-NXM,,$197.10M,8.89
PC0000015-SPX,,$412.30M,-1.93
PC0000015-UB,,$471.06M,23.56
PC0000015-OUSG,,$490.48M,0.13
PC0000015-STAC,,$212.87M,0.18
PC0000015-1INCH,,$226.04M,12.91
PC0000015-RLB,,$214.50M,1.67
PC0000015-DYDX,,$208.09M,-17.6
PC0000015-APR,,$306.62M,-6.39
PC0000015-DRV,,$212.87M,-3.7
PC0000015-EDGE,,$246.20M,-8.57
PC0000015-INJ,,$569.46M,0.54
PC0000015-KAU,,$418.53M,0.63
PC0000015-LDO,,$413.42M,25.49
PC0000015-EARNETH,,$257.17M,11.02
PC0000015-GRT,,$271.57M,-7.12
PC0000015-USDTB,,$465.75M,0.53
PC0000015-VELVET,,$276.73M,-37.86
PC0000015-BC,,$329.80M,54.46
PC0000015-DEXE,,$384.31M,-43.72
PC0000015-OZO,,$235.52M,0.03
PC0000015-2Z,,$312.56M,-1.64
PC0000015-CASH,,$232.24M,0.0
PC0000015-ZBCN,,$287.50M,-9.85
PC0000015-CVX,,$245.04M,14.1
PC0000015-TIA,,$416.72M,-4.4
PC0000015-US,,$529.19M,225.14
PC0000015-VIRTUAL,,$479.80M,3.53
PC0000015-ZRO,,$394.98M,-0.48
PC0000015-AKT,,$238.62M,-13.45
PC0000015-TKX,,$213.67M,4.94
PC0000015-APEPE,,$311.59M,-1.41
PC0000015-USTBL,,$271.07M,0.13
PC0000015-OHM,,$386.03M,8.93
PC0000015-GRX,,$234.32M,15.74
PC0000015-META,,$205.64M,20.51
PC0000015-APXUSD,,$405.28M,3.2
PC0000015-GNO,,$392.87M,-7.39
PC0000015-USDAT,,$250.03M,0.02
PC0000015-TWT,,$258.69M,-0.09
PC0000015-CAKE,,$557.42M,3.15
PC0000015-ZK,,$194.58M,-8.5
PC0000015-FLUID,,$196.51M,16.46
PC0000015-COCO,,$294.45M,-7.51
PC0000015-TIBBIR,,$216.71M,3.29
PC0000015-GPS,,$206.24M,3.96
PC0000015-DCR,,$313.00M,9.22
PC0000015-NEO,,$244.00M,0.61
PC0000015-GLM,,$204.99M,-5.79
PC0000015-AXS,,$253.91M,-7.08
PC0000015-KAG,,$323.92M,-1.34
PC0000015-CHEEMS,,$210.54M,-14.31
PC0000015-KMNO,,$208.25M,1.0
PC0000015-XTZ,,$335.70M,-9.33
PC0000015-ULTIMA,,$291.93M,10.56
PC0000015-KAITO,,$419.50M,61.87
PC0000015-BP,,$224.46M,-8.3
PC0000015-UQC,,$218.25M,-0.12
PC0000015-STRK,,$299.44M,-1.94
PC0000015-CTOC,,$385.23M,0.16
PC0000015-PC0000033,,$272.73M,0.0
PC0000015-ICNT,,$211.80M,-9.36
PC0000015-FDUSD,,$456.32M,0.02
PC0000015-PC0000097,,$244.23M,0.0
PC0000015-WEMIX,,$210.65M,-9.98
PC0000015-ACRED,,$225.27M,0.1
PC0000015-UUSD,,$210.01M,0.04
PC0000015-FLOKI,,$308.73M,-2.07
PC0000015-SAND,,$235.41M,-4.82
PC0000015-AWE,,$216.05M,2.92
PC0000015-CRVUSD,,$322.28M,0.04
PC0000015-SNX,,$232.66M,-0.28
PC0000015-VCNT,,$274.67M,0.1
PC0000015-DASH,,$507.66M,-2.02
PC0000015-CARDS,,$379.09M,-16.58
PC0000015-USAT,,$295.45M,0.01
PC0000015-FF,,$302.51M,-2.67
PC0000015-USDA,,$206.40M,-0.08
PC0000015-ZANO,,$241.39M,-2.51
PC0000015-REUSD,,$277.66M,0.25
PC0000015-NEX,,$200.56M,-9.61
PC0000015-JTO,,$378.86M,-12.14
PC0000015-IOTA,,$257.80M,-3.78
PC0000015-AVUSD,,$226.20M,0.21
PC0000015-FARTCOIN,,$233.24M,11.92
PC0000015-GALA,,$198.84M,-9.26
PC0000015-ENS,,$286.30M,3.03
PC0000015-SOON,,$200.24M,35.15
PC0000015-WIF,,$256.57M,-6.24
PC0000015-SPCXB,,$195.76M,-16.57
PC0000015-STRCX,,$251.02M,2.78
PC0000015-PENGU,,$481.94M,-0.66
PC0000015-BORG,,$248.50M,-6.08
PC0000015-TAG,,$255.29M,17.94
PC0000015-XEC,,$229.68M,10.3
PC0000015-STX,,$360.74M,-7.85
PC0000015-TEL,,$284.54M,-11.24
PC0000015-GOMINING,,$225.79M,2.19
PC0000015-EIGEN,,$250.82M,-3.57
PC0000015-ZBT,,$224.17M,-2.76
PC0000015-EURC,,$560.26M,-0.12
PC0000015-KITE,,$342.23M,-3.33
PC0000015-RAIL,,$200.07M,-10.71
PC0000015-SHORT,,$207.78M,-8.9
PC0000015-TRAC,,$233.89M,3.37
PC0000015-PENDLE,,$360.88M,6.14
PC0000015-PYTH,,$431.59M,4.02
PC0000015-PIEVERSE,,$292.31M,-4.23
PC0000015-NFT,,$374.75M,0.98
PC0000015-RAY,,$273.23M,0.88
PC0000015-PC0000031,,$312.73M,0.0
PC0000015-GEOD,,$204.57M,-0.32
PC0000015-PC0000077,,$210.23M,0.0
PC0000015-A,,$212.52M,-1.28
PC0000015-AIAT,,$228.21M,1.93
PC0000015-MX,,$260.81M,-0.35
PC0000015-THETA,,$236.32M,-0.65
PC0000015-SN64,,$200.22M,3.51
PC0000015-ETHFI,,$510.12M,14.51
PC0000015-APYUSD,,$268.35M,4.48
PC0000015-KOGE,,$324.37M,-3.57
PC0000015-BTSE,,$243.34M,-0.65
PC0000015-VET,,$499.18M,2.18
PC0000015-CHZ,,$254.37M,-12.08
PC0000015-REAL,,$359.28M,-4.12
PC0000015-MON,,$358.42M,7.35
PC0000015-MANA,,$241.61M,4.04
PC0000015-PRL,,$194.30M,7.3
PC0000015-GLIDR,,$211.61M,4.09
PC0000015-ONYC,,$356.43M,0.47
PC0000015-A7A5,,$588.43M,-0.31
PC0000015-MET,,$199.64M,1.02
PC0000015-COMP,,$269.55M,2.39
PC0000015-SYRUP,,$317.47M,11.28
PC0000015-FRXUSD,,$220.15M,0.01
PC0000015-BTT,,$369.70M,0.19
PC0000015-BAT,,$213.64M,-5.4
PC0000015-XPIN,,$255.12M,1.26
PC0000015-SOSO,,$226.81M,9.69
PC0000015-VBILL,,$302.27M,0.0
PC0000015-CRCLON,,$203.08M,0.35
PC0000015-PEANUT,,$294.76M,-4.0
PC0000015-AR,,$226.28M,-4.67
PC0000015-SFP,,$212.96M,-2.35
PC0000015-PC0000023,,$211.07M,0.0
PC0000015-GUSD,,$259.73M,-0.07
PC0000015-WFI,,$284.77M,0.26
PC0000015-GRASS,,$326.10M,-13.49
PC0000015-PC0000085,,$216.73M,0.0
PC0000015-BSV,,$368.72M,0.82
PC0000015-JASMY,,$321.81M,0.19
PC0000015-USDAI,,$267.66M,0.01
PC0000015-AERO,,$524.60M,-4.77
PC0000015-BONK,,$375.17M,3.22
PC0000015-SUN,,$452.52M,4.89
PC0000015-EURCV,,$259.66M,-0.1
PC0000015-USDZ,,$237.62M,-0.12
PC0000015-AKE,,$205.75M,490.8
PC0000015-XCN,,$239.88M,-6.96
PC0000015-TRUMP,,$467.62M,4.13
PC0000015-FET,,$416.14M,-9.81
PC0000015-FRAX,,$330.29M,0.18
PC0000015-THBILL,,$228.16M,0.15
PC0000015-ZAMA,,$248.04M,44.74
PC0000015-SHFL,,$231.63M,1.63
PC0000015-USDF,,$222.06M,0.05
PC0000015-XPL,,$330.81M,-2.66
IMX-PC0000033,,$389.82M,-0.79
IMX-PC0000097,,$361.32M,-0.79
IMX-PC0000031,,$429.82M,-0.79
IMX-PC0000077,,$327.32M,-0.79
IMX-VBILL,,$419.36M,-0.79
IMX-PC0000023,,$328.17M,-0.79
IMX-PC0000085,,$333.82M,-0.79
NXM-PC0000033,,$249.37M,8.89
NXM-PC0000097,,$220.87M,8.89
NXM-PC0000031,,$289.37M,8.89
NXM-PC0000077,,$186.87M,8.89
NXM-VBILL,,$278.91M,8.89
NXM-PC0000023,,$187.72M,8.89
NXM-PC0000085,,$193.37M,8.89
SPX-PC0000033,,$464.57M,-1.93
SPX-PC0000097,,$436.07M,-1.93
SPX-PC0000031,,$504.57M,-1.93
SPX-PC0000077,,$402.07M,-1.93
SPX-VBILL,,$494.12M,-1.93
SPX-PC0000023,,$402.92M,-1.93
SPX-PC0000085,,$408.57M,-1.93
UB-PC0000033,,$523.34M,23.56
UB-PC0000097,,$494.84M,23.56
UB-PC0000031,,$563.34M,23.56
UB-PC0000077,,$460.84M,23.56
UB-VBILL,,$552.88M,23.56
UB-PC0000023,,$461.68M,23.56
UB-PC0000085,,$467.34M,23.56
OUSG-PC0000033,,$542.75M,0.13
OUSG-PC0000097,,$514.25M,0.13
OUSG-PC0000031,,$582.75M,0.13
OUSG-PC0000077,,$480.25M,0.13
OUSG-VBILL,,$572.29M,0.13
OUSG-PC0000023,,$481.10M,0.13
OUSG-PC0000085,,$486.75M,0.13
STAC-PC0000033,,$265.14M,0.18
STAC-PC0000097,,$236.64M,0.18
STAC-PC0000031,,$305.14M,0.18
STAC-PC0000077,,$202.64M,0.18
STAC-VBILL,,$294.69M,0.18
STAC-PC0000023,,$203.49M,0.18
STAC-PC0000085,,$209.14M,0.18
1INCH-PC0000033,,$278.32M,12.91
1INCH-PC0000097,,$249.82M,12.91
1INCH-PC0000031,,$318.32M,12.91
1INCH-PC0000077,,$215.82M,12.91
1INCH-VBILL,,$307.86M,12.91
1INCH-PC0000023,,$216.66M,12.91
1INCH-PC0000085,,$222.32M,12.91
RLB-PC0000033,,$266.77M,1.67
RLB-PC0000097,,$238.27M,1.67
RLB-PC0000031,,$306.77M,1.67
RLB-PC0000077,,$204.27M,1.67
RLB-VBILL,,$296.32M,1.67
RLB-PC0000023,,$205.12M,1.67
RLB-PC0000085,,$210.77M,1.67
DYDX-PC0000033,,$260.37M,-17.6
DYDX-PC0000097,,$231.87M,-17.6
DYDX-PC0000031,,$300.37M,-17.6
DYDX-PC0000077,,$197.87M,-17.6
DYDX-VBILL,,$289.91M,-17.6
DYDX-PC0000023,,$198.71M,-17.6
DYDX-PC0000085,,$204.37M,-17.6
APR-PC0000033,,$358.89M,-6.39
APR-PC0000097,,$330.39M,-6.39
APR-PC0000031,,$398.89M,-6.39
APR-PC0000077,,$296.39M,-6.39
APR-VBILL,,$388.43M,-6.39
APR-PC0000023,,$297.24M,-6.39
APR-PC0000085,,$302.89M,-6.39
DRV-PC0000033,,$265.14M,-3.7
DRV-PC0000097,,$236.64M,-3.7
DRV-PC0000031,,$305.14M,-3.7
DRV-PC0000077,,$202.64M,-3.7
DRV-VBILL,,$294.69M,-3.7
DRV-PC0000023,,$203.49M,-3.7
DRV-PC0000085,,$209.14M,-3.7
EDGE-PC0000033,,$298.47M,-8.57
EDGE-PC0000097,,$269.97M,-8.57
EDGE-PC0000031,,$338.47M,-8.57
EDGE-PC0000077,,$235.97M,-8.57
EDGE-VBILL,,$328.02M,-8.57
EDGE-PC0000023,,$236.82M,-8.57
EDGE-PC0000085,,$242.47M,-8.57
INJ-PC0000033,,$621.74M,0.54
INJ-PC0000097,,$593.24M,0.54
INJ-PC0000031,,$661.74M,0.54
INJ-PC0000077,,$559.24M,0.54
INJ-VBILL,,$651.28M,0.54
INJ-PC0000023,,$560.08M,0.54
INJ-PC0000085,,$565.74M,0.54
KAU-PC0000033,,$470.81M,0.63
KAU-PC0000097,,$442.31M,0.63
KAU-PC0000031,,$510.81M,0.63
KAU-PC0000077,,$408.31M,0.63
KAU-VBILL,,$500.35M,0.63
KAU-PC0000023,,$409.15M,0.63
KAU-PC0000085,,$414.81M,0.63
LDO-PC0000033,,$465.70M,25.49
LDO-PC0000097,,$437.20M,25.49
LDO-PC0000031,,$505.70M,25.49
LDO-PC0000077,,$403.20M,25.49
LDO-VBILL,,$495.24M,25.49
LDO-PC0000023,,$404.04M,25.49
LDO-PC0000085,,$409.70M,25.49
EARNETH-PC0000033,,$309.44M,11.02
EARNETH-PC0000097,,$280.94M,11.02
EARNETH-PC0000031,,$349.44M,11.02
EARNETH-PC0000077,,$246.94M,11.02
EARNETH-VBILL,,$338.99M,11.02
EARNETH-PC0000023,,$247.79M,11.02
EARNETH-PC0000085,,$253.44M,11.02
GRT-PC0000033,,$323.84M,-7.12
GRT-PC0000097,,$295.34M,-7.12
GRT-PC0000031,,$363.84M,-7.12
GRT-PC0000077,,$261.34M,-7.12
GRT-VBILL,,$353.39M,-7.12
GRT-PC0000023,,$262.19M,-7.12
GRT-PC0000085,,$267.84M,-7.12
USDTB-PC0000033,,$518.02M,0.53
USDTB-PC0000097,,$489.52M,0.53
USDTB-PC0000031,,$558.02M,0.53
USDTB-PC0000077,,$455.52M,0.53
USDTB-VBILL,,$547.56M,0.53
USDTB-PC0000023,,$456.37M,0.53
USDTB-PC0000085,,$462.02M,0.53
VELVET-PC0000033,,$329.00M,-37.86
VELVET-PC0000097,,$300.50M,-37.86
VELVET-PC0000031,,$369.00M,-37.86
VELVET-PC0000077,,$266.50M,-37.86
VELVET-VBILL,,$358.55M,-37.86
VELVET-PC0000023,,$267.35M,-37.86
VELVET-PC0000085,,$273.00M,-37.86
BC-PC0000033,,$382.07M,54.46
BC-PC0000097,,$353.57M,54.46
BC-PC0000031,,$422.07M,54.46
BC-PC0000077,,$319.57M,54.46
BC-VBILL,,$411.61M,54.46
BC-PC0000023,,$320.42M,54.46
BC-PC0000085,,$326.07M,54.46
DEXE-PC0000033,,$436.58M,-43.72
DEXE-PC0000097,,$408.08M,-43.72
DEXE-PC0000031,,$476.58M,-43.72
DEXE-PC0000077,,$374.08M,-43.72
DEXE-VBILL,,$466.12M,-43.72
DEXE-PC0000023,,$374.93M,-43.72
DEXE-PC0000085,,$380.58M,-43.72
OZO-PC0000033,,$287.80M,0.03
OZO-PC0000097,,$259.30M,0.03
OZO-PC0000031,,$327.80M,0.03
OZO-PC0000077,,$225.30M,0.03
OZO-VBILL,,$317.34M,0.03
OZO-PC0000023,,$226.14M,0.03
OZO-PC0000085,,$231.80M,0.03
2Z-PC0000033,,$364.84M,-1.64
2Z-PC0000097,,$336.34M,-1.64
2Z-PC0000031,,$404.84M,-1.64
2Z-PC0000077,,$302.34M,-1.64
2Z-VBILL,,$394.38M,-1.64
2Z-PC0000023,,$303.18M,-1.64
2Z-PC0000085,,$308.84M,-1.64
CASH-PC0000033,,$284.52M,0.0
CASH-PC0000097,,$256.02M,0.0
CASH-PC0000031,,$324.52M,0.0
CASH-PC0000077,,$222.02M,0.0
CASH-VBILL,,$314.06M,0.0
CASH-PC0000023,,$222.86M,0.0
CASH-PC0000085,,$228.52M,0.0
ZBCN-PC0000033,,$339.77M,-9.85
ZBCN-PC0000097,,$311.27M,-9.85
ZBCN-PC0000031,,$379.77M,-9.85
ZBCN-PC0000077,,$277.27M,-9.85
ZBCN-VBILL,,$369.32M,-9.85
ZBCN-PC0000023,,$278.12M,-9.85
ZBCN-PC0000085,,$283.77M,-9.85
CVX-PC0000033,,$297.32M,14.1
CVX-PC0000097,,$268.82M,14.1
CVX-PC0000031,,$337.32M,14.1
CVX-PC0000077,,$234.82M,14.1
CVX-VBILL,,$326.86M,14.1
CVX-PC0000023,,$235.66M,14.1
CVX-PC0000085,,$241.32M,14.1
TIA-PC0000033,,$468.99M,-4.4
TIA-PC0000097,,$440.49M,-4.4
TIA-PC0000031,,$508.99M,-4.4
TIA-PC0000077,,$406.49M,-4.4
TIA-VBILL,,$498.53M,-4.4
TIA-PC0000023,,$407.34M,-4.4
TIA-PC0000085,,$412.99M,-4.4
US-PC0000033,,$581.47M,225.14
US-PC0000097,,$552.97M,225.14
US-PC0000031,,$621.47M,225.14
US-PC0000077,,$518.97M,225.14
US-VBILL,,$611.01M,225.14
US-PC0000023,,$519.81M,225.14
US-PC0000085,,$525.47M,225.14
VIRTUAL-PC0000033,,$532.07M,3.53
VIRTUAL-PC0000097,,$503.57M,3.53
VIRTUAL-PC0000031,,$572.07M,3.53
VIRTUAL-PC0000077,,$469.57M,3.53
VIRTUAL-VBILL,,$561.61M,3.53
VIRTUAL-PC0000023,,$470.42M,3.53
VIRTUAL-PC0000085,,$476.07M,3.53
ZRO-PC0000033,,$447.25M,-0.48
ZRO-PC0000097,,$418.75M,-0.48
ZRO-PC0000031,,$487.25M,-0.48
ZRO-PC0000077,,$384.75M,-0.48
ZRO-VBILL,,$476.80M,-0.48
ZRO-PC0000023,,$385.60M,-0.48
ZRO-PC0000085,,$391.25M,-0.48
AKT-PC0000033,,$290.89M,-13.45
AKT-PC0000097,,$262.39M,-13.45
AKT-PC0000031,,$330.89M,-13.45
AKT-PC0000077,,$228.39M,-13.45
AKT-VBILL,,$320.44M,-13.45
AKT-PC0000023,,$229.24M,-13.45
AKT-PC0000085,,$234.89M,-13.45
TKX-PC0000033,,$265.94M,4.94
TKX-PC0000097,,$237.44M,4.94
TKX-PC0000031,,$305.94M,4.94
TKX-PC0000077,,$203.44M,4.94
TKX-VBILL,,$295.49M,4.94
TKX-PC0000023,,$204.29M,4.94
TKX-PC0000085,,$209.94M,4.94
APEPE-PC0000033,,$363.86M,-1.41
APEPE-PC0000097,,$335.36M,-1.41
APEPE-PC0000031,,$403.86M,-1.41
APEPE-PC0000077,,$301.36M,-1.41
APEPE-VBILL,,$393.40M,-1.41
APEPE-PC0000023,,$302.21M,-1.41
APEPE-PC0000085,,$307.86M,-1.41
USTBL-PC0000033,,$323.34M,0.13
USTBL-PC0000097,,$294.84M,0.13
USTBL-PC0000031,,$363.34M,0.13
USTBL-PC0000077,,$260.84M,0.13
USTBL-VBILL,,$352.88M,0.13
USTBL-PC0000023,,$261.69M,0.13
USTBL-PC0000085,,$267.34M,0.13
OHM-PC0000033,,$438.30M,8.93
OHM-PC0000097,,$409.80M,8.93
OHM-PC0000031,,$478.30M,8.93
OHM-PC0000077,,$375.80M,8.93
OHM-VBILL,,$467.85M,8.93
OHM-PC0000023,,$376.65M,8.93
OHM-PC0000085,,$382.30M,8.93
GRX-PC0000033,,$286.60M,15.74
GRX-PC0000097,,$258.10M,15.74
GRX-PC0000031,,$326.60M,15.74
GRX-PC0000077,,$224.10M,15.74
GRX-VBILL,,$316.14M,15.74
GRX-PC0000023,,$224.94M,15.74
GRX-PC0000085,,$230.60M,15.74
META-PC0000033,,$257.91M,20.51
META-PC0000097,,$229.41M,20.51
META-PC0000031,,$297.91M,20.51
META-PC0000077,,$195.41M,20.51
META-VBILL,,$287.46M,20.51
META-PC0000023,,$196.26M,20.51
META-PC0000085,,$201.91M,20.51
APXUSD-PC0000033,,$457.56M,3.2
APXUSD-PC0000097,,$429.06M,3.2
APXUSD-PC0000031,,$497.56M,3.2
APXUSD-PC0000077,,$395.06M,3.2
APXUSD-VBILL,,$487.10M,3.2
APXUSD-PC0000023,,$395.90M,3.2
APXUSD-PC0000085,,$401.56M,3.2
GNO-PC0000033,,$445.14M,-7.39
GNO-PC0000097,,$416.64M,-7.39
GNO-PC0000031,,$485.14M,-7.39
GNO-PC0000077,,$382.64M,-7.39
GNO-VBILL,,$474.69M,-7.39
GNO-PC0000023,,$383.49M,-7.39
GNO-PC0000085,,$389.14M,-7.39
USDAT-PC0000033,,$302.30M,0.02
USDAT-PC0000097,,$273.80M,0.02
USDAT-PC0000031,,$342.30M,0.02
USDAT-PC0000077,,$239.80M,0.02
USDAT-VBILL,,$331.84M,0.02
USDAT-PC0000023,,$240.65M,0.02
USDAT-PC0000085,,$246.30M,0.02
TWT-PC0000033,,$310.97M,-0.09
TWT-PC0000097,,$282.47M,-0.09
TWT-PC0000031,,$350.97M,-0.09
TWT-PC0000077,,$248.47M,-0.09
TWT-VBILL,,$340.51M,-0.09
TWT-PC0000023,,$249.31M,-0.09
TWT-PC0000085,,$254.97M,-0.09
CAKE-PC0000033,,$609.69M,3.15
CAKE-PC0000097,,$581.19M,3.15
CAKE-PC0000031,,$649.69M,3.15
CAKE-PC0000077,,$547.19M,3.15
CAKE-VBILL,,$639.23M,3.15
CAKE-PC0000023,,$548.04M,3.15
CAKE-PC0000085,,$553.69M,3.15
ZK-PC0000033,,$246.85M,-8.5
ZK-PC0000097,,$218.35M,-8.5
ZK-PC0000031,,$286.85M,-8.5
ZK-PC0000077,,$184.35M,-8.5
ZK-VBILL,,$276.40M,-8.5
ZK-PC0000023,,$185.20M,-8.5
ZK-PC0000085,,$190.85M,-8.5
FLUID-PC0000033,,$248.79M,16.46
FLUID-PC0000097,,$220.29M,16.46
FLUID-PC0000031,,$288.79M,16.46
FLUID-PC0000077,,$186.29M,16.46
FLUID-VBILL,,$278.33M,16.46
FLUID-PC0000023,,$187.13M,16.46
FLUID-PC0000085,,$192.79M,16.46
COCO-PC0000033,,$346.72M,-7.51
COCO-PC0000097,,$318.22M,-7.51
COCO-PC0000031,,$386.72M,-7.51
COCO-PC0000077,,$284.22M,-7.51
COCO-VBILL,,$376.26M,-7.51
COCO-PC0000023,,$285.07M,-7.51
COCO-PC0000085,,$290.72M,-7.51
TIBBIR-PC0000033,,$268.98M,3.29
TIBBIR-PC0000097,,$240.48M,3.29
TIBBIR-PC0000031,,$308.98M,3.29
TIBBIR-PC0000077,,$206.48M,3.29
TIBBIR-VBILL,,$298.53M,3.29
TIBBIR-PC0000023,,$207.33M,3.29
TIBBIR-PC0000085,,$212.98M,3.29
GPS-PC0000033,,$258.51M,3.96
GPS-PC0000097,,$230.01M,3.96
GPS-PC0000031,,$298.51M,3.96
GPS-PC0000077,,$196.01M,3.96
GPS-VBILL,,$288.05M,3.96
GPS-PC0000023,,$196.86M,3.96
GPS-PC0000085,,$202.51M,3.96
DCR-PC0000033,,$365.28M,9.22
DCR-PC0000097,,$336.78M,9.22
DCR-PC0000031,,$405.28M,9.22
DCR-PC0000077,,$302.78M,9.22
DCR-VBILL,,$394.82M,9.22
DCR-PC0000023,,$303.62M,9.22
DCR-PC0000085,,$309.28M,9.22
NEO-PC0000033,,$296.27M,0.61
NEO-PC0000097,,$267.77M,0.61
NEO-PC0000031,,$336.27M,0.61
NEO-PC0000077,,$233.77M,0.61
NEO-VBILL,,$325.82M,0.61
NEO-PC0000023,,$234.62M,0.61
NEO-PC0000085,,$240.27M,0.61
GLM-PC0000033,,$257.26M,-5.79
GLM-PC0000097,,$228.76M,-5.79
GLM-PC0000031,,$297.26M,-5.79
GLM-PC0000077,,$194.76M,-5.79
GLM-VBILL,,$286.81M,-5.79
GLM-PC0000023,,$195.61M,-5.79
GLM-PC0000085,,$201.26M,-5.79
AXS-PC0000033,,$306.19M,-7.08
AXS-PC0000097,,$277.69M,-7.08
AXS-PC0000031,,$346.19M,-7.08
AXS-PC0000077,,$243.69M,-7.08
AXS-VBILL,,$335.73M,-7.08
AXS-PC0000023,,$244.53M,-7.08
AXS-PC0000085,,$250.19M,-7.08
KAG-PC0000033,,$376.19M,-1.34
KAG-PC0000097,,$347.69M,-1.34
KAG-PC0000031,,$416.19M,-1.34
KAG-PC0000077,,$313.69M,-1.34
KAG-VBILL,,$405.73M,-1.34
KAG-PC0000023,,$314.54M,-1.34
KAG-PC0000085,,$320.19M,-1.34
CHEEMS-PC0000033,,$262.82M,-14.31
CHEEMS-PC0000097,,$234.32M,-14.31
CHEEMS-PC0000031,,$302.82M,-14.31
CHEEMS-PC0000077,,$200.32M,-14.31
CHEEMS-VBILL,,$292.36M,-14.31
CHEEMS-PC0000023,,$201.16M,-14.31
CHEEMS-PC0000085,,$206.82M,-14.31
KMNO-PC0000033,,$260.52M,1.0
KMNO-PC0000097,,$232.02M,1.0
KMNO-PC0000031,,$300.52M,1.0
KMNO-PC0000077,,$198.02M,1.0
KMNO-VBILL,,$290.06M,1.0
KMNO-PC0000023,,$198.87M,1.0
KMNO-PC0000085,,$204.52M,1.0
XTZ-PC0000033,,$387.97M,-9.33
XTZ-PC0000097,,$359.47M,-9.33
XTZ-PC0000031,,$427.97M,-9.33
XTZ-PC0000077,,$325.47M,-9.33
XTZ-VBILL,,$417.52M,-9.33
XTZ-PC0000023,,$326.32M,-9.33
XTZ-PC0000085,,$331.97M,-9.33
ULTIMA-PC0000033,,$344.20M,10.56
ULTIMA-PC0000097,,$315.70M,10.56
ULTIMA-PC0000031,,$384.20M,10.56
ULTIMA-PC0000077,,$281.70M,10.56
ULTIMA-VBILL,,$373.74M,10.56
ULTIMA-PC0000023,,$282.55M,10.56
ULTIMA-PC0000085,,$288.20M,10.56
KAITO-PC0000033,,$471.77M,61.87
KAITO-PC0000097,,$443.27M,61.87
KAITO-PC0000031,,$511.77M,61.87
KAITO-PC0000077,,$409.27M,61.87
KAITO-VBILL,,$501.31M,61.87
KAITO-PC0000023,,$410.12M,61.87
KAITO-PC0000085,,$415.77M,61.87
BP-PC0000033,,$276.74M,-8.3
BP-PC0000097,,$248.24M,-8.3
BP-PC0000031,,$316.74M,-8.3
BP-PC0000077,,$214.24M,-8.3
BP-VBILL,,$306.28M,-8.3
BP-PC0000023,,$215.08M,-8.3
BP-PC0000085,,$220.74M,-8.3
UQC-PC0000033,,$270.52M,-0.12
UQC-PC0000097,,$242.02M,-0.12
UQC-PC0000031,,$310.52M,-0.12
UQC-PC0000077,,$208.02M,-0.12
UQC-VBILL,,$300.06M,-0.12
UQC-PC0000023,,$208.87M,-0.12
UQC-PC0000085,,$214.52M,-0.12
STRK-PC0000033,,$351.71M,-1.94
STRK-PC0000097,,$323.21M,-1.94
STRK-PC0000031,,$391.71M,-1.94
STRK-PC0000077,,$289.21M,-1.94
STRK-VBILL,,$381.25M,-1.94
STRK-PC0000023,,$290.06M,-1.94
STRK-PC0000085,,$295.71M,-1.94
CTOC-PC0000033,,$437.50M,0.16
CTOC-PC0000097,,$409.00M,0.16
CTOC-PC0000031,,$477.50M,0.16
CTOC-PC0000077,,$375.00M,0.16
CTOC-VBILL,,$467.05M,0.16
CTOC-PC0000023,,$375.85M,0.16
CTOC-PC0000085,,$381.50M,0.16
PC0000033-ICNT,,$264.07M,-9.36
PC0000033-FDUSD,,$508.60M,0.02
PC0000033-PC0000097,,$296.50M,0.0
PC0000033-WEMIX,,$262.92M,-9.98
PC0000033-ACRED,,$277.54M,0.1
PC0000033-UUSD,,$262.29M,0.04
PC0000033-FLOKI,,$361.01M,-2.07
PC0000033-SAND,,$287.69M,-4.82
PC0000033-AWE,,$268.32M,2.92
PC0000033-CRVUSD,,$374.55M,0.04
PC0000033-SNX,,$284.93M,-0.28
PC0000033-VCNT,,$326.94M,0.1
PC0000033-DASH,,$559.93M,-2.02
PC0000033-CARDS,,$431.37M,-16.58
PC0000033-USAT,,$347.73M,0.01
PC0000033-FF,,$354.78M,-2.67
PC0000033-USDA,,$258.68M,-0.08
PC0000033-ZANO,,$293.66M,-2.51
PC0000033-REUSD,,$329.93M,0.25
PC0000033-NEX,,$252.83M,-9.61
PC0000033-JTO,,$431.14M,-12.14
PC0000033-IOTA,,$310.07M,-3.78
PC0000033-AVUSD,,$278.48M,0.21
PC0000033-FARTCOIN,,$285.51M,11.92
PC0000033-GALA,,$251.11M,-9.26
PC0000033-ENS,,$338.57M,3.03
PC0000033-SOON,,$252.51M,35.15
PC0000033-WIF,,$308.84M,-6.24
PC0000033-SPCXB,,$248.04M,-16.57
PC0000033-STRCX,,$303.29M,2.78
PC0000033-PENGU,,$534.22M,-0.66
PC0000033-BORG,,$300.77M,-6.08
PC0000033-TAG,,$307.57M,17.94
PC0000033-XEC,,$281.96M,10.3
PC0000033-STX,,$413.02M,-7.85
PC0000033-TEL,,$336.81M,-11.24
PC0000033-GOMINING,,$278.06M,2.19
PC0000033-EIGEN,,$303.09M,-3.57
PC0000033-ZBT,,$276.45M,-2.76
PC0000033-EURC,,$612.54M,-0.12
PC0000033-KITE,,$394.50M,-3.33
PC0000033-RAIL,,$252.34M,-10.71
PC0000033-SHORT,,$260.05M,-8.9
PC0000033-TRAC,,$286.17M,3.37
PC0000033-PENDLE,,$413.15M,6.14
PC0000033-PYTH,,$483.86M,4.02
PC0000033-PIEVERSE,,$344.58M,-4.23
PC0000033-NFT,,$427.02M,0.98
PC0000033-RAY,,$325.51M,0.88
PC0000033-PC0000031,,$365.00M,0.0
PC0000033-GEOD,,$256.85M,-0.32
PC0000033-PC0000077,,$262.50M,0.0
PC0000033-A,,$264.79M,-1.28
PC0000033-AIAT,,$280.48M,1.93
PC0000033-MX,,$313.09M,-0.35
PC0000033-THETA,,$288.59M,-0.65
PC0000033-SN64,,$252.49M,3.51
PC0000033-ETHFI,,$562.39M,14.51
PC0000033-APYUSD,,$320.63M,4.48
PC0000033-KOGE,,$376.65M,-3.57
PC0000033-BTSE,,$295.61M,-0.65
PC0000033-VET,,$551.46M,2.18
PC0000033-CHZ,,$306.64M,-12.08
PC0000033-REAL,,$411.56M,-4.12
PC0000033-MON,,$410.69M,7.35
PC0000033-MANA,,$293.88M,4.04
PC0000033-PRL,,$246.57M,7.3
PC0000033-GLIDR,,$263.88M,4.09
PC0000033-ONYC,,$408.71M,0.47
PC0000033-A7A5,,$640.70M,-0.31
PC0000033-MET,,$251.92M,1.02
PC0000033-COMP,,$321.82M,2.39
PC0000033-SYRUP,,$369.75M,11.28
PC0000033-FRXUSD,,$272.42M,0.01
PC0000033-BTT,,$421.97M,0.19
PC0000033-BAT,,$265.91M,-5.4
PC0000033-XPIN,,$307.40M,1.26
PC0000033-SOSO,,$279.09M,9.69
PC0000033-VBILL,,$354.54M,0.0
PC0000033-CRCLON,,$255.35M,0.35
PC0000033-PEANUT,,$347.04M,-4.0
PC0000033-AR,,$278.55M,-4.67
PC0000033-SFP,,$265.23M,-2.35
PC0000033-PC0000023,,$263.35M,0.0
PC0000033-GUSD,,$312.01M,-0.07
PC0000033-WFI,,$337.04M,0.26
PC0000033-GRASS,,$378.37M,-13.49
PC0000033-PC0000085,,$269.00M,0.0
PC0000033-BSV,,$420.99M,0.82
PC0000033-JASMY,,$374.09M,0.19
PC0000033-USDAI,,$319.94M,0.01
PC0000033-AERO,,$576.87M,-4.77
PC0000033-BONK,,$427.45M,3.22
PC0000033-SUN,,$504.79M,4.89
PC0000033-EURCV,,$311.94M,-0.1
PC0000033-USDZ,,$289.89M,-0.12
PC0000033-AKE,,$258.02M,490.8
PC0000033-XCN,,$292.16M,-6.96
PC0000033-TRUMP,,$519.89M,4.13
PC0000033-FET,,$468.42M,-9.81
PC0000033-FRAX,,$382.57M,0.18
PC0000033-THBILL,,$280.43M,0.15
PC0000033-ZAMA,,$300.31M,44.74
PC0000033-SHFL,,$283.90M,1.63
PC0000033-USDF,,$274.34M,0.05
PC0000033-XPL,,$383.09M,-2.66
ICNT-PC0000097,,$235.57M,-9.36
ICNT-PC0000031,,$304.07M,-9.36
ICNT-PC0000077,,$201.57M,-9.36
ICNT-VBILL,,$293.61M,-9.36
ICNT-PC0000023,,$202.42M,-9.36
ICNT-PC0000085,,$208.07M,-9.36
FDUSD-PC0000097,,$480.10M,0.02
FDUSD-PC0000031,,$548.60M,0.02
FDUSD-PC0000077,,$446.10M,0.02
FDUSD-VBILL,,$538.14M,0.02
FDUSD-PC0000023,,$446.94M,0.02
FDUSD-PC0000085,,$452.60M,0.02
PC0000097-WEMIX,,$234.42M,-9.98
PC0000097-ACRED,,$249.04M,0.1
PC0000097-UUSD,,$233.79M,0.04
PC0000097-FLOKI,,$332.51M,-2.07
PC0000097-SAND,,$259.19M,-4.82
PC0000097-AWE,,$239.82M,2.92
PC0000097-CRVUSD,,$346.05M,0.04
PC0000097-SNX,,$256.43M,-0.28
PC0000097-VCNT,,$298.44M,0.1
PC0000097-DASH,,$531.43M,-2.02
PC0000097-CARDS,,$402.87M,-16.58
PC0000097-USAT,,$319.23M,0.01
PC0000097-FF,,$326.28M,-2.67
PC0000097-USDA,,$230.18M,-0.08
PC0000097-ZANO,,$265.16M,-2.51
PC0000097-REUSD,,$301.43M,0.25
PC0000097-NEX,,$224.33M,-9.61
PC0000097-JTO,,$402.64M,-12.14
PC0000097-IOTA,,$281.57M,-3.78
PC0000097-AVUSD,,$249.98M,0.21
PC0000097-FARTCOIN,,$257.01M,11.92
PC0000097-GALA,,$222.61M,-9.26
PC0000097-ENS,,$310.07M,3.03
PC0000097-SOON,,$224.01M,35.15
PC0000097-WIF,,$280.34M,-6.24
PC0000097-SPCXB,,$219.54M,-16.57
PC0000097-STRCX,,$274.79M,2.78
PC0000097-PENGU,,$505.72M,-0.66
PC0000097-BORG,,$272.27M,-6.08
PC0000097-TAG,,$279.07M,17.94
PC0000097-XEC,,$253.46M,10.3
PC0000097-STX,,$384.52M,-7.85
PC0000097-TEL,,$308.31M,-11.24
PC0000097-GOMINING,,$249.56M,2.19
PC0000097-EIGEN,,$274.59M,-3.57
PC0000097-ZBT,,$247.95M,-2.76
PC0000097-EURC,,$584.04M,-0.12
PC0000097-KITE,,$366.00M,-3.33
PC0000097-RAIL,,$223.84M,-10.71
PC0000097-SHORT,,$231.55M,-8.9
PC0000097-TRAC,,$257.67M,3.37
PC0000097-PENDLE,,$384.65M,6.14
PC0000097-PYTH,,$455.36M,4.02
PC0000097-PIEVERSE,,$316.08M,-4.23
PC0000097-NFT,,$398.52M,0.98
PC0000097-RAY,,$297.01M,0.88
PC0000097-PC0000031,,$336.50M,0.0
PC0000097-GEOD,,$228.35M,-0.32
PC0000097-PC0000077,,$234.00M,0.0
PC0000097-A,,$236.29M,-1.28
PC0000097-AIAT,,$251.98M,1.93
PC0000097-MX,,$284.59M,-0.35
PC0000097-THETA,,$260.09M,-0.65
PC0000097-SN64,,$223.99M,3.51
PC0000097-ETHFI,,$533.89M,14.51
PC0000097-APYUSD,,$292.13M,4.48
PC0000097-KOGE,,$348.15M,-3.57
PC0000097-BTSE,,$267.11M,-0.65
PC0000097-VET,,$522.96M,2.18
PC0000097-CHZ,,$278.14M,-12.08
PC0000097-REAL,,$383.06M,-4.12
PC0000097-MON,,$382.19M,7.35
PC0000097-MANA,,$265.38M,4.04
PC0000097-PRL,,$218.07M,7.3
PC0000097-GLIDR,,$235.38M,4.09
PC0000097-ONYC,,$380.21M,0.47
PC0000097-A7A5,,$612.20M,-0.31
PC0000097-MET,,$223.42M,1.02
PC0000097-COMP,,$293.32M,2.39
PC0000097-SYRUP,,$341.25M,11.28
PC0000097-FRXUSD,,$243.92M,0.01
PC0000097-BTT,,$393.47M,0.19
PC0000097-BAT,,$237.41M,-5.4
PC0000097-XPIN,,$278.90M,1.26
PC0000097-SOSO,,$250.59M,9.69
PC0000097-VBILL,,$326.04M,0.0
PC0000097-CRCLON,,$226.85M,0.35
PC0000097-PEANUT,,$318.54M,-4.0
PC0000097-AR,,$250.05M,-4.67
PC0000097-SFP,,$236.73M,-2.35
PC0000097-PC0000023,,$234.85M,0.0
PC0000097-GUSD,,$283.51M,-0.07
PC0000097-WFI,,$308.54M,0.26
PC0000097-GRASS,,$349.87M,-13.49
PC0000097-PC0000085,,$240.50M,0.0
PC0000097-BSV,,$392.49M,0.82
PC0000097-JASMY,,$345.59M,0.19
PC0000097-USDAI,,$291.44M,0.01
PC0000097-AERO,,$548.37M,-4.77
PC0000097-BONK,,$398.95M,3.22
PC0000097-SUN,,$476.29M,4.89
PC0000097-EURCV,,$283.44M,-0.1
PC0000097-USDZ,,$261.39M,-0.12
PC0000097-AKE,,$229.52M,490.8
PC0000097-XCN,,$263.66M,-6.96
PC0000097-TRUMP,,$491.39M,4.13
PC0000097-FET,,$439.92M,-9.81
PC0000097-FRAX,,$354.07M,0.18
PC0000097-THBILL,,$251.93M,0.15
PC0000097-ZAMA,,$271.81M,44.74
PC0000097-SHFL,,$255.40M,1.63
PC0000097-USDF,,$245.84M,0.05
PC0000097-XPL,,$354.59M,-2.66
WEMIX-PC0000031,,$302.92M,-9.98
WEMIX-PC0000077,,$200.42M,-9.98
WEMIX-VBILL,,$292.47M,-9.98
WEMIX-PC0000023,,$201.27M,-9.98
WEMIX-PC0000085,,$206.92M,-9.98
ACRED-PC0000031,,$317.54M,0.1
ACRED-PC0000077,,$215.04M,0.1
ACRED-VBILL,,$307.08M,0.1
ACRED-PC0000023,,$215.89M,0.1
ACRED-PC0000085,,$221.54M,0.1
UUSD-PC0000031,,$302.29M,0.04
UUSD-PC0000077,,$199.79M,0.04
UUSD-VBILL,,$291.83M,0.04
UUSD-PC0000023,,$200.63M,0.04
UUSD-PC0000085,,$206.29M,0.04
FLOKI-PC0000031,,$401.01M,-2.07
FLOKI-PC0000077,,$298.51M,-2.07
FLOKI-VBILL,,$390.55M,-2.07
FLOKI-PC0000023,,$299.36M,-2.07
FLOKI-PC0000085,,$305.01M,-2.07
SAND-PC0000031,,$327.69M,-4.82
SAND-PC0000077,,$225.19M,-4.82
SAND-VBILL,,$317.23M,-4.82
SAND-PC0000023,,$226.03M,-4.82
SAND-PC0000085,,$231.69M,-4.82
AWE-PC0000031,,$308.32M,2.92
AWE-PC0000077,,$205.82M,2.92
AWE-VBILL,,$297.86M,2.92
AWE-PC0000023,,$206.67M,2.92
AWE-PC0000085,,$212.32M,2.92
CRVUSD-PC0000031,,$414.55M,0.04
CRVUSD-PC0000077,,$312.05M,0.04
CRVUSD-VBILL,,$404.09M,0.04
CRVUSD-PC0000023,,$312.90M,0.04
CRVUSD-PC0000085,,$318.55M,0.04
SNX-PC0000031,,$324.93M,-0.28
SNX-PC0000077,,$222.43M,-0.28
SNX-VBILL,,$314.48M,-0.28
SNX-PC0000023,,$223.28M,-0.28
SNX-PC0000085,,$228.93M,-0.28
VCNT-PC0000031,,$366.94M,0.1
VCNT-PC0000077,,$264.44M,0.1
VCNT-VBILL,,$356.49M,0.1
VCNT-PC0000023,,$265.29M,0.1
VCNT-PC0000085,,$270.94M,0.1
DASH-PC0000031,,$599.93M,-2.02
DASH-PC0000077,,$497.43M,-2.02
DASH-VBILL,,$589.48M,-2.02
DASH-PC0000023,,$498.28M,-2.02
DASH-PC0000085,,$503.93M,-2.02
CARDS-PC0000031,,$471.37M,-16.58
CARDS-PC0000077,,$368.87M,-16.58
CARDS-VBILL,,$460.91M,-16.58
CARDS-PC0000023,,$369.71M,-16.58
CARDS-PC0000085,,$375.37M,-16.58
USAT-PC0000031,,$387.73M,0.01
USAT-PC0000077,,$285.23M,0.01
USAT-VBILL,,$377.27M,0.01
USAT-PC0000023,,$286.07M,0.01
USAT-PC0000085,,$291.73M,0.01
FF-PC0000031,,$394.78M,-2.67
FF-PC0000077,,$292.28M,-2.67
FF-VBILL,,$384.33M,-2.67
FF-PC0000023,,$293.13M,-2.67
FF-PC0000085,,$298.78M,-2.67
USDA-PC0000031,,$298.68M,-0.08
USDA-PC0000077,,$196.18M,-0.08
USDA-VBILL,,$288.22M,-0.08
USDA-PC0000023,,$197.02M,-0.08
USDA-PC0000085,,$202.68M,-0.08
ZANO-PC0000031,,$333.66M,-2.51
ZANO-PC0000077,,$231.16M,-2.51
ZANO-VBILL,,$323.20M,-2.51
ZANO-PC0000023,,$232.01M,-2.51
ZANO-PC0000085,,$237.66M,-2.51
REUSD-PC0000031,,$369.93M,0.25
REUSD-PC0000077,,$267.43M,0.25
REUSD-VBILL,,$359.48M,0.25
REUSD-PC0000023,,$268.28M,0.25
REUSD-PC0000085,,$273.93M,0.25
NEX-PC0000031,,$292.83M,-9.61
NEX-PC0000077,,$190.33M,-9.61
NEX-VBILL,,$282.37M,-9.61
NEX-PC0000023,,$191.18M,-9.61
NEX-PC0000085,,$196.83M,-9.61
JTO-PC0000031,,$471.14M,-12.14
JTO-PC0000077,,$368.64M,-12.14
JTO-VBILL,,$460.68M,-12.14
JTO-PC0000023,,$369.48M,-12.14
JTO-PC0000085,,$375.14M,-12.14
IOTA-PC0000031,,$350.07M,-3.78
IOTA-PC0000077,,$247.57M,-3.78
IOTA-VBILL,,$339.62M,-3.78
IOTA-PC0000023,,$248.42M,-3.78
IOTA-PC0000085,,$254.07M,-3.78
AVUSD-PC0000031,,$318.48M,0.21
AVUSD-PC0000077,,$215.98M,0.21
AVUSD-VBILL,,$308.02M,0.21
AVUSD-PC0000023,,$216.82M,0.21
AVUSD-PC0000085,,$222.48M,0.21
FARTCOIN-PC0000031,,$325.51M,11.92
FARTCOIN-PC0000077,,$223.01M,11.92
FARTCOIN-VBILL,,$315.05M,11.92
FARTCOIN-PC0000023,,$223.86M,11.92
FARTCOIN-PC0000085,,$229.51M,11.92
GALA-PC0000031,,$291.11M,-9.26
GALA-PC0000077,,$188.61M,-9.26
GALA-VBILL,,$280.66M,-9.26
GALA-PC0000023,,$189.46M,-9.26
GALA-PC0000085,,$195.11M,-9.26
ENS-PC0000031,,$378.57M,3.03
ENS-PC0000077,,$276.07M,3.03
ENS-VBILL,,$368.11M,3.03
ENS-PC0000023,,$276.92M,3.03
ENS-PC0000085,,$282.57M,3.03
SOON-PC0000031,,$292.51M,35.15
SOON-PC0000077,,$190.01M,35.15
SOON-VBILL,,$282.05M,35.15
SOON-PC0000023,,$190.86M,35.15
SOON-PC0000085,,$196.51M,35.15
WIF-PC0000031,,$348.84M,-6.24
WIF-PC0000077,,$246.34M,-6.24
WIF-VBILL,,$338.39M,-6.24
WIF-PC0000023,,$247.19M,-6.24
WIF-PC0000085,,$252.84M,-6.24
SPCXB-PC0000031,,$288.04M,-16.57
SPCXB-PC0000077,,$185.54M,-16.57
SPCXB-VBILL,,$277.58M,-16.57
SPCXB-PC0000023,,$186.38M,-16.57
SPCXB-PC0000085,,$192.04M,-16.57
STRCX-PC0000031,,$343.29M,2.78
STRCX-PC0000077,,$240.79M,2.78
STRCX-VBILL,,$332.84M,2.78
STRCX-PC0000023,,$241.64M,2.78
STRCX-PC0000085,,$247.29M,2.78
PENGU-PC0000031,,$574.22M,-0.66
PENGU-PC0000077,,$471.72M,-0.66
PENGU-VBILL,,$563.76M,-0.66
PENGU-PC0000023,,$472.56M,-0.66
PENGU-PC0000085,,$478.22M,-0.66
BORG-PC0000031,,$340.77M,-6.08
BORG-PC0000077,,$238.27M,-6.08
BORG-VBILL,,$330.31M,-6.08
BORG-PC0000023,,$239.12M,-6.08
BORG-PC0000085,,$244.77M,-6.08
TAG-PC0000031,,$347.57M,17.94
TAG-PC0000077,,$245.07M,17.94
TAG-VBILL,,$337.11M,17.94
TAG-PC0000023,,$245.91M,17.94
TAG-PC0000085,,$251.57M,17.94
XEC-PC0000031,,$321.96M,10.3
XEC-PC0000077,,$219.46M,10.3
XEC-VBILL,,$311.50M,10.3
XEC-PC0000023,,$220.30M,10.3
XEC-PC0000085,,$225.96M,10.3
STX-PC0000031,,$453.02M,-7.85
STX-PC0000077,,$350.52M,-7.85
STX-VBILL,,$442.56M,-7.85
STX-PC0000023,,$351.36M,-7.85
STX-PC0000085,,$357.02M,-7.85
TEL-PC0000031,,$376.81M,-11.24
TEL-PC0000077,,$274.31M,-11.24
TEL-VBILL,,$366.36M,-11.24
TEL-PC0000023,,$275.16M,-11.24
TEL-PC0000085,,$280.81M,-11.24
GOMINING-PC0000031,,$318.06M,2.19
GOMINING-PC0000077,,$215.56M,2.19
GOMINING-VBILL,,$307.61M,2.19
GOMINING-PC0000023,,$216.41M,2.19
GOMINING-PC0000085,,$222.06M,2.19
EIGEN-PC0000031,,$343.09M,-3.57
EIGEN-PC0000077,,$240.59M,-3.57
EIGEN-VBILL,,$332.64M,-3.57
EIGEN-PC0000023,,$241.44M,-3.57
EIGEN-PC0000085,,$247.09M,-3.57
ZBT-PC0000031,,$316.45M,-2.76
ZBT-PC0000077,,$213.95M,-2.76
ZBT-VBILL,,$305.99M,-2.76
ZBT-PC0000023,,$214.79M,-2.76
ZBT-PC0000085,,$220.45M,-2.76
EURC-PC0000031,,$652.54M,-0.12
EURC-PC0000077,,$550.04M,-0.12
EURC-VBILL,,$642.08M,-0.12
EURC-PC0000023,,$550.88M,-0.12
EURC-PC0000085,,$556.54M,-0.12
KITE-PC0000031,,$434.50M,-3.33
KITE-PC0000077,,$332.00M,-3.33
KITE-VBILL,,$424.05M,-3.33
KITE-PC0000023,,$332.85M,-3.33
KITE-PC0000085,,$338.50M,-3.33
RAIL-PC0000031,,$292.34M,-10.71
RAIL-PC0000077,,$189.84M,-10.71
RAIL-VBILL,,$281.89M,-10.71
RAIL-PC0000023,,$190.69M,-10.71
RAIL-PC0000085,,$196.34M,-10.71
SHORT-PC0000031,,$300.05M,-8.9
SHORT-PC0000077,,$197.55M,-8.9
SHORT-VBILL,,$289.60M,-8.9
SHORT-PC0000023,,$198.40M,-8.9
SHORT-PC0000085,,$204.05M,-8.9
TRAC-PC0000031,,$326.17M,3.37
TRAC-PC0000077,,$223.67M,3.37
TRAC-VBILL,,$315.71M,3.37
TRAC-PC0000023,,$224.51M,3.37
TRAC-PC0000085,,$230.17M,3.37
PENDLE-PC0000031,,$453.15M,6.14
PENDLE-PC0000077,,$350.65M,6.14
PENDLE-VBILL,,$442.69M,6.14
PENDLE-PC0000023,,$351.50M,6.14
PENDLE-PC0000085,,$357.15M,6.14
PYTH-PC0000031,,$523.86M,4.02
PYTH-PC0000077,,$421.36M,4.02
PYTH-VBILL,,$513.40M,4.02
PYTH-PC0000023,,$422.21M,4.02
PYTH-PC0000085,,$427.86M,4.02
PIEVERSE-PC0000031,,$384.58M,-4.23
PIEVERSE-PC0000077,,$282.08M,-4.23
PIEVERSE-VBILL,,$374.13M,-4.23
PIEVERSE-PC0000023,,$282.93M,-4.23
PIEVERSE-PC0000085,,$288.58M,-4.23
NFT-PC0000031,,$467.02M,0.98
NFT-PC0000077,,$364.52M,0.98
NFT-VBILL,,$456.57M,0.98
NFT-PC0000023,,$365.37M,0.98
NFT-PC0000085,,$371.02M,0.98
RAY-PC0000031,,$365.51M,0.88
RAY-PC0000077,,$263.01M,0.88
RAY-VBILL,,$355.05M,0.88
RAY-PC0000023,,$263.85M,0.88
RAY-PC0000085,,$269.51M,0.88
PC0000031-GEOD,,$296.85M,-0.32
PC0000031-PC0000077,,$302.50M,0.0
PC0000031-A,,$304.79M,-1.28
PC0000031-AIAT,,$320.48M,1.93
PC0000031-MX,,$353.09M,-0.35
PC0000031-THETA,,$328.59M,-0.65
PC0000031-SN64,,$292.49M,3.51
PC0000031-ETHFI,,$602.39M,14.51
PC0000031-APYUSD,,$360.63M,4.48
PC0000031-KOGE,,$416.65M,-3.57
PC0000031-BTSE,,$335.61M,-0.65
PC0000031-VET,,$591.46M,2.18
PC0000031-CHZ,,$346.64M,-12.08
PC0000031-REAL,,$451.56M,-4.12
PC0000031-MON,,$450.69M,7.35
PC0000031-MANA,,$333.88M,4.04
PC0000031-PRL,,$286.57M,7.3
PC0000031-GLIDR,,$303.88M,4.09
PC0000031-ONYC,,$448.71M,0.47
PC0000031-A7A5,,$680.70M,-0.31
PC0000031-MET,,$291.92M,1.02
PC0000031-COMP,,$361.82M,2.39
PC0000031-SYRUP,,$409.75M,11.28
PC0000031-FRXUSD,,$312.42M,0.01
PC0000031-BTT,,$461.97M,0.19
PC0000031-BAT,,$305.91M,-5.4
PC0000031-XPIN,,$347.40M,1.26
PC0000031-SOSO,,$319.09M,9.69
PC0000031-VBILL,,$394.54M,0.0
PC0000031-CRCLON,,$295.35M,0.35
PC0000031-PEANUT,,$387.04M,-4.0
PC0000031-AR,,$318.55M,-4.67
PC0000031-SFP,,$305.23M,-2.35
PC0000031-PC0000023,,$303.35M,0.0
PC0000031-GUSD,,$352.01M,-0.07
PC0000031-WFI,,$377.04M,0.26
PC0000031-GRASS,,$418.37M,-13.49
PC0000031-PC0000085,,$309.00M,0.0
PC0000031-BSV,,$460.99M,0.82
PC0000031-JASMY,,$414.09M,0.19
PC0000031-USDAI,,$359.94M,0.01
PC0000031-AERO,,$616.87M,-4.77
PC0000031-BONK,,$467.45M,3.22
PC0000031-SUN,,$544.79M,4.89
PC0000031-EURCV,,$351.94M,-0.1
PC0000031-USDZ,,$329.89M,-0.12
PC0000031-AKE,,$298.02M,490.8
PC0000031-XCN,,$332.16M,-6.96
PC0000031-TRUMP,,$559.89M,4.13
PC0000031-FET,,$508.42M,-9.81
PC0000031-FRAX,,$422.57M,0.18
PC0000031-THBILL,,$320.43M,0.15
PC0000031-ZAMA,,$340.31M,44.74
PC0000031-SHFL,,$323.90M,1.63
PC0000031-USDF,,$314.34M,0.05
PC0000031-XPL,,$423.09M,-2.66
GEOD-PC0000077,,$194.35M,-0.32
GEOD-VBILL,,$286.39M,-0.32
GEOD-PC0000023,,$195.19M,-0.32
GEOD-PC0000085,,$200.85M,-0.32
PC0000077-A,,$202.29M,-1.28
PC0000077-AIAT,,$217.98M,1.93
PC0000077-MX,,$250.59M,-0.35
PC0000077-THETA,,$226.09M,-0.65
PC0000077-SN64,,$189.99M,3.51
PC0000077-ETHFI,,$499.89M,14.51
PC0000077-APYUSD,,$258.13M,4.48
PC0000077-KOGE,,$314.15M,-3.57
PC0000077-BTSE,,$233.11M,-0.65
PC0000077-VET,,$488.96M,2.18
PC0000077-CHZ,,$244.14M,-12.08
PC0000077-REAL,,$349.06M,-4.12
PC0000077-MON,,$348.19M,7.35
PC0000077-MANA,,$231.38M,4.04
PC0000077-PRL,,$184.07M,7.3
PC0000077-GLIDR,,$201.38M,4.09
PC0000077-ONYC,,$346.21M,0.47
PC0000077-A7A5,,$578.20M,-0.31
PC0000077-MET,,$189.42M,1.02
PC0000077-COMP,,$259.32M,2.39
PC0000077-SYRUP,,$307.25M,11.28
PC0000077-FRXUSD,,$209.92M,0.01
PC0000077-BTT,,$359.47M,0.19
PC0000077-BAT,,$203.41M,-5.4
PC0000077-XPIN,,$244.90M,1.26
PC0000077-SOSO,,$216.59M,9.69
PC0000077-VBILL,,$292.04M,0.0
PC0000077-CRCLON,,$192.85M,0.35
PC0000077-PEANUT,,$284.54M,-4.0
PC0000077-AR,,$216.05M,-4.67
PC0000077-SFP,,$202.73M,-2.35
PC0000077-PC0000023,,$200.85M,0.0
PC0000077-GUSD,,$249.51M,-0.07
PC0000077-WFI,,$274.54M,0.26
PC0000077-GRASS,,$315.87M,-13.49
PC0000077-PC0000085,,$206.50M,0.0
PC0000077-BSV,,$358.49M,0.82
PC0000077-JASMY,,$311.59M,0.19
PC0000077-USDAI,,$257.44M,0.01
PC0000077-AERO,,$514.37M,-4.77
PC0000077-BONK,,$364.95M,3.22
PC0000077-SUN,,$442.29M,4.89
PC0000077-EURCV,,$249.44M,-0.1
PC0000077-USDZ,,$227.39M,-0.12
PC0000077-AKE,,$195.52M,490.8
PC0000077-XCN,,$229.66M,-6.96
PC0000077-TRUMP,,$457.39M,4.13
PC0000077-FET,,$405.92M,-9.81
PC0000077-FRAX,,$320.07M,0.18
PC0000077-THBILL,,$217.93M,0.15
PC0000077-ZAMA,,$237.81M,44.74
PC0000077-SHFL,,$221.40M,1.63
PC0000077-USDF,,$211.84M,0.05
PC0000077-XPL,,$320.59M,-2.66
A-VBILL,,$294.33M,-1.28
A-PC0000023,,$203.14M,-1.28
A-PC0000085,,$208.79M,-1.28
AIAT-VBILL,,$310.02M,1.93
AIAT-PC0000023,,$218.83M,1.93
AIAT-PC0000085,,$224.48M,1.93
MX-VBILL,,$342.63M,-0.35
MX-PC0000023,,$251.43M,-0.35
MX-PC0000085,,$257.09M,-0.35
THETA-VBILL,,$318.14M,-0.65
THETA-PC0000023,,$226.94M,-0.65
THETA-PC0000085,,$232.59M,-0.65
SN64-VBILL,,$282.03M,3.51
SN64-PC0000023,,$190.84M,3.51
SN64-PC0000085,,$196.49M,3.51
ETHFI-VBILL,,$591.93M,14.51
ETHFI-PC0000023,,$500.74M,14.51
ETHFI-PC0000085,,$506.39M,14.51
APYUSD-VBILL,,$350.17M,4.48
APYUSD-PC0000023,,$258.97M,4.48
APYUSD-PC0000085,,$264.63M,4.48
KOGE-VBILL,,$406.19M,-3.57
KOGE-PC0000023,,$314.99M,-3.57
KOGE-PC0000085,,$320.65M,-3.57
BTSE-VBILL,,$325.15M,-0.65
BTSE-PC0000023,,$233.96M,-0.65
BTSE-PC0000085,,$239.61M,-0.65
VET-VBILL,,$581.00M,2.18
VET-PC0000023,,$489.80M,2.18
VET-PC0000085,,$495.46M,2.18
CHZ-VBILL,,$336.18M,-12.08
CHZ-PC0000023,,$244.99M,-12.08
CHZ-PC0000085,,$250.64M,-12.08
REAL-VBILL,,$441.10M,-4.12
REAL-PC0000023,,$349.90M,-4.12
REAL-PC0000085,,$355.56M,-4.12
MON-VBILL,,$440.24M,7.35
MON-PC0000023,,$349.04M,7.35
MON-PC0000085,,$354.69M,7.35
MANA-VBILL,,$323.43M,4.04
MANA-PC0000023,,$232.23M,4.04
MANA-PC0000085,,$237.88M,4.04
PRL-VBILL,,$276.11M,7.3
PRL-PC0000023,,$184.92M,7.3
PRL-PC0000085,,$190.57M,7.3
GLIDR-VBILL,,$293.43M,4.09
GLIDR-PC0000023,,$202.23M,4.09
GLIDR-PC0000085,,$207.88M,4.09
ONYC-VBILL,,$438.25M,0.47
ONYC-PC0000023,,$347.05M,0.47
ONYC-PC0000085,,$352.71M,0.47
A7A5-VBILL,,$670.25M,-0.31
A7A5-PC0000023,,$579.05M,-0.31
A7A5-PC0000085,,$584.70M,-0.31
MET-VBILL,,$281.46M,1.02
MET-PC0000023,,$190.26M,1.02
MET-PC0000085,,$195.92M,1.02
COMP-VBILL,,$351.37M,2.39
COMP-PC0000023,,$260.17M,2.39
COMP-PC0000085,,$265.82M,2.39
SYRUP-VBILL,,$399.29M,11.28
SYRUP-PC0000023,,$308.09M,11.28
SYRUP-PC0000085,,$313.75M,11.28
FRXUSD-VBILL,,$301.96M,0.01
FRXUSD-PC0000023,,$210.77M,0.01
FRXUSD-PC0000085,,$216.42M,0.01
BTT-VBILL,,$451.52M,0.19
BTT-PC0000023,,$360.32M,0.19
BTT-PC0000085,,$365.97M,0.19
BAT-VBILL,,$295.46M,-5.4
BAT-PC0000023,,$204.26M,-5.4
BAT-PC0000085,,$209.91M,-5.4
XPIN-VBILL,,$336.94M,1.26
XPIN-PC0000023,,$245.74M,1.26
XPIN-PC0000085,,$251.40M,1.26
SOSO-VBILL,,$308.63M,9.69
SOSO-PC0000023,,$217.43M,9.69
SOSO-PC0000085,,$223.09M,9.69
VBILL-CRCLON,,$284.90M,0.35
VBILL-PEANUT,,$376.58M,-4.0
VBILL-AR,,$308.10M,-4.67
VBILL-SFP,,$294.77M,-2.35
VBILL-PC0000023,,$292.89M,0.0
VBILL-GUSD,,$341.55M,-0.07
VBILL-WFI,,$366.59M,0.26
VBILL-GRASS,,$407.91M,-13.49
VBILL-PC0000085,,$298.54M,0.0
VBILL-BSV,,$450.54M,0.82
VBILL-JASMY,,$403.63M,0.19
VBILL-USDAI,,$349.48M,0.01
VBILL-AERO,,$606.42M,-4.77
VBILL-BONK,,$456.99M,3.22
VBILL-SUN,,$534.33M,4.89
VBILL-EURCV,,$341.48M,-0.1
VBILL-USDZ,,$319.43M,-0.12
VBILL-AKE,,$287.57M,490.8
VBILL-XCN,,$321.70M,-6.96
VBILL-TRUMP,,$549.43M,4.13
VBILL-FET,,$497.96M,-9.81
VBILL-FRAX,,$412.11M,0.18
VBILL-THBILL,,$309.98M,0.15
VBILL-ZAMA,,$329.85M,44.74
VBILL-SHFL,,$313.44M,1.63
VBILL-USDF,,$303.88M,0.05
VBILL-XPL,,$412.63M,-2.66
CRCLON-PC0000023,,$193.70M,0.35
CRCLON-PC0000085,,$199.35M,0.35
PEANUT-PC0000023,,$285.38M,-4.0
PEANUT-PC0000085,,$291.04M,-4.0
AR-PC0000023,,$216.90M,-4.67
AR-PC0000085,,$222.55M,-4.67
SFP-PC0000023,,$203.58M,-2.35
SFP-PC0000085,,$209.23M,-2.35
PC0000023-GUSD,,$250.35M,-0.07
PC0000023-WFI,,$275.39M,0.26
PC0000023-GRASS,,$316.72M,-13.49
PC0000023-PC0000085,,$207.35M,0.0
PC0000023-BSV,,$359.34M,0.82
PC0000023-JASMY,,$312.43M,0.19
PC0000023-USDAI,,$258.28M,0.01
PC0000023-AERO,,$515.22M,-4.77
PC0000023-BONK,,$365.79M,3.22
PC0000023-SUN,,$443.14M,4.89
PC0000023-EURCV,,$250.28M,-0.1
PC0000023-USDZ,,$228.24M,-0.12
PC0000023-AKE,,$196.37M,490.8
PC0000023-XCN,,$230.51M,-6.96
PC0000023-TRUMP,,$458.24M,4.13
PC0000023-FET,,$406.76M,-9.81
PC0000023-FRAX,,$320.91M,0.18
PC0000023-THBILL,,$218.78M,0.15
PC0000023-ZAMA,,$238.66M,44.74
PC0000023-SHFL,,$222.25M,1.63
PC0000023-USDF,,$212.68M,0.05
PC0000023-XPL,,$321.43M,-2.66
GUSD-PC0000085,,$256.01M,-0.07
WFI-PC0000085,,$281.04M,0.26
GRASS-PC0000085,,$322.37M,-13.49
PC0000085-BSV,,$364.99M,0.82
PC0000085-JASMY,,$318.09M,0.19
PC0000085-USDAI,,$263.94M,0.01
PC0000085-AERO,,$520.87M,-4.77
PC0000085-BONK,,$371.45M,3.22
PC0000085-SUN,,$448.79M,4.89
PC0000085-EURCV,,$255.94M,-0.1
PC0000085-USDZ,,$233.89M,-0.12
PC0000085-AKE,,$202.02M,490.8
PC0000085-XCN,,$236.16M,-6.96
PC0000085-TRUMP,,$463.89M,4.13
PC0000085-FET,,$412.42M,-9.81
PC0000085-FRAX,,$326.57M,0.18
PC0000085-THBILL,,$224.43M,0.15
PC0000085-ZAMA,,$244.31M,44.74
PC0000085-SHFL,,$227.90M,1.63
PC0000085-USDF,,$218.34M,0.05
PC0000085-XPL,,$327.09M,-2.66
VSN-WM,err:WM_insufficient_data(70/25),$237.25M,
LUNC-WM,err:WM_insufficient_data(70/25),$365.26M,
PC0000015-WM,err:WM_insufficient_data(70/25),$196.59M,
IMX-WM,err:WM_insufficient_data(70/25),$313.68M,
NXM-WM,err:WM_insufficient_data(70/25),$173.23M,
SPX-WM,err:WM_insufficient_data(70/25),$388.44M,
UB-WM,err:WM_insufficient_data(70/25),$447.20M,
OUSG-WM,err:WM_insufficient_data(70/25),$466.61M,
STAC-WM,err:WM_insufficient_data(70/25),$189.00M,
1INCH-WM,err:WM_insufficient_data(70/25),$202.18M,
RLB-WM,err:WM_insufficient_data(70/25),$190.63M,
DYDX-WM,err:WM_insufficient_data(70/25),$184.23M,
APR-WM,err:WM_insufficient_data(70/25),$282.75M,
DRV-WM,err:WM_insufficient_data(70/25),$189.00M,
EDGE-WM,err:WM_insufficient_data(70/25),$222.33M,
INJ-WM,err:WM_insufficient_data(70/25),$545.60M,
KAU-WM,err:WM_insufficient_data(70/25),$394.67M,
LDO-WM,err:WM_insufficient_data(70/25),$389.56M,
EARNETH-WM,err:WM_insufficient_data(70/25),$233.30M,
GRT-WM,err:WM_insufficient_data(70/25),$247.70M,
USDTB-WM,err:WM_insufficient_data(70/25),$441.88M,
VELVET-WM,err:WM_insufficient_data(70/25),$252.86M,
BC-WM,err:WM_insufficient_data(70/25),$305.93M,
DEXE-WM,err:WM_insufficient_data(70/25),$360.44M,
OZO-WM,err:WM_insufficient_data(70/25),$211.66M,
2Z-WM,err:WM_insufficient_data(70/25),$288.70M,
CASH-WM,err:WM_insufficient_data(70/25),$208.38M,
ZBCN-WM,err:WM_insufficient_data(70/25),$263.63M,
CVX-WM,err:WM_insufficient_data(70/25),$221.18M,
TIA-WM,err:WM_insufficient_data(70/25),$392.85M,
US-WM,err:WM_insufficient_data(70/25),$505.33M,
VIRTUAL-WM,err:WM_insufficient_data(70/25),$455.93M,
ZRO-WM,err:WM_insufficient_data(70/25),$371.11M,
AKT-WM,err:WM_insufficient_data(70/25),$214.75M,
TKX-WM,err:WM_insufficient_data(70/25),$189.80M,
APEPE-WM,err:WM_insufficient_data(70/25),$287.72M,
USTBL-WM,err:WM_insufficient_data(70/25),$247.20M,
OHM-WM,err:WM_insufficient_data(70/25),$362.17M,
GRX-WM,err:WM_insufficient_data(70/25),$210.46M,
META-WM,err:WM_insufficient_data(70/25),$181.77M,
APXUSD-WM,err:WM_insufficient_data(70/25),$381.42M,
GNO-WM,err:WM_insufficient_data(70/25),$369.00M,
USDAT-WM,err:WM_insufficient_data(70/25),$226.16M,
TWT-WM,err:WM_insufficient_data(70/25),$234.83M,
CAKE-WM,err:WM_insufficient_data(70/25),$533.55M,
ZK-WM,err:WM_insufficient_data(70/25),$170.71M,
FLUID-WM,err:WM_insufficient_data(70/25),$172.65M,
COCO-WM,err:WM_insufficient_data(70/25),$270.58M,
TIBBIR-WM,err:WM_insufficient_data(70/25),$192.85M,
GPS-WM,err:WM_insufficient_data(70/25),$182.37M,
DCR-WM,err:WM_insufficient_data(70/25),$289.14M,
NEO-WM,err:WM_insufficient_data(70/25),$220.14M,
GLM-WM,err:WM_insufficient_data(70/25),$181.12M,
AXS-WM,err:WM_insufficient_data(70/25),$230.05M,
KAG-WM,err:WM_insufficient_data(70/25),$300.05M,
CHEEMS-WM,err:WM_insufficient_data(70/25),$186.68M,
KMNO-WM,err:WM_insufficient_data(70/25),$184.38M,
XTZ-WM,err:WM_insufficient_data(70/25),$311.83M,
ULTIMA-WM,err:WM_insufficient_data(70/25),$268.06M,
KAITO-WM,err:WM_insufficient_data(70/25),$395.63M,
BP-WM,err:WM_insufficient_data(70/25),$200.60M,
UQC-WM,err:WM_insufficient_data(70/25),$194.38M,
STRK-WM,err:WM_insufficient_data(70/25),$275.57M,
CTOC-WM,err:WM_insufficient_data(70/25),$361.36M,
PC0000033-WM,err:WM_insufficient_data(70/25),$248.86M,
ICNT-WM,err:WM_insufficient_data(70/25),$187.93M,
FDUSD-WM,err:WM_insufficient_data(70/25),$432.46M,
PC0000097-WM,err:WM_insufficient_data(70/25),$220.36M,
WEMIX-WM,err:WM_insufficient_data(70/25),$186.78M,
ACRED-WM,err:WM_insufficient_data(70/25),$201.40M,
WM-UUSD,err:WM_insufficient_data(70/25),$186.15M,
WM-FLOKI,err:WM_insufficient_data(70/25),$284.87M,
WM-SAND,err:WM_insufficient_data(70/25),$211.55M,
WM-AWE,err:WM_insufficient_data(70/25),$192.18M,
WM-CRVUSD,err:WM_insufficient_data(70/25),$298.41M,
WM-GENIUS,err:WM_insufficient_data(70/25),$199.74M,
WM-SNX,err:WM_insufficient_data(70/25),$208.80M,
WM-VCNT,err:WM_insufficient_data(70/25),$250.80M,
WM-DASH,err:WM_insufficient_data(70/25),$483.79M,
WM-CARDS,err:WM_insufficient_data(70/25),$355.23M,
WM-USAT,err:WM_insufficient_data(70/25),$271.59M,
WM-FF,err:WM_insufficient_data(70/25),$278.65M,
WM-USDA,err:WM_insufficient_data(70/25),$182.54M,
WM-ZANO,err:WM_insufficient_data(70/25),$217.52M,
WM-REUSD,err:WM_insufficient_data(70/25),$253.79M,
WM-NEX,err:WM_insufficient_data(70/25),$176.69M,
WM-JTO,err:WM_insufficient_data(70/25),$355.00M,
WM-IOTA,err:WM_insufficient_data(70/25),$233.94M,
WM-AVUSD,err:WM_insufficient_data(70/25),$202.34M,
WM-FARTCOIN,err:WM_insufficient_data(70/25),$209.37M,
WM-GALA,err:WM_insufficient_data(70/25),$174.97M,
WM-ENS,err:WM_insufficient_data(70/25),$262.43M,
WM-SOON,err:WM_insufficient_data(70/25),$176.37M,
WM-WIF,err:WM_insufficient_data(70/25),$232.70M,
WM-SPCXB,err:WM_insufficient_data(70/25),$171.90M,
WM-STRCX,err:WM_insufficient_data(70/25),$227.15M,
WM-PENGU,err:WM_insufficient_data(70/25),$458.08M,
WM-BORG,err:WM_insufficient_data(70/25),$224.63M,
WM-TAG,err:WM_insufficient_data(70/25),$231.43M,
WM-XEC,err:WM_insufficient_data(70/25),$205.82M,
WM-STX,err:WM_insufficient_data(70/25),$336.88M,
WM-TEL,err:WM_insufficient_data(70/25),$260.68M,
WM-GOMINING,err:WM_insufficient_data(70/25),$201.92M,
WM-APE,err:WM_insufficient_data(70/25),$235.00M,
WM-EIGEN,err:WM_insufficient_data(70/25),$226.95M,
WM-OP,err:WM_insufficient_data(70/25),$289.52M,
WM-KAIA,err:WM_insufficient_data(70/25),$253.16M,
WM-ZBT,err:WM_insufficient_data(70/25),$200.31M,
WM-EURC,err:WM_insufficient_data(70/25),$536.40M,
WM-KITE,err:WM_insufficient_data(70/25),$318.36M,
WM-RAIL,err:WM_insufficient_data(70/25),$176.20M,
WM-SHORT,err:WM_insufficient_data(70/25),$183.91M,
WM-TRAC,err:WM_insufficient_data(70/25),$210.03M,
WM-PENDLE,err:WM_insufficient_data(70/25),$337.01M,
WM-PYTH,err:WM_insufficient_data(70/25),$407.72M,
WM-PIEVERSE,err:WM_insufficient_data(70/25),$268.44M,
WM-NFT,err:WM_insufficient_data(70/25),$350.88M,
WM-RAY,err:WM_insufficient_data(70/25),$249.37M,
WM-PC0000031,err:WM_insufficient_data(70/25),$288.86M,
WM-GEOD,err:WM_insufficient_data(70/25),$180.71M,
WM-PC0000077,err:WM_insufficient_data(70/25),$186.36M,
WM-A,err:WM_insufficient_data(70/25),$188.65M,
WM-LION,err:WM_insufficient_data(70/25),$228.74M,
WM-AIAT,err:WM_insufficient_data(70/25),$204.34M,
WM-MX,err:WM_insufficient_data(70/25),$236.95M,
WM-THETA,err:WM_insufficient_data(70/25),$212.45M,
WM-SN64,err:WM_insufficient_data(70/25),$176.35M,
WM-ETHFI,err:WM_insufficient_data(70/25),$486.25M,
WM-APYUSD,err:WM_insufficient_data(70/25),$244.49M,
WM-KOGE,err:WM_insufficient_data(70/25),$300.51M,
WM-BTSE,err:WM_insufficient_data(70/25),$219.47M,
WM-VET,err:WM_insufficient_data(70/25),$475.32M,
WM-CHZ,err:WM_insufficient_data(70/25),$230.50M,
WM-REAL,err:WM_insufficient_data(70/25),$335.42M,
WM-MON,err:WM_insufficient_data(70/25),$334.55M,
WM-SAFO,err:WM_insufficient_data(70/25),$243.36M,
WM-MANA,err:WM_insufficient_data(70/25),$217.74M,
WM-PRL,err:WM_insufficient_data(70/25),$170.43M,
WM-GLIDR,err:WM_insufficient_data(70/25),$187.74M,
WM-ONYC,err:WM_insufficient_data(70/25),$332.57M,
WM-A7A5,err:WM_insufficient_data(70/25),$564.56M,
WM-MET,err:WM_insufficient_data(70/25),$175.78M,
WM-Q,err:WM_insufficient_data(70/25),$306.31M,
WM-COMP,err:WM_insufficient_data(70/25),$245.69M,
WM-SYRUP,err:WM_insufficient_data(70/25),$293.61M,
WM-FRXUSD,err:WM_insufficient_data(70/25),$196.28M,
WM-BTT,err:WM_insufficient_data(70/25),$345.83M,
WM-BAT,err:WM_insufficient_data(70/25),$189.77M,
WM-XPIN,err:WM_insufficient_data(70/25),$231.26M,
WM-SOSO,err:WM_insufficient_data(70/25),$202.95M,
WM-VBILL,err:WM_insufficient_data(70/25),$278.40M,
WM-CRCLON,err:WM_insufficient_data(70/25),$179.21M,
WM-PEANUT,err:WM_insufficient_data(70/25),$270.90M,
WM-AR,err:WM_insufficient_data(70/25),$202.41M,
WM-SFP,err:WM_insufficient_data(70/25),$189.09M,
WM-PC0000023,err:WM_insufficient_data(70/25),$187.21M,
WM-GUSD,err:WM_insufficient_data(70/25),$235.87M,
WM-WFI,err:WM_insufficient_data(70/25),$260.90M,
WM-GRASS,err:WM_insufficient_data(70/25),$302.23M,
WM-PC0000085,err:WM_insufficient_data(70/25),$192.86M,
WM-BSV,err:WM_insufficient_data(70/25),$344.85M,
WM-JASMY,err:WM_insufficient_data(70/25),$297.95M,
WM-ANTFUN,err:WM_insufficient_data(70/25),$368.67M,
WM-USDAI,err:WM_insufficient_data(70/25),$243.80M,
WM-AERO,err:WM_insufficient_data(70/25),$500.73M,
WM-BONK,err:WM_insufficient_data(70/25),$351.31M,
WM-SUN,err:WM_insufficient_data(70/25),$428.65M,
WM-EURCV,err:WM_insufficient_data(70/25),$235.80M,
WM-USDZ,err:WM_insufficient_data(70/25),$213.75M,
WM-AKE,err:WM_insufficient_data(70/25),$181.88M,
WM-XCN,err:WM_insufficient_data(70/25),$216.02M,
WM-TRUMP,err:WM_insufficient_data(70/25),$443.75M,
WM-FET,err:WM_insufficient_data(70/25),$392.28M,
WM-FRAX,err:WM_insufficient_data(70/25),$306.43M,
WM-THBILL,err:WM_insufficient_data(70/25),$204.29M,
WM-ZAMA,err:WM_insufficient_data(70/25),$224.17M,
WM-SHFL,err:WM_insufficient_data(70/25),$207.76M,
WM-USDF,err:WM_insufficient_data(70/25),$198.20M,
WM-XPL,err:WM_insufficient_data(70/25),$306.95M,
VSN-SMILEK,err:SMILEK_insufficient_data(65/25),$238.26M,
LUNC-SMILEK,err:SMILEK_insufficient_data(65/25),$366.27M,
PC0000015-SMILEK,err:SMILEK_insufficient_data(65/25),$197.60M,
IMX-SMILEK,err:SMILEK_insufficient_data(65/25),$314.69M,
NXM-SMILEK,err:SMILEK_insufficient_data(65/25),$174.24M,
SPX-SMILEK,err:SMILEK_insufficient_data(65/25),$389.45M,
UB-SMILEK,err:SMILEK_insufficient_data(65/25),$448.21M,
OUSG-SMILEK,err:SMILEK_insufficient_data(65/25),$467.62M,
STAC-SMILEK,err:SMILEK_insufficient_data(65/25),$190.01M,
1INCH-SMILEK,err:SMILEK_insufficient_data(65/25),$203.19M,
RLB-SMILEK,err:SMILEK_insufficient_data(65/25),$191.64M,
DYDX-SMILEK,err:SMILEK_insufficient_data(65/25),$185.24M,
APR-SMILEK,err:SMILEK_insufficient_data(65/25),$283.76M,
DRV-SMILEK,err:SMILEK_insufficient_data(65/25),$190.01M,
EDGE-SMILEK,err:SMILEK_insufficient_data(65/25),$223.35M,
INJ-SMILEK,err:SMILEK_insufficient_data(65/25),$546.61M,
KAU-SMILEK,err:SMILEK_insufficient_data(65/25),$395.68M,
LDO-SMILEK,err:SMILEK_insufficient_data(65/25),$390.57M,
EARNETH-SMILEK,err:SMILEK_insufficient_data(65/25),$234.31M,
GRT-SMILEK,err:SMILEK_insufficient_data(65/25),$248.72M,
USDTB-SMILEK,err:SMILEK_insufficient_data(65/25),$442.89M,
VELVET-SMILEK,err:SMILEK_insufficient_data(65/25),$253.87M,
BC-SMILEK,err:SMILEK_insufficient_data(65/25),$306.94M,
DEXE-SMILEK,err:SMILEK_insufficient_data(65/25),$361.45M,
OZO-SMILEK,err:SMILEK_insufficient_data(65/25),$212.67M,
2Z-SMILEK,err:SMILEK_insufficient_data(65/25),$289.71M,
CASH-SMILEK,err:SMILEK_insufficient_data(65/25),$209.39M,
ZBCN-SMILEK,err:SMILEK_insufficient_data(65/25),$264.64M,
CVX-SMILEK,err:SMILEK_insufficient_data(65/25),$222.19M,
TIA-SMILEK,err:SMILEK_insufficient_data(65/25),$393.86M,
US-SMILEK,err:SMILEK_insufficient_data(65/25),$506.34M,
VIRTUAL-SMILEK,err:SMILEK_insufficient_data(65/25),$456.94M,
ZRO-SMILEK,err:SMILEK_insufficient_data(65/25),$372.13M,
AKT-SMILEK,err:SMILEK_insufficient_data(65/25),$215.76M,
TKX-SMILEK,err:SMILEK_insufficient_data(65/25),$190.81M,
APEPE-SMILEK,err:SMILEK_insufficient_data(65/25),$288.73M,
USTBL-SMILEK,err:SMILEK_insufficient_data(65/25),$248.21M,
OHM-SMILEK,err:SMILEK_insufficient_data(65/25),$363.18M,
GRX-SMILEK,err:SMILEK_insufficient_data(65/25),$211.47M,
META-SMILEK,err:SMILEK_insufficient_data(65/25),$182.79M,
APXUSD-SMILEK,err:SMILEK_insufficient_data(65/25),$382.43M,
GNO-SMILEK,err:SMILEK_insufficient_data(65/25),$370.01M,
USDAT-SMILEK,err:SMILEK_insufficient_data(65/25),$227.17M,
TWT-SMILEK,err:SMILEK_insufficient_data(65/25),$235.84M,
CAKE-SMILEK,err:SMILEK_insufficient_data(65/25),$534.56M,
ZK-SMILEK,err:SMILEK_insufficient_data(65/25),$171.72M,
FLUID-SMILEK,err:SMILEK_insufficient_data(65/25),$173.66M,
COCO-SMILEK,err:SMILEK_insufficient_data(65/25),$271.59M,
TIBBIR-SMILEK,err:SMILEK_insufficient_data(65/25),$193.86M,
GPS-SMILEK,err:SMILEK_insufficient_data(65/25),$183.38M,
DCR-SMILEK,err:SMILEK_insufficient_data(65/25),$290.15M,
NEO-SMILEK,err:SMILEK_insufficient_data(65/25),$221.15M,
GLM-SMILEK,err:SMILEK_insufficient_data(65/25),$182.13M,
AXS-SMILEK,err:SMILEK_insufficient_data(65/25),$231.06M,
KAG-SMILEK,err:SMILEK_insufficient_data(65/25),$301.06M,
CHEEMS-SMILEK,err:SMILEK_insufficient_data(65/25),$187.69M,
KMNO-SMILEK,err:SMILEK_insufficient_data(65/25),$185.39M,
XTZ-SMILEK,err:SMILEK_insufficient_data(65/25),$312.84M,
ULTIMA-SMILEK,err:SMILEK_insufficient_data(65/25),$269.07M,
KAITO-SMILEK,err:SMILEK_insufficient_data(65/25),$396.64M,
BP-SMILEK,err:SMILEK_insufficient_data(65/25),$201.61M,
UQC-SMILEK,err:SMILEK_insufficient_data(65/25),$195.39M,
STRK-SMILEK,err:SMILEK_insufficient_data(65/25),$276.58M,
CTOC-SMILEK,err:SMILEK_insufficient_data(65/25),$362.37M,
PC0000033-SMILEK,err:SMILEK_insufficient_data(65/25),$249.87M,
ICNT-SMILEK,err:SMILEK_insufficient_data(65/25),$188.94M,
FDUSD-SMILEK,err:SMILEK_insufficient_data(65/25),$433.47M,
PC0000097-SMILEK,err:SMILEK_insufficient_data(65/25),$221.37M,
WEMIX-SMILEK,err:SMILEK_insufficient_data(65/25),$187.79M,
ACRED-SMILEK,err:SMILEK_insufficient_data(65/25),$202.41M,
SMILEK-WM,err:SMILEK_insufficient_data(65/25),$173.73M,
SMILEK-UUSD,err:SMILEK_insufficient_data(65/25),$187.16M,
SMILEK-FLOKI,err:SMILEK_insufficient_data(65/25),$285.88M,
SMILEK-SAND,err:SMILEK_insufficient_data(65/25),$212.56M,
SMILEK-AWE,err:SMILEK_insufficient_data(65/25),$193.19M,
SMILEK-CRVUSD,err:SMILEK_insufficient_data(65/25),$299.42M,
SMILEK-GENIUS,err:SMILEK_insufficient_data(65/25),$200.75M,
SMILEK-SNX,err:SMILEK_insufficient_data(65/25),$209.81M,
SMILEK-VCNT,err:SMILEK_insufficient_data(65/25),$251.81M,
SMILEK-DASH,err:SMILEK_insufficient_data(65/25),$484.81M,
SMILEK-CARDS,err:SMILEK_insufficient_data(65/25),$356.24M,
SMILEK-USAT,err:SMILEK_insufficient_data(65/25),$272.60M,
SMILEK-FF,err:SMILEK_insufficient_data(65/25),$279.66M,
SMILEK-USDA,err:SMILEK_insufficient_data(65/25),$183.55M,
SMILEK-ZANO,err:SMILEK_insufficient_data(65/25),$218.53M,
SMILEK-REUSD,err:SMILEK_insufficient_data(65/25),$254.80M,
SMILEK-NEX,err:SMILEK_insufficient_data(65/25),$177.70M,
SMILEK-JTO,err:SMILEK_insufficient_data(65/25),$356.01M,
SMILEK-IOTA,err:SMILEK_insufficient_data(65/25),$234.95M,
SMILEK-AVUSD,err:SMILEK_insufficient_data(65/25),$203.35M,
SMILEK-FARTCOIN,err:SMILEK_insufficient_data(65/25),$210.38M,
SMILEK-GALA,err:SMILEK_insufficient_data(65/25),$175.99M,
SMILEK-ENS,err:SMILEK_insufficient_data(65/25),$263.44M,
SMILEK-SOON,err:SMILEK_insufficient_data(65/25),$177.38M,
SMILEK-WIF,err:SMILEK_insufficient_data(65/25),$233.71M,
SMILEK-SPCXB,err:SMILEK_insufficient_data(65/25),$172.91M,
SMILEK-STRCX,err:SMILEK_insufficient_data(65/25),$228.17M,
SMILEK-PENGU,err:SMILEK_insufficient_data(65/25),$459.09M,
SMILEK-BORG,err:SMILEK_insufficient_data(65/25),$225.64M,
SMILEK-TAG,err:SMILEK_insufficient_data(65/25),$232.44M,
SMILEK-XEC,err:SMILEK_insufficient_data(65/25),$206.83M,
SMILEK-STX,err:SMILEK_insufficient_data(65/25),$337.89M,
SMILEK-TEL,err:SMILEK_insufficient_data(65/25),$261.69M,
SMILEK-GOMINING,err:SMILEK_insufficient_data(65/25),$202.93M,
SMILEK-APE,err:SMILEK_insufficient_data(65/25),$236.01M,
SMILEK-EIGEN,err:SMILEK_insufficient_data(65/25),$227.96M,
SMILEK-OP,err:SMILEK_insufficient_data(65/25),$290.53M,
SMILEK-KAIA,err:SMILEK_insufficient_data(65/25),$254.18M,
SMILEK-ZBT,err:SMILEK_insufficient_data(65/25),$201.32M,
SMILEK-EURC,err:SMILEK_insufficient_data(65/25),$537.41M,
SMILEK-KITE,err:SMILEK_insufficient_data(65/25),$319.37M,
SMILEK-RAIL,err:SMILEK_insufficient_data(65/25),$177.21M,
SMILEK-SHORT,err:SMILEK_insufficient_data(65/25),$184.92M,
SMILEK-TRAC,err:SMILEK_insufficient_data(65/25),$211.04M,
SMILEK-PENDLE,err:SMILEK_insufficient_data(65/25),$338.02M,
SMILEK-PYTH,err:SMILEK_insufficient_data(65/25),$408.73M,
SMILEK-PIEVERSE,err:SMILEK_insufficient_data(65/25),$269.45M,
SMILEK-NFT,err:SMILEK_insufficient_data(65/25),$351.89M,
SMILEK-RAY,err:SMILEK_insufficient_data(65/25),$250.38M,
SMILEK-PC0000031,err:SMILEK_insufficient_data(65/25),$289.87M,
SMILEK-GEOD,err:SMILEK_insufficient_data(65/25),$181.72M,
SMILEK-PC0000077,err:SMILEK_insufficient_data(65/25),$187.37M,
SMILEK-A,err:SMILEK_insufficient_data(65/25),$189.66M,
SMILEK-LION,err:SMILEK_insufficient_data(65/25),$229.75M,
SMILEK-AIAT,err:SMILEK_insufficient_data(65/25),$205.35M,
SMILEK-MX,err:SMILEK_insufficient_data(65/25),$237.96M,
SMILEK-THETA,err:SMILEK_insufficient_data(65/25),$213.46M,
SMILEK-SN64,err:SMILEK_insufficient_data(65/25),$177.36M,
SMILEK-ETHFI,err:SMILEK_insufficient_data(65/25),$487.26M,
SMILEK-APYUSD,err:SMILEK_insufficient_data(65/25),$245.50M,
SMILEK-KOGE,err:SMILEK_insufficient_data(65/25),$301.52M,
SMILEK-BTSE,err:SMILEK_insufficient_data(65/25),$220.48M,
SMILEK-VET,err:SMILEK_insufficient_data(65/25),$476.33M,
SMILEK-CHZ,err:SMILEK_insufficient_data(65/25),$231.51M,
SMILEK-REAL,err:SMILEK_insufficient_data(65/25),$336.43M,
SMILEK-MON,err:SMILEK_insufficient_data(65/25),$335.57M,
SMILEK-SAFO,err:SMILEK_insufficient_data(65/25),$244.37M,
SMILEK-MANA,err:SMILEK_insufficient_data(65/25),$218.76M,
SMILEK-PRL,err:SMILEK_insufficient_data(65/25),$171.44M,
SMILEK-GLIDR,err:SMILEK_insufficient_data(65/25),$188.75M,
SMILEK-ONYC,err:SMILEK_insufficient_data(65/25),$333.58M,
SMILEK-A7A5,err:SMILEK_insufficient_data(65/25),$565.58M,
SMILEK-MET,err:SMILEK_insufficient_data(65/25),$176.79M,
SMILEK-Q,err:SMILEK_insufficient_data(65/25),$307.32M,
SMILEK-COMP,err:SMILEK_insufficient_data(65/25),$246.70M,
SMILEK-SYRUP,err:SMILEK_insufficient_data(65/25),$294.62M,
SMILEK-FRXUSD,err:SMILEK_insufficient_data(65/25),$197.29M,
SMILEK-BTT,err:SMILEK_insufficient_data(65/25),$346.84M,
SMILEK-BAT,err:SMILEK_insufficient_data(65/25),$190.79M,
SMILEK-XPIN,err:SMILEK_insufficient_data(65/25),$232.27M,
SMILEK-SOSO,err:SMILEK_insufficient_data(65/25),$203.96M,
SMILEK-VBILL,err:SMILEK_insufficient_data(65/25),$279.41M,
SMILEK-CRCLON,err:SMILEK_insufficient_data(65/25),$180.22M,
SMILEK-PEANUT,err:SMILEK_insufficient_data(65/25),$271.91M,
SMILEK-AR,err:SMILEK_insufficient_data(65/25),$203.43M,
SMILEK-SFP,err:SMILEK_insufficient_data(65/25),$190.10M,
SMILEK-PC0000023,err:SMILEK_insufficient_data(65/25),$188.22M,
SMILEK-GUSD,err:SMILEK_insufficient_data(65/25),$236.88M,
SMILEK-WFI,err:SMILEK_insufficient_data(65/25),$261.91M,
SMILEK-GRASS,err:SMILEK_insufficient_data(65/25),$303.24M,
SMILEK-PC0000085,err:SMILEK_insufficient_data(65/25),$193.87M,
SMILEK-BSV,err:SMILEK_insufficient_data(65/25),$345.86M,
SMILEK-JASMY,err:SMILEK_insufficient_data(65/25),$298.96M,
SMILEK-ANTFUN,err:SMILEK_insufficient_data(65/25),$369.68M,
SMILEK-USDAI,err:SMILEK_insufficient_data(65/25),$244.81M,
SMILEK-AERO,err:SMILEK_insufficient_data(65/25),$501.74M,
SMILEK-BONK,err:SMILEK_insufficient_data(65/25),$352.32M,
SMILEK-SUN,err:SMILEK_insufficient_data(65/25),$429.66M,
SMILEK-EURCV,err:SMILEK_insufficient_data(65/25),$236.81M,
SMILEK-USDZ,err:SMILEK_insufficient_data(65/25),$214.76M,
SMILEK-AKE,err:SMILEK_insufficient_data(65/25),$182.89M,
SMILEK-XCN,err:SMILEK_insufficient_data(65/25),$217.03M,
SMILEK-TRUMP,err:SMILEK_insufficient_data(65/25),$444.76M,
SMILEK-FET,err:SMILEK_insufficient_data(65/25),$393.29M,
SMILEK-FRAX,err:SMILEK_insufficient_data(65/25),$307.44M,
SMILEK-THBILL,err:SMILEK_insufficient_data(65/25),$205.30M,
SMILEK-ZAMA,err:SMILEK_insufficient_data(65/25),$225.18M,
SMILEK-SHFL,err:SMILEK_insufficient_data(65/25),$208.77M,
SMILEK-USDF,err:SMILEK_insufficient_data(65/25),$199.21M,
SMILEK-XPL,err:SMILEK_insufficient_data(65/25),$307.96M,
VSN-SEI,err:SEI_insufficient_data(84/25),$437.45M,
LUNC-SEI,err:SEI_insufficient_data(84/25),$565.45M,
PC0000015-SEI,err:SEI_insufficient_data(84/25),$396.78M,
IMX-SEI,err:SEI_insufficient_data(84/25),$513.88M,
NXM-SEI,err:SEI_insufficient_data(84/25),$373.42M,
SPX-SEI,err:SEI_insufficient_data(84/25),$588.63M,
UB-SEI,err:SEI_insufficient_data(84/25),$647.39M,
OUSG-SEI,err:SEI_insufficient_data(84/25),$666.80M,
STAC-SEI,err:SEI_insufficient_data(84/25),$389.20M,
1INCH-SEI,err:SEI_insufficient_data(84/25),$402.37M,
RLB-SEI,err:SEI_insufficient_data(84/25),$390.83M,
DYDX-SEI,err:SEI_insufficient_data(84/25),$384.42M,
APR-SEI,err:SEI_insufficient_data(84/25),$482.94M,
DRV-SEI,err:SEI_insufficient_data(84/25),$389.20M,
EDGE-SEI,err:SEI_insufficient_data(84/25),$422.53M,
INJ-SEI,err:SEI_insufficient_data(84/25),$745.79M,
KAU-SEI,err:SEI_insufficient_data(84/25),$594.86M,
LDO-SEI,err:SEI_insufficient_data(84/25),$589.75M,
EARNETH-SEI,err:SEI_insufficient_data(84/25),$433.50M,
GRT-SEI,err:SEI_insufficient_data(84/25),$447.90M,
SEI-USDTB,err:SEI_insufficient_data(84/25),$642.08M,
SEI-BCN,err:SEI_insufficient_data(84/25),$552.32M,
SEI-VELVET,err:SEI_insufficient_data(84/25),$453.06M,
SEI-BC,err:SEI_insufficient_data(84/25),$506.12M,
SEI-DEXE,err:SEI_insufficient_data(84/25),$560.63M,
SEI-OZO,err:SEI_insufficient_data(84/25),$411.85M,
SEI-AB,err:SEI_insufficient_data(84/25),$383.40M,
SEI-2Z,err:SEI_insufficient_data(84/25),$488.89M,
SEI-CASH,err:SEI_insufficient_data(84/25),$408.57M,
SEI-ZBCN,err:SEI_insufficient_data(84/25),$463.83M,
SEI-CVX,err:SEI_insufficient_data(84/25),$421.37M,
SEI-TIA,err:SEI_insufficient_data(84/25),$593.04M,
SEI-US,err:SEI_insufficient_data(84/25),$705.52M,
SEI-VIRTUAL,err:SEI_insufficient_data(84/25),$656.12M,
SEI-ZRO,err:SEI_insufficient_data(84/25),$571.31M,
SEI-AKT,err:SEI_insufficient_data(84/25),$414.95M,
SEI-TKX,err:SEI_insufficient_data(84/25),$390.00M,
SEI-APEPE,err:SEI_insufficient_data(84/25),$487.91M,
SEI-USTBL,err:SEI_insufficient_data(84/25),$447.39M,
SEI-ALFW,err:SEI_insufficient_data(84/25),$400.88M,
SEI-OHM,err:SEI_insufficient_data(84/25),$562.36M,
SEI-B,err:SEI_insufficient_data(84/25),$454.73M,
SEI-GRX,err:SEI_insufficient_data(84/25),$410.65M,
SEI-META,err:SEI_insufficient_data(84/25),$381.97M,
SEI-APXUSD,err:SEI_insufficient_data(84/25),$581.61M,
SEI-NIGHT,err:SEI_insufficient_data(84/25),$588.93M,
SEI-GNO,err:SEI_insufficient_data(84/25),$569.20M,
SEI-USDAT,err:SEI_insufficient_data(84/25),$426.35M,
SEI-TWT,err:SEI_insufficient_data(84/25),$435.02M,
SEI-CAKE,err:SEI_insufficient_data(84/25),$733.74M,
SEI-ZK,err:SEI_insufficient_data(84/25),$370.91M,
SEI-FLUID,err:SEI_insufficient_data(84/25),$372.84M,
SEI-COCO,err:SEI_insufficient_data(84/25),$470.77M,
SEI-TIBBIR,err:SEI_insufficient_data(84/25),$393.04M,
SEI-GPS,err:SEI_insufficient_data(84/25),$382.56M,
SEI-H,err:SEI_insufficient_data(84/25),$418.67M,
SEI-DCR,err:SEI_insufficient_data(84/25),$489.33M,
SEI-NEO,err:SEI_insufficient_data(84/25),$420.33M,
SEI-GLM,err:SEI_insufficient_data(84/25),$381.32M,
SEI-AXS,err:SEI_insufficient_data(84/25),$430.24M,
SEI-KAG,err:SEI_insufficient_data(84/25),$500.25M,
SEI-CHEEMS,err:SEI_insufficient_data(84/25),$386.87M,
SEI-KMNO,err:SEI_insufficient_data(84/25),$384.57M,
SEI-XTZ,err:SEI_insufficient_data(84/25),$512.03M,
SEI-ULTIMA,err:SEI_insufficient_data(84/25),$468.25M,
SEI-KAITO,err:SEI_insufficient_data(84/25),$595.82M,
SEI-RUNE,err:SEI_insufficient_data(84/25),$434.82M,
SEI-BP,err:SEI_insufficient_data(84/25),$400.79M,
SEI-UQC,err:SEI_insufficient_data(84/25),$394.57M,
SEI-STRK,err:SEI_insufficient_data(84/25),$475.76M,
SEI-CTOC,err:SEI_insufficient_data(84/25),$561.56M,
SEI-PC0000033,err:SEI_insufficient_data(84/25),$449.05M,
SEI-ICNT,err:SEI_insufficient_data(84/25),$388.13M,
SEI-FDUSD,err:SEI_insufficient_data(84/25),$632.65M,
SEI-PC0000097,err:SEI_insufficient_data(84/25),$420.55M,
SEI-WEMIX,err:SEI_insufficient_data(84/25),$386.98M,
SEI-ACRED,err:SEI_insufficient_data(84/25),$401.59M,
SEI-SMILEK,err:SEI_insufficient_data(84/25),$373.92M,
SEI-WM,err:SEI_insufficient_data(84/25),$372.91M,
SEI-UUSD,err:SEI_insufficient_data(84/25),$386.34M,
SEI-FLOKI,err:SEI_insufficient_data(84/25),$485.06M,
SEI-SAND,err:SEI_insufficient_data(84/25),$411.74M,
SEI-AWE,err:SEI_insufficient_data(84/25),$392.37M,
SEI-CRVUSD,err:SEI_insufficient_data(84/25),$498.60M,
SEI-GENIUS,err:SEI_insufficient_data(84/25),$399.94M,
SEI-SNX,err:SEI_insufficient_data(84/25),$408.99M,
SEI-VCNT,err:SEI_insufficient_data(84/25),$451.00M,
SEI-DASH,err:SEI_insufficient_data(84/25),$683.99M,
SEI-CARDS,err:SEI_insufficient_data(84/25),$555.42M,
SEI-USAT,err:SEI_insufficient_data(84/25),$471.78M,
SEI-FF,err:SEI_insufficient_data(84/25),$478.84M,
SEI-USDA,err:SEI_insufficient_data(84/25),$382.73M,
SEI-ZANO,err:SEI_insufficient_data(84/25),$417.71M,
SEI-REUSD,err:SEI_insufficient_data(84/25),$453.99M,
SEI-NEX,err:SEI_insufficient_data(84/25),$376.88M,
SEI-JTO,err:SEI_insufficient_data(84/25),$555.19M,
SEI-IOTA,err:SEI_insufficient_data(84/25),$434.13M,
SEI-AVUSD,err:SEI_insufficient_data(84/25),$402.53M,
SEI-FARTCOIN,err:SEI_insufficient_data(84/25),$409.56M,
SEI-GALA,err:SEI_insufficient_data(84/25),$375.17M,
SEI-ENS,err:SEI_insufficient_data(84/25),$462.62M,
SEI-SOON,err:SEI_insufficient_data(84/25),$376.56M,
SEI-WIF,err:SEI_insufficient_data(84/25),$432.90M,
SEI-SPCXB,err:SEI_insufficient_data(84/25),$372.09M,
SEI-STRCX,err:SEI_insufficient_data(84/25),$427.35M,
SEI-PENGU,err:SEI_insufficient_data(84/25),$658.27M,
SEI-BORG,err:SEI_insufficient_data(84/25),$424.82M,
SEI-TAG,err:SEI_insufficient_data(84/25),$431.62M,
SEI-XEC,err:SEI_insufficient_data(84/25),$406.01M,
SEI-STX,err:SEI_insufficient_data(84/25),$537.07M,
SEI-TEL,err:SEI_insufficient_data(84/25),$460.87M,
SEI-GOMINING,err:SEI_insufficient_data(84/25),$402.12M,
SEI-APE,err:SEI_insufficient_data(84/25),$435.19M,
SEI-EIGEN,err:SEI_insufficient_data(84/25),$427.15M,
SEI-OP,err:SEI_insufficient_data(84/25),$489.71M,
SEI-KAIA,err:SEI_insufficient_data(84/25),$453.36M,
SEI-ZBT,err:SEI_insufficient_data(84/25),$400.50M,
SEI-EURC,err:SEI_insufficient_data(84/25),$736.59M,
SEI-KITE,err:SEI_insufficient_data(84/25),$518.56M,
SEI-RAIL,err:SEI_insufficient_data(84/25),$376.40M,
SEI-SHORT,err:SEI_insufficient_data(84/25),$384.11M,
SEI-TRAC,err:SEI_insufficient_data(84/25),$410.22M,
SEI-PENDLE,err:SEI_insufficient_data(84/25),$537.20M,
SEI-PYTH,err:SEI_insufficient_data(84/25),$607.91M,
SEI-PIEVERSE,err:SEI_insufficient_data(84/25),$468.64M,
SEI-NFT,err:SEI_insufficient_data(84/25),$551.08M,
SEI-RAY,err:SEI_insufficient_data(84/25),$449.56M,
SEI-PC0000031,err:SEI_insufficient_data(84/25),$489.05M,
SEI-GEOD,err:SEI_insufficient_data(84/25),$380.90M,
SEI-PC0000077,err:SEI_insufficient_data(84/25),$386.55M,
SEI-A,err:SEI_insufficient_data(84/25),$388.84M,
SEI-LION,err:SEI_insufficient_data(84/25),$428.93M,
SEI-AIAT,err:SEI_insufficient_data(84/25),$404.53M,
SEI-MX,err:SEI_insufficient_data(84/25),$437.14M,
SEI-THETA,err:SEI_insufficient_data(84/25),$412.65M,
SEI-SN64,err:SEI_insufficient_data(84/25),$376.55M,
SEI-ETHFI,err:SEI_insufficient_data(84/25),$686.44M,
SEI-APYUSD,err:SEI_insufficient_data(84/25),$444.68M,
SEI-KOGE,err:SEI_insufficient_data(84/25),$500.70M,
SEI-BTSE,err:SEI_insufficient_data(84/25),$419.66M,
SEI-VET,err:SEI_insufficient_data(84/25),$675.51M,
SEI-CHZ,err:SEI_insufficient_data(84/25),$430.69M,
SEI-REAL,err:SEI_insufficient_data(84/25),$535.61M,
SEI-MON,err:SEI_insufficient_data(84/25),$534.75M,
SEI-SAFO,err:SEI_insufficient_data(84/25),$443.55M,
SEI-MANA,err:SEI_insufficient_data(84/25),$417.94M,
SEI-PRL,err:SEI_insufficient_data(84/25),$370.62M,
SEI-GLIDR,err:SEI_insufficient_data(84/25),$387.94M,
SEI-ONYC,err:SEI_insufficient_data(84/25),$532.76M,
SEI-A7A5,err:SEI_insufficient_data(84/25),$764.76M,
SEI-MET,err:SEI_insufficient_data(84/25),$375.97M,
SEI-Q,err:SEI_insufficient_data(84/25),$506.50M,
SEI-COMP,err:SEI_insufficient_data(84/25),$445.88M,
SEI-SYRUP,err:SEI_insufficient_data(84/25),$493.80M,
SEI-FRXUSD,err:SEI_insufficient_data(84/25),$396.47M,
SEI-BTT,err:SEI_insufficient_data(84/25),$546.03M,
SEI-BAT,err:SEI_insufficient_data(84/25),$389.97M,
SEI-XPIN,err:SEI_insufficient_data(84/25),$431.45M,
SEI-SOSO,err:SEI_insufficient_data(84/25),$403.14M,
SEI-VBILL,err:SEI_insufficient_data(84/25),$478.60M,
SEI-CRCLON,err:SEI_insufficient_data(84/25),$379.41M,
SEI-PEANUT,err:SEI_insufficient_data(84/25),$471.09M,
SEI-AR,err:SEI_insufficient_data(84/25),$402.61M,
SEI-SFP,err:SEI_insufficient_data(84/25),$389.29M,
SEI-PC0000023,err:SEI_insufficient_data(84/25),$387.40M,
SEI-GUSD,err:SEI_insufficient_data(84/25),$436.06M,
SEI-WFI,err:SEI_insufficient_data(84/25),$461.10M,
SEI-GRASS,err:SEI_insufficient_data(84/25),$502.42M,
SEI-PC0000085,err:SEI_insufficient_data(84/25),$393.05M,
SEI-BSV,err:SEI_insufficient_data(84/25),$545.05M,
SEI-JASMY,err:SEI_insufficient_data(84/25),$498.14M,
SEI-ANTFUN,err:SEI_insufficient_data(84/25),$568.86M,
SEI-USDAI,err:SEI_insufficient_data(84/25),$443.99M,
SEI-AERO,err:SEI_insufficient_data(84/25),$700.93M,
SEI-BONK,err:SEI_insufficient_data(84/25),$551.50M,
SEI-SUN,err:SEI_insufficient_data(84/25),$628.84M,
SEI-EURCV,err:SEI_insufficient_data(84/25),$435.99M,
SEI-USDZ,err:SEI_insufficient_data(84/25),$413.94M,
SEI-AKE,err:SEI_insufficient_data(84/25),$382.08M,
SEI-XCN,err:SEI_insufficient_data(84/25),$416.21M,
SEI-TRUMP,err:SEI_insufficient_data(84/25),$643.94M,
SEI-FET,err:SEI_insufficient_data(84/25),$592.47M,
SEI-FRAX,err:SEI_insufficient_data(84/25),$506.62M,
SEI-THBILL,err:SEI_insufficient_data(84/25),$404.49M,
SEI-ZAMA,err:SEI_insufficient_data(84/25),$424.37M,
SEI-SHFL,err:SEI_insufficient_data(84/25),$407.95M,
SEI-USDF,err:SEI_insufficient_data(84/25),$398.39M,
SEI-XPL,err:SEI_insufficient_data(84/25),$507.14M,
VSN-SAFO,err:SAFO_insufficient_data(13/25),$307.89M,
LUNC-SAFO,err:SAFO_insufficient_data(13/25),$435.90M,
PC0000015-SAFO,err:SAFO_insufficient_data(13/25),$267.23M,
IMX-SAFO,err:SAFO_insufficient_data(13/25),$384.32M,
NXM-SAFO,err:SAFO_insufficient_data(13/25),$243.87M,
SPX-SAFO,err:SAFO_insufficient_data(13/25),$459.07M,
UB-SAFO,err:SAFO_insufficient_data(13/25),$517.84M,
OUSG-SAFO,err:SAFO_insufficient_data(13/25),$537.25M,
STAC-SAFO,err:SAFO_insufficient_data(13/25),$259.64M,
1INCH-SAFO,err:SAFO_insufficient_data(13/25),$272.82M,
RLB-SAFO,err:SAFO_insufficient_data(13/25),$261.27M,
DYDX-SAFO,err:SAFO_insufficient_data(13/25),$254.87M,
APR-SAFO,err:SAFO_insufficient_data(13/25),$353.39M,
DRV-SAFO,err:SAFO_insufficient_data(13/25),$259.64M,
EDGE-SAFO,err:SAFO_insufficient_data(13/25),$292.97M,
INJ-SAFO,err:SAFO_insufficient_data(13/25),$616.24M,
KAU-SAFO,err:SAFO_insufficient_data(13/25),$465.31M,
LDO-SAFO,err:SAFO_insufficient_data(13/25),$460.20M,
EARNETH-SAFO,err:SAFO_insufficient_data(13/25),$303.94M,
GRT-SAFO,err:SAFO_insufficient_data(13/25),$318.34M,
USDTB-SAFO,err:SAFO_insufficient_data(13/25),$512.52M,
VELVET-SAFO,err:SAFO_insufficient_data(13/25),$323.50M,
BC-SAFO,err:SAFO_insufficient_data(13/25),$376.57M,
DEXE-SAFO,err:SAFO_insufficient_data(13/25),$431.08M,
OZO-SAFO,err:SAFO_insufficient_data(13/25),$282.30M,
2Z-SAFO,err:SAFO_insufficient_data(13/25),$359.34M,
CASH-SAFO,err:SAFO_insufficient_data(13/25),$279.02M,
ZBCN-SAFO,err:SAFO_insufficient_data(13/25),$334.27M,
CVX-SAFO,err:SAFO_insufficient_data(13/25),$291.82M,
TIA-SAFO,err:SAFO_insufficient_data(13/25),$463.49M,
US-SAFO,err:SAFO_insufficient_data(13/25),$575.97M,
VIRTUAL-SAFO,err:SAFO_insufficient_data(13/25),$526.57M,
ZRO-SAFO,err:SAFO_insufficient_data(13/25),$441.75M,
AKT-SAFO,err:SAFO_insufficient_data(13/25),$285.39M,
TKX-SAFO,err:SAFO_insufficient_data(13/25),$260.44M,
APEPE-SAFO,err:SAFO_insufficient_data(13/25),$358.36M,
USTBL-SAFO,err:SAFO_insufficient_data(13/25),$317.84M,
OHM-SAFO,err:SAFO_insufficient_data(13/25),$432.80M,
GRX-SAFO,err:SAFO_insufficient_data(13/25),$281.10M,
META-SAFO,err:SAFO_insufficient_data(13/25),$252.41M,
APXUSD-SAFO,err:SAFO_insufficient_data(13/25),$452.06M,
GNO-SAFO,err:SAFO_insufficient_data(13/25),$439.64M,
USDAT-SAFO,err:SAFO_insufficient_data(13/25),$296.80M,
TWT-SAFO,err:SAFO_insufficient_data(13/25),$305.47M,
CAKE-SAFO,err:SAFO_insufficient_data(13/25),$604.19M,
ZK-SAFO,err:SAFO_insufficient_data(13/25),$241.35M,
FLUID-SAFO,err:SAFO_insufficient_data(13/25),$243.29M,
COCO-SAFO,err:SAFO_insufficient_data(13/25),$341.22M,
TIBBIR-SAFO,err:SAFO_insufficient_data(13/25),$263.48M,
GPS-SAFO,err:SAFO_insufficient_data(13/25),$253.01M,
DCR-SAFO,err:SAFO_insufficient_data(13/25),$359.78M,
NEO-SAFO,err:SAFO_insufficient_data(13/25),$290.77M,
GLM-SAFO,err:SAFO_insufficient_data(13/25),$251.76M,
AXS-SAFO,err:SAFO_insufficient_data(13/25),$300.69M,
KAG-SAFO,err:SAFO_insufficient_data(13/25),$370.69M,
CHEEMS-SAFO,err:SAFO_insufficient_data(13/25),$257.32M,
KMNO-SAFO,err:SAFO_insufficient_data(13/25),$255.02M,
XTZ-SAFO,err:SAFO_insufficient_data(13/25),$382.47M,
ULTIMA-SAFO,err:SAFO_insufficient_data(13/25),$338.70M,
KAITO-SAFO,err:SAFO_insufficient_data(13/25),$466.27M,
BP-SAFO,err:SAFO_insufficient_data(13/25),$271.24M,
UQC-SAFO,err:SAFO_insufficient_data(13/25),$265.02M,
STRK-SAFO,err:SAFO_insufficient_data(13/25),$346.21M,
CTOC-SAFO,err:SAFO_insufficient_data(13/25),$432.00M,
PC0000033-SAFO,err:SAFO_insufficient_data(13/25),$319.50M,
ICNT-SAFO,err:SAFO_insufficient_data(13/25),$258.57M,
FDUSD-SAFO,err:SAFO_insufficient_data(13/25),$503.10M,
PC0000097-SAFO,err:SAFO_insufficient_data(13/25),$291.00M,
WEMIX-SAFO,err:SAFO_insufficient_data(13/25),$257.42M,
ACRED-SAFO,err:SAFO_insufficient_data(13/25),$272.04M,
UUSD-SAFO,err:SAFO_insufficient_data(13/25),$256.78M,
FLOKI-SAFO,err:SAFO_insufficient_data(13/25),$355.51M,
SAND-SAFO,err:SAFO_insufficient_data(13/25),$282.19M,
AWE-SAFO,err:SAFO_insufficient_data(13/25),$262.82M,
CRVUSD-SAFO,err:SAFO_insufficient_data(13/25),$369.05M,
SNX-SAFO,err:SAFO_insufficient_data(13/25),$279.43M,
VCNT-SAFO,err:SAFO_insufficient_data(13/25),$321.44M,
DASH-SAFO,err:SAFO_insufficient_data(13/25),$554.43M,
CARDS-SAFO,err:SAFO_insufficient_data(13/25),$425.87M,
USAT-SAFO,err:SAFO_insufficient_data(13/25),$342.23M,
FF-SAFO,err:SAFO_insufficient_data(13/25),$349.28M,
USDA-SAFO,err:SAFO_insufficient_data(13/25),$253.18M,
ZANO-SAFO,err:SAFO_insufficient_data(13/25),$288.16M,
REUSD-SAFO,err:SAFO_insufficient_data(13/25),$324.43M,
NEX-SAFO,err:SAFO_insufficient_data(13/25),$247.33M,
JTO-SAFO,err:SAFO_insufficient_data(13/25),$425.64M,
IOTA-SAFO,err:SAFO_insufficient_data(13/25),$304.57M,
AVUSD-SAFO,err:SAFO_insufficient_data(13/25),$272.98M,
FARTCOIN-SAFO,err:SAFO_insufficient_data(13/25),$280.01M,
GALA-SAFO,err:SAFO_insufficient_data(13/25),$245.61M,
ENS-SAFO,err:SAFO_insufficient_data(13/25),$333.07M,
SOON-SAFO,err:SAFO_insufficient_data(13/25),$247.01M,
WIF-SAFO,err:SAFO_insufficient_data(13/25),$303.34M,
SPCXB-SAFO,err:SAFO_insufficient_data(13/25),$242.53M,
STRCX-SAFO,err:SAFO_insufficient_data(13/25),$297.79M,
PENGU-SAFO,err:SAFO_insufficient_data(13/25),$528.72M,
BORG-SAFO,err:SAFO_insufficient_data(13/25),$295.27M,
TAG-SAFO,err:SAFO_insufficient_data(13/25),$302.07M,
XEC-SAFO,err:SAFO_insufficient_data(13/25),$276.46M,
STX-SAFO,err:SAFO_insufficient_data(13/25),$407.52M,
TEL-SAFO,err:SAFO_insufficient_data(13/25),$331.31M,
GOMINING-SAFO,err:SAFO_insufficient_data(13/25),$272.56M,
EIGEN-SAFO,err:SAFO_insufficient_data(13/25),$297.59M,
ZBT-SAFO,err:SAFO_insufficient_data(13/25),$270.95M,
EURC-SAFO,err:SAFO_insufficient_data(13/25),$607.04M,
KITE-SAFO,err:SAFO_insufficient_data(13/25),$389.00M,
RAIL-SAFO,err:SAFO_insufficient_data(13/25),$246.84M,
SHORT-SAFO,err:SAFO_insufficient_data(13/25),$254.55M,
TRAC-SAFO,err:SAFO_insufficient_data(13/25),$280.67M,
PENDLE-SAFO,err:SAFO_insufficient_data(13/25),$407.65M,
PYTH-SAFO,err:SAFO_insufficient_data(13/25),$478.36M,
PIEVERSE-SAFO,err:SAFO_insufficient_data(13/25),$339.08M,
NFT-SAFO,err:SAFO_insufficient_data(13/25),$421.52M,
RAY-SAFO,err:SAFO_insufficient_data(13/25),$320.01M,
PC0000031-SAFO,err:SAFO_insufficient_data(13/25),$359.50M,
GEOD-SAFO,err:SAFO_insufficient_data(13/25),$251.34M,
PC0000077-SAFO,err:SAFO_insufficient_data(13/25),$257.00M,
A-SAFO,err:SAFO_insufficient_data(13/25),$259.29M,
AIAT-SAFO,err:SAFO_insufficient_data(13/25),$274.98M,
MX-SAFO,err:SAFO_insufficient_data(13/25),$307.59M,
THETA-SAFO,err:SAFO_insufficient_data(13/25),$283.09M,
SN64-SAFO,err:SAFO_insufficient_data(13/25),$246.99M,
ETHFI-SAFO,err:SAFO_insufficient_data(13/25),$556.89M,
APYUSD-SAFO,err:SAFO_insufficient_data(13/25),$315.13M,
KOGE-SAFO,err:SAFO_insufficient_data(13/25),$371.15M,
BTSE-SAFO,err:SAFO_insufficient_data(13/25),$290.11M,
VET-SAFO,err:SAFO_insufficient_data(13/25),$545.96M,
CHZ-SAFO,err:SAFO_insufficient_data(13/25),$301.14M,
REAL-SAFO,err:SAFO_insufficient_data(13/25),$406.06M,
MON-SAFO,err:SAFO_insufficient_data(13/25),$405.19M,
SAFO-MANA,err:SAFO_insufficient_data(13/25),$288.38M,
SAFO-PRL,err:SAFO_insufficient_data(13/25),$241.07M,
SAFO-GLIDR,err:SAFO_insufficient_data(13/25),$258.38M,
SAFO-ONYC,err:SAFO_insufficient_data(13/25),$403.20M,
SAFO-A7A5,err:SAFO_insufficient_data(13/25),$635.20M,
SAFO-MET,err:SAFO_insufficient_data(13/25),$246.42M,
SAFO-Q,err:SAFO_insufficient_data(13/25),$376.95M,
SAFO-COMP,err:SAFO_insufficient_data(13/25),$316.32M,
SAFO-SYRUP,err:SAFO_insufficient_data(13/25),$364.25M,
SAFO-FRXUSD,err:SAFO_insufficient_data(13/25),$266.92M,
SAFO-BTT,err:SAFO_insufficient_data(13/25),$416.47M,
SAFO-BAT,err:SAFO_insufficient_data(13/25),$260.41M,
SAFO-XPIN,err:SAFO_insufficient_data(13/25),$301.90M,
SAFO-SOSO,err:SAFO_insufficient_data(13/25),$273.59M,
SAFO-VBILL,err:SAFO_insufficient_data(13/25),$349.04M,
SAFO-CRCLON,err:SAFO_insufficient_data(13/25),$249.85M,
SAFO-PEANUT,err:SAFO_insufficient_data(13/25),$341.54M,
SAFO-AR,err:SAFO_insufficient_data(13/25),$273.05M,
SAFO-SFP,err:SAFO_insufficient_data(13/25),$259.73M,
SAFO-PC0000023,err:SAFO_insufficient_data(13/25),$257.85M,
SAFO-GUSD,err:SAFO_insufficient_data(13/25),$306.51M,
SAFO-WFI,err:SAFO_insufficient_data(13/25),$331.54M,
SAFO-GRASS,err:SAFO_insufficient_data(13/25),$372.87M,
SAFO-PC0000085,err:SAFO_insufficient_data(13/25),$263.50M,
SAFO-BSV,err:SAFO_insufficient_data(13/25),$415.49M,
SAFO-JASMY,err:SAFO_insufficient_data(13/25),$368.59M,
SAFO-ANTFUN,err:SAFO_insufficient_data(13/25),$439.31M,
SAFO-USDAI,err:SAFO_insufficient_data(13/25),$314.44M,
SAFO-AERO,err:SAFO_insufficient_data(13/25),$571.37M,
SAFO-BONK,err:SAFO_insufficient_data(13/25),$421.95M,
SAFO-SUN,err:SAFO_insufficient_data(13/25),$499.29M,
SAFO-EURCV,err:SAFO_insufficient_data(13/25),$306.44M,
SAFO-USDZ,err:SAFO_insufficient_data(13/25),$284.39M,
SAFO-AKE,err:SAFO_insufficient_data(13/25),$252.52M,
SAFO-XCN,err:SAFO_insufficient_data(13/25),$286.66M,
SAFO-TRUMP,err:SAFO_insufficient_data(13/25),$514.39M,
SAFO-FET,err:SAFO_insufficient_data(13/25),$462.92M,
SAFO-FRAX,err:SAFO_insufficient_data(13/25),$377.07M,
SAFO-THBILL,err:SAFO_insufficient_data(13/25),$274.93M,
SAFO-ZAMA,err:SAFO_insufficient_data(13/25),$294.81M,
SAFO-SHFL,err:SAFO_insufficient_data(13/25),$278.40M,
SAFO-USDF,err:SAFO_insufficient_data(13/25),$268.84M,
SAFO-XPL,err:SAFO_insufficient_data(13/25),$377.59M,
VSN-RUNE,err:RUNE_insufficient_data(81/25),$299.16M,
LUNC-RUNE,err:RUNE_insufficient_data(81/25),$427.16M,
PC0000015-RUNE,err:RUNE_insufficient_data(81/25),$258.49M,
IMX-RUNE,err:RUNE_insufficient_data(81/25),$375.58M,
NXM-RUNE,err:RUNE_insufficient_data(81/25),$235.13M,
SPX-RUNE,err:RUNE_insufficient_data(81/25),$450.34M,
UB-RUNE,err:RUNE_insufficient_data(81/25),$509.10M,
OUSG-RUNE,err:RUNE_insufficient_data(81/25),$528.51M,
STAC-RUNE,err:RUNE_insufficient_data(81/25),$250.91M,
1INCH-RUNE,err:RUNE_insufficient_data(81/25),$264.08M,
RLB-RUNE,err:RUNE_insufficient_data(81/25),$252.53M,
DYDX-RUNE,err:RUNE_insufficient_data(81/25),$246.13M,
APR-RUNE,err:RUNE_insufficient_data(81/25),$344.65M,
DRV-RUNE,err:RUNE_insufficient_data(81/25),$250.91M,
EDGE-RUNE,err:RUNE_insufficient_data(81/25),$284.24M,
INJ-RUNE,err:RUNE_insufficient_data(81/25),$607.50M,
KAU-RUNE,err:RUNE_insufficient_data(81/25),$456.57M,
LDO-RUNE,err:RUNE_insufficient_data(81/25),$451.46M,
EARNETH-RUNE,err:RUNE_insufficient_data(81/25),$295.20M,
GRT-RUNE,err:RUNE_insufficient_data(81/25),$309.61M,
USDTB-RUNE,err:RUNE_insufficient_data(81/25),$503.78M,
VELVET-RUNE,err:RUNE_insufficient_data(81/25),$314.76M,
BC-RUNE,err:RUNE_insufficient_data(81/25),$367.83M,
DEXE-RUNE,err:RUNE_insufficient_data(81/25),$422.34M,
OZO-RUNE,err:RUNE_insufficient_data(81/25),$273.56M,
2Z-RUNE,err:RUNE_insufficient_data(81/25),$350.60M,
CASH-RUNE,err:RUNE_insufficient_data(81/25),$270.28M,
ZBCN-RUNE,err:RUNE_insufficient_data(81/25),$325.54M,
CVX-RUNE,err:RUNE_insufficient_data(81/25),$283.08M,
TIA-RUNE,err:RUNE_insufficient_data(81/25),$454.75M,
US-RUNE,err:RUNE_insufficient_data(81/25),$567.23M,
VIRTUAL-RUNE,err:RUNE_insufficient_data(81/25),$517.83M,
ZRO-RUNE,err:RUNE_insufficient_data(81/25),$433.02M,
AKT-RUNE,err:RUNE_insufficient_data(81/25),$276.66M,
TKX-RUNE,err:RUNE_insufficient_data(81/25),$251.71M,
APEPE-RUNE,err:RUNE_insufficient_data(81/25),$349.62M,
USTBL-RUNE,err:RUNE_insufficient_data(81/25),$309.10M,
OHM-RUNE,err:RUNE_insufficient_data(81/25),$424.07M,
GRX-RUNE,err:RUNE_insufficient_data(81/25),$272.36M,
META-RUNE,err:RUNE_insufficient_data(81/25),$243.68M,
APXUSD-RUNE,err:RUNE_insufficient_data(81/25),$443.32M,
GNO-RUNE,err:RUNE_insufficient_data(81/25),$430.91M,
USDAT-RUNE,err:RUNE_insufficient_data(81/25),$288.06M,
TWT-RUNE,err:RUNE_insufficient_data(81/25),$296.73M,
CAKE-RUNE,err:RUNE_insufficient_data(81/25),$595.45M,
ZK-RUNE,err:RUNE_insufficient_data(81/25),$232.62M,
FLUID-RUNE,err:RUNE_insufficient_data(81/25),$234.55M,
COCO-RUNE,err:RUNE_insufficient_data(81/25),$332.48M,
TIBBIR-RUNE,err:RUNE_insufficient_data(81/25),$254.75M,
GPS-RUNE,err:RUNE_insufficient_data(81/25),$244.27M,
DCR-RUNE,err:RUNE_insufficient_data(81/25),$351.04M,
NEO-RUNE,err:RUNE_insufficient_data(81/25),$282.04M,
GLM-RUNE,err:RUNE_insufficient_data(81/25),$243.02M,
AXS-RUNE,err:RUNE_insufficient_data(81/25),$291.95M,
KAG-RUNE,err:RUNE_insufficient_data(81/25),$361.95M,
CHEEMS-RUNE,err:RUNE_insufficient_data(81/25),$248.58M,
KMNO-RUNE,err:RUNE_insufficient_data(81/25),$246.28M,
XTZ-RUNE,err:RUNE_insufficient_data(81/25),$373.74M,
ULTIMA-RUNE,err:RUNE_insufficient_data(81/25),$329.96M,
KAITO-RUNE,err:RUNE_insufficient_data(81/25),$457.53M,
RUNE-BP,err:RUNE_insufficient_data(81/25),$262.50M,
RUNE-UQC,err:RUNE_insufficient_data(81/25),$256.28M,
RUNE-STRK,err:RUNE_insufficient_data(81/25),$337.47M,
RUNE-CTOC,err:RUNE_insufficient_data(81/25),$423.26M,
RUNE-PC0000033,err:RUNE_insufficient_data(81/25),$310.76M,
RUNE-ICNT,err:RUNE_insufficient_data(81/25),$249.83M,
RUNE-FDUSD,err:RUNE_insufficient_data(81/25),$494.36M,
RUNE-PC0000097,err:RUNE_insufficient_data(81/25),$282.26M,
RUNE-WEMIX,err:RUNE_insufficient_data(81/25),$248.69M,
RUNE-ACRED,err:RUNE_insufficient_data(81/25),$263.30M,
RUNE-SMILEK,err:RUNE_insufficient_data(81/25),$235.63M,
RUNE-WM,err:RUNE_insufficient_data(81/25),$234.62M,
RUNE-UUSD,err:RUNE_insufficient_data(81/25),$248.05M,
RUNE-FLOKI,err:RUNE_insufficient_data(81/25),$346.77M,
RUNE-SAND,err:RUNE_insufficient_data(81/25),$273.45M,
RUNE-AWE,err:RUNE_insufficient_data(81/25),$254.08M,
RUNE-CRVUSD,err:RUNE_insufficient_data(81/25),$360.31M,
RUNE-GENIUS,err:RUNE_insufficient_data(81/25),$261.65M,
RUNE-SNX,err:RUNE_insufficient_data(81/25),$270.70M,
RUNE-VCNT,err:RUNE_insufficient_data(81/25),$312.71M,
RUNE-DASH,err:RUNE_insufficient_data(81/25),$545.70M,
RUNE-CARDS,err:RUNE_insufficient_data(81/25),$417.13M,
RUNE-USAT,err:RUNE_insufficient_data(81/25),$333.49M,
RUNE-FF,err:RUNE_insufficient_data(81/25),$340.55M,
RUNE-USDA,err:RUNE_insufficient_data(81/25),$244.44M,
RUNE-ZANO,err:RUNE_insufficient_data(81/25),$279.42M,
RUNE-REUSD,err:RUNE_insufficient_data(81/25),$315.70M,
RUNE-NEX,err:RUNE_insufficient_data(81/25),$238.59M,
RUNE-JTO,err:RUNE_insufficient_data(81/25),$416.90M,
RUNE-IOTA,err:RUNE_insufficient_data(81/25),$295.84M,
RUNE-AVUSD,err:RUNE_insufficient_data(81/25),$264.24M,
RUNE-FARTCOIN,err:RUNE_insufficient_data(81/25),$271.27M,
RUNE-GALA,err:RUNE_insufficient_data(81/25),$236.88M,
RUNE-ENS,err:RUNE_insufficient_data(81/25),$324.33M,
RUNE-SOON,err:RUNE_insufficient_data(81/25),$238.27M,
RUNE-WIF,err:RUNE_insufficient_data(81/25),$294.61M,
RUNE-SPCXB,err:RUNE_insufficient_data(81/25),$233.80M,
RUNE-STRCX,err:RUNE_insufficient_data(81/25),$289.06M,
RUNE-PENGU,err:RUNE_insufficient_data(81/25),$519.98M,
RUNE-BORG,err:RUNE_insufficient_data(81/25),$286.53M,
RUNE-TAG,err:RUNE_insufficient_data(81/25),$293.33M,
RUNE-XEC,err:RUNE_insufficient_data(81/25),$267.72M,
RUNE-STX,err:RUNE_insufficient_data(81/25),$398.78M,
RUNE-TEL,err:RUNE_insufficient_data(81/25),$322.58M,
RUNE-GOMINING,err:RUNE_insufficient_data(81/25),$263.83M,
RUNE-APE,err:RUNE_insufficient_data(81/25),$296.90M,
RUNE-EIGEN,err:RUNE_insufficient_data(81/25),$288.85M,
RUNE-OP,err:RUNE_insufficient_data(81/25),$351.42M,
RUNE-KAIA,err:RUNE_insufficient_data(81/25),$315.07M,
RUNE-ZBT,err:RUNE_insufficient_data(81/25),$262.21M,
RUNE-EURC,err:RUNE_insufficient_data(81/25),$598.30M,
RUNE-KITE,err:RUNE_insufficient_data(81/25),$380.27M,
RUNE-RAIL,err:RUNE_insufficient_data(81/25),$238.11M,
RUNE-SHORT,err:RUNE_insufficient_data(81/25),$245.82M,
RUNE-TRAC,err:RUNE_insufficient_data(81/25),$271.93M,
RUNE-PENDLE,err:RUNE_insufficient_data(81/25),$398.91M,
RUNE-PYTH,err:RUNE_insufficient_data(81/25),$469.62M,
RUNE-PIEVERSE,err:RUNE_insufficient_data(81/25),$330.35M,
RUNE-NFT,err:RUNE_insufficient_data(81/25),$412.78M,
RUNE-RAY,err:RUNE_insufficient_data(81/25),$311.27M,
RUNE-PC0000031,err:RUNE_insufficient_data(81/25),$350.76M,
RUNE-GEOD,err:RUNE_insufficient_data(81/25),$242.61M,
RUNE-PC0000077,err:RUNE_insufficient_data(81/25),$248.26M,
RUNE-A,err:RUNE_insufficient_data(81/25),$250.55M,
RUNE-LION,err:RUNE_insufficient_data(81/25),$290.64M,
RUNE-AIAT,err:RUNE_insufficient_data(81/25),$266.24M,
RUNE-MX,err:RUNE_insufficient_data(81/25),$298.85M,
RUNE-THETA,err:RUNE_insufficient_data(81/25),$274.35M,
RUNE-SN64,err:RUNE_insufficient_data(81/25),$238.25M,
RUNE-ETHFI,err:RUNE_insufficient_data(81/25),$548.15M,
RUNE-APYUSD,err:RUNE_insufficient_data(81/25),$306.39M,
RUNE-KOGE,err:RUNE_insufficient_data(81/25),$362.41M,
RUNE-BTSE,err:RUNE_insufficient_data(81/25),$281.37M,
RUNE-VET,err:RUNE_insufficient_data(81/25),$537.22M,
RUNE-CHZ,err:RUNE_insufficient_data(81/25),$292.40M,
RUNE-REAL,err:RUNE_insufficient_data(81/25),$397.32M,
RUNE-MON,err:RUNE_insufficient_data(81/25),$396.46M,
RUNE-SAFO,err:RUNE_insufficient_data(81/25),$305.26M,
RUNE-MANA,err:RUNE_insufficient_data(81/25),$279.65M,
RUNE-PRL,err:RUNE_insufficient_data(81/25),$232.33M,
RUNE-GLIDR,err:RUNE_insufficient_data(81/25),$249.65M,
RUNE-ONYC,err:RUNE_insufficient_data(81/25),$394.47M,
RUNE-A7A5,err:RUNE_insufficient_data(81/25),$626.47M,
RUNE-MET,err:RUNE_insufficient_data(81/25),$237.68M,
RUNE-Q,err:RUNE_insufficient_data(81/25),$368.21M,
RUNE-COMP,err:RUNE_insufficient_data(81/25),$307.59M,
RUNE-SYRUP,err:RUNE_insufficient_data(81/25),$355.51M,
RUNE-FRXUSD,err:RUNE_insufficient_data(81/25),$258.18M,
RUNE-BTT,err:RUNE_insufficient_data(81/25),$407.74M,
RUNE-BAT,err:RUNE_insufficient_data(81/25),$251.68M,
RUNE-XPIN,err:RUNE_insufficient_data(81/25),$293.16M,
RUNE-SOSO,err:RUNE_insufficient_data(81/25),$264.85M,
RUNE-VBILL,err:RUNE_insufficient_data(81/25),$340.31M,
RUNE-CRCLON,err:RUNE_insufficient_data(81/25),$241.11M,
RUNE-PEANUT,err:RUNE_insufficient_data(81/25),$332.80M,
RUNE-AR,err:RUNE_insufficient_data(81/25),$264.32M,
RUNE-SFP,err:RUNE_insufficient_data(81/25),$250.99M,
RUNE-PC0000023,err:RUNE_insufficient_data(81/25),$249.11M,
RUNE-GUSD,err:RUNE_insufficient_data(81/25),$297.77M,
RUNE-WFI,err:RUNE_insufficient_data(81/25),$322.81M,
RUNE-GRASS,err:RUNE_insufficient_data(81/25),$364.13M,
RUNE-PC0000085,err:RUNE_insufficient_data(81/25),$254.76M,
RUNE-BSV,err:RUNE_insufficient_data(81/25),$406.75M,
RUNE-JASMY,err:RUNE_insufficient_data(81/25),$359.85M,
RUNE-ANTFUN,err:RUNE_insufficient_data(81/25),$430.57M,
RUNE-USDAI,err:RUNE_insufficient_data(81/25),$305.70M,
RUNE-AERO,err:RUNE_insufficient_data(81/25),$562.64M,
RUNE-BONK,err:RUNE_insufficient_data(81/25),$413.21M,
RUNE-SUN,err:RUNE_insufficient_data(81/25),$490.55M,
RUNE-EURCV,err:RUNE_insufficient_data(81/25),$297.70M,
RUNE-USDZ,err:RUNE_insufficient_data(81/25),$275.65M,
RUNE-AKE,err:RUNE_insufficient_data(81/25),$243.79M,
RUNE-XCN,err:RUNE_insufficient_data(81/25),$277.92M,
RUNE-TRUMP,err:RUNE_insufficient_data(81/25),$505.65M,
RUNE-FET,err:RUNE_insufficient_data(81/25),$454.18M,
RUNE-FRAX,err:RUNE_insufficient_data(81/25),$368.33M,
RUNE-THBILL,err:RUNE_insufficient_data(81/25),$266.20M,
RUNE-ZAMA,err:RUNE_insufficient_data(81/25),$286.07M,
RUNE-SHFL,err:RUNE_insufficient_data(81/25),$269.66M,
RUNE-USDF,err:RUNE_insufficient_data(81/25),$260.10M,
RUNE-XPL,err:RUNE_insufficient_data(81/25),$368.85M,
VSN-Q,err:Q_insufficient_data(21/25),$370.84M,
LUNC-Q,err:Q_insufficient_data(21/25),$498.85M,
PC0000015-Q,err:Q_insufficient_data(21/25),$330.18M,
IMX-Q,err:Q_insufficient_data(21/25),$447.27M,
NXM-Q,err:Q_insufficient_data(21/25),$306.82M,
SPX-Q,err:Q_insufficient_data(21/25),$522.03M,
UB-Q,err:Q_insufficient_data(21/25),$580.79M,
OUSG-Q,err:Q_insufficient_data(21/25),$600.20M,
STAC-Q,err:Q_insufficient_data(21/25),$322.59M,
1INCH-Q,err:Q_insufficient_data(21/25),$335.77M,
RLB-Q,err:Q_insufficient_data(21/25),$324.22M,
DYDX-Q,err:Q_insufficient_data(21/25),$317.82M,
APR-Q,err:Q_insufficient_data(21/25),$416.34M,
DRV-Q,err:Q_insufficient_data(21/25),$322.59M,
EDGE-Q,err:Q_insufficient_data(21/25),$355.93M,
INJ-Q,err:Q_insufficient_data(21/25),$679.19M,
KAU-Q,err:Q_insufficient_data(21/25),$528.26M,
LDO-Q,err:Q_insufficient_data(21/25),$523.15M,
EARNETH-Q,err:Q_insufficient_data(21/25),$366.89M,
GRT-Q,err:Q_insufficient_data(21/25),$381.30M,
USDTB-Q,err:Q_insufficient_data(21/25),$575.47M,
VELVET-Q,err:Q_insufficient_data(21/25),$386.45M,
BC-Q,err:Q_insufficient_data(21/25),$439.52M,
DEXE-Q,err:Q_insufficient_data(21/25),$494.03M,
OZO-Q,err:Q_insufficient_data(21/25),$345.25M,
2Z-Q,err:Q_insufficient_data(21/25),$422.29M,
CASH-Q,err:Q_insufficient_data(21/25),$341.97M,
ZBCN-Q,err:Q_insufficient_data(21/25),$397.22M,
CVX-Q,err:Q_insufficient_data(21/25),$354.77M,
TIA-Q,err:Q_insufficient_data(21/25),$526.44M,
US-Q,err:Q_insufficient_data(21/25),$638.92M,
VIRTUAL-Q,err:Q_insufficient_data(21/25),$589.52M,
ZRO-Q,err:Q_insufficient_data(21/25),$504.71M,
AKT-Q,err:Q_insufficient_data(21/25),$348.34M,
TKX-Q,err:Q_insufficient_data(21/25),$323.39M,
APEPE-Q,err:Q_insufficient_data(21/25),$421.31M,
USTBL-Q,err:Q_insufficient_data(21/25),$380.79M,
OHM-Q,err:Q_insufficient_data(21/25),$495.76M,
GRX-Q,err:Q_insufficient_data(21/25),$344.05M,
META-Q,err:Q_insufficient_data(21/25),$315.37M,
APXUSD-Q,err:Q_insufficient_data(21/25),$515.01M,
GNO-Q,err:Q_insufficient_data(21/25),$502.59M,
USDAT-Q,err:Q_insufficient_data(21/25),$359.75M,
TWT-Q,err:Q_insufficient_data(21/25),$368.42M,
CAKE-Q,err:Q_insufficient_data(21/25),$667.14M,
ZK-Q,err:Q_insufficient_data(21/25),$304.30M,
FLUID-Q,err:Q_insufficient_data(21/25),$306.24M,
COCO-Q,err:Q_insufficient_data(21/25),$404.17M,
TIBBIR-Q,err:Q_insufficient_data(21/25),$326.44M,
GPS-Q,err:Q_insufficient_data(21/25),$315.96M,
DCR-Q,err:Q_insufficient_data(21/25),$422.73M,
NEO-Q,err:Q_insufficient_data(21/25),$353.73M,
GLM-Q,err:Q_insufficient_data(21/25),$314.71M,
AXS-Q,err:Q_insufficient_data(21/25),$363.64M,
KAG-Q,err:Q_insufficient_data(21/25),$433.64M,
CHEEMS-Q,err:Q_insufficient_data(21/25),$320.27M,
KMNO-Q,err:Q_insufficient_data(21/25),$317.97M,
XTZ-Q,err:Q_insufficient_data(21/25),$445.42M,
ULTIMA-Q,err:Q_insufficient_data(21/25),$401.65M,
KAITO-Q,err:Q_insufficient_data(21/25),$529.22M,
BP-Q,err:Q_insufficient_data(21/25),$334.19M,
UQC-Q,err:Q_insufficient_data(21/25),$327.97M,
STRK-Q,err:Q_insufficient_data(21/25),$409.16M,
CTOC-Q,err:Q_insufficient_data(21/25),$494.95M,
PC0000033-Q,err:Q_insufficient_data(21/25),$382.45M,
ICNT-Q,err:Q_insufficient_data(21/25),$321.52M,
FDUSD-Q,err:Q_insufficient_data(21/25),$566.05M,
PC0000097-Q,err:Q_insufficient_data(21/25),$353.95M,
WEMIX-Q,err:Q_insufficient_data(21/25),$320.37M,
ACRED-Q,err:Q_insufficient_data(21/25),$334.99M,
UUSD-Q,err:Q_insufficient_data(21/25),$319.74M,
FLOKI-Q,err:Q_insufficient_data(21/25),$418.46M,
SAND-Q,err:Q_insufficient_data(21/25),$345.14M,
AWE-Q,err:Q_insufficient_data(21/25),$325.77M,
CRVUSD-Q,err:Q_insufficient_data(21/25),$432.00M,
SNX-Q,err:Q_insufficient_data(21/25),$342.39M,
VCNT-Q,err:Q_insufficient_data(21/25),$384.40M,
DASH-Q,err:Q_insufficient_data(21/25),$617.39M,
CARDS-Q,err:Q_insufficient_data(21/25),$488.82M,
USAT-Q,err:Q_insufficient_data(21/25),$405.18M,
FF-Q,err:Q_insufficient_data(21/25),$412.24M,
USDA-Q,err:Q_insufficient_data(21/25),$316.13M,
ZANO-Q,err:Q_insufficient_data(21/25),$351.11M,
REUSD-Q,err:Q_insufficient_data(21/25),$387.38M,
NEX-Q,err:Q_insufficient_data(21/25),$310.28M,
JTO-Q,err:Q_insufficient_data(21/25),$488.59M,
IOTA-Q,err:Q_insufficient_data(21/25),$367.53M,
AVUSD-Q,err:Q_insufficient_data(21/25),$335.93M,
FARTCOIN-Q,err:Q_insufficient_data(21/25),$342.96M,
GALA-Q,err:Q_insufficient_data(21/25),$308.57M,
ENS-Q,err:Q_insufficient_data(21/25),$396.02M,
SOON-Q,err:Q_insufficient_data(21/25),$309.96M,
WIF-Q,err:Q_insufficient_data(21/25),$366.29M,
SPCXB-Q,err:Q_insufficient_data(21/25),$305.49M,
STRCX-Q,err:Q_insufficient_data(21/25),$360.75M,
PENGU-Q,err:Q_insufficient_data(21/25),$591.67M,
BORG-Q,err:Q_insufficient_data(21/25),$358.22M,
TAG-Q,err:Q_insufficient_data(21/25),$365.02M,
XEC-Q,err:Q_insufficient_data(21/25),$339.41M,
STX-Q,err:Q_insufficient_data(21/25),$470.47M,
TEL-Q,err:Q_insufficient_data(21/25),$394.27M,
GOMINING-Q,err:Q_insufficient_data(21/25),$335.51M,
EIGEN-Q,err:Q_insufficient_data(21/25),$360.54M,
ZBT-Q,err:Q_insufficient_data(21/25),$333.90M,
EURC-Q,err:Q_insufficient_data(21/25),$669.99M,
KITE-Q,err:Q_insufficient_data(21/25),$451.95M,
RAIL-Q,err:Q_insufficient_data(21/25),$309.80M,
SHORT-Q,err:Q_insufficient_data(21/25),$317.50M,
TRAC-Q,err:Q_insufficient_data(21/25),$343.62M,
PENDLE-Q,err:Q_insufficient_data(21/25),$470.60M,
PYTH-Q,err:Q_insufficient_data(21/25),$541.31M,
PIEVERSE-Q,err:Q_insufficient_data(21/25),$402.03M,
NFT-Q,err:Q_insufficient_data(21/25),$484.47M,
RAY-Q,err:Q_insufficient_data(21/25),$382.96M,
PC0000031-Q,err:Q_insufficient_data(21/25),$422.45M,
GEOD-Q,err:Q_insufficient_data(21/25),$314.30M,
PC0000077-Q,err:Q_insufficient_data(21/25),$319.95M,
A-Q,err:Q_insufficient_data(21/25),$322.24M,
AIAT-Q,err:Q_insufficient_data(21/25),$337.93M,
MX-Q,err:Q_insufficient_data(21/25),$370.54M,
THETA-Q,err:Q_insufficient_data(21/25),$346.04M,
SN64-Q,err:Q_insufficient_data(21/25),$309.94M,
ETHFI-Q,err:Q_insufficient_data(21/25),$619.84M,
APYUSD-Q,err:Q_insufficient_data(21/25),$378.08M,
KOGE-Q,err:Q_insufficient_data(21/25),$434.10M,
BTSE-Q,err:Q_insufficient_data(21/25),$353.06M,
VET-Q,err:Q_insufficient_data(21/25),$608.91M,
CHZ-Q,err:Q_insufficient_data(21/25),$364.09M,
REAL-Q,err:Q_insufficient_data(21/25),$469.01M,
MON-Q,err:Q_insufficient_data(21/25),$468.15M,
MANA-Q,err:Q_insufficient_data(21/25),$351.34M,
PRL-Q,err:Q_insufficient_data(21/25),$304.02M,
GLIDR-Q,err:Q_insufficient_data(21/25),$321.33M,
ONYC-Q,err:Q_insufficient_data(21/25),$466.16M,
A7A5-Q,err:Q_insufficient_data(21/25),$698.16M,
MET-Q,err:Q_insufficient_data(21/25),$309.37M,
Q-COMP,err:Q_insufficient_data(21/25),$379.28M,
Q-SYRUP,err:Q_insufficient_data(21/25),$427.20M,
Q-FRXUSD,err:Q_insufficient_data(21/25),$329.87M,
Q-BTT,err:Q_insufficient_data(21/25),$479.42M,
Q-BAT,err:Q_insufficient_data(21/25),$323.37M,
Q-XPIN,err:Q_insufficient_data(21/25),$364.85M,
Q-SOSO,err:Q_insufficient_data(21/25),$336.54M,
Q-VBILL,err:Q_insufficient_data(21/25),$411.99M,
Q-CRCLON,err:Q_insufficient_data(21/25),$312.80M,
Q-PEANUT,err:Q_insufficient_data(21/25),$404.49M,
Q-AR,err:Q_insufficient_data(21/25),$336.01M,
Q-SFP,err:Q_insufficient_data(21/25),$322.68M,
Q-PC0000023,err:Q_insufficient_data(21/25),$320.80M,
Q-GUSD,err:Q_insufficient_data(21/25),$369.46M,
Q-WFI,err:Q_insufficient_data(21/25),$394.49M,
Q-GRASS,err:Q_insufficient_data(21/25),$435.82M,
Q-PC0000085,err:Q_insufficient_data(21/25),$326.45M,
Q-BSV,err:Q_insufficient_data(21/25),$478.44M,
Q-JASMY,err:Q_insufficient_data(21/25),$431.54M,
Q-ANTFUN,err:Q_insufficient_data(21/25),$502.26M,
Q-USDAI,err:Q_insufficient_data(21/25),$377.39M,
Q-AERO,err:Q_insufficient_data(21/25),$634.32M,
Q-BONK,err:Q_insufficient_data(21/25),$484.90M,
Q-SUN,err:Q_insufficient_data(21/25),$562.24M,
Q-EURCV,err:Q_insufficient_data(21/25),$369.39M,
Q-USDZ,err:Q_insufficient_data(21/25),$347.34M,
Q-AKE,err:Q_insufficient_data(21/25),$315.47M,
Q-XCN,err:Q_insufficient_data(21/25),$349.61M,
Q-TRUMP,err:Q_insufficient_data(21/25),$577.34M,
Q-FET,err:Q_insufficient_data(21/25),$525.87M,
Q-FRAX,err:Q_insufficient_data(21/25),$440.02M,
Q-THBILL,err:Q_insufficient_data(21/25),$337.88M,
Q-ZAMA,err:Q_insufficient_data(21/25),$357.76M,
Q-SHFL,err:Q_insufficient_data(21/25),$341.35M,
Q-USDF,err:Q_insufficient_data(21/25),$331.79M,
Q-XPL,err:Q_insufficient_data(21/25),$440.54M,
VSN-OP,err:OP_insufficient_data(29/25),$354.05M,
LUNC-OP,err:OP_insufficient_data(29/25),$482.05M,
PC0000015-OP,err:OP_insufficient_data(29/25),$313.38M,
IMX-OP,err:OP_insufficient_data(29/25),$430.48M,
NXM-OP,err:OP_insufficient_data(29/25),$290.03M,
SPX-OP,err:OP_insufficient_data(29/25),$505.23M,
UB-OP,err:OP_insufficient_data(29/25),$563.99M,
OUSG-OP,err:OP_insufficient_data(29/25),$583.41M,
STAC-OP,err:OP_insufficient_data(29/25),$305.80M,
1INCH-OP,err:OP_insufficient_data(29/25),$318.97M,
RLB-OP,err:OP_insufficient_data(29/25),$307.43M,
DYDX-OP,err:OP_insufficient_data(29/25),$301.02M,
APR-OP,err:OP_insufficient_data(29/25),$399.55M,
DRV-OP,err:OP_insufficient_data(29/25),$305.80M,
EDGE-OP,err:OP_insufficient_data(29/25),$339.13M,
INJ-OP,err:OP_insufficient_data(29/25),$662.39M,
KAU-OP,err:OP_insufficient_data(29/25),$511.46M,
LDO-OP,err:OP_insufficient_data(29/25),$506.35M,
EARNETH-OP,err:OP_insufficient_data(29/25),$350.10M,
GRT-OP,err:OP_insufficient_data(29/25),$364.50M,
USDTB-OP,err:OP_insufficient_data(29/25),$558.68M,
VELVET-OP,err:OP_insufficient_data(29/25),$369.66M,
BC-OP,err:OP_insufficient_data(29/25),$422.72M,
DEXE-OP,err:OP_insufficient_data(29/25),$477.24M,
OZO-OP,err:OP_insufficient_data(29/25),$328.45M,
2Z-OP,err:OP_insufficient_data(29/25),$405.49M,
CASH-OP,err:OP_insufficient_data(29/25),$325.17M,
ZBCN-OP,err:OP_insufficient_data(29/25),$380.43M,
CVX-OP,err:OP_insufficient_data(29/25),$337.97M,
TIA-OP,err:OP_insufficient_data(29/25),$509.65M,
US-OP,err:OP_insufficient_data(29/25),$622.12M,
VIRTUAL-OP,err:OP_insufficient_data(29/25),$572.72M,
ZRO-OP,err:OP_insufficient_data(29/25),$487.91M,
AKT-OP,err:OP_insufficient_data(29/25),$331.55M,
TKX-OP,err:OP_insufficient_data(29/25),$306.60M,
APEPE-OP,err:OP_insufficient_data(29/25),$404.52M,
USTBL-OP,err:OP_insufficient_data(29/25),$364.00M,
OHM-OP,err:OP_insufficient_data(29/25),$478.96M,
GRX-OP,err:OP_insufficient_data(29/25),$327.25M,
META-OP,err:OP_insufficient_data(29/25),$298.57M,
APXUSD-OP,err:OP_insufficient_data(29/25),$498.21M,
GNO-OP,err:OP_insufficient_data(29/25),$485.80M,
USDAT-OP,err:OP_insufficient_data(29/25),$342.96M,
TWT-OP,err:OP_insufficient_data(29/25),$351.62M,
CAKE-OP,err:OP_insufficient_data(29/25),$650.35M,
ZK-OP,err:OP_insufficient_data(29/25),$287.51M,
FLUID-OP,err:OP_insufficient_data(29/25),$289.44M,
COCO-OP,err:OP_insufficient_data(29/25),$387.38M,
TIBBIR-OP,err:OP_insufficient_data(29/25),$309.64M,
GPS-OP,err:OP_insufficient_data(29/25),$299.16M,
DCR-OP,err:OP_insufficient_data(29/25),$405.93M,
NEO-OP,err:OP_insufficient_data(29/25),$336.93M,
GLM-OP,err:OP_insufficient_data(29/25),$297.92M,
AXS-OP,err:OP_insufficient_data(29/25),$346.84M,
KAG-OP,err:OP_insufficient_data(29/25),$416.85M,
CHEEMS-OP,err:OP_insufficient_data(29/25),$303.47M,
KMNO-OP,err:OP_insufficient_data(29/25),$301.18M,
XTZ-OP,err:OP_insufficient_data(29/25),$428.63M,
ULTIMA-OP,err:OP_insufficient_data(29/25),$384.86M,
KAITO-OP,err:OP_insufficient_data(29/25),$512.42M,
BP-OP,err:OP_insufficient_data(29/25),$317.39M,
UQC-OP,err:OP_insufficient_data(29/25),$311.17M,
STRK-OP,err:OP_insufficient_data(29/25),$392.37M,
CTOC-OP,err:OP_insufficient_data(29/25),$478.16M,
PC0000033-OP,err:OP_insufficient_data(29/25),$365.66M,
ICNT-OP,err:OP_insufficient_data(29/25),$304.73M,
FDUSD-OP,err:OP_insufficient_data(29/25),$549.25M,
PC0000097-OP,err:OP_insufficient_data(29/25),$337.16M,
WEMIX-OP,err:OP_insufficient_data(29/25),$303.58M,
ACRED-OP,err:OP_insufficient_data(29/25),$318.20M,
UUSD-OP,err:OP_insufficient_data(29/25),$302.94M,
FLOKI-OP,err:OP_insufficient_data(29/25),$401.66M,
SAND-OP,err:OP_insufficient_data(29/25),$328.34M,
AWE-OP,err:OP_insufficient_data(29/25),$308.98M,
CRVUSD-OP,err:OP_insufficient_data(29/25),$415.21M,
SNX-OP,err:OP_insufficient_data(29/25),$325.59M,
VCNT-OP,err:OP_insufficient_data(29/25),$367.60M,
DASH-OP,err:OP_insufficient_data(29/25),$600.59M,
CARDS-OP,err:OP_insufficient_data(29/25),$472.02M,
USAT-OP,err:OP_insufficient_data(29/25),$388.38M,
FF-OP,err:OP_insufficient_data(29/25),$395.44M,
USDA-OP,err:OP_insufficient_data(29/25),$299.33M,
ZANO-OP,err:OP_insufficient_data(29/25),$334.32M,
REUSD-OP,err:OP_insufficient_data(29/25),$370.59M,
NEX-OP,err:OP_insufficient_data(29/25),$293.48M,
JTO-OP,err:OP_insufficient_data(29/25),$471.79M,
IOTA-OP,err:OP_insufficient_data(29/25),$350.73M,
AVUSD-OP,err:OP_insufficient_data(29/25),$319.13M,
FARTCOIN-OP,err:OP_insufficient_data(29/25),$326.17M,
GALA-OP,err:OP_insufficient_data(29/25),$291.77M,
ENS-OP,err:OP_insufficient_data(29/25),$379.23M,
SOON-OP,err:OP_insufficient_data(29/25),$293.17M,
WIF-OP,err:OP_insufficient_data(29/25),$349.50M,
SPCXB-OP,err:OP_insufficient_data(29/25),$288.69M,
STRCX-OP,err:OP_insufficient_data(29/25),$343.95M,
PENGU-OP,err:OP_insufficient_data(29/25),$574.87M,
BORG-OP,err:OP_insufficient_data(29/25),$341.43M,
TAG-OP,err:OP_insufficient_data(29/25),$348.22M,
XEC-OP,err:OP_insufficient_data(29/25),$322.61M,
STX-OP,err:OP_insufficient_data(29/25),$453.67M,
TEL-OP,err:OP_insufficient_data(29/25),$377.47M,
GOMINING-OP,err:OP_insufficient_data(29/25),$318.72M,
EIGEN-OP,err:OP_insufficient_data(29/25),$343.75M,
OP-KAIA,err:OP_insufficient_data(29/25),$369.96M,
OP-ZBT,err:OP_insufficient_data(29/25),$317.10M,
OP-EURC,err:OP_insufficient_data(29/25),$653.19M,
OP-KITE,err:OP_insufficient_data(29/25),$435.16M,
OP-RAIL,err:OP_insufficient_data(29/25),$293.00M,
OP-SHORT,err:OP_insufficient_data(29/25),$300.71M,
OP-TRAC,err:OP_insufficient_data(29/25),$326.82M,
OP-PENDLE,err:OP_insufficient_data(29/25),$453.81M,
OP-PYTH,err:OP_insufficient_data(29/25),$524.52M,
OP-PIEVERSE,err:OP_insufficient_data(29/25),$385.24M,
OP-NFT,err:OP_insufficient_data(29/25),$467.68M,
OP-RAY,err:OP_insufficient_data(29/25),$366.16M,
OP-PC0000031,err:OP_insufficient_data(29/25),$405.66M,
OP-GEOD,err:OP_insufficient_data(29/25),$297.50M,
OP-PC0000077,err:OP_insufficient_data(29/25),$303.16M,
OP-A,err:OP_insufficient_data(29/25),$305.44M,
OP-LION,err:OP_insufficient_data(29/25),$345.53M,
OP-AIAT,err:OP_insufficient_data(29/25),$321.13M,
OP-MX,err:OP_insufficient_data(29/25),$353.74M,
OP-THETA,err:OP_insufficient_data(29/25),$329.25M,
OP-SN64,err:OP_insufficient_data(29/25),$293.15M,
OP-ETHFI,err:OP_insufficient_data(29/25),$603.05M,
OP-APYUSD,err:OP_insufficient_data(29/25),$361.28M,
OP-KOGE,err:OP_insufficient_data(29/25),$417.30M,
OP-BTSE,err:OP_insufficient_data(29/25),$336.27M,
OP-VET,err:OP_insufficient_data(29/25),$592.11M,
OP-CHZ,err:OP_insufficient_data(29/25),$347.29M,
OP-REAL,err:OP_insufficient_data(29/25),$452.21M,
OP-MON,err:OP_insufficient_data(29/25),$451.35M,
OP-SAFO,err:OP_insufficient_data(29/25),$360.15M,
OP-MANA,err:OP_insufficient_data(29/25),$334.54M,
OP-PRL,err:OP_insufficient_data(29/25),$287.23M,
OP-GLIDR,err:OP_insufficient_data(29/25),$304.54M,
OP-ONYC,err:OP_insufficient_data(29/25),$449.36M,
OP-A7A5,err:OP_insufficient_data(29/25),$681.36M,
OP-MET,err:OP_insufficient_data(29/25),$292.57M,
OP-Q,err:OP_insufficient_data(29/25),$423.11M,
OP-COMP,err:OP_insufficient_data(29/25),$362.48M,
OP-SYRUP,err:OP_insufficient_data(29/25),$410.40M,
OP-FRXUSD,err:OP_insufficient_data(29/25),$313.08M,
OP-BTT,err:OP_insufficient_data(29/25),$462.63M,
OP-BAT,err:OP_insufficient_data(29/25),$306.57M,
OP-XPIN,err:OP_insufficient_data(29/25),$348.05M,
OP-SOSO,err:OP_insufficient_data(29/25),$319.74M,
OP-VBILL,err:OP_insufficient_data(29/25),$395.20M,
OP-CRCLON,err:OP_insufficient_data(29/25),$296.01M,
OP-PEANUT,err:OP_insufficient_data(29/25),$387.69M,
OP-AR,err:OP_insufficient_data(29/25),$319.21M,
OP-SFP,err:OP_insufficient_data(29/25),$305.89M,
OP-PC0000023,err:OP_insufficient_data(29/25),$304.00M,
OP-GUSD,err:OP_insufficient_data(29/25),$352.66M,
OP-WFI,err:OP_insufficient_data(29/25),$377.70M,
OP-GRASS,err:OP_insufficient_data(29/25),$419.02M,
OP-PC0000085,err:OP_insufficient_data(29/25),$309.66M,
OP-BSV,err:OP_insufficient_data(29/25),$461.65M,
OP-JASMY,err:OP_insufficient_data(29/25),$414.74M,
OP-ANTFUN,err:OP_insufficient_data(29/25),$485.46M,
OP-USDAI,err:OP_insufficient_data(29/25),$360.59M,
OP-AERO,err:OP_insufficient_data(29/25),$617.53M,
OP-BONK,err:OP_insufficient_data(29/25),$468.10M,
OP-SUN,err:OP_insufficient_data(29/25),$545.45M,
OP-EURCV,err:OP_insufficient_data(29/25),$352.59M,
OP-USDZ,err:OP_insufficient_data(29/25),$330.54M,
OP-AKE,err:OP_insufficient_data(29/25),$298.68M,
OP-XCN,err:OP_insufficient_data(29/25),$332.81M,
OP-TRUMP,err:OP_insufficient_data(29/25),$560.55M,
OP-FET,err:OP_insufficient_data(29/25),$509.07M,
OP-FRAX,err:OP_insufficient_data(29/25),$423.22M,
OP-THBILL,err:OP_insufficient_data(29/25),$321.09M,
OP-ZAMA,err:OP_insufficient_data(29/25),$340.97M,
OP-SHFL,err:OP_insufficient_data(29/25),$324.56M,
OP-USDF,err:OP_insufficient_data(29/25),$314.99M,
OP-XPL,err:OP_insufficient_data(29/25),$423.74M,
VSN-NIGHT,err:NIGHT_insufficient_data(28/25),$453.27M,
LUNC-NIGHT,err:NIGHT_insufficient_data(28/25),$581.27M,
PC0000015-NIGHT,err:NIGHT_insufficient_data(28/25),$412.60M,
IMX-NIGHT,err:NIGHT_insufficient_data(28/25),$529.70M,
NXM-NIGHT,err:NIGHT_insufficient_data(28/25),$389.24M,
SPX-NIGHT,err:NIGHT_insufficient_data(28/25),$604.45M,
UB-NIGHT,err:NIGHT_insufficient_data(28/25),$663.21M,
OUSG-NIGHT,err:NIGHT_insufficient_data(28/25),$682.62M,
STAC-NIGHT,err:NIGHT_insufficient_data(28/25),$405.02M,
1INCH-NIGHT,err:NIGHT_insufficient_data(28/25),$418.19M,
RLB-NIGHT,err:NIGHT_insufficient_data(28/25),$406.65M,
DYDX-NIGHT,err:NIGHT_insufficient_data(28/25),$400.24M,
APR-NIGHT,err:NIGHT_insufficient_data(28/25),$498.76M,
DRV-NIGHT,err:NIGHT_insufficient_data(28/25),$405.02M,
EDGE-NIGHT,err:NIGHT_insufficient_data(28/25),$438.35M,
INJ-NIGHT,err:NIGHT_insufficient_data(28/25),$761.61M,
KAU-NIGHT,err:NIGHT_insufficient_data(28/25),$610.68M,
LDO-NIGHT,err:NIGHT_insufficient_data(28/25),$605.57M,
EARNETH-NIGHT,err:NIGHT_insufficient_data(28/25),$449.32M,
GRT-NIGHT,err:NIGHT_insufficient_data(28/25),$463.72M,
USDTB-NIGHT,err:NIGHT_insufficient_data(28/25),$657.90M,
VELVET-NIGHT,err:NIGHT_insufficient_data(28/25),$468.88M,
BC-NIGHT,err:NIGHT_insufficient_data(28/25),$521.94M,
DEXE-NIGHT,err:NIGHT_insufficient_data(28/25),$576.45M,
OZO-NIGHT,err:NIGHT_insufficient_data(28/25),$427.67M,
2Z-NIGHT,err:NIGHT_insufficient_data(28/25),$504.71M,
CASH-NIGHT,err:NIGHT_insufficient_data(28/25),$424.39M,
ZBCN-NIGHT,err:NIGHT_insufficient_data(28/25),$479.65M,
CVX-NIGHT,err:NIGHT_insufficient_data(28/25),$437.19M,
TIA-NIGHT,err:NIGHT_insufficient_data(28/25),$608.86M,
US-NIGHT,err:NIGHT_insufficient_data(28/25),$721.34M,
VIRTUAL-NIGHT,err:NIGHT_insufficient_data(28/25),$671.94M,
ZRO-NIGHT,err:NIGHT_insufficient_data(28/25),$587.13M,
AKT-NIGHT,err:NIGHT_insufficient_data(28/25),$430.77M,
TKX-NIGHT,err:NIGHT_insufficient_data(28/25),$405.82M,
APEPE-NIGHT,err:NIGHT_insufficient_data(28/25),$503.73M,
USTBL-NIGHT,err:NIGHT_insufficient_data(28/25),$463.22M,
OHM-NIGHT,err:NIGHT_insufficient_data(28/25),$578.18M,
GRX-NIGHT,err:NIGHT_insufficient_data(28/25),$426.47M,
META-NIGHT,err:NIGHT_insufficient_data(28/25),$397.79M,
APXUSD-NIGHT,err:NIGHT_insufficient_data(28/25),$597.43M,
NIGHT-GNO,err:NIGHT_insufficient_data(28/25),$585.02M,
NIGHT-USDAT,err:NIGHT_insufficient_data(28/25),$442.17M,
NIGHT-TWT,err:NIGHT_insufficient_data(28/25),$450.84M,
NIGHT-CAKE,err:NIGHT_insufficient_data(28/25),$749.57M,
NIGHT-ZK,err:NIGHT_insufficient_data(28/25),$386.73M,
NIGHT-FLUID,err:NIGHT_insufficient_data(28/25),$388.66M,
NIGHT-COCO,err:NIGHT_insufficient_data(28/25),$486.60M,
NIGHT-TIBBIR,err:NIGHT_insufficient_data(28/25),$408.86M,
NIGHT-GPS,err:NIGHT_insufficient_data(28/25),$398.38M,
NIGHT-H,err:NIGHT_insufficient_data(28/25),$434.49M,
NIGHT-DCR,err:NIGHT_insufficient_data(28/25),$505.15M,
NIGHT-NEO,err:NIGHT_insufficient_data(28/25),$436.15M,
NIGHT-GLM,err:NIGHT_insufficient_data(28/25),$397.14M,
NIGHT-AXS,err:NIGHT_insufficient_data(28/25),$446.06M,
NIGHT-KAG,err:NIGHT_insufficient_data(28/25),$516.07M,
NIGHT-CHEEMS,err:NIGHT_insufficient_data(28/25),$402.69M,
NIGHT-KMNO,err:NIGHT_insufficient_data(28/25),$400.40M,
NIGHT-XTZ,err:NIGHT_insufficient_data(28/25),$527.85M,
NIGHT-ULTIMA,err:NIGHT_insufficient_data(28/25),$484.07M,
NIGHT-KAITO,err:NIGHT_insufficient_data(28/25),$611.64M,
NIGHT-RUNE,err:NIGHT_insufficient_data(28/25),$450.64M,
NIGHT-BP,err:NIGHT_insufficient_data(28/25),$416.61M,
NIGHT-UQC,err:NIGHT_insufficient_data(28/25),$410.39M,
NIGHT-STRK,err:NIGHT_insufficient_data(28/25),$491.59M,
NIGHT-CTOC,err:NIGHT_insufficient_data(28/25),$577.38M,
NIGHT-PC0000033,err:NIGHT_insufficient_data(28/25),$464.87M,
NIGHT-ICNT,err:NIGHT_insufficient_data(28/25),$403.95M,
NIGHT-FDUSD,err:NIGHT_insufficient_data(28/25),$648.47M,
NIGHT-PC0000097,err:NIGHT_insufficient_data(28/25),$436.37M,
NIGHT-WEMIX,err:NIGHT_insufficient_data(28/25),$402.80M,
NIGHT-ACRED,err:NIGHT_insufficient_data(28/25),$417.42M,
NIGHT-SMILEK,err:NIGHT_insufficient_data(28/25),$389.75M,
NIGHT-WM,err:NIGHT_insufficient_data(28/25),$388.73M,
NIGHT-UUSD,err:NIGHT_insufficient_data(28/25),$402.16M,
NIGHT-FLOKI,err:NIGHT_insufficient_data(28/25),$500.88M,
NIGHT-SAND,err:NIGHT_insufficient_data(28/25),$427.56M,
NIGHT-AWE,err:NIGHT_insufficient_data(28/25),$408.20M,
NIGHT-CRVUSD,err:NIGHT_insufficient_data(28/25),$514.42M,
NIGHT-GENIUS,err:NIGHT_insufficient_data(28/25),$415.76M,
NIGHT-SNX,err:NIGHT_insufficient_data(28/25),$424.81M,
NIGHT-VCNT,err:NIGHT_insufficient_data(28/25),$466.82M,
NIGHT-DASH,err:NIGHT_insufficient_data(28/25),$699.81M,
NIGHT-CARDS,err:NIGHT_insufficient_data(28/25),$571.24M,
NIGHT-USAT,err:NIGHT_insufficient_data(28/25),$487.60M,
NIGHT-FF,err:NIGHT_insufficient_data(28/25),$494.66M,
NIGHT-USDA,err:NIGHT_insufficient_data(28/25),$398.55M,
NIGHT-ZANO,err:NIGHT_insufficient_data(28/25),$433.53M,
NIGHT-REUSD,err:NIGHT_insufficient_data(28/25),$469.81M,
NIGHT-NEX,err:NIGHT_insufficient_data(28/25),$392.70M,
NIGHT-JTO,err:NIGHT_insufficient_data(28/25),$571.01M,
NIGHT-IOTA,err:NIGHT_insufficient_data(28/25),$449.95M,
NIGHT-AVUSD,err:NIGHT_insufficient_data(28/25),$418.35M,
NIGHT-FARTCOIN,err:NIGHT_insufficient_data(28/25),$425.39M,
NIGHT-GALA,err:NIGHT_insufficient_data(28/25),$390.99M,
NIGHT-ENS,err:NIGHT_insufficient_data(28/25),$478.45M,
NIGHT-SOON,err:NIGHT_insufficient_data(28/25),$392.38M,
NIGHT-WIF,err:NIGHT_insufficient_data(28/25),$448.72M,
NIGHT-SPCXB,err:NIGHT_insufficient_data(28/25),$387.91M,
NIGHT-STRCX,err:NIGHT_insufficient_data(28/25),$443.17M,
NIGHT-PENGU,err:NIGHT_insufficient_data(28/25),$674.09M,
NIGHT-BORG,err:NIGHT_insufficient_data(28/25),$440.64M,
NIGHT-TAG,err:NIGHT_insufficient_data(28/25),$447.44M,
NIGHT-XEC,err:NIGHT_insufficient_data(28/25),$421.83M,
NIGHT-STX,err:NIGHT_insufficient_data(28/25),$552.89M,
NIGHT-TEL,err:NIGHT_insufficient_data(28/25),$476.69M,
NIGHT-GOMINING,err:NIGHT_insufficient_data(28/25),$417.94M,
NIGHT-APE,err:NIGHT_insufficient_data(28/25),$451.01M,
NIGHT-EIGEN,err:NIGHT_insufficient_data(28/25),$442.97M,
NIGHT-OP,err:NIGHT_insufficient_data(28/25),$505.53M,
NIGHT-KAIA,err:NIGHT_insufficient_data(28/25),$469.18M,
NIGHT-ZBT,err:NIGHT_insufficient_data(28/25),$416.32M,
NIGHT-EURC,err:NIGHT_insufficient_data(28/25),$752.41M,
NIGHT-KITE,err:NIGHT_insufficient_data(28/25),$534.38M,
NIGHT-RAIL,err:NIGHT_insufficient_data(28/25),$392.22M,
NIGHT-SHORT,err:NIGHT_insufficient_data(28/25),$399.93M,
NIGHT-TRAC,err:NIGHT_insufficient_data(28/25),$426.04M,
NIGHT-PENDLE,err:NIGHT_insufficient_data(28/25),$553.03M,
NIGHT-PYTH,err:NIGHT_insufficient_data(28/25),$623.73M,
NIGHT-PIEVERSE,err:NIGHT_insufficient_data(28/25),$484.46M,
NIGHT-NFT,err:NIGHT_insufficient_data(28/25),$566.90M,
NIGHT-RAY,err:NIGHT_insufficient_data(28/25),$465.38M,
NIGHT-PC0000031,err:NIGHT_insufficient_data(28/25),$504.87M,
NIGHT-GEOD,err:NIGHT_insufficient_data(28/25),$396.72M,
NIGHT-PC0000077,err:NIGHT_insufficient_data(28/25),$402.37M,
NIGHT-A,err:NIGHT_insufficient_data(28/25),$404.66M,
NIGHT-LION,err:NIGHT_insufficient_data(28/25),$444.75M,
NIGHT-AIAT,err:NIGHT_insufficient_data(28/25),$420.35M,
NIGHT-MX,err:NIGHT_insufficient_data(28/25),$452.96M,
NIGHT-THETA,err:NIGHT_insufficient_data(28/25),$428.47M,
NIGHT-SN64,err:NIGHT_insufficient_data(28/25),$392.37M,
NIGHT-ETHFI,err:NIGHT_insufficient_data(28/25),$702.27M,
NIGHT-APYUSD,err:NIGHT_insufficient_data(28/25),$460.50M,
NIGHT-KOGE,err:NIGHT_insufficient_data(28/25),$516.52M,
NIGHT-BTSE,err:NIGHT_insufficient_data(28/25),$435.49M,
NIGHT-VET,err:NIGHT_insufficient_data(28/25),$691.33M,
NIGHT-CHZ,err:NIGHT_insufficient_data(28/25),$446.51M,
NIGHT-REAL,err:NIGHT_insufficient_data(28/25),$551.43M,
NIGHT-MON,err:NIGHT_insufficient_data(28/25),$550.57M,
NIGHT-SAFO,err:NIGHT_insufficient_data(28/25),$459.37M,
NIGHT-MANA,err:NIGHT_insufficient_data(28/25),$433.76M,
NIGHT-PRL,err:NIGHT_insufficient_data(28/25),$386.44M,
NIGHT-GLIDR,err:NIGHT_insufficient_data(28/25),$403.76M,
NIGHT-ONYC,err:NIGHT_insufficient_data(28/25),$548.58M,
NIGHT-A7A5,err:NIGHT_insufficient_data(28/25),$780.58M,
NIGHT-MET,err:NIGHT_insufficient_data(28/25),$391.79M,
NIGHT-Q,err:NIGHT_insufficient_data(28/25),$522.33M,
NIGHT-COMP,err:NIGHT_insufficient_data(28/25),$461.70M,
NIGHT-SYRUP,err:NIGHT_insufficient_data(28/25),$509.62M,
NIGHT-FRXUSD,err:NIGHT_insufficient_data(28/25),$412.30M,
NIGHT-BTT,err:NIGHT_insufficient_data(28/25),$561.85M,
NIGHT-BAT,err:NIGHT_insufficient_data(28/25),$405.79M,
NIGHT-XPIN,err:NIGHT_insufficient_data(28/25),$447.27M,
NIGHT-SOSO,err:NIGHT_insufficient_data(28/25),$418.96M,
NIGHT-VBILL,err:NIGHT_insufficient_data(28/25),$494.42M,
NIGHT-CRCLON,err:NIGHT_insufficient_data(28/25),$395.23M,
NIGHT-PEANUT,err:NIGHT_insufficient_data(28/25),$486.91M,
NIGHT-AR,err:NIGHT_insufficient_data(28/25),$418.43M,
NIGHT-SFP,err:NIGHT_insufficient_data(28/25),$405.11M,
NIGHT-PC0000023,err:NIGHT_insufficient_data(28/25),$403.22M,
NIGHT-GUSD,err:NIGHT_insufficient_data(28/25),$451.88M,
NIGHT-WFI,err:NIGHT_insufficient_data(28/25),$476.92M,
NIGHT-GRASS,err:NIGHT_insufficient_data(28/25),$518.24M,
NIGHT-PC0000085,err:NIGHT_insufficient_data(28/25),$408.87M,
NIGHT-BSV,err:NIGHT_insufficient_data(28/25),$560.87M,
NIGHT-JASMY,err:NIGHT_insufficient_data(28/25),$513.96M,
NIGHT-ANTFUN,err:NIGHT_insufficient_data(28/25),$584.68M,
NIGHT-USDAI,err:NIGHT_insufficient_data(28/25),$459.81M,
NIGHT-AERO,err:NIGHT_insufficient_data(28/25),$716.75M,
NIGHT-BONK,err:NIGHT_insufficient_data(28/25),$567.32M,
NIGHT-SUN,err:NIGHT_insufficient_data(28/25),$644.66M,
NIGHT-EURCV,err:NIGHT_insufficient_data(28/25),$451.81M,
NIGHT-USDZ,err:NIGHT_insufficient_data(28/25),$429.76M,
NIGHT-AKE,err:NIGHT_insufficient_data(28/25),$397.90M,
NIGHT-XCN,err:NIGHT_insufficient_data(28/25),$432.03M,
NIGHT-TRUMP,err:NIGHT_insufficient_data(28/25),$659.76M,
NIGHT-FET,err:NIGHT_insufficient_data(28/25),$608.29M,
NIGHT-FRAX,err:NIGHT_insufficient_data(28/25),$522.44M,
NIGHT-THBILL,err:NIGHT_insufficient_data(28/25),$420.31M,
NIGHT-ZAMA,err:NIGHT_insufficient_data(28/25),$440.19M,
NIGHT-SHFL,err:NIGHT_insufficient_data(28/25),$423.77M,
NIGHT-USDF,err:NIGHT_insufficient_data(28/25),$414.21M,
NIGHT-XPL,err:NIGHT_insufficient_data(28/25),$522.96M,
VSN-M,err:M_insufficient_data(63/25),$279.61M,
LUNC-M,err:M_insufficient_data(63/25),$407.62M,
M-PC0000015,err:M_insufficient_data(63/25),$238.94M,
M-IMX,err:M_insufficient_data(63/25),$356.04M,
M-CFX,err:M_insufficient_data(63/25),$351.63M,
M-NXM,err:M_insufficient_data(63/25),$215.59M,
M-SPX,err:M_insufficient_data(63/25),$430.79M,
M-UB,err:M_insufficient_data(63/25),$489.55M,
M-DAI,err:M_insufficient_data(63/25),$219.77M,
M-OUSG,err:M_insufficient_data(63/25),$508.97M,
M-STAC,err:M_insufficient_data(63/25),$231.36M,
M-1INCH,err:M_insufficient_data(63/25),$244.53M,
M-HOLO,err:M_insufficient_data(63/25),$275.41M,
M-RLB,err:M_insufficient_data(63/25),$232.99M,
M-DYDX,err:M_insufficient_data(63/25),$226.58M,
M-APR,err:M_insufficient_data(63/25),$325.11M,
M-DRV,err:M_insufficient_data(63/25),$231.36M,
M-EDGE,err:M_insufficient_data(63/25),$264.69M,
M-INJ,err:M_insufficient_data(63/25),$587.95M,
M-FGRS,err:M_insufficient_data(63/25),$318.47M,
M-MWC,err:M_insufficient_data(63/25),$242.56M,
M-KAU,err:M_insufficient_data(63/25),$437.02M,
M-LDO,err:M_insufficient_data(63/25),$431.91M,
M-EARNETH,err:M_insufficient_data(63/25),$275.66M,
M-GRT,err:M_insufficient_data(63/25),$290.06M,
M-DUSD,err:M_insufficient_data(63/25),$232.09M,
M-SEI,err:M_insufficient_data(63/25),$415.27M,
M-USDTB,err:M_insufficient_data(63/25),$484.24M,
M-BCN,err:M_insufficient_data(63/25),$394.48M,
M-VELVET,err:M_insufficient_data(63/25),$295.22M,
M-BC,err:M_insufficient_data(63/25),$348.29M,
M-DEXE,err:M_insufficient_data(63/25),$402.80M,
M-OZO,err:M_insufficient_data(63/25),$254.01M,
M-AB,err:M_insufficient_data(63/25),$225.56M,
M-2Z,err:M_insufficient_data(63/25),$331.05M,
M-CASH,err:M_insufficient_data(63/25),$250.74M,
M-ZBCN,err:M_insufficient_data(63/25),$305.99M,
M-CVX,err:M_insufficient_data(63/25),$263.53M,
M-TIA,err:M_insufficient_data(63/25),$435.21M,
M-US,err:M_insufficient_data(63/25),$547.68M,
M-VIRTUAL,err:M_insufficient_data(63/25),$498.29M,
M-ZRO,err:M_insufficient_data(63/25),$413.47M,
M-AKT,err:M_insufficient_data(63/25),$257.11M,
M-TKX,err:M_insufficient_data(63/25),$232.16M,
M-APEPE,err:M_insufficient_data(63/25),$330.08M,
M-USTBL,err:M_insufficient_data(63/25),$289.56M,
M-ALFW,err:M_insufficient_data(63/25),$243.05M,
M-OHM,err:M_insufficient_data(63/25),$404.52M,
M-B,err:M_insufficient_data(63/25),$296.90M,
M-GRX,err:M_insufficient_data(63/25),$252.82M,
M-META,err:M_insufficient_data(63/25),$224.13M,
M-APXUSD,err:M_insufficient_data(63/25),$423.77M,
M-NIGHT,err:M_insufficient_data(63/25),$431.09M,
M-GNO,err:M_insufficient_data(63/25),$411.36M,
M-USDAT,err:M_insufficient_data(63/25),$268.52M,
M-TWT,err:M_insufficient_data(63/25),$277.18M,
M-CAKE,err:M_insufficient_data(63/25),$575.91M,
M-ZK,err:M_insufficient_data(63/25),$213.07M,
M-FLUID,err:M_insufficient_data(63/25),$215.00M,
M-COCO,err:M_insufficient_data(63/25),$312.94M,
M-TIBBIR,err:M_insufficient_data(63/25),$235.20M,
M-GPS,err:M_insufficient_data(63/25),$224.73M,
M-H,err:M_insufficient_data(63/25),$260.84M,
M-DCR,err:M_insufficient_data(63/25),$331.50M,
M-NEO,err:M_insufficient_data(63/25),$262.49M,
M-GLM,err:M_insufficient_data(63/25),$223.48M,
M-AXS,err:M_insufficient_data(63/25),$272.41M,
M-KAG,err:M_insufficient_data(63/25),$342.41M,
M-CHEEMS,err:M_insufficient_data(63/25),$229.04M,
M-KMNO,err:M_insufficient_data(63/25),$226.74M,
M-XTZ,err:M_insufficient_data(63/25),$354.19M,
M-ULTIMA,err:M_insufficient_data(63/25),$310.42M,
M-KAITO,err:M_insufficient_data(63/25),$437.99M,
M-RUNE,err:M_insufficient_data(63/25),$276.98M,
M-BP,err:M_insufficient_data(63/25),$242.95M,
M-UQC,err:M_insufficient_data(63/25),$236.74M,
M-STRK,err:M_insufficient_data(63/25),$317.93M,
M-CTOC,err:M_insufficient_data(63/25),$403.72M,
M-PC0000033,err:M_insufficient_data(63/25),$291.22M,
M-ICNT,err:M_insufficient_data(63/25),$230.29M,
M-FDUSD,err:M_insufficient_data(63/25),$474.81M,
M-PC0000097,err:M_insufficient_data(63/25),$262.72M,
M-WEMIX,err:M_insufficient_data(63/25),$229.14M,
M-ACRED,err:M_insufficient_data(63/25),$243.76M,
M-SMILEK,err:M_insufficient_data(63/25),$216.09M,
M-WM,err:M_insufficient_data(63/25),$215.08M,
M-UUSD,err:M_insufficient_data(63/25),$228.50M,
M-FLOKI,err:M_insufficient_data(63/25),$327.23M,
M-SAND,err:M_insufficient_data(63/25),$253.91M,
M-AWE,err:M_insufficient_data(63/25),$234.54M,
M-CRVUSD,err:M_insufficient_data(63/25),$340.77M,
M-GENIUS,err:M_insufficient_data(63/25),$242.10M,
M-SNX,err:M_insufficient_data(63/25),$251.15M,
M-VCNT,err:M_insufficient_data(63/25),$293.16M,
M-DASH,err:M_insufficient_data(63/25),$526.15M,
M-CARDS,err:M_insufficient_data(63/25),$397.58M,
M-USAT,err:M_insufficient_data(63/25),$313.95M,
M-FF,err:M_insufficient_data(63/25),$321.00M,
M-USDA,err:M_insufficient_data(63/25),$224.90M,
M-ZANO,err:M_insufficient_data(63/25),$259.88M,
M-REUSD,err:M_insufficient_data(63/25),$296.15M,
M-NEX,err:M_insufficient_data(63/25),$219.05M,
M-JTO,err:M_insufficient_data(63/25),$397.35M,
M-IOTA,err:M_insufficient_data(63/25),$276.29M,
M-AVUSD,err:M_insufficient_data(63/25),$244.69M,
M-FARTCOIN,err:M_insufficient_data(63/25),$251.73M,
M-GALA,err:M_insufficient_data(63/25),$217.33M,
M-ENS,err:M_insufficient_data(63/25),$304.79M,
M-SOON,err:M_insufficient_data(63/25),$218.73M,
M-WIF,err:M_insufficient_data(63/25),$275.06M,
M-SPCXB,err:M_insufficient_data(63/25),$214.25M,
M-STRCX,err:M_insufficient_data(63/25),$269.51M,
M-PENGU,err:M_insufficient_data(63/25),$500.44M,
M-BORG,err:M_insufficient_data(63/25),$266.99M,
M-TAG,err:M_insufficient_data(63/25),$273.79M,
M-XEC,err:M_insufficient_data(63/25),$248.17M,
M-STX,err:M_insufficient_data(63/25),$379.24M,
M-TEL,err:M_insufficient_data(63/25),$303.03M,
M-GOMINING,err:M_insufficient_data(63/25),$244.28M,
M-APE,err:M_insufficient_data(63/25),$277.36M,
M-EIGEN,err:M_insufficient_data(63/25),$269.31M,
M-OP,err:M_insufficient_data(63/25),$331.87M,
M-KAIA,err:M_insufficient_data(63/25),$295.52M,
M-ZBT,err:M_insufficient_data(63/25),$242.66M,
M-EURC,err:M_insufficient_data(63/25),$578.75M,
M-KITE,err:M_insufficient_data(63/25),$360.72M,
M-RAIL,err:M_insufficient_data(63/25),$218.56M,
M-SHORT,err:M_insufficient_data(63/25),$226.27M,
M-TRAC,err:M_insufficient_data(63/25),$252.38M,
M-PENDLE,err:M_insufficient_data(63/25),$379.37M,
M-PYTH,err:M_insufficient_data(63/25),$450.08M,
M-PIEVERSE,err:M_insufficient_data(63/25),$310.80M,
M-NFT,err:M_insufficient_data(63/25),$393.24M,
M-RAY,err:M_insufficient_data(63/25),$291.72M,
M-PC0000031,err:M_insufficient_data(63/25),$331.22M,
M-GEOD,err:M_insufficient_data(63/25),$223.06M,
M-PC0000077,err:M_insufficient_data(63/25),$228.72M,
M-A,err:M_insufficient_data(63/25),$231.01M,
M-LION,err:M_insufficient_data(63/25),$271.09M,
M-AIAT,err:M_insufficient_data(63/25),$246.70M,
M-MX,err:M_insufficient_data(63/25),$279.31M,
M-THETA,err:M_insufficient_data(63/25),$254.81M,
M-SN64,err:M_insufficient_data(63/25),$218.71M,
M-ETHFI,err:M_insufficient_data(63/25),$528.61M,
M-APYUSD,err:M_insufficient_data(63/25),$286.84M,
M-KOGE,err:M_insufficient_data(63/25),$342.87M,
M-BTSE,err:M_insufficient_data(63/25),$261.83M,
M-VET,err:M_insufficient_data(63/25),$517.67M,
M-CHZ,err:M_insufficient_data(63/25),$272.86M,
M-REAL,err:M_insufficient_data(63/25),$377.78M,
M-MON,err:M_insufficient_data(63/25),$376.91M,
M-SAFO,err:M_insufficient_data(63/25),$285.72M,
M-MANA,err:M_insufficient_data(63/25),$260.10M,
M-PRL,err:M_insufficient_data(63/25),$212.79M,
M-GLIDR,err:M_insufficient_data(63/25),$230.10M,
M-ONYC,err:M_insufficient_data(63/25),$374.92M,
M-A7A5,err:M_insufficient_data(63/25),$606.92M,
M-MET,err:M_insufficient_data(63/25),$218.13M,
M-Q,err:M_insufficient_data(63/25),$348.67M,
M-COMP,err:M_insufficient_data(63/25),$288.04M,
M-SYRUP,err:M_insufficient_data(63/25),$335.97M,
M-FRXUSD,err:M_insufficient_data(63/25),$238.64M,
M-BTT,err:M_insufficient_data(63/25),$388.19M,
M-BAT,err:M_insufficient_data(63/25),$232.13M,
M-XPIN,err:M_insufficient_data(63/25),$273.61M,
M-SOSO,err:M_insufficient_data(63/25),$245.31M,
M-VBILL,err:M_insufficient_data(63/25),$320.76M,
M-CRCLON,err:M_insufficient_data(63/25),$221.57M,
M-PEANUT,err:M_insufficient_data(63/25),$313.25M,
M-AR,err:M_insufficient_data(63/25),$244.77M,
M-SFP,err:M_insufficient_data(63/25),$231.45M,
M-PC0000023,err:M_insufficient_data(63/25),$229.56M,
M-GUSD,err:M_insufficient_data(63/25),$278.22M,
M-WFI,err:M_insufficient_data(63/25),$303.26M,
M-GRASS,err:M_insufficient_data(63/25),$344.59M,
M-PC0000085,err:M_insufficient_data(63/25),$235.22M,
M-BSV,err:M_insufficient_data(63/25),$387.21M,
M-JASMY,err:M_insufficient_data(63/25),$340.30M,
M-ANTFUN,err:M_insufficient_data(63/25),$411.03M,
M-USDAI,err:M_insufficient_data(63/25),$286.16M,
M-AERO,err:M_insufficient_data(63/25),$543.09M,
M-BONK,err:M_insufficient_data(63/25),$393.66M,
M-SUN,err:M_insufficient_data(63/25),$471.01M,
M-EURCV,err:M_insufficient_data(63/25),$278.15M,
M-USDZ,err:M_insufficient_data(63/25),$256.11M,
M-AKE,err:M_insufficient_data(63/25),$224.24M,
M-XCN,err:M_insufficient_data(63/25),$258.38M,
M-TRUMP,err:M_insufficient_data(63/25),$486.11M,
M-FET,err:M_insufficient_data(63/25),$434.64M,
M-FRAX,err:M_insufficient_data(63/25),$348.78M,
M-THBILL,err:M_insufficient_data(63/25),$246.65M,
M-ZAMA,err:M_insufficient_data(63/25),$266.53M,
M-SHFL,err:M_insufficient_data(63/25),$250.12M,
M-USDF,err:M_insufficient_data(63/25),$240.56M,
M-XPL,err:M_insufficient_data(63/25),$349.30M,
VSN-MWC,err:MWC_insufficient_data(82/25),$264.73M,
LUNC-MWC,err:MWC_insufficient_data(82/25),$392.74M,
PC0000015-MWC,err:MWC_insufficient_data(82/25),$224.07M,
IMX-MWC,err:MWC_insufficient_data(82/25),$341.16M,
NXM-MWC,err:MWC_insufficient_data(82/25),$200.71M,
SPX-MWC,err:MWC_insufficient_data(82/25),$415.92M,
UB-MWC,err:MWC_insufficient_data(82/25),$474.68M,
OUSG-MWC,err:MWC_insufficient_data(82/25),$494.09M,
STAC-MWC,err:MWC_insufficient_data(82/25),$216.48M,
1INCH-MWC,err:MWC_insufficient_data(82/25),$229.66M,
RLB-MWC,err:MWC_insufficient_data(82/25),$218.11M,
DYDX-MWC,err:MWC_insufficient_data(82/25),$211.71M,
APR-MWC,err:MWC_insufficient_data(82/25),$310.23M,
DRV-MWC,err:MWC_insufficient_data(82/25),$216.48M,
EDGE-MWC,err:MWC_insufficient_data(82/25),$249.82M,
INJ-MWC,err:MWC_insufficient_data(82/25),$573.08M,
MWC-KAU,err:MWC_insufficient_data(82/25),$422.15M,
MWC-LDO,err:MWC_insufficient_data(82/25),$417.04M,
MWC-EARNETH,err:MWC_insufficient_data(82/25),$260.78M,
MWC-GRT,err:MWC_insufficient_data(82/25),$275.19M,
MWC-DUSD,err:MWC_insufficient_data(82/25),$217.22M,
MWC-SEI,err:MWC_insufficient_data(82/25),$400.39M,
MWC-USDTB,err:MWC_insufficient_data(82/25),$469.36M,
MWC-BCN,err:MWC_insufficient_data(82/25),$379.60M,
MWC-VELVET,err:MWC_insufficient_data(82/25),$280.34M,
MWC-BC,err:MWC_insufficient_data(82/25),$333.41M,
MWC-DEXE,err:MWC_insufficient_data(82/25),$387.92M,
MWC-OZO,err:MWC_insufficient_data(82/25),$239.14M,
MWC-AB,err:MWC_insufficient_data(82/25),$210.68M,
MWC-2Z,err:MWC_insufficient_data(82/25),$316.18M,
MWC-CASH,err:MWC_insufficient_data(82/25),$235.86M,
MWC-ZBCN,err:MWC_insufficient_data(82/25),$291.11M,
MWC-CVX,err:MWC_insufficient_data(82/25),$248.66M,
MWC-TIA,err:MWC_insufficient_data(82/25),$420.33M,
MWC-US,err:MWC_insufficient_data(82/25),$532.81M,
MWC-VIRTUAL,err:MWC_insufficient_data(82/25),$483.41M,
MWC-ZRO,err:MWC_insufficient_data(82/25),$398.60M,
MWC-AKT,err:MWC_insufficient_data(82/25),$242.23M,
MWC-TKX,err:MWC_insufficient_data(82/25),$217.28M,
MWC-APEPE,err:MWC_insufficient_data(82/25),$315.20M,
MWC-USTBL,err:MWC_insufficient_data(82/25),$274.68M,
MWC-ALFW,err:MWC_insufficient_data(82/25),$228.17M,
MWC-OHM,err:MWC_insufficient_data(82/25),$389.65M,
MWC-B,err:MWC_insufficient_data(82/25),$282.02M,
MWC-GRX,err:MWC_insufficient_data(82/25),$237.94M,
MWC-META,err:MWC_insufficient_data(82/25),$209.26M,
MWC-APXUSD,err:MWC_insufficient_data(82/25),$408.90M,
MWC-NIGHT,err:MWC_insufficient_data(82/25),$416.22M,
MWC-GNO,err:MWC_insufficient_data(82/25),$396.48M,
MWC-USDAT,err:MWC_insufficient_data(82/25),$253.64M,
MWC-TWT,err:MWC_insufficient_data(82/25),$262.31M,
MWC-CAKE,err:MWC_insufficient_data(82/25),$561.03M,
MWC-ZK,err:MWC_insufficient_data(82/25),$198.19M,
MWC-FLUID,err:MWC_insufficient_data(82/25),$200.13M,
MWC-COCO,err:MWC_insufficient_data(82/25),$298.06M,
MWC-TIBBIR,err:MWC_insufficient_data(82/25),$220.33M,
MWC-GPS,err:MWC_insufficient_data(82/25),$209.85M,
MWC-H,err:MWC_insufficient_data(82/25),$245.96M,
MWC-DCR,err:MWC_insufficient_data(82/25),$316.62M,
MWC-NEO,err:MWC_insufficient_data(82/25),$247.62M,
MWC-GLM,err:MWC_insufficient_data(82/25),$208.60M,
MWC-AXS,err:MWC_insufficient_data(82/25),$257.53M,
MWC-KAG,err:MWC_insufficient_data(82/25),$327.53M,
MWC-CHEEMS,err:MWC_insufficient_data(82/25),$214.16M,
MWC-KMNO,err:MWC_insufficient_data(82/25),$211.86M,
MWC-XTZ,err:MWC_insufficient_data(82/25),$339.31M,
MWC-ULTIMA,err:MWC_insufficient_data(82/25),$295.54M,
MWC-KAITO,err:MWC_insufficient_data(82/25),$423.11M,
MWC-RUNE,err:MWC_insufficient_data(82/25),$262.10M,
MWC-BP,err:MWC_insufficient_data(82/25),$228.08M,
MWC-UQC,err:MWC_insufficient_data(82/25),$221.86M,
MWC-STRK,err:MWC_insufficient_data(82/25),$303.05M,
MWC-CTOC,err:MWC_insufficient_data(82/25),$388.84M,
MWC-PC0000033,err:MWC_insufficient_data(82/25),$276.34M,
MWC-ICNT,err:MWC_insufficient_data(82/25),$215.41M,
MWC-FDUSD,err:MWC_insufficient_data(82/25),$459.94M,
MWC-PC0000097,err:MWC_insufficient_data(82/25),$247.84M,
MWC-WEMIX,err:MWC_insufficient_data(82/25),$214.26M,
MWC-ACRED,err:MWC_insufficient_data(82/25),$228.88M,
MWC-SMILEK,err:MWC_insufficient_data(82/25),$201.21M,
MWC-WM,err:MWC_insufficient_data(82/25),$200.20M,
MWC-UUSD,err:MWC_insufficient_data(82/25),$213.63M,
MWC-FLOKI,err:MWC_insufficient_data(82/25),$312.35M,
MWC-SAND,err:MWC_insufficient_data(82/25),$239.03M,
MWC-AWE,err:MWC_insufficient_data(82/25),$219.66M,
MWC-CRVUSD,err:MWC_insufficient_data(82/25),$325.89M,
MWC-GENIUS,err:MWC_insufficient_data(82/25),$227.22M,
MWC-SNX,err:MWC_insufficient_data(82/25),$236.28M,
MWC-VCNT,err:MWC_insufficient_data(82/25),$278.29M,
MWC-DASH,err:MWC_insufficient_data(82/25),$511.28M,
MWC-CARDS,err:MWC_insufficient_data(82/25),$382.71M,
MWC-USAT,err:MWC_insufficient_data(82/25),$299.07M,
MWC-FF,err:MWC_insufficient_data(82/25),$306.13M,
MWC-USDA,err:MWC_insufficient_data(82/25),$210.02M,
MWC-ZANO,err:MWC_insufficient_data(82/25),$245.00M,
MWC-REUSD,err:MWC_insufficient_data(82/25),$281.27M,
MWC-NEX,err:MWC_insufficient_data(82/25),$204.17M,
MWC-JTO,err:MWC_insufficient_data(82/25),$382.48M,
MWC-IOTA,err:MWC_insufficient_data(82/25),$261.42M,
MWC-AVUSD,err:MWC_insufficient_data(82/25),$229.82M,
MWC-FARTCOIN,err:MWC_insufficient_data(82/25),$236.85M,
MWC-GALA,err:MWC_insufficient_data(82/25),$202.46M,
MWC-ENS,err:MWC_insufficient_data(82/25),$289.91M,
MWC-SOON,err:MWC_insufficient_data(82/25),$203.85M,
MWC-WIF,err:MWC_insufficient_data(82/25),$260.18M,
MWC-SPCXB,err:MWC_insufficient_data(82/25),$199.38M,
MWC-STRCX,err:MWC_insufficient_data(82/25),$254.64M,
MWC-PENGU,err:MWC_insufficient_data(82/25),$485.56M,
MWC-BORG,err:MWC_insufficient_data(82/25),$252.11M,
MWC-TAG,err:MWC_insufficient_data(82/25),$258.91M,
MWC-XEC,err:MWC_insufficient_data(82/25),$233.30M,
MWC-STX,err:MWC_insufficient_data(82/25),$364.36M,
MWC-TEL,err:MWC_insufficient_data(82/25),$288.16M,
MWC-GOMINING,err:MWC_insufficient_data(82/25),$229.40M,
MWC-APE,err:MWC_insufficient_data(82/25),$262.48M,
MWC-EIGEN,err:MWC_insufficient_data(82/25),$254.43M,
MWC-OP,err:MWC_insufficient_data(82/25),$317.00M,
MWC-KAIA,err:MWC_insufficient_data(82/25),$280.65M,
MWC-ZBT,err:MWC_insufficient_data(82/25),$227.79M,
MWC-EURC,err:MWC_insufficient_data(82/25),$563.88M,
MWC-KITE,err:MWC_insufficient_data(82/25),$345.84M,
MWC-RAIL,err:MWC_insufficient_data(82/25),$203.68M,
MWC-SHORT,err:MWC_insufficient_data(82/25),$211.39M,
MWC-TRAC,err:MWC_insufficient_data(82/25),$237.51M,
MWC-PENDLE,err:MWC_insufficient_data(82/25),$364.49M,
MWC-PYTH,err:MWC_insufficient_data(82/25),$435.20M,
MWC-PIEVERSE,err:MWC_insufficient_data(82/25),$295.92M,
MWC-NFT,err:MWC_insufficient_data(82/25),$378.36M,
MWC-RAY,err:MWC_insufficient_data(82/25),$276.85M,
MWC-PC0000031,err:MWC_insufficient_data(82/25),$316.34M,
MWC-GEOD,err:MWC_insufficient_data(82/25),$208.19M,
MWC-PC0000077,err:MWC_insufficient_data(82/25),$213.84M,
MWC-A,err:MWC_insufficient_data(82/25),$216.13M,
MWC-LION,err:MWC_insufficient_data(82/25),$256.22M,
MWC-AIAT,err:MWC_insufficient_data(82/25),$231.82M,
MWC-MX,err:MWC_insufficient_data(82/25),$264.43M,
MWC-THETA,err:MWC_insufficient_data(82/25),$239.93M,
MWC-SN64,err:MWC_insufficient_data(82/25),$203.83M,
MWC-ETHFI,err:MWC_insufficient_data(82/25),$513.73M,
MWC-APYUSD,err:MWC_insufficient_data(82/25),$271.97M,
MWC-KOGE,err:MWC_insufficient_data(82/25),$327.99M,
MWC-BTSE,err:MWC_insufficient_data(82/25),$246.95M,
MWC-VET,err:MWC_insufficient_data(82/25),$502.80M,
MWC-CHZ,err:MWC_insufficient_data(82/25),$257.98M,
MWC-REAL,err:MWC_insufficient_data(82/25),$362.90M,
MWC-MON,err:MWC_insufficient_data(82/25),$362.04M,
MWC-SAFO,err:MWC_insufficient_data(82/25),$270.84M,
MWC-MANA,err:MWC_insufficient_data(82/25),$245.23M,
MWC-PRL,err:MWC_insufficient_data(82/25),$197.91M,
MWC-GLIDR,err:MWC_insufficient_data(82/25),$215.22M,
MWC-ONYC,err:MWC_insufficient_data(82/25),$360.05M,
MWC-A7A5,err:MWC_insufficient_data(82/25),$592.05M,
MWC-MET,err:MWC_insufficient_data(82/25),$203.26M,
MWC-Q,err:MWC_insufficient_data(82/25),$333.79M,
MWC-COMP,err:MWC_insufficient_data(82/25),$273.17M,
MWC-SYRUP,err:MWC_insufficient_data(82/25),$321.09M,
MWC-FRXUSD,err:MWC_insufficient_data(82/25),$223.76M,
MWC-BTT,err:MWC_insufficient_data(82/25),$373.31M,
MWC-BAT,err:MWC_insufficient_data(82/25),$217.26M,
MWC-XPIN,err:MWC_insufficient_data(82/25),$258.74M,
MWC-SOSO,err:MWC_insufficient_data(82/25),$230.43M,
MWC-VBILL,err:MWC_insufficient_data(82/25),$305.88M,
MWC-CRCLON,err:MWC_insufficient_data(82/25),$206.69M,
MWC-PEANUT,err:MWC_insufficient_data(82/25),$298.38M,
MWC-AR,err:MWC_insufficient_data(82/25),$229.90M,
MWC-SFP,err:MWC_insufficient_data(82/25),$216.57M,
MWC-PC0000023,err:MWC_insufficient_data(82/25),$214.69M,
MWC-GUSD,err:MWC_insufficient_data(82/25),$263.35M,
MWC-WFI,err:MWC_insufficient_data(82/25),$288.38M,
MWC-GRASS,err:MWC_insufficient_data(82/25),$329.71M,
MWC-PC0000085,err:MWC_insufficient_data(82/25),$220.34M,
MWC-BSV,err:MWC_insufficient_data(82/25),$372.33M,
MWC-JASMY,err:MWC_insufficient_data(82/25),$325.43M,
MWC-ANTFUN,err:MWC_insufficient_data(82/25),$396.15M,
MWC-USDAI,err:MWC_insufficient_data(82/25),$271.28M,
MWC-AERO,err:MWC_insufficient_data(82/25),$528.21M,
MWC-BONK,err:MWC_insufficient_data(82/25),$378.79M,
MWC-SUN,err:MWC_insufficient_data(82/25),$456.13M,
MWC-EURCV,err:MWC_insufficient_data(82/25),$263.28M,
MWC-USDZ,err:MWC_insufficient_data(82/25),$241.23M,
MWC-AKE,err:MWC_insufficient_data(82/25),$209.36M,
MWC-XCN,err:MWC_insufficient_data(82/25),$243.50M,
MWC-TRUMP,err:MWC_insufficient_data(82/25),$471.23M,
MWC-FET,err:MWC_insufficient_data(82/25),$419.76M,
MWC-FRAX,err:MWC_insufficient_data(82/25),$333.91M,
MWC-THBILL,err:MWC_insufficient_data(82/25),$231.77M,
MWC-ZAMA,err:MWC_insufficient_data(82/25),$251.65M,
MWC-SHFL,err:MWC_insufficient_data(82/25),$235.24M,
MWC-USDF,err:MWC_insufficient_data(82/25),$225.68M,
MWC-XPL,err:MWC_insufficient_data(82/25),$334.43M,
VSN-LION,err:LION_insufficient_data(49/25),$293.27M,
LUNC-LION,err:LION_insufficient_data(49/25),$421.28M,
PC0000015-LION,err:LION_insufficient_data(49/25),$252.60M,
IMX-LION,err:LION_insufficient_data(49/25),$369.70M,
NXM-LION,err:LION_insufficient_data(49/25),$229.25M,
SPX-LION,err:LION_insufficient_data(49/25),$444.45M,
UB-LION,err:LION_insufficient_data(49/25),$503.21M,
OUSG-LION,err:LION_insufficient_data(49/25),$522.63M,
STAC-LION,err:LION_insufficient_data(49/25),$245.02M,
1INCH-LION,err:LION_insufficient_data(49/25),$258.19M,
RLB-LION,err:LION_insufficient_data(49/25),$246.65M,
DYDX-LION,err:LION_insufficient_data(49/25),$240.24M,
APR-LION,err:LION_insufficient_data(49/25),$338.77M,
DRV-LION,err:LION_insufficient_data(49/25),$245.02M,
EDGE-LION,err:LION_insufficient_data(49/25),$278.35M,
INJ-LION,err:LION_insufficient_data(49/25),$601.61M,
KAU-LION,err:LION_insufficient_data(49/25),$450.68M,
LDO-LION,err:LION_insufficient_data(49/25),$445.57M,
EARNETH-LION,err:LION_insufficient_data(49/25),$289.32M,
GRT-LION,err:LION_insufficient_data(49/25),$303.72M,
USDTB-LION,err:LION_insufficient_data(49/25),$497.90M,
VELVET-LION,err:LION_insufficient_data(49/25),$308.88M,
BC-LION,err:LION_insufficient_data(49/25),$361.95M,
DEXE-LION,err:LION_insufficient_data(49/25),$416.46M,
OZO-LION,err:LION_insufficient_data(49/25),$267.67M,
2Z-LION,err:LION_insufficient_data(49/25),$344.71M,
CASH-LION,err:LION_insufficient_data(49/25),$264.39M,
ZBCN-LION,err:LION_insufficient_data(49/25),$319.65M,
CVX-LION,err:LION_insufficient_data(49/25),$277.19M,
TIA-LION,err:LION_insufficient_data(49/25),$448.87M,
US-LION,err:LION_insufficient_data(49/25),$561.34M,
VIRTUAL-LION,err:LION_insufficient_data(49/25),$511.95M,
ZRO-LION,err:LION_insufficient_data(49/25),$427.13M,
AKT-LION,err:LION_insufficient_data(49/25),$270.77M,
TKX-LION,err:LION_insufficient_data(49/25),$245.82M,
APEPE-LION,err:LION_insufficient_data(49/25),$343.74M,
USTBL-LION,err:LION_insufficient_data(49/25),$303.22M,
OHM-LION,err:LION_insufficient_data(49/25),$418.18M,
GRX-LION,err:LION_insufficient_data(49/25),$266.47M,
META-LION,err:LION_insufficient_data(49/25),$237.79M,
APXUSD-LION,err:LION_insufficient_data(49/25),$437.43M,
GNO-LION,err:LION_insufficient_data(49/25),$425.02M,
USDAT-LION,err:LION_insufficient_data(49/25),$282.18M,
TWT-LION,err:LION_insufficient_data(49/25),$290.84M,
CAKE-LION,err:LION_insufficient_data(49/25),$589.57M,
ZK-LION,err:LION_insufficient_data(49/25),$226.73M,
FLUID-LION,err:LION_insufficient_data(49/25),$228.66M,
COCO-LION,err:LION_insufficient_data(49/25),$326.60M,
TIBBIR-LION,err:LION_insufficient_data(49/25),$248.86M,
GPS-LION,err:LION_insufficient_data(49/25),$238.39M,
DCR-LION,err:LION_insufficient_data(49/25),$345.15M,
NEO-LION,err:LION_insufficient_data(49/25),$276.15M,
GLM-LION,err:LION_insufficient_data(49/25),$237.14M,
AXS-LION,err:LION_insufficient_data(49/25),$286.06M,
KAG-LION,err:LION_insufficient_data(49/25),$356.07M,
CHEEMS-LION,err:LION_insufficient_data(49/25),$242.69M,
KMNO-LION,err:LION_insufficient_data(49/25),$240.40M,
XTZ-LION,err:LION_insufficient_data(49/25),$367.85M,
ULTIMA-LION,err:LION_insufficient_data(49/25),$324.08M,
KAITO-LION,err:LION_insufficient_data(49/25),$451.65M,
BP-LION,err:LION_insufficient_data(49/25),$256.61M,
UQC-LION,err:LION_insufficient_data(49/25),$250.40M,
STRK-LION,err:LION_insufficient_data(49/25),$331.59M,
CTOC-LION,err:LION_insufficient_data(49/25),$417.38M,
PC0000033-LION,err:LION_insufficient_data(49/25),$304.88M,
ICNT-LION,err:LION_insufficient_data(49/25),$243.95M,
FDUSD-LION,err:LION_insufficient_data(49/25),$488.47M,
PC0000097-LION,err:LION_insufficient_data(49/25),$276.38M,
WEMIX-LION,err:LION_insufficient_data(49/25),$242.80M,
ACRED-LION,err:LION_insufficient_data(49/25),$257.42M,
UUSD-LION,err:LION_insufficient_data(49/25),$242.16M,
FLOKI-LION,err:LION_insufficient_data(49/25),$340.89M,
SAND-LION,err:LION_insufficient_data(49/25),$267.56M,
AWE-LION,err:LION_insufficient_data(49/25),$248.20M,
CRVUSD-LION,err:LION_insufficient_data(49/25),$354.43M,
SNX-LION,err:LION_insufficient_data(49/25),$264.81M,
VCNT-LION,err:LION_insufficient_data(49/25),$306.82M,
DASH-LION,err:LION_insufficient_data(49/25),$539.81M,
CARDS-LION,err:LION_insufficient_data(49/25),$411.24M,
USAT-LION,err:LION_insufficient_data(49/25),$327.61M,
FF-LION,err:LION_insufficient_data(49/25),$334.66M,
USDA-LION,err:LION_insufficient_data(49/25),$238.55M,
ZANO-LION,err:LION_insufficient_data(49/25),$273.54M,
REUSD-LION,err:LION_insufficient_data(49/25),$309.81M,
NEX-LION,err:LION_insufficient_data(49/25),$232.71M,
JTO-LION,err:LION_insufficient_data(49/25),$411.01M,
IOTA-LION,err:LION_insufficient_data(49/25),$289.95M,
AVUSD-LION,err:LION_insufficient_data(49/25),$258.35M,
FARTCOIN-LION,err:LION_insufficient_data(49/25),$265.39M,
GALA-LION,err:LION_insufficient_data(49/25),$230.99M,
ENS-LION,err:LION_insufficient_data(49/25),$318.45M,
SOON-LION,err:LION_insufficient_data(49/25),$232.39M,
WIF-LION,err:LION_insufficient_data(49/25),$288.72M,
SPCXB-LION,err:LION_insufficient_data(49/25),$227.91M,
STRCX-LION,err:LION_insufficient_data(49/25),$283.17M,
PENGU-LION,err:LION_insufficient_data(49/25),$514.09M,
BORG-LION,err:LION_insufficient_data(49/25),$280.65M,
TAG-LION,err:LION_insufficient_data(49/25),$287.44M,
XEC-LION,err:LION_insufficient_data(49/25),$261.83M,
STX-LION,err:LION_insufficient_data(49/25),$392.89M,
TEL-LION,err:LION_insufficient_data(49/25),$316.69M,
GOMINING-LION,err:LION_insufficient_data(49/25),$257.94M,
EIGEN-LION,err:LION_insufficient_data(49/25),$282.97M,
ZBT-LION,err:LION_insufficient_data(49/25),$256.32M,
EURC-LION,err:LION_insufficient_data(49/25),$592.41M,
KITE-LION,err:LION_insufficient_data(49/25),$374.38M,
RAIL-LION,err:LION_insufficient_data(49/25),$232.22M,
SHORT-LION,err:LION_insufficient_data(49/25),$239.93M,
TRAC-LION,err:LION_insufficient_data(49/25),$266.04M,
PENDLE-LION,err:LION_insufficient_data(49/25),$393.03M,
PYTH-LION,err:LION_insufficient_data(49/25),$463.74M,
PIEVERSE-LION,err:LION_insufficient_data(49/25),$324.46M,
NFT-LION,err:LION_insufficient_data(49/25),$406.90M,
RAY-LION,err:LION_insufficient_data(49/25),$305.38M,
PC0000031-LION,err:LION_insufficient_data(49/25),$344.88M,
GEOD-LION,err:LION_insufficient_data(49/25),$236.72M,
PC0000077-LION,err:LION_insufficient_data(49/25),$242.38M,
A-LION,err:LION_insufficient_data(49/25),$244.67M,
LION-AIAT,err:LION_insufficient_data(49/25),$260.36M,
LION-MX,err:LION_insufficient_data(49/25),$292.97M,
LION-THETA,err:LION_insufficient_data(49/25),$268.47M,
LION-SN64,err:LION_insufficient_data(49/25),$232.37M,
LION-ETHFI,err:LION_insufficient_data(49/25),$542.27M,
LION-APYUSD,err:LION_insufficient_data(49/25),$300.50M,
LION-KOGE,err:LION_insufficient_data(49/25),$356.53M,
LION-BTSE,err:LION_insufficient_data(49/25),$275.49M,
LION-VET,err:LION_insufficient_data(49/25),$531.33M,
LION-CHZ,err:LION_insufficient_data(49/25),$286.52M,
LION-REAL,err:LION_insufficient_data(49/25),$391.44M,
LION-MON,err:LION_insufficient_data(49/25),$390.57M,
LION-SAFO,err:LION_insufficient_data(49/25),$299.38M,
LION-MANA,err:LION_insufficient_data(49/25),$273.76M,
LION-PRL,err:LION_insufficient_data(49/25),$226.45M,
LION-GLIDR,err:LION_insufficient_data(49/25),$243.76M,
LION-ONYC,err:LION_insufficient_data(49/25),$388.58M,
LION-A7A5,err:LION_insufficient_data(49/25),$620.58M,
LION-MET,err:LION_insufficient_data(49/25),$231.79M,
LION-Q,err:LION_insufficient_data(49/25),$362.33M,
LION-COMP,err:LION_insufficient_data(49/25),$301.70M,
LION-SYRUP,err:LION_insufficient_data(49/25),$349.62M,
LION-FRXUSD,err:LION_insufficient_data(49/25),$252.30M,
LION-BTT,err:LION_insufficient_data(49/25),$401.85M,
LION-BAT,err:LION_insufficient_data(49/25),$245.79M,
LION-XPIN,err:LION_insufficient_data(49/25),$287.27M,
LION-SOSO,err:LION_insufficient_data(49/25),$258.97M,
LION-VBILL,err:LION_insufficient_data(49/25),$334.42M,
LION-CRCLON,err:LION_insufficient_data(49/25),$235.23M,
LION-PEANUT,err:LION_insufficient_data(49/25),$326.91M,
LION-AR,err:LION_insufficient_data(49/25),$258.43M,
LION-SFP,err:LION_insufficient_data(49/25),$245.11M,
LION-PC0000023,err:LION_insufficient_data(49/25),$243.22M,
LION-GUSD,err:LION_insufficient_data(49/25),$291.88M,
LION-WFI,err:LION_insufficient_data(49/25),$316.92M,
LION-GRASS,err:LION_insufficient_data(49/25),$358.25M,
LION-PC0000085,err:LION_insufficient_data(49/25),$248.88M,
LION-BSV,err:LION_insufficient_data(49/25),$400.87M,
LION-JASMY,err:LION_insufficient_data(49/25),$353.96M,
LION-ANTFUN,err:LION_insufficient_data(49/25),$424.68M,
LION-USDAI,err:LION_insufficient_data(49/25),$299.81M,
LION-AERO,err:LION_insufficient_data(49/25),$556.75M,
LION-BONK,err:LION_insufficient_data(49/25),$407.32M,
LION-SUN,err:LION_insufficient_data(49/25),$484.67M,
LION-EURCV,err:LION_insufficient_data(49/25),$291.81M,
LION-USDZ,err:LION_insufficient_data(49/25),$269.77M,
LION-AKE,err:LION_insufficient_data(49/25),$237.90M,
LION-XCN,err:LION_insufficient_data(49/25),$272.04M,
LION-TRUMP,err:LION_insufficient_data(49/25),$499.77M,
LION-FET,err:LION_insufficient_data(49/25),$448.30M,
LION-FRAX,err:LION_insufficient_data(49/25),$362.44M,
LION-THBILL,err:LION_insufficient_data(49/25),$260.31M,
LION-ZAMA,err:LION_insufficient_data(49/25),$280.19M,
LION-SHFL,err:LION_insufficient_data(49/25),$263.78M,
LION-USDF,err:LION_insufficient_data(49/25),$254.22M,
LION-XPL,err:LION_insufficient_data(49/25),$362.96M,
VSN-KAIA,err:KAIA_insufficient_data(22/25),$317.70M,
LUNC-KAIA,err:KAIA_insufficient_data(22/25),$445.70M,
PC0000015-KAIA,err:KAIA_insufficient_data(22/25),$277.03M,
IMX-KAIA,err:KAIA_insufficient_data(22/25),$394.13M,
NXM-KAIA,err:KAIA_insufficient_data(22/25),$253.68M,
SPX-KAIA,err:KAIA_insufficient_data(22/25),$468.88M,
UB-KAIA,err:KAIA_insufficient_data(22/25),$527.64M,
OUSG-KAIA,err:KAIA_insufficient_data(22/25),$547.05M,
STAC-KAIA,err:KAIA_insufficient_data(22/25),$269.45M,
1INCH-KAIA,err:KAIA_insufficient_data(22/25),$282.62M,
RLB-KAIA,err:KAIA_insufficient_data(22/25),$271.08M,
DYDX-KAIA,err:KAIA_insufficient_data(22/25),$264.67M,
APR-KAIA,err:KAIA_insufficient_data(22/25),$363.19M,
DRV-KAIA,err:KAIA_insufficient_data(22/25),$269.45M,
EDGE-KAIA,err:KAIA_insufficient_data(22/25),$302.78M,
INJ-KAIA,err:KAIA_insufficient_data(22/25),$626.04M,
KAU-KAIA,err:KAIA_insufficient_data(22/25),$475.11M,
LDO-KAIA,err:KAIA_insufficient_data(22/25),$470.00M,
EARNETH-KAIA,err:KAIA_insufficient_data(22/25),$313.75M,
GRT-KAIA,err:KAIA_insufficient_data(22/25),$328.15M,
USDTB-KAIA,err:KAIA_insufficient_data(22/25),$522.33M,
VELVET-KAIA,err:KAIA_insufficient_data(22/25),$333.31M,
BC-KAIA,err:KAIA_insufficient_data(22/25),$386.37M,
DEXE-KAIA,err:KAIA_insufficient_data(22/25),$440.89M,
OZO-KAIA,err:KAIA_insufficient_data(22/25),$292.10M,
2Z-KAIA,err:KAIA_insufficient_data(22/25),$369.14M,
CASH-KAIA,err:KAIA_insufficient_data(22/25),$288.82M,
ZBCN-KAIA,err:KAIA_insufficient_data(22/25),$344.08M,
CVX-KAIA,err:KAIA_insufficient_data(22/25),$301.62M,
TIA-KAIA,err:KAIA_insufficient_data(22/25),$473.30M,
US-KAIA,err:KAIA_insufficient_data(22/25),$585.77M,
VIRTUAL-KAIA,err:KAIA_insufficient_data(22/25),$536.37M,
ZRO-KAIA,err:KAIA_insufficient_data(22/25),$451.56M,
AKT-KAIA,err:KAIA_insufficient_data(22/25),$295.20M,
TKX-KAIA,err:KAIA_insufficient_data(22/25),$270.25M,
APEPE-KAIA,err:KAIA_insufficient_data(22/25),$368.17M,
USTBL-KAIA,err:KAIA_insufficient_data(22/25),$327.65M,
OHM-KAIA,err:KAIA_insufficient_data(22/25),$442.61M,
GRX-KAIA,err:KAIA_insufficient_data(22/25),$290.90M,
META-KAIA,err:KAIA_insufficient_data(22/25),$262.22M,
APXUSD-KAIA,err:KAIA_insufficient_data(22/25),$461.86M,
GNO-KAIA,err:KAIA_insufficient_data(22/25),$449.45M,
USDAT-KAIA,err:KAIA_insufficient_data(22/25),$306.60M,
TWT-KAIA,err:KAIA_insufficient_data(22/25),$315.27M,
CAKE-KAIA,err:KAIA_insufficient_data(22/25),$614.00M,
ZK-KAIA,err:KAIA_insufficient_data(22/25),$251.16M,
FLUID-KAIA,err:KAIA_insufficient_data(22/25),$253.09M,
COCO-KAIA,err:KAIA_insufficient_data(22/25),$351.03M,
TIBBIR-KAIA,err:KAIA_insufficient_data(22/25),$273.29M,
GPS-KAIA,err:KAIA_insufficient_data(22/25),$262.81M,
DCR-KAIA,err:KAIA_insufficient_data(22/25),$369.58M,
NEO-KAIA,err:KAIA_insufficient_data(22/25),$300.58M,
GLM-KAIA,err:KAIA_insufficient_data(22/25),$261.57M,
AXS-KAIA,err:KAIA_insufficient_data(22/25),$310.49M,
KAG-KAIA,err:KAIA_insufficient_data(22/25),$380.50M,
CHEEMS-KAIA,err:KAIA_insufficient_data(22/25),$267.12M,
KMNO-KAIA,err:KAIA_insufficient_data(22/25),$264.83M,
XTZ-KAIA,err:KAIA_insufficient_data(22/25),$392.28M,
ULTIMA-KAIA,err:KAIA_insufficient_data(22/25),$348.50M,
KAITO-KAIA,err:KAIA_insufficient_data(22/25),$476.07M,
BP-KAIA,err:KAIA_insufficient_data(22/25),$281.04M,
UQC-KAIA,err:KAIA_insufficient_data(22/25),$274.82M,
STRK-KAIA,err:KAIA_insufficient_data(22/25),$356.02M,
CTOC-KAIA,err:KAIA_insufficient_data(22/25),$441.81M,
PC0000033-KAIA,err:KAIA_insufficient_data(22/25),$329.30M,
ICNT-KAIA,err:KAIA_insufficient_data(22/25),$268.38M,
FDUSD-KAIA,err:KAIA_insufficient_data(22/25),$512.90M,
PC0000097-KAIA,err:KAIA_insufficient_data(22/25),$300.80M,
WEMIX-KAIA,err:KAIA_insufficient_data(22/25),$267.23M,
ACRED-KAIA,err:KAIA_insufficient_data(22/25),$281.85M,
UUSD-KAIA,err:KAIA_insufficient_data(22/25),$266.59M,
FLOKI-KAIA,err:KAIA_insufficient_data(22/25),$365.31M,
SAND-KAIA,err:KAIA_insufficient_data(22/25),$291.99M,
AWE-KAIA,err:KAIA_insufficient_data(22/25),$272.63M,
CRVUSD-KAIA,err:KAIA_insufficient_data(22/25),$378.86M,
SNX-KAIA,err:KAIA_insufficient_data(22/25),$289.24M,
VCNT-KAIA,err:KAIA_insufficient_data(22/25),$331.25M,
DASH-KAIA,err:KAIA_insufficient_data(22/25),$564.24M,
CARDS-KAIA,err:KAIA_insufficient_data(22/25),$435.67M,
USAT-KAIA,err:KAIA_insufficient_data(22/25),$352.03M,
FF-KAIA,err:KAIA_insufficient_data(22/25),$359.09M,
USDA-KAIA,err:KAIA_insufficient_data(22/25),$262.98M,
ZANO-KAIA,err:KAIA_insufficient_data(22/25),$297.96M,
REUSD-KAIA,err:KAIA_insufficient_data(22/25),$334.24M,
NEX-KAIA,err:KAIA_insufficient_data(22/25),$257.13M,
JTO-KAIA,err:KAIA_insufficient_data(22/25),$435.44M,
IOTA-KAIA,err:KAIA_insufficient_data(22/25),$314.38M,
AVUSD-KAIA,err:KAIA_insufficient_data(22/25),$282.78M,
FARTCOIN-KAIA,err:KAIA_insufficient_data(22/25),$289.82M,
GALA-KAIA,err:KAIA_insufficient_data(22/25),$255.42M,
ENS-KAIA,err:KAIA_insufficient_data(22/25),$342.88M,
SOON-KAIA,err:KAIA_insufficient_data(22/25),$256.81M,
WIF-KAIA,err:KAIA_insufficient_data(22/25),$313.15M,
SPCXB-KAIA,err:KAIA_insufficient_data(22/25),$252.34M,
STRCX-KAIA,err:KAIA_insufficient_data(22/25),$307.60M,
PENGU-KAIA,err:KAIA_insufficient_data(22/25),$538.52M,
BORG-KAIA,err:KAIA_insufficient_data(22/25),$305.07M,
TAG-KAIA,err:KAIA_insufficient_data(22/25),$311.87M,
XEC-KAIA,err:KAIA_insufficient_data(22/25),$286.26M,
STX-KAIA,err:KAIA_insufficient_data(22/25),$417.32M,
TEL-KAIA,err:KAIA_insufficient_data(22/25),$341.12M,
GOMINING-KAIA,err:KAIA_insufficient_data(22/25),$282.37M,
EIGEN-KAIA,err:KAIA_insufficient_data(22/25),$307.40M,
KAIA-ZBT,err:KAIA_insufficient_data(22/25),$280.75M,
KAIA-EURC,err:KAIA_insufficient_data(22/25),$616.84M,
KAIA-KITE,err:KAIA_insufficient_data(22/25),$398.81M,
KAIA-RAIL,err:KAIA_insufficient_data(22/25),$256.65M,
KAIA-SHORT,err:KAIA_insufficient_data(22/25),$264.36M,
KAIA-TRAC,err:KAIA_insufficient_data(22/25),$290.47M,
KAIA-PENDLE,err:KAIA_insufficient_data(22/25),$417.46M,
KAIA-PYTH,err:KAIA_insufficient_data(22/25),$488.16M,
KAIA-PIEVERSE,err:KAIA_insufficient_data(22/25),$348.89M,
KAIA-NFT,err:KAIA_insufficient_data(22/25),$431.33M,
KAIA-RAY,err:KAIA_insufficient_data(22/25),$329.81M,
KAIA-PC0000031,err:KAIA_insufficient_data(22/25),$369.30M,
KAIA-GEOD,err:KAIA_insufficient_data(22/25),$261.15M,
KAIA-PC0000077,err:KAIA_insufficient_data(22/25),$266.80M,
KAIA-A,err:KAIA_insufficient_data(22/25),$269.09M,
KAIA-LION,err:KAIA_insufficient_data(22/25),$309.18M,
KAIA-AIAT,err:KAIA_insufficient_data(22/25),$284.78M,
KAIA-MX,err:KAIA_insufficient_data(22/25),$317.39M,
KAIA-THETA,err:KAIA_insufficient_data(22/25),$292.90M,
KAIA-SN64,err:KAIA_insufficient_data(22/25),$256.80M,
KAIA-ETHFI,err:KAIA_insufficient_data(22/25),$566.70M,
KAIA-APYUSD,err:KAIA_insufficient_data(22/25),$324.93M,
KAIA-KOGE,err:KAIA_insufficient_data(22/25),$380.95M,
KAIA-BTSE,err:KAIA_insufficient_data(22/25),$299.92M,
KAIA-VET,err:KAIA_insufficient_data(22/25),$555.76M,
KAIA-CHZ,err:KAIA_insufficient_data(22/25),$310.94M,
KAIA-REAL,err:KAIA_insufficient_data(22/25),$415.86M,
KAIA-MON,err:KAIA_insufficient_data(22/25),$415.00M,
KAIA-SAFO,err:KAIA_insufficient_data(22/25),$323.80M,
KAIA-MANA,err:KAIA_insufficient_data(22/25),$298.19M,
KAIA-PRL,err:KAIA_insufficient_data(22/25),$250.87M,
KAIA-GLIDR,err:KAIA_insufficient_data(22/25),$268.19M,
KAIA-ONYC,err:KAIA_insufficient_data(22/25),$413.01M,
KAIA-A7A5,err:KAIA_insufficient_data(22/25),$645.01M,
KAIA-MET,err:KAIA_insufficient_data(22/25),$256.22M,
KAIA-Q,err:KAIA_insufficient_data(22/25),$386.76M,
KAIA-COMP,err:KAIA_insufficient_data(22/25),$326.13M,
KAIA-SYRUP,err:KAIA_insufficient_data(22/25),$374.05M,
KAIA-FRXUSD,err:KAIA_insufficient_data(22/25),$276.73M,
KAIA-BTT,err:KAIA_insufficient_data(22/25),$426.28M,
KAIA-BAT,err:KAIA_insufficient_data(22/25),$270.22M,
KAIA-XPIN,err:KAIA_insufficient_data(22/25),$311.70M,
KAIA-SOSO,err:KAIA_insufficient_data(22/25),$283.39M,
KAIA-VBILL,err:KAIA_insufficient_data(22/25),$358.85M,
KAIA-CRCLON,err:KAIA_insufficient_data(22/25),$259.66M,
KAIA-PEANUT,err:KAIA_insufficient_data(22/25),$351.34M,
KAIA-AR,err:KAIA_insufficient_data(22/25),$282.86M,
KAIA-SFP,err:KAIA_insufficient_data(22/25),$269.54M,
KAIA-PC0000023,err:KAIA_insufficient_data(22/25),$267.65M,
KAIA-GUSD,err:KAIA_insufficient_data(22/25),$316.31M,
KAIA-WFI,err:KAIA_insufficient_data(22/25),$341.35M,
KAIA-GRASS,err:KAIA_insufficient_data(22/25),$382.67M,
KAIA-PC0000085,err:KAIA_insufficient_data(22/25),$273.30M,
KAIA-BSV,err:KAIA_insufficient_data(22/25),$425.30M,
KAIA-JASMY,err:KAIA_insufficient_data(22/25),$378.39M,
KAIA-ANTFUN,err:KAIA_insufficient_data(22/25),$449.11M,
KAIA-USDAI,err:KAIA_insufficient_data(22/25),$324.24M,
KAIA-AERO,err:KAIA_insufficient_data(22/25),$581.18M,
KAIA-BONK,err:KAIA_insufficient_data(22/25),$431.75M,
KAIA-SUN,err:KAIA_insufficient_data(22/25),$509.09M,
KAIA-EURCV,err:KAIA_insufficient_data(22/25),$316.24M,
KAIA-USDZ,err:KAIA_insufficient_data(22/25),$294.19M,
KAIA-AKE,err:KAIA_insufficient_data(22/25),$262.33M,
KAIA-XCN,err:KAIA_insufficient_data(22/25),$296.46M,
KAIA-TRUMP,err:KAIA_insufficient_data(22/25),$524.19M,
KAIA-FET,err:KAIA_insufficient_data(22/25),$472.72M,
KAIA-FRAX,err:KAIA_insufficient_data(22/25),$386.87M,
KAIA-THBILL,err:KAIA_insufficient_data(22/25),$284.74M,
KAIA-ZAMA,err:KAIA_insufficient_data(22/25),$304.62M,
KAIA-SHFL,err:KAIA_insufficient_data(22/25),$288.20M,
KAIA-USDF,err:KAIA_insufficient_data(22/25),$278.64M,
KAIA-XPL,err:KAIA_insufficient_data(22/25),$387.39M,
VSN-H,err:H_insufficient_data(11/25),$283.01M,
LUNC-H,err:H_insufficient_data(11/25),$411.02M,
PC0000015-H,err:H_insufficient_data(11/25),$242.34M,
IMX-H,err:H_insufficient_data(11/25),$359.44M,
NXM-H,err:H_insufficient_data(11/25),$218.99M,
SPX-H,err:H_insufficient_data(11/25),$434.19M,
UB-H,err:H_insufficient_data(11/25),$492.95M,
OUSG-H,err:H_insufficient_data(11/25),$512.37M,
STAC-H,err:H_insufficient_data(11/25),$234.76M,
1INCH-H,err:H_insufficient_data(11/25),$247.94M,
RLB-H,err:H_insufficient_data(11/25),$236.39M,
DYDX-H,err:H_insufficient_data(11/25),$229.98M,
APR-H,err:H_insufficient_data(11/25),$328.51M,
DRV-H,err:H_insufficient_data(11/25),$234.76M,
EDGE-H,err:H_insufficient_data(11/25),$268.09M,
INJ-H,err:H_insufficient_data(11/25),$591.35M,
KAU-H,err:H_insufficient_data(11/25),$440.43M,
LDO-H,err:H_insufficient_data(11/25),$435.32M,
EARNETH-H,err:H_insufficient_data(11/25),$279.06M,
GRT-H,err:H_insufficient_data(11/25),$293.46M,
USDTB-H,err:H_insufficient_data(11/25),$487.64M,
VELVET-H,err:H_insufficient_data(11/25),$298.62M,
BC-H,err:H_insufficient_data(11/25),$351.69M,
DEXE-H,err:H_insufficient_data(11/25),$406.20M,
OZO-H,err:H_insufficient_data(11/25),$257.42M,
2Z-H,err:H_insufficient_data(11/25),$334.45M,
CASH-H,err:H_insufficient_data(11/25),$254.14M,
ZBCN-H,err:H_insufficient_data(11/25),$309.39M,
CVX-H,err:H_insufficient_data(11/25),$266.93M,
TIA-H,err:H_insufficient_data(11/25),$438.61M,
US-H,err:H_insufficient_data(11/25),$551.08M,
VIRTUAL-H,err:H_insufficient_data(11/25),$501.69M,
ZRO-H,err:H_insufficient_data(11/25),$416.87M,
AKT-H,err:H_insufficient_data(11/25),$260.51M,
TKX-H,err:H_insufficient_data(11/25),$235.56M,
APEPE-H,err:H_insufficient_data(11/25),$333.48M,
USTBL-H,err:H_insufficient_data(11/25),$292.96M,
OHM-H,err:H_insufficient_data(11/25),$407.92M,
GRX-H,err:H_insufficient_data(11/25),$256.22M,
META-H,err:H_insufficient_data(11/25),$227.53M,
APXUSD-H,err:H_insufficient_data(11/25),$427.17M,
GNO-H,err:H_insufficient_data(11/25),$414.76M,
USDAT-H,err:H_insufficient_data(11/25),$271.92M,
TWT-H,err:H_insufficient_data(11/25),$280.59M,
CAKE-H,err:H_insufficient_data(11/25),$579.31M,
ZK-H,err:H_insufficient_data(11/25),$216.47M,
FLUID-H,err:H_insufficient_data(11/25),$218.40M,
COCO-H,err:H_insufficient_data(11/25),$316.34M,
TIBBIR-H,err:H_insufficient_data(11/25),$238.60M,
GPS-H,err:H_insufficient_data(11/25),$228.13M,
H-DCR,err:H_insufficient_data(11/25),$334.90M,
H-NEO,err:H_insufficient_data(11/25),$265.89M,
H-GLM,err:H_insufficient_data(11/25),$226.88M,
H-AXS,err:H_insufficient_data(11/25),$275.81M,
H-KAG,err:H_insufficient_data(11/25),$345.81M,
H-CHEEMS,err:H_insufficient_data(11/25),$232.44M,
H-KMNO,err:H_insufficient_data(11/25),$230.14M,
H-XTZ,err:H_insufficient_data(11/25),$357.59M,
H-ULTIMA,err:H_insufficient_data(11/25),$313.82M,
H-KAITO,err:H_insufficient_data(11/25),$441.39M,
H-RUNE,err:H_insufficient_data(11/25),$280.38M,
H-BP,err:H_insufficient_data(11/25),$246.35M,
H-UQC,err:H_insufficient_data(11/25),$240.14M,
H-STRK,err:H_insufficient_data(11/25),$321.33M,
H-CTOC,err:H_insufficient_data(11/25),$407.12M,
H-PC0000033,err:H_insufficient_data(11/25),$294.62M,
H-ICNT,err:H_insufficient_data(11/25),$233.69M,
H-FDUSD,err:H_insufficient_data(11/25),$478.22M,
H-PC0000097,err:H_insufficient_data(11/25),$266.12M,
H-WEMIX,err:H_insufficient_data(11/25),$232.54M,
H-ACRED,err:H_insufficient_data(11/25),$247.16M,
H-SMILEK,err:H_insufficient_data(11/25),$219.49M,
H-WM,err:H_insufficient_data(11/25),$218.48M,
H-UUSD,err:H_insufficient_data(11/25),$231.90M,
H-FLOKI,err:H_insufficient_data(11/25),$330.63M,
H-SAND,err:H_insufficient_data(11/25),$257.31M,
H-AWE,err:H_insufficient_data(11/25),$237.94M,
H-CRVUSD,err:H_insufficient_data(11/25),$344.17M,
H-GENIUS,err:H_insufficient_data(11/25),$245.50M,
H-SNX,err:H_insufficient_data(11/25),$254.55M,
H-VCNT,err:H_insufficient_data(11/25),$296.56M,
H-DASH,err:H_insufficient_data(11/25),$529.55M,
H-CARDS,err:H_insufficient_data(11/25),$400.99M,
H-USAT,err:H_insufficient_data(11/25),$317.35M,
H-FF,err:H_insufficient_data(11/25),$324.40M,
H-USDA,err:H_insufficient_data(11/25),$228.30M,
H-ZANO,err:H_insufficient_data(11/25),$263.28M,
H-REUSD,err:H_insufficient_data(11/25),$299.55M,
H-NEX,err:H_insufficient_data(11/25),$222.45M,
H-JTO,err:H_insufficient_data(11/25),$400.75M,
H-IOTA,err:H_insufficient_data(11/25),$279.69M,
H-AVUSD,err:H_insufficient_data(11/25),$248.10M,
H-FARTCOIN,err:H_insufficient_data(11/25),$255.13M,
H-GALA,err:H_insufficient_data(11/25),$220.73M,
H-ENS,err:H_insufficient_data(11/25),$308.19M,
H-SOON,err:H_insufficient_data(11/25),$222.13M,
H-WIF,err:H_insufficient_data(11/25),$278.46M,
H-SPCXB,err:H_insufficient_data(11/25),$217.65M,
H-STRCX,err:H_insufficient_data(11/25),$272.91M,
H-PENGU,err:H_insufficient_data(11/25),$503.84M,
H-BORG,err:H_insufficient_data(11/25),$270.39M,
H-TAG,err:H_insufficient_data(11/25),$277.19M,
H-XEC,err:H_insufficient_data(11/25),$251.58M,
H-STX,err:H_insufficient_data(11/25),$382.64M,
H-TEL,err:H_insufficient_data(11/25),$306.43M,
H-GOMINING,err:H_insufficient_data(11/25),$247.68M,
H-APE,err:H_insufficient_data(11/25),$280.76M,
H-EIGEN,err:H_insufficient_data(11/25),$272.71M,
H-OP,err:H_insufficient_data(11/25),$335.27M,
H-KAIA,err:H_insufficient_data(11/25),$298.92M,
H-ZBT,err:H_insufficient_data(11/25),$246.06M,
H-EURC,err:H_insufficient_data(11/25),$582.15M,
H-KITE,err:H_insufficient_data(11/25),$364.12M,
H-RAIL,err:H_insufficient_data(11/25),$221.96M,
H-SHORT,err:H_insufficient_data(11/25),$229.67M,
H-TRAC,err:H_insufficient_data(11/25),$255.78M,
H-PENDLE,err:H_insufficient_data(11/25),$382.77M,
H-PYTH,err:H_insufficient_data(11/25),$453.48M,
H-PIEVERSE,err:H_insufficient_data(11/25),$314.20M,
H-NFT,err:H_insufficient_data(11/25),$396.64M,
H-RAY,err:H_insufficient_data(11/25),$295.12M,
H-PC0000031,err:H_insufficient_data(11/25),$334.62M,
H-GEOD,err:H_insufficient_data(11/25),$226.46M,
H-PC0000077,err:H_insufficient_data(11/25),$232.12M,
H-A,err:H_insufficient_data(11/25),$234.41M,
H-LION,err:H_insufficient_data(11/25),$274.50M,
H-AIAT,err:H_insufficient_data(11/25),$250.10M,
H-MX,err:H_insufficient_data(11/25),$282.71M,
H-THETA,err:H_insufficient_data(11/25),$258.21M,
H-SN64,err:H_insufficient_data(11/25),$222.11M,
H-ETHFI,err:H_insufficient_data(11/25),$532.01M,
H-APYUSD,err:H_insufficient_data(11/25),$290.25M,
H-KOGE,err:H_insufficient_data(11/25),$346.27M,
H-BTSE,err:H_insufficient_data(11/25),$265.23M,
H-VET,err:H_insufficient_data(11/25),$521.07M,
H-CHZ,err:H_insufficient_data(11/25),$276.26M,
H-REAL,err:H_insufficient_data(11/25),$381.18M,
H-MON,err:H_insufficient_data(11/25),$380.31M,
H-SAFO,err:H_insufficient_data(11/25),$289.12M,
H-MANA,err:H_insufficient_data(11/25),$263.50M,
H-PRL,err:H_insufficient_data(11/25),$216.19M,
H-GLIDR,err:H_insufficient_data(11/25),$233.50M,
H-ONYC,err:H_insufficient_data(11/25),$378.32M,
H-A7A5,err:H_insufficient_data(11/25),$610.32M,
H-MET,err:H_insufficient_data(11/25),$221.53M,
H-Q,err:H_insufficient_data(11/25),$352.07M,
H-COMP,err:H_insufficient_data(11/25),$291.44M,
H-SYRUP,err:H_insufficient_data(11/25),$339.37M,
H-FRXUSD,err:H_insufficient_data(11/25),$242.04M,
H-BTT,err:H_insufficient_data(11/25),$391.59M,
H-BAT,err:H_insufficient_data(11/25),$235.53M,
H-XPIN,err:H_insufficient_data(11/25),$277.02M,
H-SOSO,err:H_insufficient_data(11/25),$248.71M,
H-VBILL,err:H_insufficient_data(11/25),$324.16M,
H-CRCLON,err:H_insufficient_data(11/25),$224.97M,
H-PEANUT,err:H_insufficient_data(11/25),$316.66M,
H-AR,err:H_insufficient_data(11/25),$248.17M,
H-SFP,err:H_insufficient_data(11/25),$234.85M,
H-PC0000023,err:H_insufficient_data(11/25),$232.96M,
H-GUSD,err:H_insufficient_data(11/25),$281.62M,
H-WFI,err:H_insufficient_data(11/25),$306.66M,
H-GRASS,err:H_insufficient_data(11/25),$347.99M,
H-PC0000085,err:H_insufficient_data(11/25),$238.62M,
H-BSV,err:H_insufficient_data(11/25),$390.61M,
H-JASMY,err:H_insufficient_data(11/25),$343.71M,
H-ANTFUN,err:H_insufficient_data(11/25),$414.43M,
H-USDAI,err:H_insufficient_data(11/25),$289.56M,
H-AERO,err:H_insufficient_data(11/25),$546.49M,
H-BONK,err:H_insufficient_data(11/25),$397.06M,
H-SUN,err:H_insufficient_data(11/25),$474.41M,
H-EURCV,err:H_insufficient_data(11/25),$281.55M,
H-USDZ,err:H_insufficient_data(11/25),$259.51M,
H-AKE,err:H_insufficient_data(11/25),$227.64M,
H-XCN,err:H_insufficient_data(11/25),$261.78M,
H-TRUMP,err:H_insufficient_data(11/25),$489.51M,
H-FET,err:H_insufficient_data(11/25),$438.04M,
H-FRAX,err:H_insufficient_data(11/25),$352.18M,
H-THBILL,err:H_insufficient_data(11/25),$250.05M,
H-ZAMA,err:H_insufficient_data(11/25),$269.93M,
H-SHFL,err:H_insufficient_data(11/25),$253.52M,
H-USDF,err:H_insufficient_data(11/25),$243.96M,
H-XPL,err:H_insufficient_data(11/25),$352.71M,
VSN-HOLO,err:HOLO_insufficient_data(46/25),$297.58M,
LUNC-HOLO,err:HOLO_insufficient_data(46/25),$425.59M,
PC0000015-HOLO,err:HOLO_insufficient_data(46/25),$256.91M,
IMX-HOLO,err:HOLO_insufficient_data(46/25),$374.01M,
NXM-HOLO,err:HOLO_insufficient_data(46/25),$233.56M,
SPX-HOLO,err:HOLO_insufficient_data(46/25),$448.76M,
UB-HOLO,err:HOLO_insufficient_data(46/25),$507.52M,
OUSG-HOLO,err:HOLO_insufficient_data(46/25),$526.94M,
STAC-HOLO,err:HOLO_insufficient_data(46/25),$249.33M,
1INCH-HOLO,err:HOLO_insufficient_data(46/25),$262.50M,
HOLO-RLB,err:HOLO_insufficient_data(46/25),$250.96M,
HOLO-DYDX,err:HOLO_insufficient_data(46/25),$244.55M,
HOLO-APR,err:HOLO_insufficient_data(46/25),$343.08M,
HOLO-DRV,err:HOLO_insufficient_data(46/25),$249.33M,
HOLO-EDGE,err:HOLO_insufficient_data(46/25),$282.66M,
HOLO-INJ,err:HOLO_insufficient_data(46/25),$605.92M,
HOLO-FGRS,err:HOLO_insufficient_data(46/25),$336.44M,
HOLO-MWC,err:HOLO_insufficient_data(46/25),$260.53M,
HOLO-KAU,err:HOLO_insufficient_data(46/25),$454.99M,
HOLO-LDO,err:HOLO_insufficient_data(46/25),$449.88M,
HOLO-EARNETH,err:HOLO_insufficient_data(46/25),$293.63M,
HOLO-GRT,err:HOLO_insufficient_data(46/25),$308.03M,
HOLO-DUSD,err:HOLO_insufficient_data(46/25),$250.06M,
HOLO-SEI,err:HOLO_insufficient_data(46/25),$433.24M,
HOLO-USDTB,err:HOLO_insufficient_data(46/25),$502.21M,
HOLO-BCN,err:HOLO_insufficient_data(46/25),$412.45M,
HOLO-VELVET,err:HOLO_insufficient_data(46/25),$313.19M,
HOLO-BC,err:HOLO_insufficient_data(46/25),$366.26M,
HOLO-DEXE,err:HOLO_insufficient_data(46/25),$420.77M,
HOLO-OZO,err:HOLO_insufficient_data(46/25),$271.98M,
HOLO-AB,err:HOLO_insufficient_data(46/25),$243.53M,
HOLO-2Z,err:HOLO_insufficient_data(46/25),$349.02M,
HOLO-CASH,err:HOLO_insufficient_data(46/25),$268.71M,
HOLO-ZBCN,err:HOLO_insufficient_data(46/25),$323.96M,
HOLO-CVX,err:HOLO_insufficient_data(46/25),$281.50M,
HOLO-TIA,err:HOLO_insufficient_data(46/25),$453.18M,
HOLO-US,err:HOLO_insufficient_data(46/25),$565.65M,
HOLO-VIRTUAL,err:HOLO_insufficient_data(46/25),$516.26M,
HOLO-ZRO,err:HOLO_insufficient_data(46/25),$431.44M,
HOLO-AKT,err:HOLO_insufficient_data(46/25),$275.08M,
HOLO-TKX,err:HOLO_insufficient_data(46/25),$250.13M,
HOLO-APEPE,err:HOLO_insufficient_data(46/25),$348.05M,
HOLO-USTBL,err:HOLO_insufficient_data(46/25),$307.53M,
HOLO-ALFW,err:HOLO_insufficient_data(46/25),$261.02M,
HOLO-OHM,err:HOLO_insufficient_data(46/25),$422.49M,
HOLO-B,err:HOLO_insufficient_data(46/25),$314.87M,
HOLO-GRX,err:HOLO_insufficient_data(46/25),$270.79M,
HOLO-META,err:HOLO_insufficient_data(46/25),$242.10M,
HOLO-APXUSD,err:HOLO_insufficient_data(46/25),$441.74M,
HOLO-NIGHT,err:HOLO_insufficient_data(46/25),$449.06M,
HOLO-GNO,err:HOLO_insufficient_data(46/25),$429.33M,
HOLO-USDAT,err:HOLO_insufficient_data(46/25),$286.49M,
HOLO-TWT,err:HOLO_insufficient_data(46/25),$295.15M,
HOLO-CAKE,err:HOLO_insufficient_data(46/25),$593.88M,
HOLO-ZK,err:HOLO_insufficient_data(46/25),$231.04M,
HOLO-FLUID,err:HOLO_insufficient_data(46/25),$232.97M,
HOLO-COCO,err:HOLO_insufficient_data(46/25),$330.91M,
HOLO-TIBBIR,err:HOLO_insufficient_data(46/25),$253.17M,
HOLO-GPS,err:HOLO_insufficient_data(46/25),$242.70M,
HOLO-H,err:HOLO_insufficient_data(46/25),$278.81M,
HOLO-DCR,err:HOLO_insufficient_data(46/25),$349.47M,
HOLO-NEO,err:HOLO_insufficient_data(46/25),$280.46M,
HOLO-GLM,err:HOLO_insufficient_data(46/25),$241.45M,
HOLO-AXS,err:HOLO_insufficient_data(46/25),$290.38M,
HOLO-KAG,err:HOLO_insufficient_data(46/25),$360.38M,
HOLO-CHEEMS,err:HOLO_insufficient_data(46/25),$247.01M,
HOLO-KMNO,err:HOLO_insufficient_data(46/25),$244.71M,
HOLO-XTZ,err:HOLO_insufficient_data(46/25),$372.16M,
HOLO-ULTIMA,err:HOLO_insufficient_data(46/25),$328.39M,
HOLO-KAITO,err:HOLO_insufficient_data(46/25),$455.96M,
HOLO-RUNE,err:HOLO_insufficient_data(46/25),$294.95M,
HOLO-BP,err:HOLO_insufficient_data(46/25),$260.92M,
HOLO-UQC,err:HOLO_insufficient_data(46/25),$254.71M,
HOLO-STRK,err:HOLO_insufficient_data(46/25),$335.90M,
HOLO-CTOC,err:HOLO_insufficient_data(46/25),$421.69M,
HOLO-PC0000033,err:HOLO_insufficient_data(46/25),$309.19M,
HOLO-ICNT,err:HOLO_insufficient_data(46/25),$248.26M,
HOLO-FDUSD,err:HOLO_insufficient_data(46/25),$492.78M,
HOLO-PC0000097,err:HOLO_insufficient_data(46/25),$280.69M,
HOLO-WEMIX,err:HOLO_insufficient_data(46/25),$247.11M,
HOLO-ACRED,err:HOLO_insufficient_data(46/25),$261.73M,
HOLO-SMILEK,err:HOLO_insufficient_data(46/25),$234.06M,
HOLO-WM,err:HOLO_insufficient_data(46/25),$233.05M,
HOLO-UUSD,err:HOLO_insufficient_data(46/25),$246.47M,
HOLO-FLOKI,err:HOLO_insufficient_data(46/25),$345.20M,
HOLO-SAND,err:HOLO_insufficient_data(46/25),$271.88M,
HOLO-AWE,err:HOLO_insufficient_data(46/25),$252.51M,
HOLO-CRVUSD,err:HOLO_insufficient_data(46/25),$358.74M,
HOLO-GENIUS,err:HOLO_insufficient_data(46/25),$260.07M,
HOLO-SNX,err:HOLO_insufficient_data(46/25),$269.12M,
HOLO-VCNT,err:HOLO_insufficient_data(46/25),$311.13M,
HOLO-DASH,err:HOLO_insufficient_data(46/25),$544.12M,
HOLO-CARDS,err:HOLO_insufficient_data(46/25),$415.55M,
HOLO-USAT,err:HOLO_insufficient_data(46/25),$331.92M,
HOLO-FF,err:HOLO_insufficient_data(46/25),$338.97M,
HOLO-USDA,err:HOLO_insufficient_data(46/25),$242.86M,
HOLO-ZANO,err:HOLO_insufficient_data(46/25),$277.85M,
HOLO-REUSD,err:HOLO_insufficient_data(46/25),$314.12M,
HOLO-NEX,err:HOLO_insufficient_data(46/25),$237.02M,
HOLO-JTO,err:HOLO_insufficient_data(46/25),$415.32M,
HOLO-IOTA,err:HOLO_insufficient_data(46/25),$294.26M,
HOLO-AVUSD,err:HOLO_insufficient_data(46/25),$262.66M,
HOLO-FARTCOIN,err:HOLO_insufficient_data(46/25),$269.70M,
HOLO-GALA,err:HOLO_insufficient_data(46/25),$235.30M,
HOLO-ENS,err:HOLO_insufficient_data(46/25),$322.76M,
HOLO-SOON,err:HOLO_insufficient_data(46/25),$236.70M,
HOLO-WIF,err:HOLO_insufficient_data(46/25),$293.03M,
HOLO-SPCXB,err:HOLO_insufficient_data(46/25),$232.22M,
HOLO-STRCX,err:HOLO_insufficient_data(46/25),$287.48M,
HOLO-PENGU,err:HOLO_insufficient_data(46/25),$518.41M,
HOLO-BORG,err:HOLO_insufficient_data(46/25),$284.96M,
HOLO-TAG,err:HOLO_insufficient_data(46/25),$291.76M,
HOLO-XEC,err:HOLO_insufficient_data(46/25),$266.14M,
HOLO-STX,err:HOLO_insufficient_data(46/25),$397.21M,
HOLO-TEL,err:HOLO_insufficient_data(46/25),$321.00M,
HOLO-GOMINING,err:HOLO_insufficient_data(46/25),$262.25M,
HOLO-APE,err:HOLO_insufficient_data(46/25),$295.33M,
HOLO-EIGEN,err:HOLO_insufficient_data(46/25),$287.28M,
HOLO-OP,err:HOLO_insufficient_data(46/25),$349.84M,
HOLO-KAIA,err:HOLO_insufficient_data(46/25),$313.49M,
HOLO-ZBT,err:HOLO_insufficient_data(46/25),$260.63M,
HOLO-EURC,err:HOLO_insufficient_data(46/25),$596.72M,
HOLO-KITE,err:HOLO_insufficient_data(46/25),$378.69M,
HOLO-RAIL,err:HOLO_insufficient_data(46/25),$236.53M,
HOLO-SHORT,err:HOLO_insufficient_data(46/25),$244.24M,
HOLO-TRAC,err:HOLO_insufficient_data(46/25),$270.35M,
HOLO-PENDLE,err:HOLO_insufficient_data(46/25),$397.34M,
HOLO-PYTH,err:HOLO_insufficient_data(46/25),$468.05M,
HOLO-PIEVERSE,err:HOLO_insufficient_data(46/25),$328.77M,
HOLO-NFT,err:HOLO_insufficient_data(46/25),$411.21M,
HOLO-RAY,err:HOLO_insufficient_data(46/25),$309.69M,
HOLO-PC0000031,err:HOLO_insufficient_data(46/25),$349.19M,
HOLO-GEOD,err:HOLO_insufficient_data(46/25),$241.03M,
HOLO-PC0000077,err:HOLO_insufficient_data(46/25),$246.69M,
HOLO-A,err:HOLO_insufficient_data(46/25),$248.98M,
HOLO-LION,err:HOLO_insufficient_data(46/25),$289.06M,
HOLO-AIAT,err:HOLO_insufficient_data(46/25),$264.67M,
HOLO-MX,err:HOLO_insufficient_data(46/25),$297.28M,
HOLO-THETA,err:HOLO_insufficient_data(46/25),$272.78M,
HOLO-SN64,err:HOLO_insufficient_data(46/25),$236.68M,
HOLO-ETHFI,err:HOLO_insufficient_data(46/25),$546.58M,
HOLO-APYUSD,err:HOLO_insufficient_data(46/25),$304.81M,
HOLO-KOGE,err:HOLO_insufficient_data(46/25),$360.84M,
HOLO-BTSE,err:HOLO_insufficient_data(46/25),$279.80M,
HOLO-VET,err:HOLO_insufficient_data(46/25),$535.64M,
HOLO-CHZ,err:HOLO_insufficient_data(46/25),$290.83M,
HOLO-REAL,err:HOLO_insufficient_data(46/25),$395.75M,
HOLO-MON,err:HOLO_insufficient_data(46/25),$394.88M,
HOLO-SAFO,err:HOLO_insufficient_data(46/25),$303.69M,
HOLO-MANA,err:HOLO_insufficient_data(46/25),$278.07M,
HOLO-PRL,err:HOLO_insufficient_data(46/25),$230.76M,
HOLO-GLIDR,err:HOLO_insufficient_data(46/25),$248.07M,
HOLO-ONYC,err:HOLO_insufficient_data(46/25),$392.89M,
HOLO-A7A5,err:HOLO_insufficient_data(46/25),$624.89M,
HOLO-MET,err:HOLO_insufficient_data(46/25),$236.10M,
HOLO-Q,err:HOLO_insufficient_data(46/25),$366.64M,
HOLO-COMP,err:HOLO_insufficient_data(46/25),$306.01M,
HOLO-SYRUP,err:HOLO_insufficient_data(46/25),$353.94M,
HOLO-FRXUSD,err:HOLO_insufficient_data(46/25),$256.61M,
HOLO-BTT,err:HOLO_insufficient_data(46/25),$406.16M,
HOLO-BAT,err:HOLO_insufficient_data(46/25),$250.10M,
HOLO-XPIN,err:HOLO_insufficient_data(46/25),$291.58M,
HOLO-SOSO,err:HOLO_insufficient_data(46/25),$263.28M,
HOLO-VBILL,err:HOLO_insufficient_data(46/25),$338.73M,
HOLO-CRCLON,err:HOLO_insufficient_data(46/25),$239.54M,
HOLO-PEANUT,err:HOLO_insufficient_data(46/25),$331.22M,
HOLO-AR,err:HOLO_insufficient_data(46/25),$262.74M,
HOLO-SFP,err:HOLO_insufficient_data(46/25),$249.42M,
HOLO-PC0000023,err:HOLO_insufficient_data(46/25),$247.53M,
HOLO-GUSD,err:HOLO_insufficient_data(46/25),$296.19M,
HOLO-WFI,err:HOLO_insufficient_data(46/25),$321.23M,
HOLO-GRASS,err:HOLO_insufficient_data(46/25),$362.56M,
HOLO-PC0000085,err:HOLO_insufficient_data(46/25),$253.19M,
HOLO-BSV,err:HOLO_insufficient_data(46/25),$405.18M,
HOLO-JASMY,err:HOLO_insufficient_data(46/25),$358.27M,
HOLO-ANTFUN,err:HOLO_insufficient_data(46/25),$428.99M,
HOLO-USDAI,err:HOLO_insufficient_data(46/25),$304.13M,
HOLO-AERO,err:HOLO_insufficient_data(46/25),$561.06M,
HOLO-BONK,err:HOLO_insufficient_data(46/25),$411.63M,
HOLO-SUN,err:HOLO_insufficient_data(46/25),$488.98M,
HOLO-EURCV,err:HOLO_insufficient_data(46/25),$296.12M,
HOLO-USDZ,err:HOLO_insufficient_data(46/25),$274.08M,
HOLO-AKE,err:HOLO_insufficient_data(46/25),$242.21M,
HOLO-XCN,err:HOLO_insufficient_data(46/25),$276.35M,
HOLO-TRUMP,err:HOLO_insufficient_data(46/25),$504.08M,
HOLO-FET,err:HOLO_insufficient_data(46/25),$452.61M,
HOLO-FRAX,err:HOLO_insufficient_data(46/25),$366.75M,
HOLO-THBILL,err:HOLO_insufficient_data(46/25),$264.62M,
HOLO-ZAMA,err:HOLO_insufficient_data(46/25),$284.50M,
HOLO-SHFL,err:HOLO_insufficient_data(46/25),$268.09M,
HOLO-USDF,err:HOLO_insufficient_data(46/25),$258.53M,
HOLO-XPL,err:HOLO_insufficient_data(46/25),$367.27M,
VSN-GENIUS,err:GENIUS_insufficient_data(31/25),$264.28M,
LUNC-GENIUS,err:GENIUS_insufficient_data(31/25),$392.28M,
PC0000015-GENIUS,err:GENIUS_insufficient_data(31/25),$223.61M,
IMX-GENIUS,err:GENIUS_insufficient_data(31/25),$340.70M,
NXM-GENIUS,err:GENIUS_insufficient_data(31/25),$200.25M,
SPX-GENIUS,err:GENIUS_insufficient_data(31/25),$415.46M,
UB-GENIUS,err:GENIUS_insufficient_data(31/25),$474.22M,
OUSG-GENIUS,err:GENIUS_insufficient_data(31/25),$493.63M,
STAC-GENIUS,err:GENIUS_insufficient_data(31/25),$216.03M,
1INCH-GENIUS,err:GENIUS_insufficient_data(31/25),$229.20M,
RLB-GENIUS,err:GENIUS_insufficient_data(31/25),$217.66M,
DYDX-GENIUS,err:GENIUS_insufficient_data(31/25),$211.25M,
APR-GENIUS,err:GENIUS_insufficient_data(31/25),$309.77M,
DRV-GENIUS,err:GENIUS_insufficient_data(31/25),$216.03M,
EDGE-GENIUS,err:GENIUS_insufficient_data(31/25),$249.36M,
INJ-GENIUS,err:GENIUS_insufficient_data(31/25),$572.62M,
KAU-GENIUS,err:GENIUS_insufficient_data(31/25),$421.69M,
LDO-GENIUS,err:GENIUS_insufficient_data(31/25),$416.58M,
EARNETH-GENIUS,err:GENIUS_insufficient_data(31/25),$260.33M,
GRT-GENIUS,err:GENIUS_insufficient_data(31/25),$274.73M,
USDTB-GENIUS,err:GENIUS_insufficient_data(31/25),$468.91M,
VELVET-GENIUS,err:GENIUS_insufficient_data(31/25),$279.89M,
BC-GENIUS,err:GENIUS_insufficient_data(31/25),$332.95M,
DEXE-GENIUS,err:GENIUS_insufficient_data(31/25),$387.46M,
OZO-GENIUS,err:GENIUS_insufficient_data(31/25),$238.68M,
2Z-GENIUS,err:GENIUS_insufficient_data(31/25),$315.72M,
CASH-GENIUS,err:GENIUS_insufficient_data(31/25),$235.40M,
ZBCN-GENIUS,err:GENIUS_insufficient_data(31/25),$290.66M,
CVX-GENIUS,err:GENIUS_insufficient_data(31/25),$248.20M,
TIA-GENIUS,err:GENIUS_insufficient_data(31/25),$419.87M,
US-GENIUS,err:GENIUS_insufficient_data(31/25),$532.35M,
VIRTUAL-GENIUS,err:GENIUS_insufficient_data(31/25),$482.95M,
ZRO-GENIUS,err:GENIUS_insufficient_data(31/25),$398.14M,
AKT-GENIUS,err:GENIUS_insufficient_data(31/25),$241.78M,
TKX-GENIUS,err:GENIUS_insufficient_data(31/25),$216.83M,
APEPE-GENIUS,err:GENIUS_insufficient_data(31/25),$314.74M,
USTBL-GENIUS,err:GENIUS_insufficient_data(31/25),$274.22M,
OHM-GENIUS,err:GENIUS_insufficient_data(31/25),$389.19M,
GRX-GENIUS,err:GENIUS_insufficient_data(31/25),$237.48M,
META-GENIUS,err:GENIUS_insufficient_data(31/25),$208.80M,
APXUSD-GENIUS,err:GENIUS_insufficient_data(31/25),$408.44M,
GNO-GENIUS,err:GENIUS_insufficient_data(31/25),$396.03M,
USDAT-GENIUS,err:GENIUS_insufficient_data(31/25),$253.18M,
TWT-GENIUS,err:GENIUS_insufficient_data(31/25),$261.85M,
CAKE-GENIUS,err:GENIUS_insufficient_data(31/25),$560.57M,
ZK-GENIUS,err:GENIUS_insufficient_data(31/25),$197.74M,
FLUID-GENIUS,err:GENIUS_insufficient_data(31/25),$199.67M,
COCO-GENIUS,err:GENIUS_insufficient_data(31/25),$297.60M,
TIBBIR-GENIUS,err:GENIUS_insufficient_data(31/25),$219.87M,
GPS-GENIUS,err:GENIUS_insufficient_data(31/25),$209.39M,
DCR-GENIUS,err:GENIUS_insufficient_data(31/25),$316.16M,
NEO-GENIUS,err:GENIUS_insufficient_data(31/25),$247.16M,
GLM-GENIUS,err:GENIUS_insufficient_data(31/25),$208.15M,
AXS-GENIUS,err:GENIUS_insufficient_data(31/25),$257.07M,
KAG-GENIUS,err:GENIUS_insufficient_data(31/25),$327.08M,
CHEEMS-GENIUS,err:GENIUS_insufficient_data(31/25),$213.70M,
KMNO-GENIUS,err:GENIUS_insufficient_data(31/25),$211.40M,
XTZ-GENIUS,err:GENIUS_insufficient_data(31/25),$338.86M,
ULTIMA-GENIUS,err:GENIUS_insufficient_data(31/25),$295.08M,
KAITO-GENIUS,err:GENIUS_insufficient_data(31/25),$422.65M,
BP-GENIUS,err:GENIUS_insufficient_data(31/25),$227.62M,
UQC-GENIUS,err:GENIUS_insufficient_data(31/25),$221.40M,
STRK-GENIUS,err:GENIUS_insufficient_data(31/25),$302.59M,
CTOC-GENIUS,err:GENIUS_insufficient_data(31/25),$388.39M,
PC0000033-GENIUS,err:GENIUS_insufficient_data(31/25),$275.88M,
ICNT-GENIUS,err:GENIUS_insufficient_data(31/25),$214.95M,
FDUSD-GENIUS,err:GENIUS_insufficient_data(31/25),$459.48M,
PC0000097-GENIUS,err:GENIUS_insufficient_data(31/25),$247.38M,
WEMIX-GENIUS,err:GENIUS_insufficient_data(31/25),$213.81M,
ACRED-GENIUS,err:GENIUS_insufficient_data(31/25),$228.42M,
UUSD-GENIUS,err:GENIUS_insufficient_data(31/25),$213.17M,
FLOKI-GENIUS,err:GENIUS_insufficient_data(31/25),$311.89M,
SAND-GENIUS,err:GENIUS_insufficient_data(31/25),$238.57M,
AWE-GENIUS,err:GENIUS_insufficient_data(31/25),$219.20M,
CRVUSD-GENIUS,err:GENIUS_insufficient_data(31/25),$325.43M,
GENIUS-SNX,err:GENIUS_insufficient_data(31/25),$235.82M,
GENIUS-VCNT,err:GENIUS_insufficient_data(31/25),$277.83M,
GENIUS-DASH,err:GENIUS_insufficient_data(31/25),$510.82M,
GENIUS-CARDS,err:GENIUS_insufficient_data(31/25),$382.25M,
GENIUS-USAT,err:GENIUS_insufficient_data(31/25),$298.61M,
GENIUS-FF,err:GENIUS_insufficient_data(31/25),$305.67M,
GENIUS-USDA,err:GENIUS_insufficient_data(31/25),$209.56M,
GENIUS-ZANO,err:GENIUS_insufficient_data(31/25),$244.54M,
GENIUS-REUSD,err:GENIUS_insufficient_data(31/25),$280.82M,
GENIUS-NEX,err:GENIUS_insufficient_data(31/25),$203.71M,
GENIUS-JTO,err:GENIUS_insufficient_data(31/25),$382.02M,
GENIUS-IOTA,err:GENIUS_insufficient_data(31/25),$260.96M,
GENIUS-AVUSD,err:GENIUS_insufficient_data(31/25),$229.36M,
GENIUS-FARTCOIN,err:GENIUS_insufficient_data(31/25),$236.39M,
GENIUS-GALA,err:GENIUS_insufficient_data(31/25),$202.00M,
GENIUS-ENS,err:GENIUS_insufficient_data(31/25),$289.45M,
GENIUS-SOON,err:GENIUS_insufficient_data(31/25),$203.39M,
GENIUS-WIF,err:GENIUS_insufficient_data(31/25),$259.73M,
GENIUS-SPCXB,err:GENIUS_insufficient_data(31/25),$198.92M,
GENIUS-STRCX,err:GENIUS_insufficient_data(31/25),$254.18M,
GENIUS-PENGU,err:GENIUS_insufficient_data(31/25),$485.10M,
GENIUS-BORG,err:GENIUS_insufficient_data(31/25),$251.65M,
GENIUS-TAG,err:GENIUS_insufficient_data(31/25),$258.45M,
GENIUS-XEC,err:GENIUS_insufficient_data(31/25),$232.84M,
GENIUS-STX,err:GENIUS_insufficient_data(31/25),$363.90M,
GENIUS-TEL,err:GENIUS_insufficient_data(31/25),$287.70M,
GENIUS-GOMINING,err:GENIUS_insufficient_data(31/25),$228.95M,
GENIUS-APE,err:GENIUS_insufficient_data(31/25),$262.02M,
GENIUS-EIGEN,err:GENIUS_insufficient_data(31/25),$253.98M,
GENIUS-OP,err:GENIUS_insufficient_data(31/25),$316.54M,
GENIUS-KAIA,err:GENIUS_insufficient_data(31/25),$280.19M,
GENIUS-ZBT,err:GENIUS_insufficient_data(31/25),$227.33M,
GENIUS-EURC,err:GENIUS_insufficient_data(31/25),$563.42M,
GENIUS-KITE,err:GENIUS_insufficient_data(31/25),$345.39M,
GENIUS-RAIL,err:GENIUS_insufficient_data(31/25),$203.23M,
GENIUS-SHORT,err:GENIUS_insufficient_data(31/25),$210.94M,
GENIUS-TRAC,err:GENIUS_insufficient_data(31/25),$237.05M,
GENIUS-PENDLE,err:GENIUS_insufficient_data(31/25),$364.03M,
GENIUS-PYTH,err:GENIUS_insufficient_data(31/25),$434.74M,
GENIUS-PIEVERSE,err:GENIUS_insufficient_data(31/25),$295.47M,
GENIUS-NFT,err:GENIUS_insufficient_data(31/25),$377.91M,
GENIUS-RAY,err:GENIUS_insufficient_data(31/25),$276.39M,
GENIUS-PC0000031,err:GENIUS_insufficient_data(31/25),$315.88M,
GENIUS-GEOD,err:GENIUS_insufficient_data(31/25),$207.73M,
GENIUS-PC0000077,err:GENIUS_insufficient_data(31/25),$213.38M,
GENIUS-A,err:GENIUS_insufficient_data(31/25),$215.67M,
GENIUS-LION,err:GENIUS_insufficient_data(31/25),$255.76M,
GENIUS-AIAT,err:GENIUS_insufficient_data(31/25),$231.36M,
GENIUS-MX,err:GENIUS_insufficient_data(31/25),$263.97M,
GENIUS-THETA,err:GENIUS_insufficient_data(31/25),$239.48M,
GENIUS-SN64,err:GENIUS_insufficient_data(31/25),$203.37M,
GENIUS-ETHFI,err:GENIUS_insufficient_data(31/25),$513.27M,
GENIUS-APYUSD,err:GENIUS_insufficient_data(31/25),$271.51M,
GENIUS-KOGE,err:GENIUS_insufficient_data(31/25),$327.53M,
GENIUS-BTSE,err:GENIUS_insufficient_data(31/25),$246.49M,
GENIUS-VET,err:GENIUS_insufficient_data(31/25),$502.34M,
GENIUS-CHZ,err:GENIUS_insufficient_data(31/25),$257.52M,
GENIUS-REAL,err:GENIUS_insufficient_data(31/25),$362.44M,
GENIUS-MON,err:GENIUS_insufficient_data(31/25),$361.58M,
GENIUS-SAFO,err:GENIUS_insufficient_data(31/25),$270.38M,
GENIUS-MANA,err:GENIUS_insufficient_data(31/25),$244.77M,
GENIUS-PRL,err:GENIUS_insufficient_data(31/25),$197.45M,
GENIUS-GLIDR,err:GENIUS_insufficient_data(31/25),$214.77M,
GENIUS-ONYC,err:GENIUS_insufficient_data(31/25),$359.59M,
GENIUS-A7A5,err:GENIUS_insufficient_data(31/25),$591.59M,
GENIUS-MET,err:GENIUS_insufficient_data(31/25),$202.80M,
GENIUS-Q,err:GENIUS_insufficient_data(31/25),$333.33M,
GENIUS-COMP,err:GENIUS_insufficient_data(31/25),$272.71M,
GENIUS-SYRUP,err:GENIUS_insufficient_data(31/25),$320.63M,
GENIUS-FRXUSD,err:GENIUS_insufficient_data(31/25),$223.30M,
GENIUS-BTT,err:GENIUS_insufficient_data(31/25),$372.86M,
GENIUS-BAT,err:GENIUS_insufficient_data(31/25),$216.80M,
GENIUS-XPIN,err:GENIUS_insufficient_data(31/25),$258.28M,
GENIUS-SOSO,err:GENIUS_insufficient_data(31/25),$229.97M,
GENIUS-VBILL,err:GENIUS_insufficient_data(31/25),$305.43M,
GENIUS-CRCLON,err:GENIUS_insufficient_data(31/25),$206.24M,
GENIUS-PEANUT,err:GENIUS_insufficient_data(31/25),$297.92M,
GENIUS-AR,err:GENIUS_insufficient_data(31/25),$229.44M,
GENIUS-SFP,err:GENIUS_insufficient_data(31/25),$216.12M,
GENIUS-PC0000023,err:GENIUS_insufficient_data(31/25),$214.23M,
GENIUS-GUSD,err:GENIUS_insufficient_data(31/25),$262.89M,
GENIUS-WFI,err:GENIUS_insufficient_data(31/25),$287.93M,
GENIUS-GRASS,err:GENIUS_insufficient_data(31/25),$329.25M,
GENIUS-PC0000085,err:GENIUS_insufficient_data(31/25),$219.88M,
GENIUS-BSV,err:GENIUS_insufficient_data(31/25),$371.88M,
GENIUS-JASMY,err:GENIUS_insufficient_data(31/25),$324.97M,
GENIUS-ANTFUN,err:GENIUS_insufficient_data(31/25),$395.69M,
GENIUS-USDAI,err:GENIUS_insufficient_data(31/25),$270.82M,
GENIUS-AERO,err:GENIUS_insufficient_data(31/25),$527.76M,
GENIUS-BONK,err:GENIUS_insufficient_data(31/25),$378.33M,
GENIUS-SUN,err:GENIUS_insufficient_data(31/25),$455.67M,
GENIUS-EURCV,err:GENIUS_insufficient_data(31/25),$262.82M,
GENIUS-USDZ,err:GENIUS_insufficient_data(31/25),$240.77M,
GENIUS-AKE,err:GENIUS_insufficient_data(31/25),$208.91M,
GENIUS-XCN,err:GENIUS_insufficient_data(31/25),$243.04M,
GENIUS-TRUMP,err:GENIUS_insufficient_data(31/25),$470.77M,
GENIUS-FET,err:GENIUS_insufficient_data(31/25),$419.30M,
GENIUS-FRAX,err:GENIUS_insufficient_data(31/25),$333.45M,
GENIUS-THBILL,err:GENIUS_insufficient_data(31/25),$231.32M,
GENIUS-ZAMA,err:GENIUS_insufficient_data(31/25),$251.19M,
GENIUS-SHFL,err:GENIUS_insufficient_data(31/25),$234.78M,
GENIUS-USDF,err:GENIUS_insufficient_data(31/25),$225.22M,
GENIUS-XPL,err:GENIUS_insufficient_data(31/25),$333.97M,
VSN-FGRS,err:FGRS_insufficient_data(38/25),$340.65M,
LUNC-FGRS,err:FGRS_insufficient_data(38/25),$468.65M,
PC0000015-FGRS,err:FGRS_insufficient_data(38/25),$299.98M,
IMX-FGRS,err:FGRS_insufficient_data(38/25),$417.08M,
NXM-FGRS,err:FGRS_insufficient_data(38/25),$276.62M,
SPX-FGRS,err:FGRS_insufficient_data(38/25),$491.83M,
UB-FGRS,err:FGRS_insufficient_data(38/25),$550.59M,
OUSG-FGRS,err:FGRS_insufficient_data(38/25),$570.00M,
STAC-FGRS,err:FGRS_insufficient_data(38/25),$292.40M,
1INCH-FGRS,err:FGRS_insufficient_data(38/25),$305.57M,
RLB-FGRS,err:FGRS_insufficient_data(38/25),$294.03M,
DYDX-FGRS,err:FGRS_insufficient_data(38/25),$287.62M,
APR-FGRS,err:FGRS_insufficient_data(38/25),$386.14M,
DRV-FGRS,err:FGRS_insufficient_data(38/25),$292.40M,
EDGE-FGRS,err:FGRS_insufficient_data(38/25),$325.73M,
INJ-FGRS,err:FGRS_insufficient_data(38/25),$648.99M,
FGRS-MWC,err:FGRS_insufficient_data(38/25),$303.59M,
FGRS-KAU,err:FGRS_insufficient_data(38/25),$498.06M,
FGRS-LDO,err:FGRS_insufficient_data(38/25),$492.95M,
FGRS-EARNETH,err:FGRS_insufficient_data(38/25),$336.70M,
FGRS-GRT,err:FGRS_insufficient_data(38/25),$351.10M,
FGRS-DUSD,err:FGRS_insufficient_data(38/25),$293.13M,
FGRS-SEI,err:FGRS_insufficient_data(38/25),$476.31M,
FGRS-USDTB,err:FGRS_insufficient_data(38/25),$545.28M,
FGRS-BCN,err:FGRS_insufficient_data(38/25),$455.52M,
FGRS-VELVET,err:FGRS_insufficient_data(38/25),$356.26M,
FGRS-BC,err:FGRS_insufficient_data(38/25),$409.32M,
FGRS-DEXE,err:FGRS_insufficient_data(38/25),$463.83M,
FGRS-OZO,err:FGRS_insufficient_data(38/25),$315.05M,
FGRS-AB,err:FGRS_insufficient_data(38/25),$286.60M,
FGRS-2Z,err:FGRS_insufficient_data(38/25),$392.09M,
FGRS-CASH,err:FGRS_insufficient_data(38/25),$311.77M,
FGRS-ZBCN,err:FGRS_insufficient_data(38/25),$367.03M,
FGRS-CVX,err:FGRS_insufficient_data(38/25),$324.57M,
FGRS-TIA,err:FGRS_insufficient_data(38/25),$496.24M,
FGRS-US,err:FGRS_insufficient_data(38/25),$608.72M,
FGRS-VIRTUAL,err:FGRS_insufficient_data(38/25),$559.32M,
FGRS-ZRO,err:FGRS_insufficient_data(38/25),$474.51M,
FGRS-AKT,err:FGRS_insufficient_data(38/25),$318.15M,
FGRS-TKX,err:FGRS_insufficient_data(38/25),$293.20M,
FGRS-APEPE,err:FGRS_insufficient_data(38/25),$391.11M,
FGRS-USTBL,err:FGRS_insufficient_data(38/25),$350.60M,
FGRS-ALFW,err:FGRS_insufficient_data(38/25),$304.08M,
FGRS-OHM,err:FGRS_insufficient_data(38/25),$465.56M,
FGRS-B,err:FGRS_insufficient_data(38/25),$357.93M,
FGRS-GRX,err:FGRS_insufficient_data(38/25),$313.85M,
FGRS-META,err:FGRS_insufficient_data(38/25),$285.17M,
FGRS-APXUSD,err:FGRS_insufficient_data(38/25),$484.81M,
FGRS-NIGHT,err:FGRS_insufficient_data(38/25),$492.13M,
FGRS-GNO,err:FGRS_insufficient_data(38/25),$472.40M,
FGRS-USDAT,err:FGRS_insufficient_data(38/25),$329.55M,
FGRS-TWT,err:FGRS_insufficient_data(38/25),$338.22M,
FGRS-CAKE,err:FGRS_insufficient_data(38/25),$636.94M,
FGRS-ZK,err:FGRS_insufficient_data(38/25),$274.11M,
FGRS-FLUID,err:FGRS_insufficient_data(38/25),$276.04M,
FGRS-COCO,err:FGRS_insufficient_data(38/25),$373.97M,
FGRS-TIBBIR,err:FGRS_insufficient_data(38/25),$296.24M,
FGRS-GPS,err:FGRS_insufficient_data(38/25),$285.76M,
FGRS-H,err:FGRS_insufficient_data(38/25),$321.87M,
FGRS-DCR,err:FGRS_insufficient_data(38/25),$392.53M,
FGRS-NEO,err:FGRS_insufficient_data(38/25),$323.53M,
FGRS-GLM,err:FGRS_insufficient_data(38/25),$284.52M,
FGRS-AXS,err:FGRS_insufficient_data(38/25),$333.44M,
FGRS-KAG,err:FGRS_insufficient_data(38/25),$403.45M,
FGRS-CHEEMS,err:FGRS_insufficient_data(38/25),$290.07M,
FGRS-KMNO,err:FGRS_insufficient_data(38/25),$287.77M,
FGRS-XTZ,err:FGRS_insufficient_data(38/25),$415.23M,
FGRS-ULTIMA,err:FGRS_insufficient_data(38/25),$371.45M,
FGRS-KAITO,err:FGRS_insufficient_data(38/25),$499.02M,
FGRS-RUNE,err:FGRS_insufficient_data(38/25),$338.02M,
FGRS-BP,err:FGRS_insufficient_data(38/25),$303.99M,
FGRS-UQC,err:FGRS_insufficient_data(38/25),$297.77M,
FGRS-STRK,err:FGRS_insufficient_data(38/25),$378.96M,
FGRS-CTOC,err:FGRS_insufficient_data(38/25),$464.76M,
FGRS-PC0000033,err:FGRS_insufficient_data(38/25),$352.25M,
FGRS-ICNT,err:FGRS_insufficient_data(38/25),$291.33M,
FGRS-FDUSD,err:FGRS_insufficient_data(38/25),$535.85M,
FGRS-PC0000097,err:FGRS_insufficient_data(38/25),$323.75M,
FGRS-WEMIX,err:FGRS_insufficient_data(38/25),$290.18M,
FGRS-ACRED,err:FGRS_insufficient_data(38/25),$304.79M,
FGRS-SMILEK,err:FGRS_insufficient_data(38/25),$277.12M,
FGRS-WM,err:FGRS_insufficient_data(38/25),$276.11M,
FGRS-UUSD,err:FGRS_insufficient_data(38/25),$289.54M,
FGRS-FLOKI,err:FGRS_insufficient_data(38/25),$388.26M,
FGRS-SAND,err:FGRS_insufficient_data(38/25),$314.94M,
FGRS-AWE,err:FGRS_insufficient_data(38/25),$295.57M,
FGRS-CRVUSD,err:FGRS_insufficient_data(38/25),$401.80M,
FGRS-GENIUS,err:FGRS_insufficient_data(38/25),$303.14M,
FGRS-SNX,err:FGRS_insufficient_data(38/25),$312.19M,
FGRS-VCNT,err:FGRS_insufficient_data(38/25),$354.20M,
FGRS-DASH,err:FGRS_insufficient_data(38/25),$587.19M,
FGRS-CARDS,err:FGRS_insufficient_data(38/25),$458.62M,
FGRS-USAT,err:FGRS_insufficient_data(38/25),$374.98M,
FGRS-FF,err:FGRS_insufficient_data(38/25),$382.04M,
FGRS-USDA,err:FGRS_insufficient_data(38/25),$285.93M,
FGRS-ZANO,err:FGRS_insufficient_data(38/25),$320.91M,
FGRS-REUSD,err:FGRS_insufficient_data(38/25),$357.19M,
FGRS-NEX,err:FGRS_insufficient_data(38/25),$280.08M,
FGRS-JTO,err:FGRS_insufficient_data(38/25),$458.39M,
FGRS-IOTA,err:FGRS_insufficient_data(38/25),$337.33M,
FGRS-AVUSD,err:FGRS_insufficient_data(38/25),$305.73M,
FGRS-FARTCOIN,err:FGRS_insufficient_data(38/25),$312.76M,
FGRS-GALA,err:FGRS_insufficient_data(38/25),$278.37M,
FGRS-ENS,err:FGRS_insufficient_data(38/25),$365.82M,
FGRS-SOON,err:FGRS_insufficient_data(38/25),$279.76M,
FGRS-WIF,err:FGRS_insufficient_data(38/25),$336.10M,
FGRS-SPCXB,err:FGRS_insufficient_data(38/25),$275.29M,
FGRS-STRCX,err:FGRS_insufficient_data(38/25),$330.55M,
FGRS-PENGU,err:FGRS_insufficient_data(38/25),$561.47M,
FGRS-BORG,err:FGRS_insufficient_data(38/25),$328.02M,
FGRS-TAG,err:FGRS_insufficient_data(38/25),$334.82M,
FGRS-XEC,err:FGRS_insufficient_data(38/25),$309.21M,
FGRS-STX,err:FGRS_insufficient_data(38/25),$440.27M,
FGRS-TEL,err:FGRS_insufficient_data(38/25),$364.07M,
FGRS-GOMINING,err:FGRS_insufficient_data(38/25),$305.32M,
FGRS-APE,err:FGRS_insufficient_data(38/25),$338.39M,
FGRS-EIGEN,err:FGRS_insufficient_data(38/25),$330.35M,
FGRS-OP,err:FGRS_insufficient_data(38/25),$392.91M,
FGRS-KAIA,err:FGRS_insufficient_data(38/25),$356.56M,
FGRS-ZBT,err:FGRS_insufficient_data(38/25),$303.70M,
FGRS-EURC,err:FGRS_insufficient_data(38/25),$639.79M,
FGRS-KITE,err:FGRS_insufficient_data(38/25),$421.76M,
FGRS-RAIL,err:FGRS_insufficient_data(38/25),$279.60M,
FGRS-SHORT,err:FGRS_insufficient_data(38/25),$287.31M,
FGRS-TRAC,err:FGRS_insufficient_data(38/25),$313.42M,
FGRS-PENDLE,err:FGRS_insufficient_data(38/25),$440.41M,
FGRS-PYTH,err:FGRS_insufficient_data(38/25),$511.11M,
FGRS-PIEVERSE,err:FGRS_insufficient_data(38/25),$371.84M,
FGRS-NFT,err:FGRS_insufficient_data(38/25),$454.28M,
FGRS-RAY,err:FGRS_insufficient_data(38/25),$352.76M,
FGRS-PC0000031,err:FGRS_insufficient_data(38/25),$392.25M,
FGRS-GEOD,err:FGRS_insufficient_data(38/25),$284.10M,
FGRS-PC0000077,err:FGRS_insufficient_data(38/25),$289.75M,
FGRS-A,err:FGRS_insufficient_data(38/25),$292.04M,
FGRS-LION,err:FGRS_insufficient_data(38/25),$332.13M,
FGRS-AIAT,err:FGRS_insufficient_data(38/25),$307.73M,
FGRS-MX,err:FGRS_insufficient_data(38/25),$340.34M,
FGRS-THETA,err:FGRS_insufficient_data(38/25),$315.85M,
FGRS-SN64,err:FGRS_insufficient_data(38/25),$279.75M,
FGRS-ETHFI,err:FGRS_insufficient_data(38/25),$589.64M,
FGRS-APYUSD,err:FGRS_insufficient_data(38/25),$347.88M,
FGRS-KOGE,err:FGRS_insufficient_data(38/25),$403.90M,
FGRS-BTSE,err:FGRS_insufficient_data(38/25),$322.86M,
FGRS-VET,err:FGRS_insufficient_data(38/25),$578.71M,
FGRS-CHZ,err:FGRS_insufficient_data(38/25),$333.89M,
FGRS-REAL,err:FGRS_insufficient_data(38/25),$438.81M,
FGRS-MON,err:FGRS_insufficient_data(38/25),$437.95M,
FGRS-SAFO,err:FGRS_insufficient_data(38/25),$346.75M,
FGRS-MANA,err:FGRS_insufficient_data(38/25),$321.14M,
FGRS-PRL,err:FGRS_insufficient_data(38/25),$273.82M,
FGRS-GLIDR,err:FGRS_insufficient_data(38/25),$291.14M,
FGRS-ONYC,err:FGRS_insufficient_data(38/25),$435.96M,
FGRS-A7A5,err:FGRS_insufficient_data(38/25),$667.96M,
FGRS-MET,err:FGRS_insufficient_data(38/25),$279.17M,
FGRS-Q,err:FGRS_insufficient_data(38/25),$409.70M,
FGRS-COMP,err:FGRS_insufficient_data(38/25),$349.08M,
FGRS-SYRUP,err:FGRS_insufficient_data(38/25),$397.00M,
FGRS-FRXUSD,err:FGRS_insufficient_data(38/25),$299.67M,
FGRS-BTT,err:FGRS_insufficient_data(38/25),$449.23M,
FGRS-BAT,err:FGRS_insufficient_data(38/25),$293.17M,
FGRS-XPIN,err:FGRS_insufficient_data(38/25),$334.65M,
FGRS-SOSO,err:FGRS_insufficient_data(38/25),$306.34M,
FGRS-VBILL,err:FGRS_insufficient_data(38/25),$381.80M,
FGRS-CRCLON,err:FGRS_insufficient_data(38/25),$282.61M,
FGRS-PEANUT,err:FGRS_insufficient_data(38/25),$374.29M,
FGRS-AR,err:FGRS_insufficient_data(38/25),$305.81M,
FGRS-SFP,err:FGRS_insufficient_data(38/25),$292.49M,
FGRS-PC0000023,err:FGRS_insufficient_data(38/25),$290.60M,
FGRS-GUSD,err:FGRS_insufficient_data(38/25),$339.26M,
FGRS-WFI,err:FGRS_insufficient_data(38/25),$364.30M,
FGRS-GRASS,err:FGRS_insufficient_data(38/25),$405.62M,
FGRS-PC0000085,err:FGRS_insufficient_data(38/25),$296.25M,
FGRS-BSV,err:FGRS_insufficient_data(38/25),$448.25M,
FGRS-JASMY,err:FGRS_insufficient_data(38/25),$401.34M,
FGRS-ANTFUN,err:FGRS_insufficient_data(38/25),$472.06M,
FGRS-USDAI,err:FGRS_insufficient_data(38/25),$347.19M,
FGRS-AERO,err:FGRS_insufficient_data(38/25),$604.13M,
FGRS-BONK,err:FGRS_insufficient_data(38/25),$454.70M,
FGRS-SUN,err:FGRS_insufficient_data(38/25),$532.04M,
FGRS-EURCV,err:FGRS_insufficient_data(38/25),$339.19M,
FGRS-USDZ,err:FGRS_insufficient_data(38/25),$317.14M,
FGRS-AKE,err:FGRS_insufficient_data(38/25),$285.28M,
FGRS-XCN,err:FGRS_insufficient_data(38/25),$319.41M,
FGRS-TRUMP,err:FGRS_insufficient_data(38/25),$547.14M,
FGRS-FET,err:FGRS_insufficient_data(38/25),$495.67M,
FGRS-FRAX,err:FGRS_insufficient_data(38/25),$409.82M,
FGRS-THBILL,err:FGRS_insufficient_data(38/25),$307.69M,
FGRS-ZAMA,err:FGRS_insufficient_data(38/25),$327.57M,
FGRS-SHFL,err:FGRS_insufficient_data(38/25),$311.15M,
FGRS-USDF,err:FGRS_insufficient_data(38/25),$301.59M,
FGRS-XPL,err:FGRS_insufficient_data(38/25),$410.34M,
VSN-DUSD,err:DUSD_insufficient_data(57/25),$254.27M,
LUNC-DUSD,err:DUSD_insufficient_data(57/25),$382.27M,
PC0000015-DUSD,err:DUSD_insufficient_data(57/25),$213.60M,
IMX-DUSD,err:DUSD_insufficient_data(57/25),$330.70M,
NXM-DUSD,err:DUSD_insufficient_data(57/25),$190.24M,
SPX-DUSD,err:DUSD_insufficient_data(57/25),$405.45M,
UB-DUSD,err:DUSD_insufficient_data(57/25),$464.21M,
OUSG-DUSD,err:DUSD_insufficient_data(57/25),$483.62M,
STAC-DUSD,err:DUSD_insufficient_data(57/25),$206.02M,
1INCH-DUSD,err:DUSD_insufficient_data(57/25),$219.19M,
RLB-DUSD,err:DUSD_insufficient_data(57/25),$207.65M,
DYDX-DUSD,err:DUSD_insufficient_data(57/25),$201.24M,
APR-DUSD,err:DUSD_insufficient_data(57/25),$299.76M,
DRV-DUSD,err:DUSD_insufficient_data(57/25),$206.02M,
EDGE-DUSD,err:DUSD_insufficient_data(57/25),$239.35M,
INJ-DUSD,err:DUSD_insufficient_data(57/25),$562.61M,
KAU-DUSD,err:DUSD_insufficient_data(57/25),$411.68M,
LDO-DUSD,err:DUSD_insufficient_data(57/25),$406.57M,
EARNETH-DUSD,err:DUSD_insufficient_data(57/25),$250.32M,
GRT-DUSD,err:DUSD_insufficient_data(57/25),$264.72M,
DUSD-SEI,err:DUSD_insufficient_data(57/25),$389.93M,
DUSD-USDTB,err:DUSD_insufficient_data(57/25),$458.90M,
DUSD-BCN,err:DUSD_insufficient_data(57/25),$369.14M,
DUSD-VELVET,err:DUSD_insufficient_data(57/25),$269.88M,
DUSD-BC,err:DUSD_insufficient_data(57/25),$322.94M,
DUSD-DEXE,err:DUSD_insufficient_data(57/25),$377.45M,
DUSD-OZO,err:DUSD_insufficient_data(57/25),$228.67M,
DUSD-AB,err:DUSD_insufficient_data(57/25),$200.22M,
DUSD-2Z,err:DUSD_insufficient_data(57/25),$305.71M,
DUSD-CASH,err:DUSD_insufficient_data(57/25),$225.39M,
DUSD-ZBCN,err:DUSD_insufficient_data(57/25),$280.65M,
DUSD-CVX,err:DUSD_insufficient_data(57/25),$238.19M,
DUSD-TIA,err:DUSD_insufficient_data(57/25),$409.86M,
DUSD-US,err:DUSD_insufficient_data(57/25),$522.34M,
DUSD-VIRTUAL,err:DUSD_insufficient_data(57/25),$472.94M,
DUSD-ZRO,err:DUSD_insufficient_data(57/25),$388.13M,
DUSD-AKT,err:DUSD_insufficient_data(57/25),$231.77M,
DUSD-TKX,err:DUSD_insufficient_data(57/25),$206.82M,
DUSD-APEPE,err:DUSD_insufficient_data(57/25),$304.73M,
DUSD-USTBL,err:DUSD_insufficient_data(57/25),$264.22M,
DUSD-ALFW,err:DUSD_insufficient_data(57/25),$217.70M,
DUSD-OHM,err:DUSD_insufficient_data(57/25),$379.18M,
DUSD-B,err:DUSD_insufficient_data(57/25),$271.55M,
DUSD-GRX,err:DUSD_insufficient_data(57/25),$227.47M,
DUSD-META,err:DUSD_insufficient_data(57/25),$198.79M,
DUSD-APXUSD,err:DUSD_insufficient_data(57/25),$398.43M,
DUSD-NIGHT,err:DUSD_insufficient_data(57/25),$405.75M,
DUSD-GNO,err:DUSD_insufficient_data(57/25),$386.02M,
DUSD-USDAT,err:DUSD_insufficient_data(57/25),$243.17M,
DUSD-TWT,err:DUSD_insufficient_data(57/25),$251.84M,
DUSD-CAKE,err:DUSD_insufficient_data(57/25),$550.57M,
DUSD-ZK,err:DUSD_insufficient_data(57/25),$187.73M,
DUSD-FLUID,err:DUSD_insufficient_data(57/25),$189.66M,
DUSD-COCO,err:DUSD_insufficient_data(57/25),$287.60M,
DUSD-TIBBIR,err:DUSD_insufficient_data(57/25),$209.86M,
DUSD-GPS,err:DUSD_insufficient_data(57/25),$199.38M,
DUSD-H,err:DUSD_insufficient_data(57/25),$235.49M,
DUSD-DCR,err:DUSD_insufficient_data(57/25),$306.15M,
DUSD-NEO,err:DUSD_insufficient_data(57/25),$237.15M,
DUSD-GLM,err:DUSD_insufficient_data(57/25),$198.14M,
DUSD-AXS,err:DUSD_insufficient_data(57/25),$247.06M,
DUSD-KAG,err:DUSD_insufficient_data(57/25),$317.07M,
DUSD-CHEEMS,err:DUSD_insufficient_data(57/25),$203.69M,
DUSD-KMNO,err:DUSD_insufficient_data(57/25),$201.40M,
DUSD-XTZ,err:DUSD_insufficient_data(57/25),$328.85M,
DUSD-ULTIMA,err:DUSD_insufficient_data(57/25),$285.07M,
DUSD-KAITO,err:DUSD_insufficient_data(57/25),$412.64M,
DUSD-RUNE,err:DUSD_insufficient_data(57/25),$251.64M,
DUSD-BP,err:DUSD_insufficient_data(57/25),$217.61M,
DUSD-UQC,err:DUSD_insufficient_data(57/25),$211.39M,
DUSD-STRK,err:DUSD_insufficient_data(57/25),$292.59M,
DUSD-CTOC,err:DUSD_insufficient_data(57/25),$378.38M,
DUSD-PC0000033,err:DUSD_insufficient_data(57/25),$265.87M,
DUSD-ICNT,err:DUSD_insufficient_data(57/25),$204.95M,
DUSD-FDUSD,err:DUSD_insufficient_data(57/25),$449.47M,
DUSD-PC0000097,err:DUSD_insufficient_data(57/25),$237.37M,
DUSD-WEMIX,err:DUSD_insufficient_data(57/25),$203.80M,
DUSD-ACRED,err:DUSD_insufficient_data(57/25),$218.42M,
DUSD-SMILEK,err:DUSD_insufficient_data(57/25),$190.75M,
DUSD-WM,err:DUSD_insufficient_data(57/25),$189.73M,
DUSD-UUSD,err:DUSD_insufficient_data(57/25),$203.16M,
DUSD-FLOKI,err:DUSD_insufficient_data(57/25),$301.88M,
DUSD-SAND,err:DUSD_insufficient_data(57/25),$228.56M,
DUSD-AWE,err:DUSD_insufficient_data(57/25),$209.20M,
DUSD-CRVUSD,err:DUSD_insufficient_data(57/25),$315.42M,
DUSD-GENIUS,err:DUSD_insufficient_data(57/25),$216.76M,
DUSD-SNX,err:DUSD_insufficient_data(57/25),$225.81M,
DUSD-VCNT,err:DUSD_insufficient_data(57/25),$267.82M,
DUSD-DASH,err:DUSD_insufficient_data(57/25),$500.81M,
DUSD-CARDS,err:DUSD_insufficient_data(57/25),$372.24M,
DUSD-USAT,err:DUSD_insufficient_data(57/25),$288.60M,
DUSD-FF,err:DUSD_insufficient_data(57/25),$295.66M,
DUSD-USDA,err:DUSD_insufficient_data(57/25),$199.55M,
DUSD-ZANO,err:DUSD_insufficient_data(57/25),$234.53M,
DUSD-REUSD,err:DUSD_insufficient_data(57/25),$270.81M,
DUSD-NEX,err:DUSD_insufficient_data(57/25),$193.70M,
DUSD-JTO,err:DUSD_insufficient_data(57/25),$372.01M,
DUSD-IOTA,err:DUSD_insufficient_data(57/25),$250.95M,
DUSD-AVUSD,err:DUSD_insufficient_data(57/25),$219.35M,
DUSD-FARTCOIN,err:DUSD_insufficient_data(57/25),$226.39M,
DUSD-GALA,err:DUSD_insufficient_data(57/25),$191.99M,
DUSD-ENS,err:DUSD_insufficient_data(57/25),$279.45M,
DUSD-SOON,err:DUSD_insufficient_data(57/25),$193.38M,
DUSD-WIF,err:DUSD_insufficient_data(57/25),$249.72M,
DUSD-SPCXB,err:DUSD_insufficient_data(57/25),$188.91M,
DUSD-STRCX,err:DUSD_insufficient_data(57/25),$244.17M,
DUSD-PENGU,err:DUSD_insufficient_data(57/25),$475.09M,
DUSD-BORG,err:DUSD_insufficient_data(57/25),$241.64M,
DUSD-TAG,err:DUSD_insufficient_data(57/25),$248.44M,
DUSD-XEC,err:DUSD_insufficient_data(57/25),$222.83M,
DUSD-STX,err:DUSD_insufficient_data(57/25),$353.89M,
DUSD-TEL,err:DUSD_insufficient_data(57/25),$277.69M,
DUSD-GOMINING,err:DUSD_insufficient_data(57/25),$218.94M,
DUSD-APE,err:DUSD_insufficient_data(57/25),$252.01M,
DUSD-EIGEN,err:DUSD_insufficient_data(57/25),$243.97M,
DUSD-OP,err:DUSD_insufficient_data(57/25),$306.53M,
DUSD-KAIA,err:DUSD_insufficient_data(57/25),$270.18M,
DUSD-ZBT,err:DUSD_insufficient_data(57/25),$217.32M,
DUSD-EURC,err:DUSD_insufficient_data(57/25),$553.41M,
DUSD-KITE,err:DUSD_insufficient_data(57/25),$335.38M,
DUSD-RAIL,err:DUSD_insufficient_data(57/25),$193.22M,
DUSD-SHORT,err:DUSD_insufficient_data(57/25),$200.93M,
DUSD-TRAC,err:DUSD_insufficient_data(57/25),$227.04M,
DUSD-PENDLE,err:DUSD_insufficient_data(57/25),$354.03M,
DUSD-PYTH,err:DUSD_insufficient_data(57/25),$424.73M,
DUSD-PIEVERSE,err:DUSD_insufficient_data(57/25),$285.46M,
DUSD-NFT,err:DUSD_insufficient_data(57/25),$367.90M,
DUSD-RAY,err:DUSD_insufficient_data(57/25),$266.38M,
DUSD-PC0000031,err:DUSD_insufficient_data(57/25),$305.87M,
DUSD-GEOD,err:DUSD_insufficient_data(57/25),$197.72M,
DUSD-PC0000077,err:DUSD_insufficient_data(57/25),$203.37M,
DUSD-A,err:DUSD_insufficient_data(57/25),$205.66M,
DUSD-LION,err:DUSD_insufficient_data(57/25),$245.75M,
DUSD-AIAT,err:DUSD_insufficient_data(57/25),$221.35M,
DUSD-MX,err:DUSD_insufficient_data(57/25),$253.96M,
DUSD-THETA,err:DUSD_insufficient_data(57/25),$229.47M,
DUSD-SN64,err:DUSD_insufficient_data(57/25),$193.37M,
DUSD-ETHFI,err:DUSD_insufficient_data(57/25),$503.27M,
DUSD-APYUSD,err:DUSD_insufficient_data(57/25),$261.50M,
DUSD-KOGE,err:DUSD_insufficient_data(57/25),$317.52M,
DUSD-BTSE,err:DUSD_insufficient_data(57/25),$236.49M,
DUSD-VET,err:DUSD_insufficient_data(57/25),$492.33M,
DUSD-CHZ,err:DUSD_insufficient_data(57/25),$247.51M,
DUSD-REAL,err:DUSD_insufficient_data(57/25),$352.43M,
DUSD-MON,err:DUSD_insufficient_data(57/25),$351.57M,
DUSD-SAFO,err:DUSD_insufficient_data(57/25),$260.37M,
DUSD-MANA,err:DUSD_insufficient_data(57/25),$234.76M,
DUSD-PRL,err:DUSD_insufficient_data(57/25),$187.44M,
DUSD-GLIDR,err:DUSD_insufficient_data(57/25),$204.76M,
DUSD-ONYC,err:DUSD_insufficient_data(57/25),$349.58M,
DUSD-A7A5,err:DUSD_insufficient_data(57/25),$581.58M,
DUSD-MET,err:DUSD_insufficient_data(57/25),$192.79M,
DUSD-Q,err:DUSD_insufficient_data(57/25),$323.33M,
DUSD-COMP,err:DUSD_insufficient_data(57/25),$262.70M,
DUSD-SYRUP,err:DUSD_insufficient_data(57/25),$310.62M,
DUSD-FRXUSD,err:DUSD_insufficient_data(57/25),$213.30M,
DUSD-BTT,err:DUSD_insufficient_data(57/25),$362.85M,
DUSD-BAT,err:DUSD_insufficient_data(57/25),$206.79M,
DUSD-XPIN,err:DUSD_insufficient_data(57/25),$248.27M,
DUSD-SOSO,err:DUSD_insufficient_data(57/25),$219.96M,
DUSD-VBILL,err:DUSD_insufficient_data(57/25),$295.42M,
DUSD-CRCLON,err:DUSD_insufficient_data(57/25),$196.23M,
DUSD-PEANUT,err:DUSD_insufficient_data(57/25),$287.91M,
DUSD-AR,err:DUSD_insufficient_data(57/25),$219.43M,
DUSD-SFP,err:DUSD_insufficient_data(57/25),$206.11M,
DUSD-PC0000023,err:DUSD_insufficient_data(57/25),$204.22M,
DUSD-GUSD,err:DUSD_insufficient_data(57/25),$252.88M,
DUSD-WFI,err:DUSD_insufficient_data(57/25),$277.92M,
DUSD-GRASS,err:DUSD_insufficient_data(57/25),$319.24M,
DUSD-PC0000085,err:DUSD_insufficient_data(57/25),$209.87M,
DUSD-BSV,err:DUSD_insufficient_data(57/25),$361.87M,
DUSD-JASMY,err:DUSD_insufficient_data(57/25),$314.96M,
DUSD-ANTFUN,err:DUSD_insufficient_data(57/25),$385.68M,
DUSD-USDAI,err:DUSD_insufficient_data(57/25),$260.81M,
DUSD-AERO,err:DUSD_insufficient_data(57/25),$517.75M,
DUSD-BONK,err:DUSD_insufficient_data(57/25),$368.32M,
DUSD-SUN,err:DUSD_insufficient_data(57/25),$445.66M,
DUSD-EURCV,err:DUSD_insufficient_data(57/25),$252.81M,
DUSD-USDZ,err:DUSD_insufficient_data(57/25),$230.76M,
DUSD-AKE,err:DUSD_insufficient_data(57/25),$198.90M,
DUSD-XCN,err:DUSD_insufficient_data(57/25),$233.03M,
DUSD-TRUMP,err:DUSD_insufficient_data(57/25),$460.76M,
DUSD-FET,err:DUSD_insufficient_data(57/25),$409.29M,
DUSD-FRAX,err:DUSD_insufficient_data(57/25),$323.44M,
DUSD-THBILL,err:DUSD_insufficient_data(57/25),$221.31M,
DUSD-ZAMA,err:DUSD_insufficient_data(57/25),$241.19M,
DUSD-SHFL,err:DUSD_insufficient_data(57/25),$224.77M,
DUSD-USDF,err:DUSD_insufficient_data(57/25),$215.21M,
DUSD-XPL,err:DUSD_insufficient_data(57/25),$323.96M,
VSN-DAI,err:DAI_insufficient_data(15/25),$241.94M,
LUNC-DAI,err:DAI_insufficient_data(15/25),$369.95M,
PC0000015-DAI,err:DAI_insufficient_data(15/25),$201.28M,
IMX-DAI,err:DAI_insufficient_data(15/25),$318.37M,
NXM-DAI,err:DAI_insufficient_data(15/25),$177.92M,
SPX-DAI,err:DAI_insufficient_data(15/25),$393.13M,
UB-DAI,err:DAI_insufficient_data(15/25),$451.89M,
DAI-OUSG,err:DAI_insufficient_data(15/25),$471.30M,
DAI-STAC,err:DAI_insufficient_data(15/25),$193.69M,
DAI-1INCH,err:DAI_insufficient_data(15/25),$206.87M,
DAI-HOLO,err:DAI_insufficient_data(15/25),$237.74M,
DAI-RLB,err:DAI_insufficient_data(15/25),$195.32M,
DAI-DYDX,err:DAI_insufficient_data(15/25),$188.92M,
DAI-APR,err:DAI_insufficient_data(15/25),$287.44M,
DAI-DRV,err:DAI_insufficient_data(15/25),$193.69M,
DAI-EDGE,err:DAI_insufficient_data(15/25),$227.03M,
DAI-INJ,err:DAI_insufficient_data(15/25),$550.29M,
DAI-FGRS,err:DAI_insufficient_data(15/25),$280.80M,
DAI-MWC,err:DAI_insufficient_data(15/25),$204.89M,
DAI-KAU,err:DAI_insufficient_data(15/25),$399.36M,
DAI-LDO,err:DAI_insufficient_data(15/25),$394.25M,
DAI-EARNETH,err:DAI_insufficient_data(15/25),$237.99M,
DAI-GRT,err:DAI_insufficient_data(15/25),$252.39M,
DAI-DUSD,err:DAI_insufficient_data(15/25),$194.42M,
DAI-SEI,err:DAI_insufficient_data(15/25),$377.60M,
DAI-USDTB,err:DAI_insufficient_data(15/25),$446.57M,
DAI-BCN,err:DAI_insufficient_data(15/25),$356.81M,
DAI-VELVET,err:DAI_insufficient_data(15/25),$257.55M,
DAI-BC,err:DAI_insufficient_data(15/25),$310.62M,
DAI-DEXE,err:DAI_insufficient_data(15/25),$365.13M,
DAI-OZO,err:DAI_insufficient_data(15/25),$216.35M,
DAI-AB,err:DAI_insufficient_data(15/25),$187.89M,
DAI-2Z,err:DAI_insufficient_data(15/25),$293.39M,
DAI-CASH,err:DAI_insufficient_data(15/25),$213.07M,
DAI-ZBCN,err:DAI_insufficient_data(15/25),$268.32M,
DAI-CVX,err:DAI_insufficient_data(15/25),$225.87M,
DAI-TIA,err:DAI_insufficient_data(15/25),$397.54M,
DAI-US,err:DAI_insufficient_data(15/25),$510.02M,
DAI-VIRTUAL,err:DAI_insufficient_data(15/25),$460.62M,
DAI-ZRO,err:DAI_insufficient_data(15/25),$375.81M,
DAI-AKT,err:DAI_insufficient_data(15/25),$219.44M,
DAI-TKX,err:DAI_insufficient_data(15/25),$194.49M,
DAI-APEPE,err:DAI_insufficient_data(15/25),$292.41M,
DAI-USTBL,err:DAI_insufficient_data(15/25),$251.89M,
DAI-ALFW,err:DAI_insufficient_data(15/25),$205.38M,
DAI-OHM,err:DAI_insufficient_data(15/25),$366.86M,
DAI-B,err:DAI_insufficient_data(15/25),$259.23M,
DAI-GRX,err:DAI_insufficient_data(15/25),$215.15M,
DAI-META,err:DAI_insufficient_data(15/25),$186.46M,
DAI-APXUSD,err:DAI_insufficient_data(15/25),$386.11M,
DAI-NIGHT,err:DAI_insufficient_data(15/25),$393.42M,
DAI-GNO,err:DAI_insufficient_data(15/25),$373.69M,
DAI-USDAT,err:DAI_insufficient_data(15/25),$230.85M,
DAI-TWT,err:DAI_insufficient_data(15/25),$239.52M,
DAI-CAKE,err:DAI_insufficient_data(15/25),$538.24M,
DAI-ZK,err:DAI_insufficient_data(15/25),$175.40M,
DAI-FLUID,err:DAI_insufficient_data(15/25),$177.34M,
DAI-COCO,err:DAI_insufficient_data(15/25),$275.27M,
DAI-TIBBIR,err:DAI_insufficient_data(15/25),$197.54M,
DAI-GPS,err:DAI_insufficient_data(15/25),$187.06M,
DAI-H,err:DAI_insufficient_data(15/25),$223.17M,
DAI-DCR,err:DAI_insufficient_data(15/25),$293.83M,
DAI-NEO,err:DAI_insufficient_data(15/25),$224.83M,
DAI-GLM,err:DAI_insufficient_data(15/25),$185.81M,
DAI-AXS,err:DAI_insufficient_data(15/25),$234.74M,
DAI-KAG,err:DAI_insufficient_data(15/25),$304.74M,
DAI-CHEEMS,err:DAI_insufficient_data(15/25),$191.37M,
DAI-KMNO,err:DAI_insufficient_data(15/25),$189.07M,
DAI-XTZ,err:DAI_insufficient_data(15/25),$316.52M,
DAI-ULTIMA,err:DAI_insufficient_data(15/25),$272.75M,
DAI-KAITO,err:DAI_insufficient_data(15/25),$400.32M,
DAI-RUNE,err:DAI_insufficient_data(15/25),$239.31M,
DAI-BP,err:DAI_insufficient_data(15/25),$205.29M,
DAI-UQC,err:DAI_insufficient_data(15/25),$199.07M,
DAI-STRK,err:DAI_insufficient_data(15/25),$280.26M,
DAI-CTOC,err:DAI_insufficient_data(15/25),$366.05M,
DAI-PC0000033,err:DAI_insufficient_data(15/25),$253.55M,
DAI-ICNT,err:DAI_insufficient_data(15/25),$192.62M,
DAI-FDUSD,err:DAI_insufficient_data(15/25),$437.15M,
DAI-PC0000097,err:DAI_insufficient_data(15/25),$225.05M,
DAI-WEMIX,err:DAI_insufficient_data(15/25),$191.47M,
DAI-ACRED,err:DAI_insufficient_data(15/25),$206.09M,
DAI-SMILEK,err:DAI_insufficient_data(15/25),$178.42M,
DAI-WM,err:DAI_insufficient_data(15/25),$177.41M,
DAI-UUSD,err:DAI_insufficient_data(15/25),$190.84M,
DAI-FLOKI,err:DAI_insufficient_data(15/25),$289.56M,
DAI-SAND,err:DAI_insufficient_data(15/25),$216.24M,
DAI-AWE,err:DAI_insufficient_data(15/25),$196.87M,
DAI-CRVUSD,err:DAI_insufficient_data(15/25),$303.10M,
DAI-GENIUS,err:DAI_insufficient_data(15/25),$204.43M,
DAI-SNX,err:DAI_insufficient_data(15/25),$213.49M,
DAI-VCNT,err:DAI_insufficient_data(15/25),$255.49M,
DAI-DASH,err:DAI_insufficient_data(15/25),$488.48M,
DAI-CARDS,err:DAI_insufficient_data(15/25),$359.92M,
DAI-USAT,err:DAI_insufficient_data(15/25),$276.28M,
DAI-FF,err:DAI_insufficient_data(15/25),$283.34M,
DAI-USDA,err:DAI_insufficient_data(15/25),$187.23M,
DAI-ZANO,err:DAI_insufficient_data(15/25),$222.21M,
DAI-REUSD,err:DAI_insufficient_data(15/25),$258.48M,
DAI-NEX,err:DAI_insufficient_data(15/25),$181.38M,
DAI-JTO,err:DAI_insufficient_data(15/25),$359.69M,
DAI-IOTA,err:DAI_insufficient_data(15/25),$238.63M,
DAI-AVUSD,err:DAI_insufficient_data(15/25),$207.03M,
DAI-FARTCOIN,err:DAI_insufficient_data(15/25),$214.06M,
DAI-GALA,err:DAI_insufficient_data(15/25),$179.66M,
DAI-ENS,err:DAI_insufficient_data(15/25),$267.12M,
DAI-SOON,err:DAI_insufficient_data(15/25),$181.06M,
DAI-WIF,err:DAI_insufficient_data(15/25),$237.39M,
DAI-SPCXB,err:DAI_insufficient_data(15/25),$176.59M,
DAI-STRCX,err:DAI_insufficient_data(15/25),$231.85M,
DAI-PENGU,err:DAI_insufficient_data(15/25),$462.77M,
DAI-BORG,err:DAI_insufficient_data(15/25),$229.32M,
DAI-TAG,err:DAI_insufficient_data(15/25),$236.12M,
DAI-XEC,err:DAI_insufficient_data(15/25),$210.51M,
DAI-STX,err:DAI_insufficient_data(15/25),$341.57M,
DAI-TEL,err:DAI_insufficient_data(15/25),$265.37M,
DAI-GOMINING,err:DAI_insufficient_data(15/25),$206.61M,
DAI-APE,err:DAI_insufficient_data(15/25),$239.69M,
DAI-EIGEN,err:DAI_insufficient_data(15/25),$231.64M,
DAI-OP,err:DAI_insufficient_data(15/25),$294.21M,
DAI-KAIA,err:DAI_insufficient_data(15/25),$257.86M,
DAI-ZBT,err:DAI_insufficient_data(15/25),$205.00M,
DAI-EURC,err:DAI_insufficient_data(15/25),$541.09M,
DAI-KITE,err:DAI_insufficient_data(15/25),$323.05M,
DAI-RAIL,err:DAI_insufficient_data(15/25),$180.89M,
DAI-SHORT,err:DAI_insufficient_data(15/25),$188.60M,
DAI-TRAC,err:DAI_insufficient_data(15/25),$214.72M,
DAI-PENDLE,err:DAI_insufficient_data(15/25),$341.70M,
DAI-PYTH,err:DAI_insufficient_data(15/25),$412.41M,
DAI-PIEVERSE,err:DAI_insufficient_data(15/25),$273.13M,
DAI-NFT,err:DAI_insufficient_data(15/25),$355.57M,
DAI-RAY,err:DAI_insufficient_data(15/25),$254.06M,
DAI-PC0000031,err:DAI_insufficient_data(15/25),$293.55M,
DAI-GEOD,err:DAI_insufficient_data(15/25),$185.40M,
DAI-PC0000077,err:DAI_insufficient_data(15/25),$191.05M,
DAI-A,err:DAI_insufficient_data(15/25),$193.34M,
DAI-LION,err:DAI_insufficient_data(15/25),$233.43M,
DAI-AIAT,err:DAI_insufficient_data(15/25),$209.03M,
DAI-MX,err:DAI_insufficient_data(15/25),$241.64M,
DAI-THETA,err:DAI_insufficient_data(15/25),$217.14M,
DAI-SN64,err:DAI_insufficient_data(15/25),$181.04M,
DAI-ETHFI,err:DAI_insufficient_data(15/25),$490.94M,
DAI-APYUSD,err:DAI_insufficient_data(15/25),$249.18M,
DAI-KOGE,err:DAI_insufficient_data(15/25),$305.20M,
DAI-BTSE,err:DAI_insufficient_data(15/25),$224.16M,
DAI-VET,err:DAI_insufficient_data(15/25),$480.01M,
DAI-CHZ,err:DAI_insufficient_data(15/25),$235.19M,
DAI-REAL,err:DAI_insufficient_data(15/25),$340.11M,
DAI-MON,err:DAI_insufficient_data(15/25),$339.24M,
DAI-SAFO,err:DAI_insufficient_data(15/25),$248.05M,
DAI-MANA,err:DAI_insufficient_data(15/25),$222.43M,
DAI-PRL,err:DAI_insufficient_data(15/25),$175.12M,
DAI-GLIDR,err:DAI_insufficient_data(15/25),$192.43M,
DAI-ONYC,err:DAI_insufficient_data(15/25),$337.26M,
DAI-A7A5,err:DAI_insufficient_data(15/25),$569.26M,
DAI-MET,err:DAI_insufficient_data(15/25),$180.47M,
DAI-Q,err:DAI_insufficient_data(15/25),$311.00M,
DAI-COMP,err:DAI_insufficient_data(15/25),$250.38M,
DAI-SYRUP,err:DAI_insufficient_data(15/25),$298.30M,
DAI-FRXUSD,err:DAI_insufficient_data(15/25),$200.97M,
DAI-BTT,err:DAI_insufficient_data(15/25),$350.52M,
DAI-BAT,err:DAI_insufficient_data(15/25),$194.46M,
DAI-XPIN,err:DAI_insufficient_data(15/25),$235.95M,
DAI-SOSO,err:DAI_insufficient_data(15/25),$207.64M,
DAI-VBILL,err:DAI_insufficient_data(15/25),$283.09M,
DAI-CRCLON,err:DAI_insufficient_data(15/25),$183.90M,
DAI-PEANUT,err:DAI_insufficient_data(15/25),$275.59M,
DAI-AR,err:DAI_insufficient_data(15/25),$207.10M,
DAI-SFP,err:DAI_insufficient_data(15/25),$193.78M,
DAI-PC0000023,err:DAI_insufficient_data(15/25),$191.90M,
DAI-GUSD,err:DAI_insufficient_data(15/25),$240.56M,
DAI-WFI,err:DAI_insufficient_data(15/25),$265.59M,
DAI-GRASS,err:DAI_insufficient_data(15/25),$306.92M,
DAI-PC0000085,err:DAI_insufficient_data(15/25),$197.55M,
DAI-BSV,err:DAI_insufficient_data(15/25),$349.54M,
DAI-JASMY,err:DAI_insufficient_data(15/25),$302.64M,
DAI-ANTFUN,err:DAI_insufficient_data(15/25),$373.36M,
DAI-USDAI,err:DAI_insufficient_data(15/25),$248.49M,
DAI-AERO,err:DAI_insufficient_data(15/25),$505.42M,
DAI-BONK,err:DAI_insufficient_data(15/25),$356.00M,
DAI-SUN,err:DAI_insufficient_data(15/25),$433.34M,
DAI-EURCV,err:DAI_insufficient_data(15/25),$240.49M,
DAI-USDZ,err:DAI_insufficient_data(15/25),$218.44M,
DAI-AKE,err:DAI_insufficient_data(15/25),$186.57M,
DAI-XCN,err:DAI_insufficient_data(15/25),$220.71M,
DAI-TRUMP,err:DAI_insufficient_data(15/25),$448.44M,
DAI-FET,err:DAI_insufficient_data(15/25),$396.97M,
DAI-FRAX,err:DAI_insufficient_data(15/25),$311.12M,
DAI-THBILL,err:DAI_insufficient_data(15/25),$208.98M,
DAI-ZAMA,err:DAI_insufficient_data(15/25),$228.86M,
DAI-SHFL,err:DAI_insufficient_data(15/25),$212.45M,
DAI-USDF,err:DAI_insufficient_data(15/25),$202.89M,
DAI-XPL,err:DAI_insufficient_data(15/25),$311.64M,
VSN-CFX,err:CFX_insufficient_data(54/25),$373.81M,
LUNC-CFX,err:CFX_insufficient_data(54/25),$501.82M,
PC0000015-CFX,err:CFX_insufficient_data(54/25),$333.14M,
IMX-CFX,err:CFX_insufficient_data(54/25),$450.24M,
CFX-NXM,err:CFX_insufficient_data(54/25),$309.79M,
CFX-SPX,err:CFX_insufficient_data(54/25),$524.99M,
CFX-UB,err:CFX_insufficient_data(54/25),$583.75M,
CFX-DAI,err:CFX_insufficient_data(54/25),$313.97M,
CFX-OUSG,err:CFX_insufficient_data(54/25),$603.17M,
CFX-STAC,err:CFX_insufficient_data(54/25),$325.56M,
CFX-1INCH,err:CFX_insufficient_data(54/25),$338.73M,
CFX-HOLO,err:CFX_insufficient_data(54/25),$369.60M,
CFX-RLB,err:CFX_insufficient_data(54/25),$327.19M,
CFX-DYDX,err:CFX_insufficient_data(54/25),$320.78M,
CFX-APR,err:CFX_insufficient_data(54/25),$419.31M,
CFX-DRV,err:CFX_insufficient_data(54/25),$325.56M,
CFX-EDGE,err:CFX_insufficient_data(54/25),$358.89M,
CFX-INJ,err:CFX_insufficient_data(54/25),$682.15M,
CFX-FGRS,err:CFX_insufficient_data(54/25),$412.67M,
CFX-MWC,err:CFX_insufficient_data(54/25),$336.76M,
CFX-KAU,err:CFX_insufficient_data(54/25),$531.22M,
CFX-LDO,err:CFX_insufficient_data(54/25),$526.11M,
CFX-EARNETH,err:CFX_insufficient_data(54/25),$369.86M,
CFX-GRT,err:CFX_insufficient_data(54/25),$384.26M,
CFX-DUSD,err:CFX_insufficient_data(54/25),$326.29M,
CFX-SEI,err:CFX_insufficient_data(54/25),$509.47M,
CFX-USDTB,err:CFX_insufficient_data(54/25),$578.44M,
CFX-BCN,err:CFX_insufficient_data(54/25),$488.68M,
CFX-VELVET,err:CFX_insufficient_data(54/25),$389.42M,
CFX-BC,err:CFX_insufficient_data(54/25),$442.49M,
CFX-DEXE,err:CFX_insufficient_data(54/25),$497.00M,
CFX-OZO,err:CFX_insufficient_data(54/25),$348.21M,
CFX-AB,err:CFX_insufficient_data(54/25),$319.76M,
CFX-2Z,err:CFX_insufficient_data(54/25),$425.25M,
CFX-CASH,err:CFX_insufficient_data(54/25),$344.93M,
CFX-ZBCN,err:CFX_insufficient_data(54/25),$400.19M,
CFX-CVX,err:CFX_insufficient_data(54/25),$357.73M,
CFX-TIA,err:CFX_insufficient_data(54/25),$529.41M,
CFX-US,err:CFX_insufficient_data(54/25),$641.88M,
CFX-VIRTUAL,err:CFX_insufficient_data(54/25),$592.49M,
CFX-ZRO,err:CFX_insufficient_data(54/25),$507.67M,
CFX-AKT,err:CFX_insufficient_data(54/25),$351.31M,
CFX-TKX,err:CFX_insufficient_data(54/25),$326.36M,
CFX-APEPE,err:CFX_insufficient_data(54/25),$424.28M,
CFX-USTBL,err:CFX_insufficient_data(54/25),$383.76M,
CFX-ALFW,err:CFX_insufficient_data(54/25),$337.25M,
CFX-OHM,err:CFX_insufficient_data(54/25),$498.72M,
CFX-B,err:CFX_insufficient_data(54/25),$391.10M,
CFX-GRX,err:CFX_insufficient_data(54/25),$347.01M,
CFX-META,err:CFX_insufficient_data(54/25),$318.33M,
CFX-APXUSD,err:CFX_insufficient_data(54/25),$517.97M,
CFX-NIGHT,err:CFX_insufficient_data(54/25),$525.29M,
CFX-GNO,err:CFX_insufficient_data(54/25),$505.56M,
CFX-USDAT,err:CFX_insufficient_data(54/25),$362.72M,
CFX-TWT,err:CFX_insufficient_data(54/25),$371.38M,
CFX-CAKE,err:CFX_insufficient_data(54/25),$670.11M,
CFX-ZK,err:CFX_insufficient_data(54/25),$307.27M,
CFX-FLUID,err:CFX_insufficient_data(54/25),$309.20M,
CFX-COCO,err:CFX_insufficient_data(54/25),$407.14M,
CFX-TIBBIR,err:CFX_insufficient_data(54/25),$329.40M,
CFX-GPS,err:CFX_insufficient_data(54/25),$318.93M,
CFX-H,err:CFX_insufficient_data(54/25),$355.04M,
CFX-DCR,err:CFX_insufficient_data(54/25),$425.70M,
CFX-NEO,err:CFX_insufficient_data(54/25),$356.69M,
CFX-GLM,err:CFX_insufficient_data(54/25),$317.68M,
CFX-AXS,err:CFX_insufficient_data(54/25),$366.61M,
CFX-KAG,err:CFX_insufficient_data(54/25),$436.61M,
CFX-CHEEMS,err:CFX_insufficient_data(54/25),$323.23M,
CFX-KMNO,err:CFX_insufficient_data(54/25),$320.94M,
CFX-XTZ,err:CFX_insufficient_data(54/25),$448.39M,
CFX-ULTIMA,err:CFX_insufficient_data(54/25),$404.62M,
CFX-KAITO,err:CFX_insufficient_data(54/25),$532.19M,
CFX-RUNE,err:CFX_insufficient_data(54/25),$371.18M,
CFX-BP,err:CFX_insufficient_data(54/25),$337.15M,
CFX-UQC,err:CFX_insufficient_data(54/25),$330.94M,
CFX-STRK,err:CFX_insufficient_data(54/25),$412.13M,
CFX-CTOC,err:CFX_insufficient_data(54/25),$497.92M,
CFX-PC0000033,err:CFX_insufficient_data(54/25),$385.42M,
CFX-ICNT,err:CFX_insufficient_data(54/25),$324.49M,
CFX-FDUSD,err:CFX_insufficient_data(54/25),$569.01M,
CFX-PC0000097,err:CFX_insufficient_data(54/25),$356.92M,
CFX-WEMIX,err:CFX_insufficient_data(54/25),$323.34M,
CFX-ACRED,err:CFX_insufficient_data(54/25),$337.96M,
CFX-SMILEK,err:CFX_insufficient_data(54/25),$310.29M,
CFX-WM,err:CFX_insufficient_data(54/25),$309.28M,
CFX-UUSD,err:CFX_insufficient_data(54/25),$322.70M,
CFX-FLOKI,err:CFX_insufficient_data(54/25),$421.43M,
CFX-SAND,err:CFX_insufficient_data(54/25),$348.10M,
CFX-AWE,err:CFX_insufficient_data(54/25),$328.74M,
CFX-CRVUSD,err:CFX_insufficient_data(54/25),$434.97M,
CFX-GENIUS,err:CFX_insufficient_data(54/25),$336.30M,
CFX-SNX,err:CFX_insufficient_data(54/25),$345.35M,
CFX-VCNT,err:CFX_insufficient_data(54/25),$387.36M,
CFX-DASH,err:CFX_insufficient_data(54/25),$620.35M,
CFX-CARDS,err:CFX_insufficient_data(54/25),$491.78M,
CFX-USAT,err:CFX_insufficient_data(54/25),$408.15M,
CFX-FF,err:CFX_insufficient_data(54/25),$415.20M,
CFX-USDA,err:CFX_insufficient_data(54/25),$319.09M,
CFX-ZANO,err:CFX_insufficient_data(54/25),$354.08M,
CFX-REUSD,err:CFX_insufficient_data(54/25),$390.35M,
CFX-NEX,err:CFX_insufficient_data(54/25),$313.25M,
CFX-JTO,err:CFX_insufficient_data(54/25),$491.55M,
CFX-IOTA,err:CFX_insufficient_data(54/25),$370.49M,
CFX-AVUSD,err:CFX_insufficient_data(54/25),$338.89M,
CFX-FARTCOIN,err:CFX_insufficient_data(54/25),$345.93M,
CFX-GALA,err:CFX_insufficient_data(54/25),$311.53M,
CFX-ENS,err:CFX_insufficient_data(54/25),$398.99M,
CFX-SOON,err:CFX_insufficient_data(54/25),$312.93M,
CFX-WIF,err:CFX_insufficient_data(54/25),$369.26M,
CFX-SPCXB,err:CFX_insufficient_data(54/25),$308.45M,
CFX-STRCX,err:CFX_insufficient_data(54/25),$363.71M,
CFX-PENGU,err:CFX_insufficient_data(54/25),$594.63M,
CFX-BORG,err:CFX_insufficient_data(54/25),$361.19M,
CFX-TAG,err:CFX_insufficient_data(54/25),$367.98M,
CFX-XEC,err:CFX_insufficient_data(54/25),$342.37M,
CFX-STX,err:CFX_insufficient_data(54/25),$473.43M,
CFX-TEL,err:CFX_insufficient_data(54/25),$397.23M,
CFX-GOMINING,err:CFX_insufficient_data(54/25),$338.48M,
CFX-APE,err:CFX_insufficient_data(54/25),$371.56M,
CFX-EIGEN,err:CFX_insufficient_data(54/25),$363.51M,
CFX-OP,err:CFX_insufficient_data(54/25),$426.07M,
CFX-KAIA,err:CFX_insufficient_data(54/25),$389.72M,
CFX-ZBT,err:CFX_insufficient_data(54/25),$336.86M,
CFX-EURC,err:CFX_insufficient_data(54/25),$672.95M,
CFX-KITE,err:CFX_insufficient_data(54/25),$454.92M,
CFX-RAIL,err:CFX_insufficient_data(54/25),$312.76M,
CFX-SHORT,err:CFX_insufficient_data(54/25),$320.47M,
CFX-TRAC,err:CFX_insufficient_data(54/25),$346.58M,
CFX-PENDLE,err:CFX_insufficient_data(54/25),$473.57M,
CFX-PYTH,err:CFX_insufficient_data(54/25),$544.28M,
CFX-PIEVERSE,err:CFX_insufficient_data(54/25),$405.00M,
CFX-NFT,err:CFX_insufficient_data(54/25),$487.44M,
CFX-RAY,err:CFX_insufficient_data(54/25),$385.92M,
CFX-PC0000031,err:CFX_insufficient_data(54/25),$425.42M,
CFX-GEOD,err:CFX_insufficient_data(54/25),$317.26M,
CFX-PC0000077,err:CFX_insufficient_data(54/25),$322.92M,
CFX-A,err:CFX_insufficient_data(54/25),$325.21M,
CFX-LION,err:CFX_insufficient_data(54/25),$365.29M,
CFX-AIAT,err:CFX_insufficient_data(54/25),$340.90M,
CFX-MX,err:CFX_insufficient_data(54/25),$373.51M,
CFX-THETA,err:CFX_insufficient_data(54/25),$349.01M,
CFX-SN64,err:CFX_insufficient_data(54/25),$312.91M,
CFX-ETHFI,err:CFX_insufficient_data(54/25),$622.81M,
CFX-APYUSD,err:CFX_insufficient_data(54/25),$381.04M,
CFX-KOGE,err:CFX_insufficient_data(54/25),$437.07M,
CFX-BTSE,err:CFX_insufficient_data(54/25),$356.03M,
CFX-VET,err:CFX_insufficient_data(54/25),$611.87M,
CFX-CHZ,err:CFX_insufficient_data(54/25),$367.06M,
CFX-REAL,err:CFX_insufficient_data(54/25),$471.98M,
CFX-MON,err:CFX_insufficient_data(54/25),$471.11M,
CFX-SAFO,err:CFX_insufficient_data(54/25),$379.92M,
CFX-MANA,err:CFX_insufficient_data(54/25),$354.30M,
CFX-PRL,err:CFX_insufficient_data(54/25),$306.99M,
CFX-GLIDR,err:CFX_insufficient_data(54/25),$324.30M,
CFX-ONYC,err:CFX_insufficient_data(54/25),$469.12M,
CFX-A7A5,err:CFX_insufficient_data(54/25),$701.12M,
CFX-MET,err:CFX_insufficient_data(54/25),$312.33M,
CFX-Q,err:CFX_insufficient_data(54/25),$442.87M,
CFX-COMP,err:CFX_insufficient_data(54/25),$382.24M,
CFX-SYRUP,err:CFX_insufficient_data(54/25),$430.16M,
CFX-FRXUSD,err:CFX_insufficient_data(54/25),$332.84M,
CFX-BTT,err:CFX_insufficient_data(54/25),$482.39M,
CFX-BAT,err:CFX_insufficient_data(54/25),$326.33M,
CFX-XPIN,err:CFX_insufficient_data(54/25),$367.81M,
CFX-SOSO,err:CFX_insufficient_data(54/25),$339.51M,
CFX-VBILL,err:CFX_insufficient_data(54/25),$414.96M,
CFX-CRCLON,err:CFX_insufficient_data(54/25),$315.77M,
CFX-PEANUT,err:CFX_insufficient_data(54/25),$407.45M,
CFX-AR,err:CFX_insufficient_data(54/25),$338.97M,
CFX-SFP,err:CFX_insufficient_data(54/25),$325.65M,
CFX-PC0000023,err:CFX_insufficient_data(54/25),$323.76M,
CFX-GUSD,err:CFX_insufficient_data(54/25),$372.42M,
CFX-WFI,err:CFX_insufficient_data(54/25),$397.46M,
CFX-GRASS,err:CFX_insufficient_data(54/25),$438.79M,
CFX-PC0000085,err:CFX_insufficient_data(54/25),$329.42M,
CFX-BSV,err:CFX_insufficient_data(54/25),$481.41M,
CFX-JASMY,err:CFX_insufficient_data(54/25),$434.50M,
CFX-ANTFUN,err:CFX_insufficient_data(54/25),$505.22M,
CFX-USDAI,err:CFX_insufficient_data(54/25),$380.35M,
CFX-AERO,err:CFX_insufficient_data(54/25),$637.29M,
CFX-BONK,err:CFX_insufficient_data(54/25),$487.86M,
CFX-SUN,err:CFX_insufficient_data(54/25),$565.21M,
CFX-EURCV,err:CFX_insufficient_data(54/25),$372.35M,
CFX-USDZ,err:CFX_insufficient_data(54/25),$350.31M,
CFX-AKE,err:CFX_insufficient_data(54/25),$318.44M,
CFX-XCN,err:CFX_insufficient_data(54/25),$352.58M,
CFX-TRUMP,err:CFX_insufficient_data(54/25),$580.31M,
CFX-FET,err:CFX_insufficient_data(54/25),$528.84M,
CFX-FRAX,err:CFX_insufficient_data(54/25),$442.98M,
CFX-THBILL,err:CFX_insufficient_data(54/25),$340.85M,
CFX-ZAMA,err:CFX_insufficient_data(54/25),$360.73M,
CFX-SHFL,err:CFX_insufficient_data(54/25),$344.32M,
CFX-USDF,err:CFX_insufficient_data(54/25),$334.76M,
CFX-XPL,err:CFX_insufficient_data(54/25),$443.50M,
VSN-B,err:B_insufficient_data(59/25),$319.07M,
LUNC-B,err:B_insufficient_data(59/25),$447.08M,
PC0000015-B,err:B_insufficient_data(59/25),$278.41M,
IMX-B,err:B_insufficient_data(59/25),$395.50M,
NXM-B,err:B_insufficient_data(59/25),$255.05M,
SPX-B,err:B_insufficient_data(59/25),$470.25M,
UB-B,err:B_insufficient_data(59/25),$529.02M,
OUSG-B,err:B_insufficient_data(59/25),$548.43M,
STAC-B,err:B_insufficient_data(59/25),$270.82M,
1INCH-B,err:B_insufficient_data(59/25),$284.00M,
RLB-B,err:B_insufficient_data(59/25),$272.45M,
DYDX-B,err:B_insufficient_data(59/25),$266.04M,
APR-B,err:B_insufficient_data(59/25),$364.57M,
DRV-B,err:B_insufficient_data(59/25),$270.82M,
EDGE-B,err:B_insufficient_data(59/25),$304.15M,
INJ-B,err:B_insufficient_data(59/25),$627.41M,
KAU-B,err:B_insufficient_data(59/25),$476.49M,
LDO-B,err:B_insufficient_data(59/25),$471.38M,
EARNETH-B,err:B_insufficient_data(59/25),$315.12M,
GRT-B,err:B_insufficient_data(59/25),$329.52M,
USDTB-B,err:B_insufficient_data(59/25),$523.70M,
VELVET-B,err:B_insufficient_data(59/25),$334.68M,
BC-B,err:B_insufficient_data(59/25),$387.75M,
DEXE-B,err:B_insufficient_data(59/25),$442.26M,
OZO-B,err:B_insufficient_data(59/25),$293.48M,
2Z-B,err:B_insufficient_data(59/25),$370.52M,
CASH-B,err:B_insufficient_data(59/25),$290.20M,
ZBCN-B,err:B_insufficient_data(59/25),$345.45M,
CVX-B,err:B_insufficient_data(59/25),$302.99M,
TIA-B,err:B_insufficient_data(59/25),$474.67M,
US-B,err:B_insufficient_data(59/25),$587.14M,
VIRTUAL-B,err:B_insufficient_data(59/25),$537.75M,
ZRO-B,err:B_insufficient_data(59/25),$452.93M,
AKT-B,err:B_insufficient_data(59/25),$296.57M,
TKX-B,err:B_insufficient_data(59/25),$271.62M,
APEPE-B,err:B_insufficient_data(59/25),$369.54M,
USTBL-B,err:B_insufficient_data(59/25),$329.02M,
OHM-B,err:B_insufficient_data(59/25),$443.98M,
B-GRX,err:B_insufficient_data(59/25),$292.28M,
B-META,err:B_insufficient_data(59/25),$263.59M,
B-APXUSD,err:B_insufficient_data(59/25),$463.24M,
B-NIGHT,err:B_insufficient_data(59/25),$470.55M,
B-GNO,err:B_insufficient_data(59/25),$450.82M,
B-USDAT,err:B_insufficient_data(59/25),$307.98M,
B-TWT,err:B_insufficient_data(59/25),$316.65M,
B-CAKE,err:B_insufficient_data(59/25),$615.37M,
B-ZK,err:B_insufficient_data(59/25),$252.53M,
B-FLUID,err:B_insufficient_data(59/25),$254.47M,
B-COCO,err:B_insufficient_data(59/25),$352.40M,
B-TIBBIR,err:B_insufficient_data(59/25),$274.66M,
B-GPS,err:B_insufficient_data(59/25),$264.19M,
B-H,err:B_insufficient_data(59/25),$300.30M,
B-DCR,err:B_insufficient_data(59/25),$370.96M,
B-NEO,err:B_insufficient_data(59/25),$301.95M,
B-GLM,err:B_insufficient_data(59/25),$262.94M,
B-AXS,err:B_insufficient_data(59/25),$311.87M,
B-KAG,err:B_insufficient_data(59/25),$381.87M,
B-CHEEMS,err:B_insufficient_data(59/25),$268.50M,
B-KMNO,err:B_insufficient_data(59/25),$266.20M,
B-XTZ,err:B_insufficient_data(59/25),$393.65M,
B-ULTIMA,err:B_insufficient_data(59/25),$349.88M,
B-KAITO,err:B_insufficient_data(59/25),$477.45M,
B-RUNE,err:B_insufficient_data(59/25),$316.44M,
B-BP,err:B_insufficient_data(59/25),$282.41M,
B-UQC,err:B_insufficient_data(59/25),$276.20M,
B-STRK,err:B_insufficient_data(59/25),$357.39M,
B-CTOC,err:B_insufficient_data(59/25),$443.18M,
B-PC0000033,err:B_insufficient_data(59/25),$330.68M,
B-ICNT,err:B_insufficient_data(59/25),$269.75M,
B-FDUSD,err:B_insufficient_data(59/25),$514.28M,
B-PC0000097,err:B_insufficient_data(59/25),$302.18M,
B-WEMIX,err:B_insufficient_data(59/25),$268.60M,
B-ACRED,err:B_insufficient_data(59/25),$283.22M,
B-SMILEK,err:B_insufficient_data(59/25),$255.55M,
B-WM,err:B_insufficient_data(59/25),$254.54M,
B-UUSD,err:B_insufficient_data(59/25),$267.96M,
B-FLOKI,err:B_insufficient_data(59/25),$366.69M,
B-SAND,err:B_insufficient_data(59/25),$293.37M,
B-AWE,err:B_insufficient_data(59/25),$274.00M,
B-CRVUSD,err:B_insufficient_data(59/25),$380.23M,
B-GENIUS,err:B_insufficient_data(59/25),$281.56M,
B-SNX,err:B_insufficient_data(59/25),$290.61M,
B-VCNT,err:B_insufficient_data(59/25),$332.62M,
B-DASH,err:B_insufficient_data(59/25),$565.61M,
B-CARDS,err:B_insufficient_data(59/25),$437.05M,
B-USAT,err:B_insufficient_data(59/25),$353.41M,
B-FF,err:B_insufficient_data(59/25),$360.46M,
B-USDA,err:B_insufficient_data(59/25),$264.36M,
B-ZANO,err:B_insufficient_data(59/25),$299.34M,
B-REUSD,err:B_insufficient_data(59/25),$335.61M,
B-NEX,err:B_insufficient_data(59/25),$258.51M,
B-JTO,err:B_insufficient_data(59/25),$436.82M,
B-IOTA,err:B_insufficient_data(59/25),$315.75M,
B-AVUSD,err:B_insufficient_data(59/25),$284.16M,
B-FARTCOIN,err:B_insufficient_data(59/25),$291.19M,
B-GALA,err:B_insufficient_data(59/25),$256.79M,
B-ENS,err:B_insufficient_data(59/25),$344.25M,
B-SOON,err:B_insufficient_data(59/25),$258.19M,
B-WIF,err:B_insufficient_data(59/25),$314.52M,
B-SPCXB,err:B_insufficient_data(59/25),$253.71M,
B-STRCX,err:B_insufficient_data(59/25),$308.97M,
B-PENGU,err:B_insufficient_data(59/25),$539.90M,
B-BORG,err:B_insufficient_data(59/25),$306.45M,
B-TAG,err:B_insufficient_data(59/25),$313.25M,
B-XEC,err:B_insufficient_data(59/25),$287.64M,
B-STX,err:B_insufficient_data(59/25),$418.70M,
B-TEL,err:B_insufficient_data(59/25),$342.49M,
B-GOMINING,err:B_insufficient_data(59/25),$283.74M,
B-APE,err:B_insufficient_data(59/25),$316.82M,
B-EIGEN,err:B_insufficient_data(59/25),$308.77M,
B-OP,err:B_insufficient_data(59/25),$371.33M,
B-KAIA,err:B_insufficient_data(59/25),$334.98M,
B-ZBT,err:B_insufficient_data(59/25),$282.12M,
B-EURC,err:B_insufficient_data(59/25),$618.21M,
B-KITE,err:B_insufficient_data(59/25),$400.18M,
B-RAIL,err:B_insufficient_data(59/25),$258.02M,
B-SHORT,err:B_insufficient_data(59/25),$265.73M,
B-TRAC,err:B_insufficient_data(59/25),$291.84M,
B-PENDLE,err:B_insufficient_data(59/25),$418.83M,
B-PYTH,err:B_insufficient_data(59/25),$489.54M,
B-PIEVERSE,err:B_insufficient_data(59/25),$350.26M,
B-NFT,err:B_insufficient_data(59/25),$432.70M,
B-RAY,err:B_insufficient_data(59/25),$331.18M,
B-PC0000031,err:B_insufficient_data(59/25),$370.68M,
B-GEOD,err:B_insufficient_data(59/25),$262.52M,
B-PC0000077,err:B_insufficient_data(59/25),$268.18M,
B-A,err:B_insufficient_data(59/25),$270.47M,
B-LION,err:B_insufficient_data(59/25),$310.56M,
B-AIAT,err:B_insufficient_data(59/25),$286.16M,
B-MX,err:B_insufficient_data(59/25),$318.77M,
B-THETA,err:B_insufficient_data(59/25),$294.27M,
B-SN64,err:B_insufficient_data(59/25),$258.17M,
B-ETHFI,err:B_insufficient_data(59/25),$568.07M,
B-APYUSD,err:B_insufficient_data(59/25),$326.31M,
B-KOGE,err:B_insufficient_data(59/25),$382.33M,
B-BTSE,err:B_insufficient_data(59/25),$301.29M,
B-VET,err:B_insufficient_data(59/25),$557.14M,
B-CHZ,err:B_insufficient_data(59/25),$312.32M,
B-REAL,err:B_insufficient_data(59/25),$417.24M,
B-MON,err:B_insufficient_data(59/25),$416.37M,
B-SAFO,err:B_insufficient_data(59/25),$325.18M,
B-MANA,err:B_insufficient_data(59/25),$299.56M,
B-PRL,err:B_insufficient_data(59/25),$252.25M,
B-GLIDR,err:B_insufficient_data(59/25),$269.56M,
B-ONYC,err:B_insufficient_data(59/25),$414.38M,
B-A7A5,err:B_insufficient_data(59/25),$646.38M,
B-MET,err:B_insufficient_data(59/25),$257.60M,
B-Q,err:B_insufficient_data(59/25),$388.13M,
B-COMP,err:B_insufficient_data(59/25),$327.50M,
B-SYRUP,err:B_insufficient_data(59/25),$375.43M,
B-FRXUSD,err:B_insufficient_data(59/25),$278.10M,
B-BTT,err:B_insufficient_data(59/25),$427.65M,
B-BAT,err:B_insufficient_data(59/25),$271.59M,
B-XPIN,err:B_insufficient_data(59/25),$313.08M,
B-SOSO,err:B_insufficient_data(59/25),$284.77M,
B-VBILL,err:B_insufficient_data(59/25),$360.22M,
B-CRCLON,err:B_insufficient_data(59/25),$261.03M,
B-PEANUT,err:B_insufficient_data(59/25),$352.72M,
B-AR,err:B_insufficient_data(59/25),$284.23M,
B-SFP,err:B_insufficient_data(59/25),$270.91M,
B-PC0000023,err:B_insufficient_data(59/25),$269.03M,
B-GUSD,err:B_insufficient_data(59/25),$317.68M,
B-WFI,err:B_insufficient_data(59/25),$342.72M,
B-GRASS,err:B_insufficient_data(59/25),$384.05M,
B-PC0000085,err:B_insufficient_data(59/25),$274.68M,
B-BSV,err:B_insufficient_data(59/25),$426.67M,
B-JASMY,err:B_insufficient_data(59/25),$379.77M,
B-ANTFUN,err:B_insufficient_data(59/25),$450.49M,
B-USDAI,err:B_insufficient_data(59/25),$325.62M,
B-AERO,err:B_insufficient_data(59/25),$582.55M,
B-BONK,err:B_insufficient_data(59/25),$433.13M,
B-SUN,err:B_insufficient_data(59/25),$510.47M,
B-EURCV,err:B_insufficient_data(59/25),$317.62M,
B-USDZ,err:B_insufficient_data(59/25),$295.57M,
B-AKE,err:B_insufficient_data(59/25),$263.70M,
B-XCN,err:B_insufficient_data(59/25),$297.84M,
B-TRUMP,err:B_insufficient_data(59/25),$525.57M,
B-FET,err:B_insufficient_data(59/25),$474.10M,
B-FRAX,err:B_insufficient_data(59/25),$388.25M,
B-THBILL,err:B_insufficient_data(59/25),$286.11M,
B-ZAMA,err:B_insufficient_data(59/25),$305.99M,
B-SHFL,err:B_insufficient_data(59/25),$289.58M,
B-USDF,err:B_insufficient_data(59/25),$280.02M,
B-XPL,err:B_insufficient_data(59/25),$388.77M,
VSN-BTW,err:BTW_insufficient_data(62/25),$385.69M,
LUNC-BTW,err:BTW_insufficient_data(62/25),$513.70M,
BTW-M,err:BTW_insufficient_data(62/25),$363.52M,
BTW-PC0000015,err:BTW_insufficient_data(62/25),$345.03M,
BTW-IMX,err:BTW_insufficient_data(62/25),$462.12M,
BTW-CFX,err:BTW_insufficient_data(62/25),$457.72M,
BTW-NXM,err:BTW_insufficient_data(62/25),$321.67M,
BTW-SPX,err:BTW_insufficient_data(62/25),$536.87M,
BTW-UB,err:BTW_insufficient_data(62/25),$595.64M,
BTW-DAI,err:BTW_insufficient_data(62/25),$325.85M,
BTW-OUSG,err:BTW_insufficient_data(62/25),$615.05M,
BTW-STAC,err:BTW_insufficient_data(62/25),$337.44M,
BTW-1INCH,err:BTW_insufficient_data(62/25),$350.62M,
BTW-HOLO,err:BTW_insufficient_data(62/25),$381.49M,
BTW-RLB,err:BTW_insufficient_data(62/25),$339.07M,
BTW-DYDX,err:BTW_insufficient_data(62/25),$332.66M,
BTW-APR,err:BTW_insufficient_data(62/25),$431.19M,
BTW-DRV,err:BTW_insufficient_data(62/25),$337.44M,
BTW-EDGE,err:BTW_insufficient_data(62/25),$370.77M,
BTW-INJ,err:BTW_insufficient_data(62/25),$694.03M,
BTW-FGRS,err:BTW_insufficient_data(62/25),$424.55M,
BTW-MWC,err:BTW_insufficient_data(62/25),$348.64M,
BTW-KAU,err:BTW_insufficient_data(62/25),$543.11M,
BTW-LDO,err:BTW_insufficient_data(62/25),$538.00M,
BTW-EARNETH,err:BTW_insufficient_data(62/25),$381.74M,
BTW-GRT,err:BTW_insufficient_data(62/25),$396.14M,
BTW-DUSD,err:BTW_insufficient_data(62/25),$338.17M,
BTW-SEI,err:BTW_insufficient_data(62/25),$521.35M,
BTW-USDTB,err:BTW_insufficient_data(62/25),$590.32M,
BTW-BCN,err:BTW_insufficient_data(62/25),$500.56M,
BTW-VELVET,err:BTW_insufficient_data(62/25),$401.30M,
BTW-BC,err:BTW_insufficient_data(62/25),$454.37M,
BTW-DEXE,err:BTW_insufficient_data(62/25),$508.88M,
BTW-OZO,err:BTW_insufficient_data(62/25),$360.10M,
BTW-AB,err:BTW_insufficient_data(62/25),$331.64M,
BTW-2Z,err:BTW_insufficient_data(62/25),$437.14M,
BTW-CASH,err:BTW_insufficient_data(62/25),$356.82M,
BTW-ZBCN,err:BTW_insufficient_data(62/25),$412.07M,
BTW-CVX,err:BTW_insufficient_data(62/25),$369.61M,
BTW-TIA,err:BTW_insufficient_data(62/25),$541.29M,
BTW-US,err:BTW_insufficient_data(62/25),$653.76M,
BTW-VIRTUAL,err:BTW_insufficient_data(62/25),$604.37M,
BTW-ZRO,err:BTW_insufficient_data(62/25),$519.55M,
BTW-AKT,err:BTW_insufficient_data(62/25),$363.19M,
BTW-TKX,err:BTW_insufficient_data(62/25),$338.24M,
BTW-APEPE,err:BTW_insufficient_data(62/25),$436.16M,
BTW-USTBL,err:BTW_insufficient_data(62/25),$395.64M,
BTW-ALFW,err:BTW_insufficient_data(62/25),$349.13M,
BTW-OHM,err:BTW_insufficient_data(62/25),$510.60M,
BTW-B,err:BTW_insufficient_data(62/25),$402.98M,
BTW-GRX,err:BTW_insufficient_data(62/25),$358.90M,
BTW-META,err:BTW_insufficient_data(62/25),$330.21M,
BTW-APXUSD,err:BTW_insufficient_data(62/25),$529.86M,
BTW-NIGHT,err:BTW_insufficient_data(62/25),$537.17M,
BTW-GNO,err:BTW_insufficient_data(62/25),$517.44M,
BTW-USDAT,err:BTW_insufficient_data(62/25),$374.60M,
BTW-TWT,err:BTW_insufficient_data(62/25),$383.27M,
BTW-CAKE,err:BTW_insufficient_data(62/25),$681.99M,
BTW-ZK,err:BTW_insufficient_data(62/25),$319.15M,
BTW-FLUID,err:BTW_insufficient_data(62/25),$321.09M,
BTW-COCO,err:BTW_insufficient_data(62/25),$419.02M,
BTW-TIBBIR,err:BTW_insufficient_data(62/25),$341.28M,
BTW-GPS,err:BTW_insufficient_data(62/25),$330.81M,
BTW-H,err:BTW_insufficient_data(62/25),$366.92M,
BTW-DCR,err:BTW_insufficient_data(62/25),$437.58M,
BTW-NEO,err:BTW_insufficient_data(62/25),$368.57M,
BTW-GLM,err:BTW_insufficient_data(62/25),$329.56M,
BTW-AXS,err:BTW_insufficient_data(62/25),$378.49M,
BTW-KAG,err:BTW_insufficient_data(62/25),$448.49M,
BTW-CHEEMS,err:BTW_insufficient_data(62/25),$335.12M,
BTW-KMNO,err:BTW_insufficient_data(62/25),$332.82M,
BTW-XTZ,err:BTW_insufficient_data(62/25),$460.27M,
BTW-ULTIMA,err:BTW_insufficient_data(62/25),$416.50M,
BTW-KAITO,err:BTW_insufficient_data(62/25),$544.07M,
BTW-RUNE,err:BTW_insufficient_data(62/25),$383.06M,
BTW-BP,err:BTW_insufficient_data(62/25),$349.03M,
BTW-UQC,err:BTW_insufficient_data(62/25),$342.82M,
BTW-STRK,err:BTW_insufficient_data(62/25),$424.01M,
BTW-CTOC,err:BTW_insufficient_data(62/25),$509.80M,
BTW-PC0000033,err:BTW_insufficient_data(62/25),$397.30M,
BTW-ICNT,err:BTW_insufficient_data(62/25),$336.37M,
BTW-FDUSD,err:BTW_insufficient_data(62/25),$580.90M,
BTW-PC0000097,err:BTW_insufficient_data(62/25),$368.80M,
BTW-WEMIX,err:BTW_insufficient_data(62/25),$335.22M,
BTW-ACRED,err:BTW_insufficient_data(62/25),$349.84M,
BTW-SMILEK,err:BTW_insufficient_data(62/25),$322.17M,
BTW-WM,err:BTW_insufficient_data(62/25),$321.16M,
BTW-UUSD,err:BTW_insufficient_data(62/25),$334.58M,
BTW-FLOKI,err:BTW_insufficient_data(62/25),$433.31M,
BTW-SAND,err:BTW_insufficient_data(62/25),$359.99M,
BTW-AWE,err:BTW_insufficient_data(62/25),$340.62M,
BTW-CRVUSD,err:BTW_insufficient_data(62/25),$446.85M,
BTW-GENIUS,err:BTW_insufficient_data(62/25),$348.18M,
BTW-SNX,err:BTW_insufficient_data(62/25),$357.23M,
BTW-VCNT,err:BTW_insufficient_data(62/25),$399.24M,
BTW-DASH,err:BTW_insufficient_data(62/25),$632.23M,
BTW-CARDS,err:BTW_insufficient_data(62/25),$503.67M,
BTW-USAT,err:BTW_insufficient_data(62/25),$420.03M,
BTW-FF,err:BTW_insufficient_data(62/25),$427.08M,
BTW-USDA,err:BTW_insufficient_data(62/25),$330.98M,
BTW-ZANO,err:BTW_insufficient_data(62/25),$365.96M,
BTW-REUSD,err:BTW_insufficient_data(62/25),$402.23M,
BTW-NEX,err:BTW_insufficient_data(62/25),$325.13M,
BTW-JTO,err:BTW_insufficient_data(62/25),$503.44M,
BTW-IOTA,err:BTW_insufficient_data(62/25),$382.37M,
BTW-AVUSD,err:BTW_insufficient_data(62/25),$350.78M,
BTW-FARTCOIN,err:BTW_insufficient_data(62/25),$357.81M,
BTW-GALA,err:BTW_insufficient_data(62/25),$323.41M,
BTW-ENS,err:BTW_insufficient_data(62/25),$410.87M,
BTW-SOON,err:BTW_insufficient_data(62/25),$324.81M,
BTW-WIF,err:BTW_insufficient_data(62/25),$381.14M,
BTW-SPCXB,err:BTW_insufficient_data(62/25),$320.33M,
BTW-STRCX,err:BTW_insufficient_data(62/25),$375.59M,
BTW-PENGU,err:BTW_insufficient_data(62/25),$606.52M,
BTW-BORG,err:BTW_insufficient_data(62/25),$373.07M,
BTW-TAG,err:BTW_insufficient_data(62/25),$379.87M,
BTW-XEC,err:BTW_insufficient_data(62/25),$354.26M,
BTW-STX,err:BTW_insufficient_data(62/25),$485.32M,
BTW-TEL,err:BTW_insufficient_data(62/25),$409.11M,
BTW-GOMINING,err:BTW_insufficient_data(62/25),$350.36M,
BTW-APE,err:BTW_insufficient_data(62/25),$383.44M,
BTW-EIGEN,err:BTW_insufficient_data(62/25),$375.39M,
BTW-OP,err:BTW_insufficient_data(62/25),$437.95M,
BTW-KAIA,err:BTW_insufficient_data(62/25),$401.60M,
BTW-ZBT,err:BTW_insufficient_data(62/25),$348.74M,
BTW-EURC,err:BTW_insufficient_data(62/25),$684.83M,
BTW-KITE,err:BTW_insufficient_data(62/25),$466.80M,
BTW-RAIL,err:BTW_insufficient_data(62/25),$324.64M,
BTW-SHORT,err:BTW_insufficient_data(62/25),$332.35M,
BTW-TRAC,err:BTW_insufficient_data(62/25),$358.46M,
BTW-PENDLE,err:BTW_insufficient_data(62/25),$485.45M,
BTW-PYTH,err:BTW_insufficient_data(62/25),$556.16M,
BTW-PIEVERSE,err:BTW_insufficient_data(62/25),$416.88M,
BTW-NFT,err:BTW_insufficient_data(62/25),$499.32M,
BTW-RAY,err:BTW_insufficient_data(62/25),$397.80M,
BTW-PC0000031,err:BTW_insufficient_data(62/25),$437.30M,
BTW-GEOD,err:BTW_insufficient_data(62/25),$329.14M,
BTW-PC0000077,err:BTW_insufficient_data(62/25),$334.80M,
BTW-A,err:BTW_insufficient_data(62/25),$337.09M,
BTW-LION,err:BTW_insufficient_data(62/25),$377.18M,
BTW-AIAT,err:BTW_insufficient_data(62/25),$352.78M,
BTW-MX,err:BTW_insufficient_data(62/25),$385.39M,
BTW-THETA,err:BTW_insufficient_data(62/25),$360.89M,
BTW-SN64,err:BTW_insufficient_data(62/25),$324.79M,
BTW-ETHFI,err:BTW_insufficient_data(62/25),$634.69M,
BTW-APYUSD,err:BTW_insufficient_data(62/25),$392.93M,
BTW-KOGE,err:BTW_insufficient_data(62/25),$448.95M,
BTW-BTSE,err:BTW_insufficient_data(62/25),$367.91M,
BTW-VET,err:BTW_insufficient_data(62/25),$623.76M,
BTW-CHZ,err:BTW_insufficient_data(62/25),$378.94M,
BTW-REAL,err:BTW_insufficient_data(62/25),$483.86M,
BTW-MON,err:BTW_insufficient_data(62/25),$482.99M,
BTW-SAFO,err:BTW_insufficient_data(62/25),$391.80M,
BTW-MANA,err:BTW_insufficient_data(62/25),$366.18M,
BTW-PRL,err:BTW_insufficient_data(62/25),$318.87M,
BTW-GLIDR,err:BTW_insufficient_data(62/25),$336.18M,
BTW-ONYC,err:BTW_insufficient_data(62/25),$481.00M,
BTW-A7A5,err:BTW_insufficient_data(62/25),$713.00M,
BTW-MET,err:BTW_insufficient_data(62/25),$324.22M,
BTW-Q,err:BTW_insufficient_data(62/25),$454.75M,
BTW-COMP,err:BTW_insufficient_data(62/25),$394.12M,
BTW-SYRUP,err:BTW_insufficient_data(62/25),$442.05M,
BTW-FRXUSD,err:BTW_insufficient_data(62/25),$344.72M,
BTW-BTT,err:BTW_insufficient_data(62/25),$494.27M,
BTW-BAT,err:BTW_insufficient_data(62/25),$338.21M,
BTW-XPIN,err:BTW_insufficient_data(62/25),$379.70M,
BTW-SOSO,err:BTW_insufficient_data(62/25),$351.39M,
BTW-VBILL,err:BTW_insufficient_data(62/25),$426.84M,
BTW-CRCLON,err:BTW_insufficient_data(62/25),$327.65M,
BTW-PEANUT,err:BTW_insufficient_data(62/25),$419.34M,
BTW-AR,err:BTW_insufficient_data(62/25),$350.85M,
BTW-SFP,err:BTW_insufficient_data(62/25),$337.53M,
BTW-PC0000023,err:BTW_insufficient_data(62/25),$335.65M,
BTW-GUSD,err:BTW_insufficient_data(62/25),$384.30M,
BTW-WFI,err:BTW_insufficient_data(62/25),$409.34M,
BTW-GRASS,err:BTW_insufficient_data(62/25),$450.67M,
BTW-PC0000085,err:BTW_insufficient_data(62/25),$341.30M,
BTW-BSV,err:BTW_insufficient_data(62/25),$493.29M,
BTW-JASMY,err:BTW_insufficient_data(62/25),$446.39M,
BTW-ANTFUN,err:BTW_insufficient_data(62/25),$517.11M,
BTW-USDAI,err:BTW_insufficient_data(62/25),$392.24M,
BTW-AERO,err:BTW_insufficient_data(62/25),$649.17M,
BTW-BONK,err:BTW_insufficient_data(62/25),$499.75M,
BTW-SUN,err:BTW_insufficient_data(62/25),$577.09M,
BTW-EURCV,err:BTW_insufficient_data(62/25),$384.24M,
BTW-USDZ,err:BTW_insufficient_data(62/25),$362.19M,
BTW-AKE,err:BTW_insufficient_data(62/25),$330.32M,
BTW-XCN,err:BTW_insufficient_data(62/25),$364.46M,
BTW-TRUMP,err:BTW_insufficient_data(62/25),$592.19M,
BTW-FET,err:BTW_insufficient_data(62/25),$540.72M,
BTW-FRAX,err:BTW_insufficient_data(62/25),$454.87M,
BTW-THBILL,err:BTW_insufficient_data(62/25),$352.73M,
BTW-ZAMA,err:BTW_insufficient_data(62/25),$372.61M,
BTW-SHFL,err:BTW_insufficient_data(62/25),$356.20M,
BTW-USDF,err:BTW_insufficient_data(62/25),$346.64M,
BTW-XPL,err:BTW_insufficient_data(62/25),$455.39M,
VSN-BCN,err:BCN_insufficient_data(24/25),$416.66M,
LUNC-BCN,err:BCN_insufficient_data(24/25),$544.66M,
PC0000015-BCN,err:BCN_insufficient_data(24/25),$375.99M,
IMX-BCN,err:BCN_insufficient_data(24/25),$493.09M,
NXM-BCN,err:BCN_insufficient_data(24/25),$352.63M,
SPX-BCN,err:BCN_insufficient_data(24/25),$567.84M,
UB-BCN,err:BCN_insufficient_data(24/25),$626.60M,
OUSG-BCN,err:BCN_insufficient_data(24/25),$646.01M,
STAC-BCN,err:BCN_insufficient_data(24/25),$368.41M,
1INCH-BCN,err:BCN_insufficient_data(24/25),$381.58M,
RLB-BCN,err:BCN_insufficient_data(24/25),$370.04M,
DYDX-BCN,err:BCN_insufficient_data(24/25),$363.63M,
APR-BCN,err:BCN_insufficient_data(24/25),$462.15M,
DRV-BCN,err:BCN_insufficient_data(24/25),$368.41M,
EDGE-BCN,err:BCN_insufficient_data(24/25),$401.74M,
INJ-BCN,err:BCN_insufficient_data(24/25),$725.00M,
KAU-BCN,err:BCN_insufficient_data(24/25),$574.07M,
LDO-BCN,err:BCN_insufficient_data(24/25),$568.96M,
EARNETH-BCN,err:BCN_insufficient_data(24/25),$412.71M,
GRT-BCN,err:BCN_insufficient_data(24/25),$427.11M,
USDTB-BCN,err:BCN_insufficient_data(24/25),$621.29M,
BCN-VELVET,err:BCN_insufficient_data(24/25),$432.27M,
BCN-BC,err:BCN_insufficient_data(24/25),$485.33M,
BCN-DEXE,err:BCN_insufficient_data(24/25),$539.84M,
BCN-OZO,err:BCN_insufficient_data(24/25),$391.06M,
BCN-AB,err:BCN_insufficient_data(24/25),$362.61M,
BCN-2Z,err:BCN_insufficient_data(24/25),$468.10M,
BCN-CASH,err:BCN_insufficient_data(24/25),$387.78M,
BCN-ZBCN,err:BCN_insufficient_data(24/25),$443.04M,
BCN-CVX,err:BCN_insufficient_data(24/25),$400.58M,
BCN-TIA,err:BCN_insufficient_data(24/25),$572.25M,
BCN-US,err:BCN_insufficient_data(24/25),$684.73M,
BCN-VIRTUAL,err:BCN_insufficient_data(24/25),$635.33M,
BCN-ZRO,err:BCN_insufficient_data(24/25),$550.52M,
BCN-AKT,err:BCN_insufficient_data(24/25),$394.16M,
BCN-TKX,err:BCN_insufficient_data(24/25),$369.21M,
BCN-APEPE,err:BCN_insufficient_data(24/25),$467.12M,
BCN-USTBL,err:BCN_insufficient_data(24/25),$426.61M,
BCN-ALFW,err:BCN_insufficient_data(24/25),$380.09M,
BCN-OHM,err:BCN_insufficient_data(24/25),$541.57M,
BCN-B,err:BCN_insufficient_data(24/25),$433.94M,
BCN-GRX,err:BCN_insufficient_data(24/25),$389.86M,
BCN-META,err:BCN_insufficient_data(24/25),$361.18M,
BCN-APXUSD,err:BCN_insufficient_data(24/25),$560.82M,
BCN-NIGHT,err:BCN_insufficient_data(24/25),$568.14M,
BCN-GNO,err:BCN_insufficient_data(24/25),$548.41M,
BCN-USDAT,err:BCN_insufficient_data(24/25),$405.56M,
BCN-TWT,err:BCN_insufficient_data(24/25),$414.23M,
BCN-CAKE,err:BCN_insufficient_data(24/25),$712.96M,
BCN-ZK,err:BCN_insufficient_data(24/25),$350.12M,
BCN-FLUID,err:BCN_insufficient_data(24/25),$352.05M,
BCN-COCO,err:BCN_insufficient_data(24/25),$449.98M,
BCN-TIBBIR,err:BCN_insufficient_data(24/25),$372.25M,
BCN-GPS,err:BCN_insufficient_data(24/25),$361.77M,
BCN-H,err:BCN_insufficient_data(24/25),$397.88M,
BCN-DCR,err:BCN_insufficient_data(24/25),$468.54M,
BCN-NEO,err:BCN_insufficient_data(24/25),$399.54M,
BCN-GLM,err:BCN_insufficient_data(24/25),$360.53M,
BCN-AXS,err:BCN_insufficient_data(24/25),$409.45M,
BCN-KAG,err:BCN_insufficient_data(24/25),$479.46M,
BCN-CHEEMS,err:BCN_insufficient_data(24/25),$366.08M,
BCN-KMNO,err:BCN_insufficient_data(24/25),$363.78M,
BCN-XTZ,err:BCN_insufficient_data(24/25),$491.24M,
BCN-ULTIMA,err:BCN_insufficient_data(24/25),$447.46M,
BCN-KAITO,err:BCN_insufficient_data(24/25),$575.03M,
BCN-RUNE,err:BCN_insufficient_data(24/25),$414.03M,
BCN-BP,err:BCN_insufficient_data(24/25),$380.00M,
BCN-UQC,err:BCN_insufficient_data(24/25),$373.78M,
BCN-STRK,err:BCN_insufficient_data(24/25),$454.97M,
BCN-CTOC,err:BCN_insufficient_data(24/25),$540.77M,
BCN-PC0000033,err:BCN_insufficient_data(24/25),$428.26M,
BCN-ICNT,err:BCN_insufficient_data(24/25),$367.34M,
BCN-FDUSD,err:BCN_insufficient_data(24/25),$611.86M,
BCN-PC0000097,err:BCN_insufficient_data(24/25),$399.76M,
BCN-WEMIX,err:BCN_insufficient_data(24/25),$366.19M,
BCN-ACRED,err:BCN_insufficient_data(24/25),$380.81M,
BCN-SMILEK,err:BCN_insufficient_data(24/25),$353.13M,
BCN-WM,err:BCN_insufficient_data(24/25),$352.12M,
BCN-UUSD,err:BCN_insufficient_data(24/25),$365.55M,
BCN-FLOKI,err:BCN_insufficient_data(24/25),$464.27M,
BCN-SAND,err:BCN_insufficient_data(24/25),$390.95M,
BCN-AWE,err:BCN_insufficient_data(24/25),$371.58M,
BCN-CRVUSD,err:BCN_insufficient_data(24/25),$477.81M,
BCN-GENIUS,err:BCN_insufficient_data(24/25),$379.15M,
BCN-SNX,err:BCN_insufficient_data(24/25),$388.20M,
BCN-VCNT,err:BCN_insufficient_data(24/25),$430.21M,
BCN-DASH,err:BCN_insufficient_data(24/25),$663.20M,
BCN-CARDS,err:BCN_insufficient_data(24/25),$534.63M,
BCN-USAT,err:BCN_insufficient_data(24/25),$450.99M,
BCN-FF,err:BCN_insufficient_data(24/25),$458.05M,
BCN-USDA,err:BCN_insufficient_data(24/25),$361.94M,
BCN-ZANO,err:BCN_insufficient_data(24/25),$396.92M,
BCN-REUSD,err:BCN_insufficient_data(24/25),$433.20M,
BCN-NEX,err:BCN_insufficient_data(24/25),$356.09M,
BCN-JTO,err:BCN_insufficient_data(24/25),$534.40M,
BCN-IOTA,err:BCN_insufficient_data(24/25),$413.34M,
BCN-AVUSD,err:BCN_insufficient_data(24/25),$381.74M,
BCN-FARTCOIN,err:BCN_insufficient_data(24/25),$388.77M,
BCN-GALA,err:BCN_insufficient_data(24/25),$354.38M,
BCN-ENS,err:BCN_insufficient_data(24/25),$441.83M,
BCN-SOON,err:BCN_insufficient_data(24/25),$355.77M,
BCN-WIF,err:BCN_insufficient_data(24/25),$412.11M,
BCN-SPCXB,err:BCN_insufficient_data(24/25),$351.30M,
BCN-STRCX,err:BCN_insufficient_data(24/25),$406.56M,
BCN-PENGU,err:BCN_insufficient_data(24/25),$637.48M,
BCN-BORG,err:BCN_insufficient_data(24/25),$404.03M,
BCN-TAG,err:BCN_insufficient_data(24/25),$410.83M,
BCN-XEC,err:BCN_insufficient_data(24/25),$385.22M,
BCN-STX,err:BCN_insufficient_data(24/25),$516.28M,
BCN-TEL,err:BCN_insufficient_data(24/25),$440.08M,
BCN-GOMINING,err:BCN_insufficient_data(24/25),$381.33M,
BCN-APE,err:BCN_insufficient_data(24/25),$414.40M,
BCN-EIGEN,err:BCN_insufficient_data(24/25),$406.36M,
BCN-OP,err:BCN_insufficient_data(24/25),$468.92M,
BCN-KAIA,err:BCN_insufficient_data(24/25),$432.57M,
BCN-ZBT,err:BCN_insufficient_data(24/25),$379.71M,
BCN-EURC,err:BCN_insufficient_data(24/25),$715.80M,
BCN-KITE,err:BCN_insufficient_data(24/25),$497.77M,
BCN-RAIL,err:BCN_insufficient_data(24/25),$355.61M,
BCN-SHORT,err:BCN_insufficient_data(24/25),$363.32M,
BCN-TRAC,err:BCN_insufficient_data(24/25),$389.43M,
BCN-PENDLE,err:BCN_insufficient_data(24/25),$516.42M,
BCN-PYTH,err:BCN_insufficient_data(24/25),$587.12M,
BCN-PIEVERSE,err:BCN_insufficient_data(24/25),$447.85M,
BCN-NFT,err:BCN_insufficient_data(24/25),$530.29M,
BCN-RAY,err:BCN_insufficient_data(24/25),$428.77M,
BCN-PC0000031,err:BCN_insufficient_data(24/25),$468.26M,
BCN-GEOD,err:BCN_insufficient_data(24/25),$360.11M,
BCN-PC0000077,err:BCN_insufficient_data(24/25),$365.76M,
BCN-A,err:BCN_insufficient_data(24/25),$368.05M,
BCN-LION,err:BCN_insufficient_data(24/25),$408.14M,
BCN-AIAT,err:BCN_insufficient_data(24/25),$383.74M,
BCN-MX,err:BCN_insufficient_data(24/25),$416.35M,
BCN-THETA,err:BCN_insufficient_data(24/25),$391.86M,
BCN-SN64,err:BCN_insufficient_data(24/25),$355.76M,
BCN-ETHFI,err:BCN_insufficient_data(24/25),$665.65M,
BCN-APYUSD,err:BCN_insufficient_data(24/25),$423.89M,
BCN-KOGE,err:BCN_insufficient_data(24/25),$479.91M,
BCN-BTSE,err:BCN_insufficient_data(24/25),$398.88M,
BCN-VET,err:BCN_insufficient_data(24/25),$654.72M,
BCN-CHZ,err:BCN_insufficient_data(24/25),$409.90M,
BCN-REAL,err:BCN_insufficient_data(24/25),$514.82M,
BCN-MON,err:BCN_insufficient_data(24/25),$513.96M,
BCN-SAFO,err:BCN_insufficient_data(24/25),$422.76M,
BCN-MANA,err:BCN_insufficient_data(24/25),$397.15M,
BCN-PRL,err:BCN_insufficient_data(24/25),$349.83M,
BCN-GLIDR,err:BCN_insufficient_data(24/25),$367.15M,
BCN-ONYC,err:BCN_insufficient_data(24/25),$511.97M,
BCN-A7A5,err:BCN_insufficient_data(24/25),$743.97M,
BCN-MET,err:BCN_insufficient_data(24/25),$355.18M,
BCN-Q,err:BCN_insufficient_data(24/25),$485.71M,
BCN-COMP,err:BCN_insufficient_data(24/25),$425.09M,
BCN-SYRUP,err:BCN_insufficient_data(24/25),$473.01M,
BCN-FRXUSD,err:BCN_insufficient_data(24/25),$375.69M,
BCN-BTT,err:BCN_insufficient_data(24/25),$525.24M,
BCN-BAT,err:BCN_insufficient_data(24/25),$369.18M,
BCN-XPIN,err:BCN_insufficient_data(24/25),$410.66M,
BCN-SOSO,err:BCN_insufficient_data(24/25),$382.35M,
BCN-VBILL,err:BCN_insufficient_data(24/25),$457.81M,
BCN-CRCLON,err:BCN_insufficient_data(24/25),$358.62M,
BCN-PEANUT,err:BCN_insufficient_data(24/25),$450.30M,
BCN-AR,err:BCN_insufficient_data(24/25),$381.82M,
BCN-SFP,err:BCN_insufficient_data(24/25),$368.50M,
BCN-PC0000023,err:BCN_insufficient_data(24/25),$366.61M,
BCN-GUSD,err:BCN_insufficient_data(24/25),$415.27M,
BCN-WFI,err:BCN_insufficient_data(24/25),$440.31M,
BCN-GRASS,err:BCN_insufficient_data(24/25),$481.63M,
BCN-PC0000085,err:BCN_insufficient_data(24/25),$372.26M,
BCN-BSV,err:BCN_insufficient_data(24/25),$524.26M,
BCN-JASMY,err:BCN_insufficient_data(24/25),$477.35M,
BCN-ANTFUN,err:BCN_insufficient_data(24/25),$548.07M,
BCN-USDAI,err:BCN_insufficient_data(24/25),$423.20M,
BCN-AERO,err:BCN_insufficient_data(24/25),$680.14M,
BCN-BONK,err:BCN_insufficient_data(24/25),$530.71M,
BCN-SUN,err:BCN_insufficient_data(24/25),$608.05M,
BCN-EURCV,err:BCN_insufficient_data(24/25),$415.20M,
BCN-USDZ,err:BCN_insufficient_data(24/25),$393.15M,
BCN-AKE,err:BCN_insufficient_data(24/25),$361.29M,
BCN-XCN,err:BCN_insufficient_data(24/25),$395.42M,
BCN-TRUMP,err:BCN_insufficient_data(24/25),$623.15M,
BCN-FET,err:BCN_insufficient_data(24/25),$571.68M,
BCN-FRAX,err:BCN_insufficient_data(24/25),$485.83M,
BCN-THBILL,err:BCN_insufficient_data(24/25),$383.70M,
BCN-ZAMA,err:BCN_insufficient_data(24/25),$403.58M,
BCN-SHFL,err:BCN_insufficient_data(24/25),$387.16M,
BCN-USDF,err:BCN_insufficient_data(24/25),$377.60M,
BCN-XPL,err:BCN_insufficient_data(24/25),$486.35M,
VSN-APE,err:APE_insufficient_data(9/25),$299.53M,
LUNC-APE,err:APE_insufficient_data(9/25),$427.54M,
PC0000015-APE,err:APE_insufficient_data(9/25),$258.87M,
IMX-APE,err:APE_insufficient_data(9/25),$375.96M,
NXM-APE,err:APE_insufficient_data(9/25),$235.51M,
SPX-APE,err:APE_insufficient_data(9/25),$450.71M,
UB-APE,err:APE_insufficient_data(9/25),$509.48M,
OUSG-APE,err:APE_insufficient_data(9/25),$528.89M,
STAC-APE,err:APE_insufficient_data(9/25),$251.28M,
1INCH-APE,err:APE_insufficient_data(9/25),$264.46M,
RLB-APE,err:APE_insufficient_data(9/25),$252.91M,
DYDX-APE,err:APE_insufficient_data(9/25),$246.51M,
APR-APE,err:APE_insufficient_data(9/25),$345.03M,
DRV-APE,err:APE_insufficient_data(9/25),$251.28M,
EDGE-APE,err:APE_insufficient_data(9/25),$284.61M,
INJ-APE,err:APE_insufficient_data(9/25),$607.88M,
KAU-APE,err:APE_insufficient_data(9/25),$456.95M,
LDO-APE,err:APE_insufficient_data(9/25),$451.84M,
EARNETH-APE,err:APE_insufficient_data(9/25),$295.58M,
GRT-APE,err:APE_insufficient_data(9/25),$309.98M,
USDTB-APE,err:APE_insufficient_data(9/25),$504.16M,
VELVET-APE,err:APE_insufficient_data(9/25),$315.14M,
BC-APE,err:APE_insufficient_data(9/25),$368.21M,
DEXE-APE,err:APE_insufficient_data(9/25),$422.72M,
OZO-APE,err:APE_insufficient_data(9/25),$273.94M,
2Z-APE,err:APE_insufficient_data(9/25),$350.98M,
CASH-APE,err:APE_insufficient_data(9/25),$270.66M,
ZBCN-APE,err:APE_insufficient_data(9/25),$325.91M,
CVX-APE,err:APE_insufficient_data(9/25),$283.46M,
TIA-APE,err:APE_insufficient_data(9/25),$455.13M,
US-APE,err:APE_insufficient_data(9/25),$567.61M,
VIRTUAL-APE,err:APE_insufficient_data(9/25),$518.21M,
ZRO-APE,err:APE_insufficient_data(9/25),$433.39M,
AKT-APE,err:APE_insufficient_data(9/25),$277.03M,
TKX-APE,err:APE_insufficient_data(9/25),$252.08M,
APEPE-APE,err:APE_insufficient_data(9/25),$350.00M,
USTBL-APE,err:APE_insufficient_data(9/25),$309.48M,
OHM-APE,err:APE_insufficient_data(9/25),$424.44M,
GRX-APE,err:APE_insufficient_data(9/25),$272.74M,
META-APE,err:APE_insufficient_data(9/25),$244.05M,
APXUSD-APE,err:APE_insufficient_data(9/25),$443.70M,
GNO-APE,err:APE_insufficient_data(9/25),$431.28M,
USDAT-APE,err:APE_insufficient_data(9/25),$288.44M,
TWT-APE,err:APE_insufficient_data(9/25),$297.11M,
CAKE-APE,err:APE_insufficient_data(9/25),$595.83M,
ZK-APE,err:APE_insufficient_data(9/25),$232.99M,
FLUID-APE,err:APE_insufficient_data(9/25),$234.93M,
COCO-APE,err:APE_insufficient_data(9/25),$332.86M,
TIBBIR-APE,err:APE_insufficient_data(9/25),$255.12M,
GPS-APE,err:APE_insufficient_data(9/25),$244.65M,
DCR-APE,err:APE_insufficient_data(9/25),$351.42M,
NEO-APE,err:APE_insufficient_data(9/25),$282.41M,
GLM-APE,err:APE_insufficient_data(9/25),$243.40M,
AXS-APE,err:APE_insufficient_data(9/25),$292.33M,
KAG-APE,err:APE_insufficient_data(9/25),$362.33M,
CHEEMS-APE,err:APE_insufficient_data(9/25),$248.96M,
KMNO-APE,err:APE_insufficient_data(9/25),$246.66M,
XTZ-APE,err:APE_insufficient_data(9/25),$374.11M,
ULTIMA-APE,err:APE_insufficient_data(9/25),$330.34M,
KAITO-APE,err:APE_insufficient_data(9/25),$457.91M,
BP-APE,err:APE_insufficient_data(9/25),$262.88M,
UQC-APE,err:APE_insufficient_data(9/25),$256.66M,
STRK-APE,err:APE_insufficient_data(9/25),$337.85M,
CTOC-APE,err:APE_insufficient_data(9/25),$423.64M,
PC0000033-APE,err:APE_insufficient_data(9/25),$311.14M,
ICNT-APE,err:APE_insufficient_data(9/25),$250.21M,
FDUSD-APE,err:APE_insufficient_data(9/25),$494.74M,
PC0000097-APE,err:APE_insufficient_data(9/25),$282.64M,
WEMIX-APE,err:APE_insufficient_data(9/25),$249.06M,
ACRED-APE,err:APE_insufficient_data(9/25),$263.68M,
UUSD-APE,err:APE_insufficient_data(9/25),$248.42M,
FLOKI-APE,err:APE_insufficient_data(9/25),$347.15M,
SAND-APE,err:APE_insufficient_data(9/25),$273.83M,
AWE-APE,err:APE_insufficient_data(9/25),$254.46M,
CRVUSD-APE,err:APE_insufficient_data(9/25),$360.69M,
SNX-APE,err:APE_insufficient_data(9/25),$271.07M,
VCNT-APE,err:APE_insufficient_data(9/25),$313.08M,
DASH-APE,err:APE_insufficient_data(9/25),$546.07M,
CARDS-APE,err:APE_insufficient_data(9/25),$417.51M,
USAT-APE,err:APE_insufficient_data(9/25),$333.87M,
FF-APE,err:APE_insufficient_data(9/25),$340.92M,
USDA-APE,err:APE_insufficient_data(9/25),$244.82M,
ZANO-APE,err:APE_insufficient_data(9/25),$279.80M,
REUSD-APE,err:APE_insufficient_data(9/25),$316.07M,
NEX-APE,err:APE_insufficient_data(9/25),$238.97M,
JTO-APE,err:APE_insufficient_data(9/25),$417.28M,
IOTA-APE,err:APE_insufficient_data(9/25),$296.21M,
AVUSD-APE,err:APE_insufficient_data(9/25),$264.62M,
FARTCOIN-APE,err:APE_insufficient_data(9/25),$271.65M,
GALA-APE,err:APE_insufficient_data(9/25),$237.25M,
ENS-APE,err:APE_insufficient_data(9/25),$324.71M,
SOON-APE,err:APE_insufficient_data(9/25),$238.65M,
WIF-APE,err:APE_insufficient_data(9/25),$294.98M,
SPCXB-APE,err:APE_insufficient_data(9/25),$234.17M,
STRCX-APE,err:APE_insufficient_data(9/25),$289.43M,
PENGU-APE,err:APE_insufficient_data(9/25),$520.36M,
BORG-APE,err:APE_insufficient_data(9/25),$286.91M,
TAG-APE,err:APE_insufficient_data(9/25),$293.71M,
XEC-APE,err:APE_insufficient_data(9/25),$268.10M,
STX-APE,err:APE_insufficient_data(9/25),$399.16M,
TEL-APE,err:APE_insufficient_data(9/25),$322.95M,
GOMINING-APE,err:APE_insufficient_data(9/25),$264.20M,
APE-EIGEN,err:APE_insufficient_data(9/25),$289.23M,
APE-OP,err:APE_insufficient_data(9/25),$351.79M,
APE-KAIA,err:APE_insufficient_data(9/25),$315.44M,
APE-ZBT,err:APE_insufficient_data(9/25),$262.59M,
APE-EURC,err:APE_insufficient_data(9/25),$598.68M,
APE-KITE,err:APE_insufficient_data(9/25),$380.64M,
APE-RAIL,err:APE_insufficient_data(9/25),$238.48M,
APE-SHORT,err:APE_insufficient_data(9/25),$246.19M,
APE-TRAC,err:APE_insufficient_data(9/25),$272.31M,
APE-PENDLE,err:APE_insufficient_data(9/25),$399.29M,
APE-PYTH,err:APE_insufficient_data(9/25),$470.00M,
APE-PIEVERSE,err:APE_insufficient_data(9/25),$330.72M,
APE-NFT,err:APE_insufficient_data(9/25),$413.16M,
APE-RAY,err:APE_insufficient_data(9/25),$311.65M,
APE-PC0000031,err:APE_insufficient_data(9/25),$351.14M,
APE-GEOD,err:APE_insufficient_data(9/25),$242.98M,
APE-PC0000077,err:APE_insufficient_data(9/25),$248.64M,
APE-A,err:APE_insufficient_data(9/25),$250.93M,
APE-LION,err:APE_insufficient_data(9/25),$291.02M,
APE-AIAT,err:APE_insufficient_data(9/25),$266.62M,
APE-MX,err:APE_insufficient_data(9/25),$299.23M,
APE-THETA,err:APE_insufficient_data(9/25),$274.73M,
APE-SN64,err:APE_insufficient_data(9/25),$238.63M,
APE-ETHFI,err:APE_insufficient_data(9/25),$548.53M,
APE-APYUSD,err:APE_insufficient_data(9/25),$306.77M,
APE-KOGE,err:APE_insufficient_data(9/25),$362.79M,
APE-BTSE,err:APE_insufficient_data(9/25),$281.75M,
APE-VET,err:APE_insufficient_data(9/25),$537.60M,
APE-CHZ,err:APE_insufficient_data(9/25),$292.78M,
APE-REAL,err:APE_insufficient_data(9/25),$397.70M,
APE-MON,err:APE_insufficient_data(9/25),$396.83M,
APE-SAFO,err:APE_insufficient_data(9/25),$305.64M,
APE-MANA,err:APE_insufficient_data(9/25),$280.02M,
APE-PRL,err:APE_insufficient_data(9/25),$232.71M,
APE-GLIDR,err:APE_insufficient_data(9/25),$250.02M,
APE-ONYC,err:APE_insufficient_data(9/25),$394.84M,
APE-A7A5,err:APE_insufficient_data(9/25),$626.84M,
APE-MET,err:APE_insufficient_data(9/25),$238.06M,
APE-Q,err:APE_insufficient_data(9/25),$368.59M,
APE-COMP,err:APE_insufficient_data(9/25),$307.96M,
APE-SYRUP,err:APE_insufficient_data(9/25),$355.89M,
APE-FRXUSD,err:APE_insufficient_data(9/25),$258.56M,
APE-BTT,err:APE_insufficient_data(9/25),$408.11M,
APE-BAT,err:APE_insufficient_data(9/25),$252.05M,
APE-XPIN,err:APE_insufficient_data(9/25),$293.54M,
APE-SOSO,err:APE_insufficient_data(9/25),$265.23M,
APE-VBILL,err:APE_insufficient_data(9/25),$340.68M,
APE-CRCLON,err:APE_insufficient_data(9/25),$241.49M,
APE-PEANUT,err:APE_insufficient_data(9/25),$333.18M,
APE-AR,err:APE_insufficient_data(9/25),$264.69M,
APE-SFP,err:APE_insufficient_data(9/25),$251.37M,
APE-PC0000023,err:APE_insufficient_data(9/25),$249.49M,
APE-GUSD,err:APE_insufficient_data(9/25),$298.15M,
APE-WFI,err:APE_insufficient_data(9/25),$323.18M,
APE-GRASS,err:APE_insufficient_data(9/25),$364.51M,
APE-PC0000085,err:APE_insufficient_data(9/25),$255.14M,
APE-BSV,err:APE_insufficient_data(9/25),$407.13M,
APE-JASMY,err:APE_insufficient_data(9/25),$360.23M,
APE-ANTFUN,err:APE_insufficient_data(9/25),$430.95M,
APE-USDAI,err:APE_insufficient_data(9/25),$306.08M,
APE-AERO,err:APE_insufficient_data(9/25),$563.01M,
APE-BONK,err:APE_insufficient_data(9/25),$413.59M,
APE-SUN,err:APE_insufficient_data(9/25),$490.93M,
APE-EURCV,err:APE_insufficient_data(9/25),$298.08M,
APE-USDZ,err:APE_insufficient_data(9/25),$276.03M,
APE-AKE,err:APE_insufficient_data(9/25),$244.16M,
APE-XCN,err:APE_insufficient_data(9/25),$278.30M,
APE-TRUMP,err:APE_insufficient_data(9/25),$506.03M,
APE-FET,err:APE_insufficient_data(9/25),$454.56M,
APE-FRAX,err:APE_insufficient_data(9/25),$368.71M,
APE-THBILL,err:APE_insufficient_data(9/25),$266.57M,
APE-ZAMA,err:APE_insufficient_data(9/25),$286.45M,
APE-SHFL,err:APE_insufficient_data(9/25),$270.04M,
APE-USDF,err:APE_insufficient_data(9/25),$260.48M,
APE-XPL,err:APE_insufficient_data(9/25),$369.23M,
VSN-ANTFUN,err:ANTFUN_insufficient_data(13/25),$433.20M,
LUNC-ANTFUN,err:ANTFUN_insufficient_data(13/25),$561.21M,
PC0000015-ANTFUN,err:ANTFUN_insufficient_data(13/25),$392.53M,
IMX-ANTFUN,err:ANTFUN_insufficient_data(13/25),$509.63M,
NXM-ANTFUN,err:ANTFUN_insufficient_data(13/25),$369.18M,
SPX-ANTFUN,err:ANTFUN_insufficient_data(13/25),$584.38M,
UB-ANTFUN,err:ANTFUN_insufficient_data(13/25),$643.14M,
OUSG-ANTFUN,err:ANTFUN_insufficient_data(13/25),$662.56M,
STAC-ANTFUN,err:ANTFUN_insufficient_data(13/25),$384.95M,
1INCH-ANTFUN,err:ANTFUN_insufficient_data(13/25),$398.12M,
RLB-ANTFUN,err:ANTFUN_insufficient_data(13/25),$386.58M,
DYDX-ANTFUN,err:ANTFUN_insufficient_data(13/25),$380.17M,
APR-ANTFUN,err:ANTFUN_insufficient_data(13/25),$478.70M,
DRV-ANTFUN,err:ANTFUN_insufficient_data(13/25),$384.95M,
EDGE-ANTFUN,err:ANTFUN_insufficient_data(13/25),$418.28M,
INJ-ANTFUN,err:ANTFUN_insufficient_data(13/25),$741.54M,
KAU-ANTFUN,err:ANTFUN_insufficient_data(13/25),$590.61M,
LDO-ANTFUN,err:ANTFUN_insufficient_data(13/25),$585.50M,
EARNETH-ANTFUN,err:ANTFUN_insufficient_data(13/25),$429.25M,
GRT-ANTFUN,err:ANTFUN_insufficient_data(13/25),$443.65M,
USDTB-ANTFUN,err:ANTFUN_insufficient_data(13/25),$637.83M,
VELVET-ANTFUN,err:ANTFUN_insufficient_data(13/25),$448.81M,
BC-ANTFUN,err:ANTFUN_insufficient_data(13/25),$501.88M,
DEXE-ANTFUN,err:ANTFUN_insufficient_data(13/25),$556.39M,
OZO-ANTFUN,err:ANTFUN_insufficient_data(13/25),$407.60M,
2Z-ANTFUN,err:ANTFUN_insufficient_data(13/25),$484.64M,
CASH-ANTFUN,err:ANTFUN_insufficient_data(13/25),$404.33M,
ZBCN-ANTFUN,err:ANTFUN_insufficient_data(13/25),$459.58M,
CVX-ANTFUN,err:ANTFUN_insufficient_data(13/25),$417.12M,
TIA-ANTFUN,err:ANTFUN_insufficient_data(13/25),$588.80M,
US-ANTFUN,err:ANTFUN_insufficient_data(13/25),$701.27M,
VIRTUAL-ANTFUN,err:ANTFUN_insufficient_data(13/25),$651.88M,
ZRO-ANTFUN,err:ANTFUN_insufficient_data(13/25),$567.06M,
AKT-ANTFUN,err:ANTFUN_insufficient_data(13/25),$410.70M,
TKX-ANTFUN,err:ANTFUN_insufficient_data(13/25),$385.75M,
APEPE-ANTFUN,err:ANTFUN_insufficient_data(13/25),$483.67M,
USTBL-ANTFUN,err:ANTFUN_insufficient_data(13/25),$443.15M,
OHM-ANTFUN,err:ANTFUN_insufficient_data(13/25),$558.11M,
GRX-ANTFUN,err:ANTFUN_insufficient_data(13/25),$406.41M,
META-ANTFUN,err:ANTFUN_insufficient_data(13/25),$377.72M,
APXUSD-ANTFUN,err:ANTFUN_insufficient_data(13/25),$577.36M,
GNO-ANTFUN,err:ANTFUN_insufficient_data(13/25),$564.95M,
USDAT-ANTFUN,err:ANTFUN_insufficient_data(13/25),$422.11M,
TWT-ANTFUN,err:ANTFUN_insufficient_data(13/25),$430.77M,
CAKE-ANTFUN,err:ANTFUN_insufficient_data(13/25),$729.50M,
ZK-ANTFUN,err:ANTFUN_insufficient_data(13/25),$366.66M,
FLUID-ANTFUN,err:ANTFUN_insufficient_data(13/25),$368.59M,
COCO-ANTFUN,err:ANTFUN_insufficient_data(13/25),$466.53M,
TIBBIR-ANTFUN,err:ANTFUN_insufficient_data(13/25),$388.79M,
GPS-ANTFUN,err:ANTFUN_insufficient_data(13/25),$378.32M,
DCR-ANTFUN,err:ANTFUN_insufficient_data(13/25),$485.09M,
NEO-ANTFUN,err:ANTFUN_insufficient_data(13/25),$416.08M,
GLM-ANTFUN,err:ANTFUN_insufficient_data(13/25),$377.07M,
AXS-ANTFUN,err:ANTFUN_insufficient_data(13/25),$426.00M,
KAG-ANTFUN,err:ANTFUN_insufficient_data(13/25),$496.00M,
CHEEMS-ANTFUN,err:ANTFUN_insufficient_data(13/25),$382.63M,
KMNO-ANTFUN,err:ANTFUN_insufficient_data(13/25),$380.33M,
XTZ-ANTFUN,err:ANTFUN_insufficient_data(13/25),$507.78M,
ULTIMA-ANTFUN,err:ANTFUN_insufficient_data(13/25),$464.01M,
KAITO-ANTFUN,err:ANTFUN_insufficient_data(13/25),$591.58M,
BP-ANTFUN,err:ANTFUN_insufficient_data(13/25),$396.54M,
UQC-ANTFUN,err:ANTFUN_insufficient_data(13/25),$390.33M,
STRK-ANTFUN,err:ANTFUN_insufficient_data(13/25),$471.52M,
CTOC-ANTFUN,err:ANTFUN_insufficient_data(13/25),$557.31M,
PC0000033-ANTFUN,err:ANTFUN_insufficient_data(13/25),$444.81M,
ICNT-ANTFUN,err:ANTFUN_insufficient_data(13/25),$383.88M,
FDUSD-ANTFUN,err:ANTFUN_insufficient_data(13/25),$628.40M,
PC0000097-ANTFUN,err:ANTFUN_insufficient_data(13/25),$416.31M,
WEMIX-ANTFUN,err:ANTFUN_insufficient_data(13/25),$382.73M,
ACRED-ANTFUN,err:ANTFUN_insufficient_data(13/25),$397.35M,
UUSD-ANTFUN,err:ANTFUN_insufficient_data(13/25),$382.09M,
FLOKI-ANTFUN,err:ANTFUN_insufficient_data(13/25),$480.82M,
SAND-ANTFUN,err:ANTFUN_insufficient_data(13/25),$407.50M,
AWE-ANTFUN,err:ANTFUN_insufficient_data(13/25),$388.13M,
CRVUSD-ANTFUN,err:ANTFUN_insufficient_data(13/25),$494.36M,
SNX-ANTFUN,err:ANTFUN_insufficient_data(13/25),$404.74M,
VCNT-ANTFUN,err:ANTFUN_insufficient_data(13/25),$446.75M,
DASH-ANTFUN,err:ANTFUN_insufficient_data(13/25),$679.74M,
CARDS-ANTFUN,err:ANTFUN_insufficient_data(13/25),$551.17M,
USAT-ANTFUN,err:ANTFUN_insufficient_data(13/25),$467.54M,
FF-ANTFUN,err:ANTFUN_insufficient_data(13/25),$474.59M,
USDA-ANTFUN,err:ANTFUN_insufficient_data(13/25),$378.48M,
ZANO-ANTFUN,err:ANTFUN_insufficient_data(13/25),$413.47M,
REUSD-ANTFUN,err:ANTFUN_insufficient_data(13/25),$449.74M,
NEX-ANTFUN,err:ANTFUN_insufficient_data(13/25),$372.64M,
JTO-ANTFUN,err:ANTFUN_insufficient_data(13/25),$550.94M,
IOTA-ANTFUN,err:ANTFUN_insufficient_data(13/25),$429.88M,
AVUSD-ANTFUN,err:ANTFUN_insufficient_data(13/25),$398.28M,
FARTCOIN-ANTFUN,err:ANTFUN_insufficient_data(13/25),$405.32M,
GALA-ANTFUN,err:ANTFUN_insufficient_data(13/25),$370.92M,
ENS-ANTFUN,err:ANTFUN_insufficient_data(13/25),$458.38M,
SOON-ANTFUN,err:ANTFUN_insufficient_data(13/25),$372.32M,
WIF-ANTFUN,err:ANTFUN_insufficient_data(13/25),$428.65M,
SPCXB-ANTFUN,err:ANTFUN_insufficient_data(13/25),$367.84M,
STRCX-ANTFUN,err:ANTFUN_insufficient_data(13/25),$423.10M,
PENGU-ANTFUN,err:ANTFUN_insufficient_data(13/25),$654.02M,
BORG-ANTFUN,err:ANTFUN_insufficient_data(13/25),$420.58M,
TAG-ANTFUN,err:ANTFUN_insufficient_data(13/25),$427.37M,
XEC-ANTFUN,err:ANTFUN_insufficient_data(13/25),$401.76M,
STX-ANTFUN,err:ANTFUN_insufficient_data(13/25),$532.82M,
TEL-ANTFUN,err:ANTFUN_insufficient_data(13/25),$456.62M,
GOMINING-ANTFUN,err:ANTFUN_insufficient_data(13/25),$397.87M,
EIGEN-ANTFUN,err:ANTFUN_insufficient_data(13/25),$422.90M,
ZBT-ANTFUN,err:ANTFUN_insufficient_data(13/25),$396.25M,
EURC-ANTFUN,err:ANTFUN_insufficient_data(13/25),$732.34M,
KITE-ANTFUN,err:ANTFUN_insufficient_data(13/25),$514.31M,
RAIL-ANTFUN,err:ANTFUN_insufficient_data(13/25),$372.15M,
SHORT-ANTFUN,err:ANTFUN_insufficient_data(13/25),$379.86M,
TRAC-ANTFUN,err:ANTFUN_insufficient_data(13/25),$405.97M,
PENDLE-ANTFUN,err:ANTFUN_insufficient_data(13/25),$532.96M,
PYTH-ANTFUN,err:ANTFUN_insufficient_data(13/25),$603.67M,
PIEVERSE-ANTFUN,err:ANTFUN_insufficient_data(13/25),$464.39M,
NFT-ANTFUN,err:ANTFUN_insufficient_data(13/25),$546.83M,
RAY-ANTFUN,err:ANTFUN_insufficient_data(13/25),$445.31M,
PC0000031-ANTFUN,err:ANTFUN_insufficient_data(13/25),$484.81M,
GEOD-ANTFUN,err:ANTFUN_insufficient_data(13/25),$376.65M,
PC0000077-ANTFUN,err:ANTFUN_insufficient_data(13/25),$382.31M,
A-ANTFUN,err:ANTFUN_insufficient_data(13/25),$384.60M,
AIAT-ANTFUN,err:ANTFUN_insufficient_data(13/25),$400.29M,
MX-ANTFUN,err:ANTFUN_insufficient_data(13/25),$432.90M,
THETA-ANTFUN,err:ANTFUN_insufficient_data(13/25),$408.40M,
SN64-ANTFUN,err:ANTFUN_insufficient_data(13/25),$372.30M,
ETHFI-ANTFUN,err:ANTFUN_insufficient_data(13/25),$682.20M,
APYUSD-ANTFUN,err:ANTFUN_insufficient_data(13/25),$440.43M,
KOGE-ANTFUN,err:ANTFUN_insufficient_data(13/25),$496.46M,
BTSE-ANTFUN,err:ANTFUN_insufficient_data(13/25),$415.42M,
VET-ANTFUN,err:ANTFUN_insufficient_data(13/25),$671.26M,
CHZ-ANTFUN,err:ANTFUN_insufficient_data(13/25),$426.45M,
REAL-ANTFUN,err:ANTFUN_insufficient_data(13/25),$531.37M,
MON-ANTFUN,err:ANTFUN_insufficient_data(13/25),$530.50M,
MANA-ANTFUN,err:ANTFUN_insufficient_data(13/25),$413.69M,
PRL-ANTFUN,err:ANTFUN_insufficient_data(13/25),$366.38M,
GLIDR-ANTFUN,err:ANTFUN_insufficient_data(13/25),$383.69M,
ONYC-ANTFUN,err:ANTFUN_insufficient_data(13/25),$528.51M,
A7A5-ANTFUN,err:ANTFUN_insufficient_data(13/25),$760.51M,
MET-ANTFUN,err:ANTFUN_insufficient_data(13/25),$371.72M,
COMP-ANTFUN,err:ANTFUN_insufficient_data(13/25),$441.63M,
SYRUP-ANTFUN,err:ANTFUN_insufficient_data(13/25),$489.55M,
FRXUSD-ANTFUN,err:ANTFUN_insufficient_data(13/25),$392.23M,
BTT-ANTFUN,err:ANTFUN_insufficient_data(13/25),$541.78M,
BAT-ANTFUN,err:ANTFUN_insufficient_data(13/25),$385.72M,
XPIN-ANTFUN,err:ANTFUN_insufficient_data(13/25),$427.20M,
SOSO-ANTFUN,err:ANTFUN_insufficient_data(13/25),$398.90M,
VBILL-ANTFUN,err:ANTFUN_insufficient_data(13/25),$474.35M,
CRCLON-ANTFUN,err:ANTFUN_insufficient_data(13/25),$375.16M,
PEANUT-ANTFUN,err:ANTFUN_insufficient_data(13/25),$466.84M,
AR-ANTFUN,err:ANTFUN_insufficient_data(13/25),$398.36M,
SFP-ANTFUN,err:ANTFUN_insufficient_data(13/25),$385.04M,
PC0000023-ANTFUN,err:ANTFUN_insufficient_data(13/25),$383.15M,
GUSD-ANTFUN,err:ANTFUN_insufficient_data(13/25),$431.81M,
WFI-ANTFUN,err:ANTFUN_insufficient_data(13/25),$456.85M,
GRASS-ANTFUN,err:ANTFUN_insufficient_data(13/25),$498.18M,
PC0000085-ANTFUN,err:ANTFUN_insufficient_data(13/25),$388.81M,
BSV-ANTFUN,err:ANTFUN_insufficient_data(13/25),$540.80M,
JASMY-ANTFUN,err:ANTFUN_insufficient_data(13/25),$493.89M,
ANTFUN-USDAI,err:ANTFUN_insufficient_data(13/25),$439.75M,
ANTFUN-AERO,err:ANTFUN_insufficient_data(13/25),$696.68M,
ANTFUN-BONK,err:ANTFUN_insufficient_data(13/25),$547.25M,
ANTFUN-SUN,err:ANTFUN_insufficient_data(13/25),$624.60M,
ANTFUN-EURCV,err:ANTFUN_insufficient_data(13/25),$431.74M,
ANTFUN-USDZ,err:ANTFUN_insufficient_data(13/25),$409.70M,
ANTFUN-AKE,err:ANTFUN_insufficient_data(13/25),$377.83M,
ANTFUN-XCN,err:ANTFUN_insufficient_data(13/25),$411.97M,
ANTFUN-TRUMP,err:ANTFUN_insufficient_data(13/25),$639.70M,
ANTFUN-FET,err:ANTFUN_insufficient_data(13/25),$588.23M,
ANTFUN-FRAX,err:ANTFUN_insufficient_data(13/25),$502.37M,
ANTFUN-THBILL,err:ANTFUN_insufficient_data(13/25),$400.24M,
ANTFUN-ZAMA,err:ANTFUN_insufficient_data(13/25),$420.12M,
ANTFUN-SHFL,err:ANTFUN_insufficient_data(13/25),$403.71M,
ANTFUN-USDF,err:ANTFUN_insufficient_data(13/25),$394.15M,
ANTFUN-XPL,err:ANTFUN_insufficient_data(13/25),$502.89M,
VSN-ALFW,err:ALFW_insufficient_data(13/25),$265.22M,
LUNC-ALFW,err:ALFW_insufficient_data(13/25),$393.23M,
PC0000015-ALFW,err:ALFW_insufficient_data(13/25),$224.56M,
IMX-ALFW,err:ALFW_insufficient_data(13/25),$341.65M,
NXM-ALFW,err:ALFW_insufficient_data(13/25),$201.20M,
SPX-ALFW,err:ALFW_insufficient_data(13/25),$416.40M,
UB-ALFW,err:ALFW_insufficient_data(13/25),$475.17M,
OUSG-ALFW,err:ALFW_insufficient_data(13/25),$494.58M,
STAC-ALFW,err:ALFW_insufficient_data(13/25),$216.97M,
1INCH-ALFW,err:ALFW_insufficient_data(13/25),$230.15M,
RLB-ALFW,err:ALFW_insufficient_data(13/25),$218.60M,
DYDX-ALFW,err:ALFW_insufficient_data(13/25),$212.20M,
APR-ALFW,err:ALFW_insufficient_data(13/25),$310.72M,
DRV-ALFW,err:ALFW_insufficient_data(13/25),$216.97M,
EDGE-ALFW,err:ALFW_insufficient_data(13/25),$250.30M,
INJ-ALFW,err:ALFW_insufficient_data(13/25),$573.57M,
KAU-ALFW,err:ALFW_insufficient_data(13/25),$422.64M,
LDO-ALFW,err:ALFW_insufficient_data(13/25),$417.53M,
EARNETH-ALFW,err:ALFW_insufficient_data(13/25),$261.27M,
GRT-ALFW,err:ALFW_insufficient_data(13/25),$275.67M,
USDTB-ALFW,err:ALFW_insufficient_data(13/25),$469.85M,
VELVET-ALFW,err:ALFW_insufficient_data(13/25),$280.83M,
BC-ALFW,err:ALFW_insufficient_data(13/25),$333.90M,
DEXE-ALFW,err:ALFW_insufficient_data(13/25),$388.41M,
OZO-ALFW,err:ALFW_insufficient_data(13/25),$239.63M,
2Z-ALFW,err:ALFW_insufficient_data(13/25),$316.67M,
CASH-ALFW,err:ALFW_insufficient_data(13/25),$236.35M,
ZBCN-ALFW,err:ALFW_insufficient_data(13/25),$291.60M,
CVX-ALFW,err:ALFW_insufficient_data(13/25),$249.15M,
TIA-ALFW,err:ALFW_insufficient_data(13/25),$420.82M,
US-ALFW,err:ALFW_insufficient_data(13/25),$533.30M,
VIRTUAL-ALFW,err:ALFW_insufficient_data(13/25),$483.90M,
ZRO-ALFW,err:ALFW_insufficient_data(13/25),$399.08M,
AKT-ALFW,err:ALFW_insufficient_data(13/25),$242.72M,
TKX-ALFW,err:ALFW_insufficient_data(13/25),$217.77M,
APEPE-ALFW,err:ALFW_insufficient_data(13/25),$315.69M,
USTBL-ALFW,err:ALFW_insufficient_data(13/25),$275.17M,
ALFW-OHM,err:ALFW_insufficient_data(13/25),$390.13M,
ALFW-B,err:ALFW_insufficient_data(13/25),$282.51M,
ALFW-GRX,err:ALFW_insufficient_data(13/25),$238.43M,
ALFW-META,err:ALFW_insufficient_data(13/25),$209.74M,
ALFW-APXUSD,err:ALFW_insufficient_data(13/25),$409.39M,
ALFW-NIGHT,err:ALFW_insufficient_data(13/25),$416.70M,
ALFW-GNO,err:ALFW_insufficient_data(13/25),$396.97M,
ALFW-USDAT,err:ALFW_insufficient_data(13/25),$254.13M,
ALFW-TWT,err:ALFW_insufficient_data(13/25),$262.80M,
ALFW-CAKE,err:ALFW_insufficient_data(13/25),$561.52M,
ALFW-ZK,err:ALFW_insufficient_data(13/25),$198.68M,
ALFW-FLUID,err:ALFW_insufficient_data(13/25),$200.62M,
ALFW-COCO,err:ALFW_insufficient_data(13/25),$298.55M,
ALFW-TIBBIR,err:ALFW_insufficient_data(13/25),$220.81M,
ALFW-GPS,err:ALFW_insufficient_data(13/25),$210.34M,
ALFW-H,err:ALFW_insufficient_data(13/25),$246.45M,
ALFW-DCR,err:ALFW_insufficient_data(13/25),$317.11M,
ALFW-NEO,err:ALFW_insufficient_data(13/25),$248.10M,
ALFW-GLM,err:ALFW_insufficient_data(13/25),$209.09M,
ALFW-AXS,err:ALFW_insufficient_data(13/25),$258.02M,
ALFW-KAG,err:ALFW_insufficient_data(13/25),$328.02M,
ALFW-CHEEMS,err:ALFW_insufficient_data(13/25),$214.65M,
ALFW-KMNO,err:ALFW_insufficient_data(13/25),$212.35M,
ALFW-XTZ,err:ALFW_insufficient_data(13/25),$339.80M,
ALFW-ULTIMA,err:ALFW_insufficient_data(13/25),$296.03M,
ALFW-KAITO,err:ALFW_insufficient_data(13/25),$423.60M,
ALFW-RUNE,err:ALFW_insufficient_data(13/25),$262.59M,
ALFW-BP,err:ALFW_insufficient_data(13/25),$228.57M,
ALFW-UQC,err:ALFW_insufficient_data(13/25),$222.35M,
ALFW-STRK,err:ALFW_insufficient_data(13/25),$303.54M,
ALFW-CTOC,err:ALFW_insufficient_data(13/25),$389.33M,
ALFW-PC0000033,err:ALFW_insufficient_data(13/25),$276.83M,
ALFW-ICNT,err:ALFW_insufficient_data(13/25),$215.90M,
ALFW-FDUSD,err:ALFW_insufficient_data(13/25),$460.43M,
ALFW-PC0000097,err:ALFW_insufficient_data(13/25),$248.33M,
ALFW-WEMIX,err:ALFW_insufficient_data(13/25),$214.75M,
ALFW-ACRED,err:ALFW_insufficient_data(13/25),$229.37M,
ALFW-SMILEK,err:ALFW_insufficient_data(13/25),$201.70M,
ALFW-WM,err:ALFW_insufficient_data(13/25),$200.69M,
ALFW-UUSD,err:ALFW_insufficient_data(13/25),$214.12M,
ALFW-FLOKI,err:ALFW_insufficient_data(13/25),$312.84M,
ALFW-SAND,err:ALFW_insufficient_data(13/25),$239.52M,
ALFW-AWE,err:ALFW_insufficient_data(13/25),$220.15M,
ALFW-CRVUSD,err:ALFW_insufficient_data(13/25),$326.38M,
ALFW-GENIUS,err:ALFW_insufficient_data(13/25),$227.71M,
ALFW-SNX,err:ALFW_insufficient_data(13/25),$236.76M,
ALFW-VCNT,err:ALFW_insufficient_data(13/25),$278.77M,
ALFW-DASH,err:ALFW_insufficient_data(13/25),$511.76M,
ALFW-CARDS,err:ALFW_insufficient_data(13/25),$383.20M,
ALFW-USAT,err:ALFW_insufficient_data(13/25),$299.56M,
ALFW-FF,err:ALFW_insufficient_data(13/25),$306.61M,
ALFW-USDA,err:ALFW_insufficient_data(13/25),$210.51M,
ALFW-ZANO,err:ALFW_insufficient_data(13/25),$245.49M,
ALFW-REUSD,err:ALFW_insufficient_data(13/25),$281.76M,
ALFW-NEX,err:ALFW_insufficient_data(13/25),$204.66M,
ALFW-JTO,err:ALFW_insufficient_data(13/25),$382.97M,
ALFW-IOTA,err:ALFW_insufficient_data(13/25),$261.90M,
ALFW-AVUSD,err:ALFW_insufficient_data(13/25),$230.31M,
ALFW-FARTCOIN,err:ALFW_insufficient_data(13/25),$237.34M,
ALFW-GALA,err:ALFW_insufficient_data(13/25),$202.94M,
ALFW-ENS,err:ALFW_insufficient_data(13/25),$290.40M,
ALFW-SOON,err:ALFW_insufficient_data(13/25),$204.34M,
ALFW-WIF,err:ALFW_insufficient_data(13/25),$260.67M,
ALFW-SPCXB,err:ALFW_insufficient_data(13/25),$199.87M,
ALFW-STRCX,err:ALFW_insufficient_data(13/25),$255.12M,
ALFW-PENGU,err:ALFW_insufficient_data(13/25),$486.05M,
ALFW-BORG,err:ALFW_insufficient_data(13/25),$252.60M,
ALFW-TAG,err:ALFW_insufficient_data(13/25),$259.40M,
ALFW-XEC,err:ALFW_insufficient_data(13/25),$233.79M,
ALFW-STX,err:ALFW_insufficient_data(13/25),$364.85M,
ALFW-TEL,err:ALFW_insufficient_data(13/25),$288.64M,
ALFW-GOMINING,err:ALFW_insufficient_data(13/25),$229.89M,
ALFW-APE,err:ALFW_insufficient_data(13/25),$262.97M,
ALFW-EIGEN,err:ALFW_insufficient_data(13/25),$254.92M,
ALFW-OP,err:ALFW_insufficient_data(13/25),$317.49M,
ALFW-KAIA,err:ALFW_insufficient_data(13/25),$281.13M,
ALFW-ZBT,err:ALFW_insufficient_data(13/25),$228.28M,
ALFW-EURC,err:ALFW_insufficient_data(13/25),$564.37M,
ALFW-KITE,err:ALFW_insufficient_data(13/25),$346.33M,
ALFW-RAIL,err:ALFW_insufficient_data(13/25),$204.17M,
ALFW-SHORT,err:ALFW_insufficient_data(13/25),$211.88M,
ALFW-TRAC,err:ALFW_insufficient_data(13/25),$238.00M,
ALFW-PENDLE,err:ALFW_insufficient_data(13/25),$364.98M,
ALFW-PYTH,err:ALFW_insufficient_data(13/25),$435.69M,
ALFW-PIEVERSE,err:ALFW_insufficient_data(13/25),$296.41M,
ALFW-NFT,err:ALFW_insufficient_data(13/25),$378.85M,
ALFW-RAY,err:ALFW_insufficient_data(13/25),$277.34M,
ALFW-PC0000031,err:ALFW_insufficient_data(13/25),$316.83M,
ALFW-GEOD,err:ALFW_insufficient_data(13/25),$208.68M,
ALFW-PC0000077,err:ALFW_insufficient_data(13/25),$214.33M,
ALFW-A,err:ALFW_insufficient_data(13/25),$216.62M,
ALFW-LION,err:ALFW_insufficient_data(13/25),$256.71M,
ALFW-AIAT,err:ALFW_insufficient_data(13/25),$232.31M,
ALFW-MX,err:ALFW_insufficient_data(13/25),$264.92M,
ALFW-THETA,err:ALFW_insufficient_data(13/25),$240.42M,
ALFW-SN64,err:ALFW_insufficient_data(13/25),$204.32M,
ALFW-ETHFI,err:ALFW_insufficient_data(13/25),$514.22M,
ALFW-APYUSD,err:ALFW_insufficient_data(13/25),$272.46M,
ALFW-KOGE,err:ALFW_insufficient_data(13/25),$328.48M,
ALFW-BTSE,err:ALFW_insufficient_data(13/25),$247.44M,
ALFW-VET,err:ALFW_insufficient_data(13/25),$503.29M,
ALFW-CHZ,err:ALFW_insufficient_data(13/25),$258.47M,
ALFW-REAL,err:ALFW_insufficient_data(13/25),$363.39M,
ALFW-MON,err:ALFW_insufficient_data(13/25),$362.52M,
ALFW-SAFO,err:ALFW_insufficient_data(13/25),$271.33M,
ALFW-MANA,err:ALFW_insufficient_data(13/25),$245.71M,
ALFW-PRL,err:ALFW_insufficient_data(13/25),$198.40M,
ALFW-GLIDR,err:ALFW_insufficient_data(13/25),$215.71M,
ALFW-ONYC,err:ALFW_insufficient_data(13/25),$360.54M,
ALFW-A7A5,err:ALFW_insufficient_data(13/25),$592.53M,
ALFW-MET,err:ALFW_insufficient_data(13/25),$203.75M,
ALFW-Q,err:ALFW_insufficient_data(13/25),$334.28M,
ALFW-COMP,err:ALFW_insufficient_data(13/25),$273.65M,
ALFW-SYRUP,err:ALFW_insufficient_data(13/25),$321.58M,
ALFW-FRXUSD,err:ALFW_insufficient_data(13/25),$224.25M,
ALFW-BTT,err:ALFW_insufficient_data(13/25),$373.80M,
ALFW-BAT,err:ALFW_insufficient_data(13/25),$217.74M,
ALFW-XPIN,err:ALFW_insufficient_data(13/25),$259.23M,
ALFW-SOSO,err:ALFW_insufficient_data(13/25),$230.92M,
ALFW-VBILL,err:ALFW_insufficient_data(13/25),$306.37M,
ALFW-CRCLON,err:ALFW_insufficient_data(13/25),$207.18M,
ALFW-PEANUT,err:ALFW_insufficient_data(13/25),$298.87M,
ALFW-AR,err:ALFW_insufficient_data(13/25),$230.38M,
ALFW-SFP,err:ALFW_insufficient_data(13/25),$217.06M,
ALFW-PC0000023,err:ALFW_insufficient_data(13/25),$215.18M,
ALFW-GUSD,err:ALFW_insufficient_data(13/25),$263.84M,
ALFW-WFI,err:ALFW_insufficient_data(13/25),$288.87M,
ALFW-GRASS,err:ALFW_insufficient_data(13/25),$330.20M,
ALFW-PC0000085,err:ALFW_insufficient_data(13/25),$220.83M,
ALFW-BSV,err:ALFW_insufficient_data(13/25),$372.82M,
ALFW-JASMY,err:ALFW_insufficient_data(13/25),$325.92M,
ALFW-ANTFUN,err:ALFW_insufficient_data(13/25),$396.64M,
ALFW-USDAI,err:ALFW_insufficient_data(13/25),$271.77M,
ALFW-AERO,err:ALFW_insufficient_data(13/25),$528.70M,
ALFW-BONK,err:ALFW_insufficient_data(13/25),$379.28M,
ALFW-SUN,err:ALFW_insufficient_data(13/25),$456.62M,
ALFW-EURCV,err:ALFW_insufficient_data(13/25),$263.77M,
ALFW-USDZ,err:ALFW_insufficient_data(13/25),$241.72M,
ALFW-AKE,err:ALFW_insufficient_data(13/25),$209.85M,
ALFW-XCN,err:ALFW_insufficient_data(13/25),$243.99M,
ALFW-TRUMP,err:ALFW_insufficient_data(13/25),$471.72M,
ALFW-FET,err:ALFW_insufficient_data(13/25),$420.25M,
ALFW-FRAX,err:ALFW_insufficient_data(13/25),$334.40M,
ALFW-THBILL,err:ALFW_insufficient_data(13/25),$232.26M,
ALFW-ZAMA,err:ALFW_insufficient_data(13/25),$252.14M,
ALFW-SHFL,err:ALFW_insufficient_data(13/25),$235.73M,
ALFW-USDF,err:ALFW_insufficient_data(13/25),$226.17M,
ALFW-XPL,err:ALFW_insufficient_data(13/25),$334.92M,
VSN-AB,err:AB_insufficient_data(23/25),$247.74M,
LUNC-AB,err:AB_insufficient_data(23/25),$375.74M,
PC0000015-AB,err:AB_insufficient_data(23/25),$207.07M,
IMX-AB,err:AB_insufficient_data(23/25),$324.17M,
NXM-AB,err:AB_insufficient_data(23/25),$183.71M,
SPX-AB,err:AB_insufficient_data(23/25),$398.92M,
UB-AB,err:AB_insufficient_data(23/25),$457.68M,
OUSG-AB,err:AB_insufficient_data(23/25),$477.09M,
STAC-AB,err:AB_insufficient_data(23/25),$199.49M,
1INCH-AB,err:AB_insufficient_data(23/25),$212.66M,
RLB-AB,err:AB_insufficient_data(23/25),$201.12M,
DYDX-AB,err:AB_insufficient_data(23/25),$194.71M,
APR-AB,err:AB_insufficient_data(23/25),$293.23M,
DRV-AB,err:AB_insufficient_data(23/25),$199.49M,
EDGE-AB,err:AB_insufficient_data(23/25),$232.82M,
INJ-AB,err:AB_insufficient_data(23/25),$556.08M,
KAU-AB,err:AB_insufficient_data(23/25),$405.15M,
LDO-AB,err:AB_insufficient_data(23/25),$400.04M,
EARNETH-AB,err:AB_insufficient_data(23/25),$243.79M,
GRT-AB,err:AB_insufficient_data(23/25),$258.19M,
USDTB-AB,err:AB_insufficient_data(23/25),$452.37M,
VELVET-AB,err:AB_insufficient_data(23/25),$263.35M,
BC-AB,err:AB_insufficient_data(23/25),$316.41M,
DEXE-AB,err:AB_insufficient_data(23/25),$370.92M,
OZO-AB,err:AB_insufficient_data(23/25),$222.14M,
AB-2Z,err:AB_insufficient_data(23/25),$299.18M,
AB-CASH,err:AB_insufficient_data(23/25),$218.86M,
AB-ZBCN,err:AB_insufficient_data(23/25),$274.12M,
AB-CVX,err:AB_insufficient_data(23/25),$231.66M,
AB-TIA,err:AB_insufficient_data(23/25),$403.33M,
AB-US,err:AB_insufficient_data(23/25),$515.81M,
AB-VIRTUAL,err:AB_insufficient_data(23/25),$466.41M,
AB-ZRO,err:AB_insufficient_data(23/25),$381.60M,
AB-AKT,err:AB_insufficient_data(23/25),$225.24M,
AB-TKX,err:AB_insufficient_data(23/25),$200.29M,
AB-APEPE,err:AB_insufficient_data(23/25),$298.20M,
AB-USTBL,err:AB_insufficient_data(23/25),$257.69M,
AB-ALFW,err:AB_insufficient_data(23/25),$211.17M,
AB-OHM,err:AB_insufficient_data(23/25),$372.65M,
AB-B,err:AB_insufficient_data(23/25),$265.02M,
AB-GRX,err:AB_insufficient_data(23/25),$220.94M,
AB-META,err:AB_insufficient_data(23/25),$192.26M,
AB-APXUSD,err:AB_insufficient_data(23/25),$391.90M,
AB-NIGHT,err:AB_insufficient_data(23/25),$399.22M,
AB-GNO,err:AB_insufficient_data(23/25),$379.49M,
AB-USDAT,err:AB_insufficient_data(23/25),$236.64M,
AB-TWT,err:AB_insufficient_data(23/25),$245.31M,
AB-CAKE,err:AB_insufficient_data(23/25),$544.03M,
AB-ZK,err:AB_insufficient_data(23/25),$181.20M,
AB-FLUID,err:AB_insufficient_data(23/25),$183.13M,
AB-COCO,err:AB_insufficient_data(23/25),$281.06M,
AB-TIBBIR,err:AB_insufficient_data(23/25),$203.33M,
AB-GPS,err:AB_insufficient_data(23/25),$192.85M,
AB-H,err:AB_insufficient_data(23/25),$228.96M,
AB-DCR,err:AB_insufficient_data(23/25),$299.62M,
AB-NEO,err:AB_insufficient_data(23/25),$230.62M,
AB-GLM,err:AB_insufficient_data(23/25),$191.61M,
AB-AXS,err:AB_insufficient_data(23/25),$240.53M,
AB-KAG,err:AB_insufficient_data(23/25),$310.54M,
AB-CHEEMS,err:AB_insufficient_data(23/25),$197.16M,
AB-KMNO,err:AB_insufficient_data(23/25),$194.86M,
AB-XTZ,err:AB_insufficient_data(23/25),$322.32M,
AB-ULTIMA,err:AB_insufficient_data(23/25),$278.54M,
AB-KAITO,err:AB_insufficient_data(23/25),$406.11M,
AB-RUNE,err:AB_insufficient_data(23/25),$245.11M,
AB-BP,err:AB_insufficient_data(23/25),$211.08M,
AB-UQC,err:AB_insufficient_data(23/25),$204.86M,
AB-STRK,err:AB_insufficient_data(23/25),$286.05M,
AB-CTOC,err:AB_insufficient_data(23/25),$371.85M,
AB-PC0000033,err:AB_insufficient_data(23/25),$259.34M,
AB-ICNT,err:AB_insufficient_data(23/25),$198.42M,
AB-FDUSD,err:AB_insufficient_data(23/25),$442.94M,
AB-PC0000097,err:AB_insufficient_data(23/25),$230.84M,
AB-WEMIX,err:AB_insufficient_data(23/25),$197.27M,
AB-ACRED,err:AB_insufficient_data(23/25),$211.88M,
AB-SMILEK,err:AB_insufficient_data(23/25),$184.21M,
AB-WM,err:AB_insufficient_data(23/25),$183.20M,
AB-UUSD,err:AB_insufficient_data(23/25),$196.63M,
AB-FLOKI,err:AB_insufficient_data(23/25),$295.35M,
AB-SAND,err:AB_insufficient_data(23/25),$222.03M,
AB-AWE,err:AB_insufficient_data(23/25),$202.66M,
AB-CRVUSD,err:AB_insufficient_data(23/25),$308.89M,
AB-GENIUS,err:AB_insufficient_data(23/25),$210.23M,
AB-SNX,err:AB_insufficient_data(23/25),$219.28M,
AB-VCNT,err:AB_insufficient_data(23/25),$261.29M,
AB-DASH,err:AB_insufficient_data(23/25),$494.28M,
AB-CARDS,err:AB_insufficient_data(23/25),$365.71M,
AB-USAT,err:AB_insufficient_data(23/25),$282.07M,
AB-FF,err:AB_insufficient_data(23/25),$289.13M,
AB-USDA,err:AB_insufficient_data(23/25),$193.02M,
AB-ZANO,err:AB_insufficient_data(23/25),$228.00M,
AB-REUSD,err:AB_insufficient_data(23/25),$264.28M,
AB-NEX,err:AB_insufficient_data(23/25),$187.17M,
AB-JTO,err:AB_insufficient_data(23/25),$365.48M,
AB-IOTA,err:AB_insufficient_data(23/25),$244.42M,
AB-AVUSD,err:AB_insufficient_data(23/25),$212.82M,
AB-FARTCOIN,err:AB_insufficient_data(23/25),$219.85M,
AB-GALA,err:AB_insufficient_data(23/25),$185.46M,
AB-ENS,err:AB_insufficient_data(23/25),$272.91M,
AB-SOON,err:AB_insufficient_data(23/25),$186.85M,
AB-WIF,err:AB_insufficient_data(23/25),$243.19M,
AB-SPCXB,err:AB_insufficient_data(23/25),$182.38M,
AB-STRCX,err:AB_insufficient_data(23/25),$237.64M,
AB-PENGU,err:AB_insufficient_data(23/25),$468.56M,
AB-BORG,err:AB_insufficient_data(23/25),$235.11M,
AB-TAG,err:AB_insufficient_data(23/25),$241.91M,
AB-XEC,err:AB_insufficient_data(23/25),$216.30M,
AB-STX,err:AB_insufficient_data(23/25),$347.36M,
AB-TEL,err:AB_insufficient_data(23/25),$271.16M,
AB-GOMINING,err:AB_insufficient_data(23/25),$212.41M,
AB-APE,err:AB_insufficient_data(23/25),$245.48M,
AB-EIGEN,err:AB_insufficient_data(23/25),$237.44M,
AB-OP,err:AB_insufficient_data(23/25),$300.00M,
AB-KAIA,err:AB_insufficient_data(23/25),$263.65M,
AB-ZBT,err:AB_insufficient_data(23/25),$210.79M,
AB-EURC,err:AB_insufficient_data(23/25),$546.88M,
AB-KITE,err:AB_insufficient_data(23/25),$328.85M,
AB-RAIL,err:AB_insufficient_data(23/25),$186.69M,
AB-SHORT,err:AB_insufficient_data(23/25),$194.40M,
AB-TRAC,err:AB_insufficient_data(23/25),$220.51M,
AB-PENDLE,err:AB_insufficient_data(23/25),$347.50M,
AB-PYTH,err:AB_insufficient_data(23/25),$418.20M,
AB-PIEVERSE,err:AB_insufficient_data(23/25),$278.93M,
AB-NFT,err:AB_insufficient_data(23/25),$361.37M,
AB-RAY,err:AB_insufficient_data(23/25),$259.85M,
AB-PC0000031,err:AB_insufficient_data(23/25),$299.34M,
AB-GEOD,err:AB_insufficient_data(23/25),$191.19M,
AB-PC0000077,err:AB_insufficient_data(23/25),$196.84M,
AB-A,err:AB_insufficient_data(23/25),$199.13M,
AB-LION,err:AB_insufficient_data(23/25),$239.22M,
AB-AIAT,err:AB_insufficient_data(23/25),$214.82M,
AB-MX,err:AB_insufficient_data(23/25),$247.43M,
AB-THETA,err:AB_insufficient_data(23/25),$222.94M,
AB-SN64,err:AB_insufficient_data(23/25),$186.84M,
AB-ETHFI,err:AB_insufficient_data(23/25),$496.73M,
AB-APYUSD,err:AB_insufficient_data(23/25),$254.97M,
AB-KOGE,err:AB_insufficient_data(23/25),$310.99M,
AB-BTSE,err:AB_insufficient_data(23/25),$229.95M,
AB-VET,err:AB_insufficient_data(23/25),$485.80M,
AB-CHZ,err:AB_insufficient_data(23/25),$240.98M,
AB-REAL,err:AB_insufficient_data(23/25),$345.90M,
AB-MON,err:AB_insufficient_data(23/25),$345.04M,
AB-SAFO,err:AB_insufficient_data(23/25),$253.84M,
AB-MANA,err:AB_insufficient_data(23/25),$228.23M,
AB-PRL,err:AB_insufficient_data(23/25),$180.91M,
AB-GLIDR,err:AB_insufficient_data(23/25),$198.23M,
AB-ONYC,err:AB_insufficient_data(23/25),$343.05M,
AB-A7A5,err:AB_insufficient_data(23/25),$575.05M,
AB-MET,err:AB_insufficient_data(23/25),$186.26M,
AB-Q,err:AB_insufficient_data(23/25),$316.79M,
AB-COMP,err:AB_insufficient_data(23/25),$256.17M,
AB-SYRUP,err:AB_insufficient_data(23/25),$304.09M,
AB-FRXUSD,err:AB_insufficient_data(23/25),$206.76M,
AB-BTT,err:AB_insufficient_data(23/25),$356.32M,
AB-BAT,err:AB_insufficient_data(23/25),$200.26M,
AB-XPIN,err:AB_insufficient_data(23/25),$241.74M,
AB-SOSO,err:AB_insufficient_data(23/25),$213.43M,
AB-VBILL,err:AB_insufficient_data(23/25),$288.89M,
AB-CRCLON,err:AB_insufficient_data(23/25),$189.70M,
AB-PEANUT,err:AB_insufficient_data(23/25),$281.38M,
AB-AR,err:AB_insufficient_data(23/25),$212.90M,
AB-SFP,err:AB_insufficient_data(23/25),$199.58M,
AB-PC0000023,err:AB_insufficient_data(23/25),$197.69M,
AB-GUSD,err:AB_insufficient_data(23/25),$246.35M,
AB-WFI,err:AB_insufficient_data(23/25),$271.39M,
AB-GRASS,err:AB_insufficient_data(23/25),$312.71M,
AB-PC0000085,err:AB_insufficient_data(23/25),$203.34M,
AB-BSV,err:AB_insufficient_data(23/25),$355.34M,
AB-JASMY,err:AB_insufficient_data(23/25),$308.43M,
AB-ANTFUN,err:AB_insufficient_data(23/25),$379.15M,
AB-USDAI,err:AB_insufficient_data(23/25),$254.28M,
AB-AERO,err:AB_insufficient_data(23/25),$511.22M,
AB-BONK,err:AB_insufficient_data(23/25),$361.79M,
AB-SUN,err:AB_insufficient_data(23/25),$439.13M,
AB-EURCV,err:AB_insufficient_data(23/25),$246.28M,
AB-USDZ,err:AB_insufficient_data(23/25),$224.23M,
AB-AKE,err:AB_insufficient_data(23/25),$192.37M,
AB-XCN,err:AB_insufficient_data(23/25),$226.50M,
AB-TRUMP,err:AB_insufficient_data(23/25),$454.23M,
AB-FET,err:AB_insufficient_data(23/25),$402.76M,
AB-FRAX,err:AB_insufficient_data(23/25),$316.91M,
AB-THBILL,err:AB_insufficient_data(23/25),$214.78M,
AB-ZAMA,err:AB_insufficient_data(23/25),$234.66M,
AB-SHFL,err:AB_insufficient_data(23/25),$218.24M,
AB-USDF,err:AB_insufficient_data(23/25),$208.68M,
AB-XPL,err:AB_insufficient_data(23/25),$317.43M,
