Pair,Correlation,Combined Market Cap,Combined Change %
APXUSD-APYUSD,0.9961,$453.18M,3.77
STX-ETHFI,0.9908,$650.41M,-13.14
NXM-REAL,0.9907,$335.93M,0.18
WEMIX-PIEVERSE,0.9907,$282.51M,-7.38
NXM-EARNETH,0.9893,$233.81M,1.24
MET-Q,0.9863,$309.37M,-0.26
EURC-EURCV,0.9857,$599.47M,0.15
THETA-FET,0.9838,$432.01M,-7.9
VSN-MANA,0.9832,$282.28M,0.75
MWC-GLIDR,0.982,$215.22M,1.29
SNX-PIEVERSE,0.9814,$304.52M,-2.27
EARNETH-REAL,0.9813,$396.00M,0.35
SEI-DASH,0.9811,$683.99M,-5.87
NXM-GNO,0.9809,$369.51M,0.19
EIGEN-PEANUT,0.9807,$325.13M,-8.38
EARNETH-GNO,0.978,$429.59M,0.36
EARNETH-TKX,0.9779,$250.38M,1.2
SPX-TIA,0.9776,$608.57M,-6.24
DAI-FRXUSD,0.9775,$200.97M,-0.04
PENGU-AR,0.9765,$487.77M,-3.23
TIA-REAL,0.9763,$555.55M,-3.76
EIGEN-REAL,0.9762,$389.65M,-6.78
KAITO-TRUMP,0.9756,$666.66M,8.38
ULTIMA-GALA,0.9754,$270.31M,-7.07
RAY-REAL,0.9753,$412.06M,-3.18
EARNETH-EIGEN,0.9748,$287.53M,-5.73
VET-SYRUP,0.9746,$596.20M,-5.54
MANA-XPIN,0.9746,$276.28M,0.8
NXM-TIA,0.9743,$393.36M,-2.87
SN64-VET,0.9741,$478.95M,-1.08
SEI-BORG,0.9738,$424.82M,-7.01
ENS-BSV,0.9737,$434.56M,-3.5
CHEEMS-A7A5,0.9731,$578.52M,-0.07
FLOKI-BTT,0.973,$457.98M,-2.83
SAND-PENGU,0.9729,$496.91M,-5.72
WEMIX-SNX,0.9716,$222.86M,-9.18
THETA-SFP,0.9714,$228.82M,-5.16
XTZ-TAG,0.9707,$370.54M,11.55
DASH-BORG,0.9701,$535.70M,-6.77
RAY-VET,0.9698,$551.96M,-5.44
NXM-EIGEN,0.9697,$227.46M,-5.9
VELVET-2Z,0.9692,$368.84M,-10.39
DYDX-ZK,0.9691,$182.22M,-8.92
RAY-SN64,0.9682,$253.00M,-1.3
SPX-SYRUP,0.9681,$509.32M,-5.77
DYDX-THBILL,0.9681,$215.80M,-3.39
TIA-VET,0.968,$695.45M,-6.01
DYDX-GALA,0.9678,$186.48M,-8.13
ULTIMA-BAT,0.9677,$285.11M,-7.68
BTW-ENS,0.9676,$410.87M,-3.1
USTBL-BAT,0.9673,$264.26M,-5.19
NXM-SPX,0.967,$388.95M,-2.31
AXS-GALA,0.9648,$232.30M,-8.73
DYDX-IOTA,0.9644,$245.44M,-7.21
CHEEMS-UQC,0.9642,$208.34M,0.17
STX-GLIDR,0.9637,$351.90M,-10.21
GNO-REAL,0.9633,$531.70M,-0.7
ZBCN-WEMIX,0.9627,$277.70M,-11.07
IOTA-GALA,0.9624,$236.19M,-8.28
AXS-ULTIMA,0.9618,$325.39M,-6.6
BC-GRX,0.9611,$343.67M,4.84
CTOC-CHZ,0.9611,$419.14M,-2.96
GALA-BAT,0.9609,$192.03M,-9.81
GNO-EURC,0.96,$732.68M,-0.27
IOTA-VET,0.9595,$536.53M,-6.29
ZK-AXS,0.9594,$228.04M,-9.52
EIGEN-RAY,0.9593,$303.60M,-9.26
UB-STRCX,0.9592,$501.63M,7.27
AXS-BORG,0.959,$281.96M,-8.09
AWE-MX,0.9589,$256.41M,-2.27
SPX-REAL,0.9584,$551.13M,-3.19
GNO-EURCV,0.9583,$432.08M,-0.27
GRT-SFP,0.9582,$264.08M,-5.34
GNO-EIGEN,0.958,$423.24M,-6.77
GRT-THETA,0.9579,$287.44M,-5.73
ETHFI-GLIDR,0.9579,$501.27M,-5.91
SFP-FET,0.9578,$408.65M,-7.51
KMNO-REUSD,0.957,$265.45M,3.19
KAU-NEO,0.9569,$442.08M,-4.25
USTBL-ULTIMA,0.9554,$342.54M,-2.45
ZBCN-PIEVERSE,0.9552,$359.36M,-4.16
FLOKI-BORG,0.9552,$336.78M,-5.44
PENGU-BORG,0.9552,$509.99M,-5.31
TKX-REAL,0.9546,$352.50M,0.14
TIA-SAND,0.9543,$431.68M,-7.77
STRK-AR,0.9543,$305.27M,-3.05
KAU-STRCX,0.9534,$449.10M,1.53
AXS-CTOC,0.953,$418.69M,-3.97
CHEEMS-CRCLON,0.9525,$193.17M,0.96
TIA-ZK,0.952,$390.84M,-8.79
USTBL-GALA,0.952,$249.46M,-4.58
RAY-PEANUT,0.9518,$347.54M,-4.78
APEPE-PRL,0.9515,$285.43M,11.1
ULTIMA-THBILL,0.951,$299.63M,-2.32
ZK-ULTIMA,0.9505,$266.05M,-7.85
IMX-DRV,0.9503,$329.96M,-10.92
ENS-PIEVERSE,0.9502,$358.15M,-1.64
NXM-TKX,0.9499,$190.31M,1.03
2Z-PENGU,0.9492,$574.05M,-3.94
BTW-RAY,0.949,$397.80M,-4.52
VET-REAL,0.9486,$638.02M,-2.96
SPX-VET,0.9484,$691.03M,-5.45
VIRTUAL-SYRUP,0.9482,$576.82M,-7.09
SPX-VIRTUAL,0.9481,$671.64M,-7.01
GRT-AR,0.9479,$277.40M,-4.83
REAL-PEANUT,0.9479,$433.60M,-2.3
AXS-IOTA,0.9471,$291.26M,-7.81
GALA-THBILL,0.9469,$206.55M,-4.45
TKX-GNO,0.9468,$386.09M,0.15
ICNT-FET,0.9467,$407.49M,-12.84
SAND-PEANUT,0.9466,$309.73M,-6.31
DYDX-AXS,0.9465,$241.55M,-7.67
CTOC-IOTA,0.9465,$422.58M,-3.51
SAND-DASH,0.9462,$522.62M,-7.18
DRV-USTBL,0.9459,$263.48M,-6.33
VIRTUAL-GLIDR,0.9458,$470.95M,-5.66
SPX-MWC,0.9457,$415.92M,0.08
GALA-PENGU,0.9454,$460.33M,-5.96
BC-A,0.9453,$321.86M,2.57
GRT-2Z,0.9452,$363.68M,-5.53
BTW-PEANUT,0.945,$419.34M,-3.64
MWC-SYRUP,0.9448,$321.09M,-0.45
GRT-VELVET,0.9446,$327.85M,-10.77
NEO-STRCX,0.9442,$274.57M,-2.01
SAND-BORG,0.9442,$263.46M,-8.31
TKX-EIGEN,0.9438,$244.03M,-5.93
RAY-SYRUP,0.9438,$370.25M,-5.76
GOMINING-CHZ,0.9435,$259.70M,-3.68
SN64-REAL,0.9434,$339.05M,1.18
ZK-THBILL,0.9433,$202.29M,-5.24
TIA-RAY,0.9432,$469.50M,-6.23
THETA-AR,0.9427,$242.15M,-4.65
IOTA-SN64,0.9424,$237.57M,-2.15
VELVET-SFP,0.9421,$269.23M,-10.2
SAND-REAL,0.942,$374.25M,-4.71
ZK-GALA,0.9416,$172.97M,-9.98
TIA-BORG,0.9415,$444.76M,-7.35
VSN-XPIN,0.9414,$295.79M,1.37
TIA-SYRUP,0.9413,$513.74M,-6.33
BTW-TKX,0.941,$338.24M,-1.19
DYDX-ULTIMA,0.941,$279.57M,-6.0
WEMIX-ENS,0.9407,$276.49M,-8.56
VSN-BP,0.9406,$265.13M,3.56
NXM-RAY,0.9406,$249.88M,-2.3
STAC-GRASS,0.9405,$318.51M,-3.86
MWC-TIBBIR,0.9403,$220.33M,8.3
BP-MANA,0.9403,$245.62M,2.98
FLOKI-THETA,0.94,$324.60M,-4.26
AKT-CTOC,0.9399,$403.40M,-7.53
UQC-CRCLON,0.9392,$200.87M,0.65
2Z-IOTA,0.9382,$349.91M,-6.26
EARNETH-TIA,0.9381,$453.43M,-2.7
AXS-BAT,0.9381,$247.10M,-9.35
ZK-MET,0.938,$173.77M,-4.0
MWC-TKX,0.9371,$217.28M,3.0
CAKE-GALA,0.9369,$535.81M,-4.6
CAKE-PENGU,0.9368,$818.91M,-1.36
TWT-JASMY,0.9366,$360.05M,2.26
CTOC-VET,0.9362,$663.96M,-2.44
IMX-ZBCN,0.936,$404.60M,-8.49
VIRTUAL-ETHFI,0.936,$769.46M,-8.59
EURC-REAL,0.936,$699.09M,-0.28
DRV-CAKE,0.9357,$549.83M,-6.36
NXM-JASMY,0.9355,$298.46M,-0.43
CTOC-SYRUP,0.9355,$482.25M,-2.76
FLOKI-DASH,0.9354,$595.94M,-4.31
BORG-VET,0.935,$527.23M,-6.56
EARNETH-PEANUT,0.9349,$331.48M,-1.24
UB-NEO,0.9346,$494.61M,1.49
TIA-IOTA,0.9346,$454.07M,-7.08
IMX-USTBL,0.9345,$388.16M,-4.54
TIA-CTOC,0.9345,$581.49M,-3.24
XTZ-CARDS,0.9345,$494.34M,-0.67
TIA-SN64,0.9344,$396.48M,-1.87
APYUSD-KOGE,0.9344,$372.28M,1.66
2Z-BORG,0.9341,$340.61M,-6.53
SAND-AR,0.9339,$241.24M,-6.24
SPX-CTOC,0.9327,$577.08M,-2.67
SEI-PENGU,0.9326,$658.27M,-4.41
EARNETH-RAY,0.9325,$309.95M,-2.13
TKX-EURC,0.9325,$553.48M,0.57
BP-XPIN,0.9325,$259.13M,3.61
NXM-EURC,0.9323,$536.91M,0.61
BTW-PENDLE,0.9322,$485.45M,-5.34
TIA-EIGEN,0.9321,$447.08M,-9.83
AKT-SYRUP,0.9321,$335.64M,-10.63
APEPE-JASMY,0.9321,$412.95M,-0.58
DASH-PENGU,0.932,$769.15M,-4.18
BTW-EARNETH,0.9317,$381.74M,-0.98
BTW-EIGEN,0.9317,$375.39M,-8.12
BTW-REAL,0.9317,$483.86M,-2.04
EURCV-AKE,0.9316,$244.96M,31.44
PENGU-THETA,0.9315,$497.81M,-4.13
AXS-FLOKI,0.9311,$342.20M,-5.63
SPX-AKT,0.9306,$430.47M,-10.54
ZBCN-THBILL,0.9306,$295.21M,-3.78
GRX-A,0.9305,$226.39M,-2.51
SEI-SAND,0.9301,$411.74M,-7.42
TIA-AXS,0.9298,$450.18M,-7.54
MWC-VIRTUAL,0.9297,$483.41M,-1.15
USTBL-THBILL,0.9297,$278.78M,0.17
IOTA-PENGU,0.9297,$519.29M,-5.04
NXM-SAND,0.9293,$212.06M,-3.83
FLOKI-FET,0.9292,$504.43M,-6.61
EURC-AKE,0.9292,$545.56M,31.44
NXM-PEANUT,0.929,$271.41M,-1.41
SPX-EARNETH,0.929,$449.02M,-2.14
KAG-TAG,0.929,$358.76M,16.94
NXM-MWC,0.9289,$200.71M,3.2
SPX-RAY,0.9289,$465.08M,-5.67
USTBL-CAKE,0.9289,$608.03M,0.02
BSV-XCN,0.9288,$388.15M,-5.29
IMX-SAND,0.9283,$352.51M,-8.93
LDO-AERO,0.9281,$717.57M,-3.08
AB-NEX,0.9279,$187.17M,-15.96
FF-BONK,0.9277,$457.23M,-0.07
BTW-VIRTUAL,0.9276,$604.37M,-5.86
MWC-RAY,0.927,$276.85M,-0.66
SEI-PEANUT,0.9269,$471.09M,-5.0
VIRTUAL-RAY,0.9269,$532.57M,-7.0
TKX-RAY,0.9268,$266.45M,-2.33
DYDX-TIA,0.9265,$404.36M,-6.93
MWC-EURC,0.9262,$563.88M,2.67
GRT-FLOKI,0.9261,$359.85M,-4.45
SPX-GNO,0.926,$584.72M,-3.19
AXS-PENGU,0.926,$515.41M,-5.49
BP-FRAX,0.9259,$334.30M,3.14
MWC-Q,0.9257,$333.79M,0.99
CAKE-IOTA,0.9254,$594.77M,-3.68
GRT-FET,0.925,$467.26M,-8.08
TIA-VIRTUAL,0.925,$676.06M,-7.57
DYDX-CTOC,0.9249,$372.87M,-3.36
TKX-SNX,0.9248,$225.88M,-1.54
DYDX-SN64,0.9246,$187.86M,-2.0
SPX-JASMY,0.9241,$513.66M,-3.8
2Z-AR,0.924,$318.39M,-4.45
GNO-JASMY,0.924,$494.23M,-1.3
MWC-EARNETH,0.9238,$260.78M,3.39
DASH-BTT,0.9238,$656.91M,-4.15
FARTCOIN-BSV,0.9238,$381.50M,-1.55
TIA-GNO,0.9233,$589.13M,-3.75
EARNETH-EURC,0.9226,$596.98M,0.78
VIRTUAL-REAL,0.9224,$618.63M,-4.52
IOTA-BORG,0.9222,$285.84M,-7.63
VIRTUAL-VET,0.922,$758.53M,-6.78
SEI-VET,0.9219,$675.51M,-5.66
2Z-AXS,0.9215,$346.02M,-6.71
ZBCN-SNX,0.9215,$299.71M,-5.96
CAKE-AR,0.9214,$563.25M,-1.88
IOTA-BAT,0.9214,$250.99M,-8.89
REAL-SYRUP,0.9214,$456.31M,-3.28
TIA-JASMY,0.9213,$518.08M,-4.36
UUSD-CRVUSD,0.9212,$311.84M,-0.13
AWE-FRAX,0.9212,$325.89M,-1.21
SAND-EIGEN,0.921,$265.78M,-10.79
ZK-CTOC,0.9209,$359.36M,-5.22
ZK-SAND,0.9209,$209.54M,-9.75
SN64-SYRUP,0.9207,$297.24M,-1.4
TKX-ENS,0.9204,$279.51M,-0.91
SNX-ENS,0.9204,$298.51M,-3.44
GLIDR-SYRUP,0.9204,$308.63M,-4.42
KAU-KAG,0.9203,$522.00M,-0.35
IMX-PENGU,0.9202,$599.04M,-5.93
SPX-EIGEN,0.9202,$442.67M,-9.27
NXM-VIRTUAL,0.9201,$456.44M,-3.63
CTOC-BORG,0.9197,$413.27M,-3.78
MWC-REAL,0.9192,$362.90M,2.2
A7A5-CRCLON,0.919,$571.06M,0.41
APXUSD-KOGE,0.9189,$509.20M,1.56
UQC-A7A5,0.9187,$586.22M,-0.37
FLOKI-SFP,0.9183,$301.24M,-3.88
USDTB-OHM,0.9181,$631.33M,-0.54
PENDLE-ETHFI,0.9181,$650.54M,-8.07
IMX-ULTIMA,0.918,$409.02M,-7.03
TIA-PENGU,0.918,$678.21M,-4.76
VIRTUAL-PENDLE,0.918,$620.22M,-7.82
BTW-BSV,0.9176,$493.29M,-3.78
UB-KAU,0.9175,$669.14M,5.03
KOGE-ZAMA,0.9175,$351.96M,8.62
GRT-WIF,0.9174,$307.69M,-2.3
2Z-FLOKI,0.9171,$400.84M,-4.07
BP-PRL,0.9167,$198.31M,13.62
SAND-SN64,0.9167,$215.18M,-2.83
LDO-KAITO,0.9166,$612.47M,7.87
STRK-SAND,0.9165,$314.40M,-5.53
NXM-VET,0.9164,$475.83M,-2.08
FARTCOIN-ENS,0.9164,$299.08M,-0.87
ZK-IOTA,0.9161,$231.93M,-9.06
DYDX-VET,0.9158,$486.82M,-6.14
TIA-PEANUT,0.9158,$491.03M,-5.35
PRL-JASMY,0.9158,$295.66M,9.76
EDGE-MET,0.9156,$225.39M,-0.99
GRT-PENGU,0.9156,$533.06M,-4.31
SAND-VET,0.9155,$514.14M,-6.97
SPX-GLIDR,0.9152,$403.46M,-4.34
GALA-AR,0.9152,$204.67M,-6.47
BAT-FET,0.915,$409.33M,-10.34
GALA-BORG,0.9143,$226.88M,-8.55
EARNETH-SAND,0.914,$272.13M,-3.66
STRK-PENGU,0.914,$560.93M,-2.53
REUSD-GUSD,0.9139,$316.94M,0.08
ULTIMA-FET,0.9137,$487.62M,-7.59
IMX-GALA,0.9134,$315.94M,-9.16
ICNT-THETA,0.9127,$227.66M,-10.49
EIGEN-EURC,0.9126,$590.63M,-6.36
FLOKI-PENGU,0.9121,$570.23M,-2.85
SN64-THBILL,0.9121,$207.93M,1.67
AKT-CHZ,0.9108,$272.53M,-10.82
GALA-THETA,0.9107,$214.71M,-7.37
SAND-RAY,0.9105,$288.19M,-7.19
BTW-SN64,0.9104,$324.79M,-0.16
FDUSD-GOMINING,0.9104,$461.66M,-0.6
BAT-THBILL,0.9104,$221.35M,-5.07
ZK-VET,0.9102,$473.31M,-7.99
BORG-BTT,0.9101,$397.74M,-5.28
VIRTUAL-EIGEN,0.91,$510.16M,-10.6
IMX-DASH,0.9097,$624.76M,-7.38
DYDX-BAT,0.9097,$201.28M,-8.75
EARNETH-VIRTUAL,0.9095,$516.51M,-3.46
MWC-STX,0.9091,$364.36M,-5.71
SEI-FLOKI,0.9089,$485.06M,-4.55
ZBCN-ZK,0.9089,$261.63M,-9.31
AKT-MET,0.9089,$217.81M,-6.32
GNO-PRL,0.9089,$366.71M,10.38
VIRTUAL-PEANUT,0.9088,$554.11M,-6.11
META-NEO,0.9088,$229.19M,0.61
GALA-FET,0.9087,$394.53M,-9.72
OHM-USDAT,0.9083,$415.60M,-0.52
KITE-A7A5,0.9083,$710.21M,-0.05
PENDLE-A,0.908,$352.94M,-6.04
SPX-EURC,0.9078,$752.11M,-2.77
2Z-GALA,0.9077,$290.95M,-7.18
EURC-RAY,0.9076,$613.04M,-2.76
ZK-BORG,0.9075,$222.62M,-9.34
CTOC-MET,0.9071,$364.42M,1.55
XPIN-XPL,0.9071,$365.48M,1.37
ULTIMA-IOTA,0.9068,$329.27M,-6.14
IMX-SN64,0.9067,$317.31M,-3.04
MWC-GNO,0.9066,$396.48M,2.58
CAKE-THETA,0.9063,$573.28M,-2.78
DASH-PEANUT,0.9063,$581.97M,-4.77
PYTH-TRUMP,0.9063,$678.75M,-8.28
PENGU-VET,0.9062,$760.67M,-3.97
MWC-JASMY,0.9061,$325.43M,2.63
IOTA-THBILL,0.906,$265.51M,-3.53
SHORT-BONK,0.906,$362.50M,-6.49
SPX-MET,0.9058,$391.49M,-1.46
GALA-SN64,0.9053,$178.61M,-3.07
DRV-SN64,0.9052,$192.63M,-4.82
NXM-EURCV,0.9049,$236.31M,0.61
AXS-SAND,0.9049,$268.88M,-8.5
SAND-GALA,0.9049,$213.80M,-8.96
LUNC-CHZ,0.9045,$423.04M,-7.72
ZRO-SPCXB,0.9044,$370.29M,0.93
GRX-USDAT,0.9038,$263.90M,-0.14
PENGU-SN64,0.9038,$461.71M,0.17
2Z-CAKE,0.9037,$649.53M,-2.58
PENGU-PEANUT,0.9037,$556.25M,-3.31
BTW-WEMIX,0.9035,$335.22M,-8.84
2Z-THETA,0.9035,$328.43M,-5.35
BTW-NXM,0.9028,$321.67M,-1.16
VIRTUAL-STX,0.9028,$620.09M,-12.88
AXS-VET,0.9027,$532.64M,-6.74
ONYC-USDAI,0.9027,$403.64M,0.05
APR-DEXE,0.9026,$470.47M,24.3
LDO-TRUMP,0.9023,$660.59M,-6.18
2Z-SFP,0.9023,$305.07M,-4.96
ZK-SN64,0.9023,$174.34M,-3.86
VET-PEANUT,0.9023,$573.49M,-4.56
NXM-SYRUP,0.902,$294.12M,-2.39
EDGE-Q,0.9019,$355.93M,-4.01
ZBCN-SN64,0.9014,$267.27M,-2.4
DYDX-MET,0.9012,$187.28M,-2.15
ZRO-META,0.9012,$380.17M,5.95
MWC-ETHFI,0.901,$513.73M,-1.73
SEI-BTT,0.9007,$546.03M,-4.39
BTW-PIEVERSE,0.9006,$416.88M,-1.92
SPX-ZK,0.9005,$386.43M,-8.23
ACRED-BTSE,0.9003,$248.15M,-6.21
CARDS-TAG,0.9003,$413.93M,21.64
USTBL-IOTA,0.9001,$308.42M,-3.66
MWC-MET,0.9,$203.26M,4.7
DRV-SEI,0.8999,$389.20M,-9.41
SEI-TIA,0.8998,$593.04M,-6.46
KAU-CARDS,0.8997,$577.17M,4.35
ULTIMA-BORG,0.8997,$319.97M,-6.42
GRX-PENDLE,0.8996,$374.75M,-3.77
EIGEN-VET,0.8996,$529.55M,-9.04
IOTA-SYRUP,0.8993,$354.82M,-6.6
AKT-Q,0.8989,$348.34M,-9.34
EARNETH-JASMY,0.8986,$358.53M,-0.26
BTW-FARTCOIN,0.8979,$357.81M,-1.15
GNO-RAY,0.8975,$445.65M,-3.17
AKT-VET,0.8969,$517.35M,-10.31
BTW-SAND,0.8966,$359.99M,-6.05
ZBCN-ENS,0.8966,$353.34M,-5.34
CAKE-SN64,0.8966,$537.18M,1.52
WEMIX-SN64,0.8966,$190.42M,-5.62
IMX-SEI,0.8965,$513.88M,-7.62
ZK-REAL,0.8961,$333.41M,-5.74
NXM-SN64,0.8959,$176.86M,2.06
LUNC-CTOC,0.8958,$553.90M,-4.43
NXM-ZK,0.8956,$171.22M,-4.85
COCO-ZANO,0.8954,$315.38M,-7.05
GPS-XCN,0.8951,$225.67M,-0.86
GALA-VET,0.8951,$477.57M,-7.21
APYUSD-ZAMA,0.8951,$295.94M,10.83
KAG-XTZ,0.8948,$439.17M,-5.37
APEPE-TWT,0.8945,$349.83M,3.6
DRV-PENGU,0.8944,$474.36M,-7.71
USTBL-FET,0.8944,$466.76M,-5.1
SEI-VIRTUAL,0.8943,$656.12M,-7.22
GPS-USDZ,0.894,$223.40M,2.14
EARNETH-EURCV,0.8939,$296.38M,0.78
STRCX-COMP,0.8939,$300.12M,-2.54
APR-AWE,0.8938,$302.21M,-0.27
TIBBIR-GUSD,0.8937,$255.99M,2.5
AKT-EURC,0.8936,$578.43M,-7.63
IOTA-RAY,0.8934,$310.58M,-6.51
REAL-EURCV,0.8934,$398.49M,-0.28
ZK-Q,0.8933,$304.30M,-7.03
TKX-EURCV,0.8929,$252.88M,0.57
MANA-AKE,0.8929,$226.91M,31.45
UB-GLIDR,0.8925,$462.22M,3.89
TIA-GALA,0.8925,$395.10M,-8.0
CARDS-KITE,0.8925,$500.87M,4.97
AKT-IOTA,0.8923,$275.97M,-11.38
IMX-THBILL,0.8922,$345.26M,-4.42
TIA-AKT,0.8921,$434.88M,-11.1
THETA-BTT,0.8919,$385.57M,-4.11
MET-JASMY,0.8918,$301.00M,0.42
TKX-PEANUT,0.8916,$287.98M,-1.45
ZK-JASMY,0.8914,$295.94M,-6.34
TIA-MET,0.8913,$395.91M,-2.02
RAIL-ZAMA,0.8912,$227.66M,4.78
AB-CRVUSD,0.891,$308.89M,-11.57
TKX-FARTCOIN,0.8909,$226.45M,1.03
CAKE-BAT,0.8908,$550.61M,-5.22
GNO-PEANUT,0.8906,$467.18M,-2.29
EARNETH-ENS,0.8905,$323.01M,-0.71
CTOC-GALA,0.8905,$363.62M,-4.43
UB-META,0.8904,$456.25M,9.89
PRL-FRAX,0.8904,$304.14M,10.97
SAND-IOTA,0.8902,$272.76M,-8.04
IMX-BORG,0.89,$365.59M,-8.52
VELVET-THETA,0.8899,$292.59M,-10.59
MON-Q,0.8899,$468.15M,-4.8
AXS-THBILL,0.8897,$261.62M,-3.99
ULTIMA-PENGU,0.8896,$553.42M,-3.83
TIA-DASH,0.8895,$703.92M,-6.22
AR-FET,0.8894,$421.97M,-7.0
LUNC-BORG,0.8892,$417.17M,-8.55
SPX-BORG,0.889,$440.35M,-6.79
MWC-AKT,0.889,$242.23M,-4.39
SEI-RAY,0.889,$449.56M,-5.88
GLIDR-Q,0.8887,$321.33M,-3.13
SN64-PEANUT,0.8885,$274.53M,-0.42
IOTA-REAL,0.8884,$396.63M,-4.03
DYDX-USTBL,0.8883,$258.71M,-3.51
TKX-GLIDR,0.8882,$204.83M,-1.0
PIEVERSE-BSV,0.8882,$440.58M,-2.32
DYDX-AKT,0.8881,$226.26M,-11.23
MWC-VET,0.8877,$502.80M,-0.04
ZK-PENGU,0.8877,$456.07M,-6.75
MWC-TIA,0.8876,$420.33M,-0.34
SPX-SN64,0.8875,$392.07M,-1.31
IMX-ZK,0.8874,$311.67M,-9.95
MWC-MON,0.8873,$362.04M,-0.35
BTW-SNX,0.8872,$357.23M,-3.72
USTBL-AXS,0.8871,$304.53M,-4.11
THETA-BAT,0.8871,$229.51M,-7.99
VELVET-FLOKI,0.8865,$365.01M,-9.31
GNO-TWT,0.8865,$431.11M,2.88
REAL-JASMY,0.8865,$460.65M,-1.31
DYDX-PENGU,0.8862,$469.58M,-4.89
BORG-PEANUT,0.886,$322.81M,-5.9
EDGE-GUSD,0.8857,$285.48M,-2.34
AXS-DASH,0.8855,$541.12M,-6.95
IOTA-CHZ,0.8855,$291.71M,-6.8
PENGU-REAL,0.8855,$620.78M,-1.71
ENS-PENDLE,0.8852,$426.72M,-5.06
IMX-CAKE,0.8849,$674.51M,-4.57
ULTIMA-THETA,0.8842,$307.79M,-5.24
CTOC-BAT,0.8842,$378.42M,-5.05
BTW-VET,0.884,$623.76M,-4.3
SPX-TKX,0.8838,$405.52M,-2.35
SPX-IOTA,0.8838,$449.65M,-6.52
USTBL-THETA,0.8837,$286.93M,-2.75
APEPE-KMNO,0.8835,$299.38M,3.53
SEI-2Z,0.8833,$488.89M,-5.63
EARNETH-FARTCOIN,0.8832,$269.95M,1.24
FARTCOIN-EIGEN,0.8832,$263.60M,-5.89
MANA-XPL,0.8831,$351.97M,0.75
AXS-FET,0.8829,$449.61M,-9.26
EIGEN-SN64,0.8829,$230.58M,-4.9
VIRTUAL-TKX,0.8828,$473.01M,-3.67
UB-VIRTUAL,0.8826,$730.41M,1.22
XTZ-KITE,0.8825,$457.48M,-5.12
GRX-ETHFI,0.8821,$523.99M,-4.54
MWC-TWT,0.882,$262.31M,6.61
SPX-Q,0.8819,$522.03M,-4.48
MWC-SNX,0.8818,$236.28M,0.95
BORG-AR,0.8818,$254.32M,-5.83
VSN-AKE,0.8814,$246.42M,32.03
BORG-THETA,0.8813,$264.36M,-6.72
MWC-EIGEN,0.8809,$254.43M,-3.1
DEXE-AWE,0.8809,$379.90M,21.65
BTT-SFP,0.8809,$362.20M,-3.72
TIA-EURC,0.8806,$756.53M,-3.33
UUSD-NEX,0.8804,$190.11M,-4.52
FARTCOIN-PEANUT,0.8802,$307.55M,-1.41
FF-ZANO,0.8801,$323.45M,-0.07
ULTIMA-CTOC,0.88,$456.70M,-2.3
BTT-FET,0.8799,$565.39M,-6.46
SPX-PEANUT,0.8798,$486.61M,-4.79
USTBL-SN64,0.8798,$250.83M,1.55
DYDX-SAND,0.8797,$223.05M,-7.89
TKX-PIEVERSE,0.8797,$285.53M,0.26
ULTIMA-FLOKI,0.8797,$380.21M,-3.96
PENGU-FET,0.8797,$677.64M,-6.48
SPX-SAND,0.8793,$427.26M,-7.2
APR-ZBT,0.8792,$310.34M,2.28
BORG-SYRUP,0.8792,$345.52M,-6.88
DYDX-REAL,0.8789,$346.92M,-3.88
AXS-THETA,0.8789,$269.78M,-6.91
TIA-TKX,0.8784,$409.93M,-2.91
USDA-SFP,0.8784,$198.91M,-2.59
2Z-CTOC,0.8782,$477.34M,-2.41
BORG-SN64,0.8782,$228.26M,-2.42
EARNETH-SNX,0.878,$269.38M,-1.33
VSN-APR,0.8778,$347.28M,1.86
AR-SFP,0.8776,$218.79M,-4.26
VELVET-WIF,0.8773,$312.85M,-7.16
USTBL-PENGU,0.8772,$532.56M,-1.34
2Z-SAND,0.8771,$327.52M,-6.94
ZBCN-SAND,0.8771,$302.46M,-8.29
DRV-GALA,0.8769,$191.26M,-10.95
KAU-META,0.8769,$403.72M,4.15
FDUSD-TAG,0.8769,$491.16M,16.89
SNX-Q,0.8769,$342.39M,-3.67
EARNETH-VET,0.8765,$535.90M,-1.9
CVX-MANA,0.8763,$266.20M,7.13
AKT-MON,0.8763,$376.59M,-10.86
BORG-BAT,0.8761,$241.68M,-9.17
MET-SYRUP,0.8761,$296.66M,-1.54
FLOKI-GALA,0.8758,$287.12M,-6.09
EARNETH-SN64,0.8757,$236.93M,2.23
2Z-TIA,0.8757,$508.83M,-5.98
BTW-TIA,0.8756,$541.29M,-5.09
NXM-PRL,0.8756,$170.94M,11.26
DCR-SYRUP,0.8756,$410.03M,-4.98
CTOC-GOMINING,0.8749,$390.57M,-0.4
UB-ETHFI,0.8747,$760.73M,0.97
SEI-SN64,0.8747,$376.55M,-1.53
2Z-VET,0.8747,$591.29M,-5.19
USDTB-USDAT,0.8745,$495.32M,-0.07
SEI-AXS,0.8744,$430.24M,-7.19
TKX-WEMIX,0.8744,$203.87M,-6.65
ZK-BAT,0.8744,$187.77M,-10.6
ICNT-SFP,0.8744,$204.30M,-10.1
FLOKI-AR,0.8744,$314.56M,-3.37
PENGU-RAY,0.8743,$534.72M,-4.19
BP-AR,0.8741,$230.29M,1.02
EIGEN-EURCV,0.8741,$290.03M,-6.36
DYDX-ZBCN,0.8739,$275.14M,-7.46
FDUSD-PYTH,0.8736,$667.46M,-5.48
USDTB-ZBT,0.8734,$469.47M,1.04
BORG-REAL,0.8733,$387.33M,-4.3
AXS-AR,0.8732,$259.74M,-6.01
AXS-CHZ,0.8728,$287.83M,-7.26
UB-MET,0.8724,$450.25M,6.77
INJ-SUN,0.8724,$801.53M,-7.01
APXUSD-ZAMA,0.8724,$432.87M,10.72
IMX-STRK,0.8723,$416.53M,-5.74
VIRTUAL-BORG,0.8722,$507.84M,-8.12
DASH-VET,0.8721,$786.39M,-5.43
TEL-BTSE,0.872,$307.43M,-7.54
NXM-GLIDR,0.8718,$188.25M,-0.96
VSN-PRL,0.8717,$234.96M,11.39
EIGEN-SYRUP,0.8716,$347.84M,-9.36
PENDLE-BSV,0.8716,$509.14M,-5.74
BTW-MWC,0.8715,$348.64M,0.75
TAG-KITE,0.8715,$377.07M,17.19
APR-USDTB,0.8714,$551.91M,1.15
GRT-AXS,0.8712,$305.03M,-7.09
ULTIMA-COMP,0.8711,$341.03M,-6.89
FLOKI-BAT,0.8711,$301.92M,-6.71
MWC-EURCV,0.871,$263.28M,2.69
PRL-EURCV,0.871,$233.51M,10.8
TWT-PRL,0.8708,$232.54M,13.95
VIRTUAL-DASH,0.8706,$767.00M,-6.99
KAU-TAG,0.8705,$453.37M,16.57
DRV-VET,0.8703,$491.60M,-8.96
ZBCN-ULTIMA,0.8702,$358.97M,-6.39
GLM-FDUSD,0.8701,$440.86M,-2.55
LDO-PYTH,0.8699,$624.56M,-8.79
IOTA-AR,0.8699,$263.63M,-5.55
MET-THBILL,0.8699,$207.35M,1.53
META-Q,0.8698,$315.37M,2.86
DYDX-BORG,0.8697,$236.14M,-7.48
LUNC-US,0.8695,$697.86M,-8.45
OUSG-COCO,0.8695,$564.47M,-3.28
META-MET,0.8695,$184.83M,5.88
GNO-SAND,0.8691,$407.83M,-4.71
FARTCOIN-PENDLE,0.8691,$373.66M,-3.11
IMX-AR,0.869,$343.38M,-6.44
SPX-AXS,0.869,$445.76M,-6.98
VIRTUAL-SN64,0.869,$459.56M,-2.64
SPX-DYDX,0.8688,$399.94M,-6.37
META-GLIDR,0.8687,$196.80M,3.01
GRT-GALA,0.8686,$249.96M,-7.55
KMNO-GUSD,0.8686,$247.53M,3.19
TKX-SN64,0.8683,$193.43M,2.02
VET-THBILL,0.8679,$506.89M,-2.46
EARNETH-GLIDR,0.8678,$248.32M,-0.79
IMX-THETA,0.8677,$353.41M,-7.34
OUSG-AVUSD,0.8677,$496.23M,0.08
BORG-RAY,0.8676,$301.28M,-6.78
LUNC-SYRUP,0.8675,$486.15M,-7.53
VIRTUAL-SAND,0.8674,$494.76M,-8.53
BTW-ZBCN,0.8673,$412.07M,-5.62
BP-AWE,0.8671,$220.06M,1.43
WEMIX-BSV,0.8667,$358.92M,-9.23
ENS-PEANUT,0.8666,$360.61M,-3.36
ULTIMA-SAND,0.8665,$306.89M,-6.83
FDUSD-GEOD,0.8664,$440.44M,3.66
FARTCOIN-A,0.8663,$225.30M,-1.85
ZK-SYRUP,0.8661,$291.60M,-8.31
USDA-BTT,0.866,$355.65M,-1.53
APR-BP,0.8659,$310.63M,4.09
SEI-SYRUP,0.8659,$493.80M,-5.98
DYDX-CAKE,0.8658,$545.06M,-3.53
PENDLE-PEANUT,0.8657,$435.19M,-5.6
IMX-VET,0.8656,$616.28M,-7.18
VELVET-PENGU,0.8656,$538.22M,-9.17
GRT-BP,0.8653,$275.58M,-0.06
EURC-SYRUP,0.8652,$657.28M,-2.85
GLIDR-MET,0.8652,$190.80M,-0.11
DASH-THETA,0.865,$523.53M,-5.59
ENS-REAL,0.8648,$425.13M,-1.76
SPX-EURCV,0.8647,$451.51M,-2.77
CHZ-SYRUP,0.8647,$351.39M,-6.05
VELVET-USDA,0.8646,$262.68M,-8.01
REAL-GLIDR,0.8646,$350.44M,-1.85
SEI-IOTA,0.8644,$434.13M,-6.73
FLOKI-SAND,0.8644,$323.70M,-5.85
MON-GLIDR,0.8643,$349.58M,-4.65
VELVET-OZO,0.8642,$291.80M,-7.8
US-BTSE,0.8642,$552.08M,-9.99
ACRED-TEL,0.8642,$289.36M,-1.47
LUNC-SEI,0.8641,$565.45M,-7.66
DASH-AR,0.864,$513.49M,-4.69
ENS-RAY,0.864,$339.08M,-4.24
ENS-XCN,0.8639,$305.73M,-4.61
SNX-REAL,0.8638,$371.49M,-2.39
2Z-BAT,0.8636,$305.75M,-7.79
WEMIX-THBILL,0.8634,$218.36M,-7.0
BAT-SFP,0.8634,$206.15M,-7.6
META-MON,0.8633,$343.61M,1.34
DYDX-Q,0.8632,$317.82M,-5.17
APR-MANA,0.8632,$327.77M,1.29
CAKE-SFP,0.8632,$549.92M,-2.39
DCR-RAY,0.8632,$365.78M,-4.88
GPS-GLM,0.863,$190.77M,-0.17
USTBL-BORG,0.8629,$299.11M,-3.93
VSN-ZAMA,0.8625,$288.71M,9.56
SPCXB-SOSO,0.8625,$202.12M,10.53
Q-JASMY,0.8625,$431.54M,-2.6
UB-STX,0.862,$611.35M,-3.33
SEI-EIGEN,0.862,$427.15M,-9.48
CTOC-SN64,0.862,$364.99M,1.7
NXM-TWT,0.8619,$235.34M,3.76
TAG-GOMINING,0.8617,$260.63M,16.37
DRV-BORG,0.8615,$240.91M,-10.3
GRT-BORG,0.8613,$299.61M,-6.9
CAKE-FET,0.8613,$753.11M,-5.13
PENGU-EIGEN,0.8611,$512.31M,-7.79
AB-UUSD,0.8609,$196.63M,-11.55
USTBL-ZK,0.8607,$245.19M,-5.36
COCO-XEC,0.8607,$303.68M,-12.58
IMX-AXS,0.8606,$371.01M,-8.7
CAKE-ULTIMA,0.8604,$628.89M,-2.47
ZANO-AVUSD,0.8604,$247.14M,-3.7
AKT-EURCV,0.8603,$277.83M,-7.63
STRK-THETA,0.8603,$315.30M,-3.95
PENGU-SFP,0.8602,$474.45M,-3.75
STX-PENDLE,0.8602,$501.17M,-12.37
MWC-SN64,0.8601,$203.83M,2.84
VELVET-AR,0.8601,$282.56M,-9.69
SEI-REAL,0.86,$535.61M,-3.41
RLB-VCNT,0.8599,$268.72M,3.37
DEXE-SOSO,0.8599,$390.67M,34.15
ZBT-KOGE,0.8599,$328.09M,0.81
RAY-GLIDR,0.8599,$264.39M,-4.32
LUNC-SPX,0.8598,$580.97M,-7.44
EARNETH-SYRUP,0.8598,$354.19M,-2.22
NXM-BORG,0.8597,$225.14M,-3.42
KAG-MET,0.8597,$303.11M,1.39
VSN-CVX,0.8596,$285.71M,7.7
KAU-XTZ,0.8596,$533.78M,-5.74
KAG-THBILL,0.8595,$331.63M,0.15
CARDS-APYUSD,0.8595,$426.99M,6.64
DRV-DASH,0.8594,$500.08M,-9.17
KAITO-PYTH,0.8594,$630.63M,5.77
MON-GUSD,0.8594,$397.70M,-3.12
PENGU-BAT,0.8593,$475.13M,-6.57
USAT-ZBT,0.8592,$299.17M,1.04
AKT-REAL,0.859,$377.45M,-8.05
AXS-MET,0.859,$233.10M,-2.75
CAKE-VET,0.8588,$836.15M,-2.61
NXM-DYDX,0.8587,$184.74M,-3.0
AWE-WIF,0.8586,$252.16M,-0.81
SNX-GLIDR,0.8585,$223.82M,-3.53
WIF-SFP,0.8584,$249.08M,-1.74
AXS-SN64,0.8583,$233.68M,-2.61
IMX-XCN,0.858,$356.98M,-7.77
BTW-SEI,0.8579,$521.35M,-4.74
UB-Q,0.8579,$580.79M,3.75
UB-SYRUP,0.8579,$568.08M,2.46
MWC-DCR,0.8579,$316.62M,-0.22
DYDX-SYRUP,0.8578,$305.11M,-6.46
CAKE-SAND,0.8574,$572.38M,-4.37
BTW-GLIDR,0.8573,$336.18M,-3.18
ZBCN-GALA,0.8573,$265.89M,-8.53
ETHFI-SYRUP,0.857,$607.14M,-7.35
NXM-PENGU,0.8568,$458.59M,-0.83
USDA-THETA,0.8567,$222.27M,-2.97
TIA-PRL,0.8565,$390.56M,7.32
TIA-ULTIMA,0.8564,$488.19M,-5.87
2Z-DASH,0.8563,$599.77M,-5.4
DRV-IOTA,0.8562,$250.22M,-10.03
DRV-BAT,0.8561,$206.06M,-11.57
SEI-USDA,0.856,$382.73M,-3.26
SPX-APEPE,0.8559,$503.44M,-2.46
VELVET-CAKE,0.8558,$613.69M,-7.82
ENS-EIGEN,0.8557,$316.66M,-7.84
NXM-AKT,0.8554,$215.26M,-7.17
BTW-IMX,0.8553,$462.12M,-6.25
APEPE-GNO,0.8552,$484.00M,0.03
LDO-USDAI,0.8551,$460.63M,-3.36
IMX-WEMIX,0.855,$327.75M,-11.71
SNX-SN64,0.855,$212.43M,-0.5
NXM-MET,0.8549,$176.29M,1.92
EDGE-TIBBIR,0.8549,$242.46M,0.09
EURC-VET,0.8547,$838.99M,-2.54
ULTIMA-SN64,0.8545,$271.69M,-0.94
BTW-SYRUP,0.8544,$442.05M,-4.62
Q-SYRUP,0.8542,$427.20M,-4.57
DRV-SAND,0.8539,$227.83M,-10.71
VELVET-IOTA,0.8537,$314.08M,-11.49
USTBL-VET,0.8536,$549.80M,-2.59
IMX-BAT,0.8535,$330.74M,-9.78
NXM-IOTA,0.8532,$234.45M,-3.14
ULTIMA-VET,0.8532,$570.66M,-5.08
ZANO-BONK,0.8531,$396.11M,-7.5
GRT-CAKE,0.853,$608.54M,-2.96
2Z-FET,0.853,$508.25M,-7.7
TIA-Q,0.853,$526.44M,-5.04
DRV-THETA,0.8529,$228.74M,-9.12
VSN-FRAX,0.8525,$370.96M,0.91
TWT-TIBBIR,0.8525,$254.95M,5.68
IMX-DYDX,0.8524,$325.19M,-8.1
META-STX,0.8523,$345.93M,-4.22
TIBBIR-Q,0.8522,$326.44M,0.82
CTOC-REAL,0.8521,$524.06M,-0.19
DYDX-2Z,0.8519,$300.20M,-6.11
TIBBIR-JASMY,0.8519,$318.07M,1.5
SYRUP-PEANUT,0.8514,$391.78M,-4.87
TIA-THBILL,0.8512,$424.42M,-3.26
ZK-DASH,0.8512,$481.79M,-8.2
PIEVERSE-SN64,0.8511,$272.07M,1.3
RLB-KITE,0.8509,$336.28M,2.37
OUSG-FF,0.8507,$572.53M,3.71
GLM-GEOD,0.8506,$189.11M,1.18
GRX-STX,0.8505,$374.62M,-8.84
2Z-CHZ,0.8504,$346.48M,-5.7
EARNETH-ZK,0.8503,$231.30M,-4.68
CAKE-BORG,0.8501,$585.46M,-3.96
BTW-SPX,0.8499,$536.87M,-4.53
KAG-ULTIMA,0.8499,$395.39M,-2.46
KAG-CARDS,0.8499,$482.56M,4.72
DRV-ULTIMA,0.8498,$284.34M,-8.82
NXM-SNX,0.8497,$209.31M,-1.5
BC-USDAT,0.8497,$359.37M,4.93
CVX-XPIN,0.8497,$279.71M,7.75
STX-SYRUP,0.8497,$457.76M,-11.64
SPX-SEI,0.8496,$588.63M,-5.9
GNO-AKE,0.8496,$378.17M,31.02
CAKE-THBILL,0.8496,$565.12M,0.14
FF-REUSD,0.8495,$359.72M,3.72
USTBL-ICNT,0.8494,$262.41M,-7.69
CTOC-JASMY,0.8493,$486.59M,-0.79
SAND-THETA,0.8493,$251.28M,-7.13
CRVUSD-NEX,0.8493,$302.38M,-4.54
PENDLE-GLIDR,0.8493,$352.03M,-5.15
IMX-FET,0.8492,$533.24M,-9.69
EDGE-JASMY,0.8492,$347.56M,-3.33
2Z-BP,0.8492,$316.57M,0.31
CTOC-THBILL,0.8492,$392.94M,0.31
TWT-KMNO,0.8489,$246.49M,6.38
A-TRUMP,0.8488,$459.68M,-5.22
BORG-FET,0.8487,$444.19M,-9.07
VELVET-BORG,0.8486,$304.77M,-11.76
JASMY-EURCV,0.8484,$361.02M,-0.89
ENS-SN64,0.8483,$266.06M,0.12
EURC-SN64,0.8482,$540.03M,1.6
AXS-JASMY,0.8476,$355.27M,-5.09
NXM-CTOC,0.8475,$361.87M,0.7
GRT-BTT,0.8474,$420.82M,-4.29
DRV-USDA,0.847,$198.82M,-6.55
AKT-ZK,0.847,$212.75M,-13.09
IMX-TIA,0.8467,$533.81M,-7.97
ONYC-USDZ,0.8467,$373.59M,-0.14
LUNC-DCR,0.8466,$481.68M,-6.65
VIRTUAL-GNO,0.8466,$652.21M,-4.51
CTOC-Q,0.8463,$494.95M,-1.47
VET-MET,0.8463,$478.37M,-1.23
TIA-GLIDR,0.8462,$407.87M,-4.9
APEPE-EURCV,0.8462,$350.80M,0.45
BTW-GNO,0.846,$517.44M,-2.03
IMX-IOTA,0.846,$374.90M,-8.24
GALA-SFP,0.846,$191.35M,-6.98
VET-CHZ,0.846,$533.10M,-5.73
GNO-VET,0.8459,$671.60M,-2.95
ZBCN-USTBL,0.8457,$338.12M,-3.91
SAND-JASMY,0.8457,$336.77M,-5.32
SPX-TWT,0.8456,$450.54M,0.38
SEI-AR,0.8454,$402.61M,-4.93
CAKE-AXS,0.8451,$590.88M,-4.14
WEMIX-RAY,0.8449,$263.43M,-9.98
DYDX-RAY,0.8448,$260.87M,-6.36
VELVET-FET,0.8447,$472.42M,-12.94
CHEEMS-RAIL,0.8447,$190.16M,-3.87
ICNT-BTT,0.8443,$361.04M,-9.05
NXM-Q,0.8441,$306.82M,-1.11
OHM-APXUSD,0.8441,$570.86M,1.34
CAKE-SUN,0.8441,$789.48M,-1.47
DCR-VET,0.8441,$591.73M,-4.66
EARNETH-TWT,0.8439,$295.41M,3.93
ZBCN-BSV,0.8439,$435.77M,-6.01
AKT-APEPE,0.8439,$329.75M,-7.32
SEI-GALA,0.8436,$375.17M,-7.65
SAND-ENS,0.8434,$301.26M,-5.77
SPX-CHZ,0.8433,$446.21M,-5.96
AXS-SYRUP,0.8433,$350.94M,-7.06
WIF-MX,0.8432,$296.93M,-0.16
ULTIMA-DASH,0.8431,$579.13M,-5.29
BORG-EIGEN,0.8431,$278.86M,-10.38
TKX-VET,0.8428,$492.40M,-2.11
ZBCN-REAL,0.8427,$426.33M,-4.28
AKT-SN64,0.8427,$218.38M,-6.17
VET-GLIDR,0.8427,$490.34M,-4.1
ULTIMA-AR,0.8425,$297.75M,-4.34
VSN-UQC,0.8424,$258.91M,0.6
VSN-EURCV,0.8424,$300.33M,0.73
DASH-GALA,0.8424,$486.05M,-7.42
ZK-RAY,0.8422,$247.36M,-8.22
TIA-AR,0.8421,$422.54M,-5.28
EIGEN-JASMY,0.8421,$352.18M,-7.39
KAU-SHFL,0.8417,$429.71M,-3.72
AKT-RAY,0.8415,$291.40M,-10.53
SEI-THETA,0.8414,$412.65M,-5.83
Q-THBILL,0.8414,$337.88M,-1.49
TKX-SAND,0.8411,$228.63M,-3.87
BC-PENDLE,0.841,$470.22M,1.31
TKX-SYRUP,0.8408,$310.69M,-2.43
DCR-EIGEN,0.8406,$343.37M,-8.48
REAL-PRL,0.8406,$333.13M,10.37
VIRTUAL-CTOC,0.8405,$644.57M,-4.0
AXS-BTT,0.8404,$403.16M,-5.47
WEMIX-REAL,0.8404,$349.48M,-7.5
XPIN-FRAX,0.8402,$364.96M,0.96
BTW-ETHFI,0.84,$634.69M,-6.11
SEI-CTOC,0.8399,$561.56M,-2.89
PEANUT-AR,0.8399,$300.59M,-3.82
SPX-DCR,0.8398,$504.85M,-4.89
APXUSD-CARDS,0.8396,$563.92M,6.54
CARDS-STRCX,0.8396,$409.66M,6.59
2Z-PRL,0.8393,$286.41M,8.15
ACRED-ANTFUN,0.8393,$397.35M,1.56
DASH-COMP,0.8393,$556.76M,-7.25
OUSG-FDUSD,0.8388,$726.35M,-0.01
DEXE-XPIN,0.8387,$418.98M,23.82
DYDX-AR,0.8386,$213.92M,-5.4
VELVET-AXS,0.8386,$310.19M,-11.95
VIRTUAL-ZK,0.8382,$453.92M,-9.55
LUNC-VIRTUAL,0.8381,$648.47M,-8.77
DASH-REAL,0.8381,$646.49M,-3.17
AXS-REAL,0.838,$392.75M,-4.49
VET-BAT,0.8378,$492.37M,-7.82
TIA-APEPE,0.8377,$507.85M,-3.03
CTOC-PENGU,0.8377,$646.72M,-1.19
EIGEN-PRL,0.8377,$224.66M,4.29
ZBCN-TIA,0.8376,$483.76M,-7.33
TKX-PENDLE,0.8376,$354.09M,-3.16
TIA-EURCV,0.8375,$455.93M,-3.33
APEPE-CTOC,0.8375,$476.36M,0.54
COCO-KMNO,0.8374,$282.24M,-0.15
AKT-GLIDR,0.8372,$229.78M,-9.2
DASH-EIGEN,0.8371,$538.03M,-9.25
KAG-BAT,0.837,$317.11M,-5.21
DRV-RAY,0.8369,$265.65M,-9.18
EIGEN-PENDLE,0.8369,$391.24M,-10.08
GPS-BSV,0.8366,$354.50M,0.25
CAKE-STRK,0.8365,$636.40M,-1.18
CTOC-RAY,0.8364,$438.01M,-2.66
NXM-ENS,0.8363,$262.94M,-0.88
2Z-BTT,0.8363,$461.81M,-3.91
BTW-DASH,0.8362,$632.23M,-4.51
IMX-COMP,0.8361,$386.65M,-8.99
EARNETH-PIEVERSE,0.8361,$329.02M,0.47
LUNC-FLOKI,0.836,$477.41M,-6.09
USDTB-DEXE,0.836,$629.60M,23.06
EURC-JASMY,0.836,$661.62M,-0.89
RAY-EURCV,0.836,$312.44M,-2.76
AKT-JASMY,0.8359,$339.98M,-8.66
EURC-GLIDR,0.8359,$551.42M,-1.42
ICNT-FLOKI,0.8357,$300.08M,-9.21
REAL-MET,0.8357,$338.47M,1.03
UQC-ZAMA,0.8356,$245.83M,8.83
LUNC-VET,0.8355,$667.85M,-7.21
PENGU-BTT,0.8355,$631.19M,-2.69
ZBT-ZAMA,0.8353,$251.76M,9.98
USDAI-AERO,0.8353,$571.81M,0.26
GPS-SHORT,0.8352,$193.56M,-0.4
GNO-SYRUP,0.8351,$489.89M,-3.27
EARNETH-PRL,0.8349,$231.01M,11.43
SEI-CAKE,0.8348,$733.74M,-3.06
GOMINING-GEOD,0.8348,$209.91M,3.13
USDTB-KOGE,0.8345,$569.67M,-0.32
CTOC-FLOKI,0.8345,$473.51M,-1.33
2Z-USDA,0.8344,$298.51M,-2.78
SNX-RAY,0.8343,$285.44M,-4.86
APYUSD-SHFL,0.8343,$279.53M,-1.43
GRT-STRK,0.8341,$350.56M,-4.13
FLOKI-IOTA,0.8338,$346.08M,-5.17
OUSG-GLM,0.8337,$475.01M,-2.49
SAND-SYRUP,0.8337,$332.44M,-7.29
DAI-APXUSD,0.8335,$386.11M,1.82
BP-AKE,0.8335,$209.76M,34.26
NXM-APEPE,0.8334,$288.23M,0.91
DASH-RAY,0.8334,$560.44M,-5.65
NXM-AXS,0.8333,$230.56M,-3.6
EARNETH-PENDLE,0.8333,$397.59M,-2.95
COCO-AVUSD,0.8332,$300.20M,-3.25
IMX-ENS,0.8331,$403.39M,-5.98
BORG-CHZ,0.8327,$282.41M,-7.07
OUSG-KAITO,0.8326,$689.52M,11.24
USDTB-APXUSD,0.8325,$650.58M,1.78
STRK-PEANUT,0.8325,$373.75M,-3.12
DRV-THBILL,0.8323,$220.58M,-6.21
SEI-USTBL,0.8323,$447.39M,-3.03
CHZ-BAT,0.8323,$247.55M,-8.34
BC-TEL,0.8321,$393.88M,3.56
2Z-ULTIMA,0.8321,$384.04M,-5.05
ZK-COMP,0.832,$243.68M,-9.81
GPS-BONK,0.8318,$360.96M,-1.41
IMX-RAY,0.8317,$390.33M,-7.4
OZO-MX,0.8316,$275.89M,-0.8
IMX-PEANUT,0.8314,$411.86M,-6.51
NXM-SEI,0.8314,$373.42M,-2.52
AKT-AKE,0.8314,$223.92M,23.66
VELVET-US,0.831,$585.47M,-11.66
DYDX-JASMY,0.8309,$309.45M,-4.49
APR-XPIN,0.8309,$341.29M,1.91
META-SYRUP,0.8309,$302.66M,1.57
2Z-WIF,0.8307,$348.68M,-1.93
NEX-BTT,0.8307,$349.80M,-5.8
AKT-META,0.8305,$223.81M,-3.2
GNO-SN64,0.8305,$372.64M,1.18
ULTIMA-MET,0.8305,$271.12M,-1.09
FLUID-VCNT,0.8304,$250.73M,2.13
SAND-THBILL,0.8303,$243.12M,-4.22
PENGU-THBILL,0.8299,$489.65M,-1.21
LUNC-BTT,0.8298,$538.37M,-5.94
REAL-AKE,0.8298,$344.58M,31.01
OZO-AWE,0.8297,$231.12M,-1.45
APR-FRAX,0.8296,$416.46M,1.45
SEI-ZK,0.8295,$370.91M,-8.44
SNX-MET,0.8295,$211.85M,-0.65
GRT-SAND,0.8292,$286.53M,-7.32
CAKE-USDA,0.8291,$543.37M,-0.21
FLOKI-USDA,0.8291,$294.69M,-1.69
A-GRASS,0.8291,$318.16M,-6.28
AKT-GNO,0.8288,$411.04M,-8.04
IOTA-THETA,0.8288,$273.67M,-6.45
EURC-PRL,0.8288,$534.11M,10.8
VIRTUAL-MET,0.8287,$458.99M,-2.78
TKX-BSV,0.8287,$361.93M,-1.59
IMX-PIEVERSE,0.8285,$409.40M,-4.8
DRV-AR,0.8283,$218.70M,-8.23
DASH-SN64,0.8283,$487.43M,-1.29
DRV-ZBCN,0.8281,$279.92M,-10.28
ULTIMA-ICNT,0.8281,$283.27M,-10.18
CARDS-KOGE,0.8281,$483.02M,4.44
CTOC-SAND,0.828,$400.19M,-4.19
EARNETH-WEMIX,0.8279,$247.37M,-6.44
MON-MET,0.8279,$337.61M,-1.78
IMX-FLOKI,0.8278,$425.83M,-6.06
SPX-PRL,0.8278,$386.15M,7.88
GALA-REAL,0.8278,$337.67M,-4.95
LDO-FDUSD,0.8276,$649.29M,-3.38
USDAT-PENDLE,0.8274,$390.45M,-3.68
AXS-SFP,0.8273,$246.42M,-6.52
PEANUT-BSV,0.8273,$443.03M,-4.03
GRT-FRAX,0.8272,$381.41M,-2.7
ZBCN-VET,0.8272,$566.23M,-6.54
USTBL-FLOKI,0.8272,$359.35M,-1.47
STAC-AVUSD,0.827,$218.62M,0.09
TAG-PYTH,0.8269,$466.43M,11.48
NXM-DASH,0.8266,$484.30M,-2.29
GEOD-ONYC,0.8266,$340.55M,3.75
VELVET-GALA,0.8264,$255.12M,-12.41
FLOKI-WIF,0.8264,$344.85M,-0.84
RAIL-APYUSD,0.8264,$247.97M,-2.17
ZK-AR,0.8263,$200.41M,-7.26
KAG-GOMINING,0.8263,$329.26M,-0.56
WFI-USDF,0.8263,$286.38M,-2.88
MX-FRAX,0.8262,$370.65M,-0.56
SPX-ETHFI,0.826,$701.97M,-7.26
REAL-Q,0.8259,$469.01M,-1.99
EURC-PEANUT,0.8258,$634.57M,-1.87
AKT-AXS,0.8257,$272.08M,-11.83
SNX-BSV,0.8257,$380.93M,-4.12
LUNC-TIA,0.8256,$585.39M,-8.01
CRVUSD-TRAC,0.8256,$335.72M,-3.33
VELVET-BTT,0.8255,$425.98M,-9.15
RAIL-A7A5,0.8254,$568.05M,-4.42
PIEVERSE-REAL,0.8254,$431.14M,-0.59
OUSG-GUSD,0.8253,$529.76M,0.06
CVX-XPL,0.8251,$355.40M,7.7
VIRTUAL-ENS,0.825,$545.64M,-5.58
LUNC-DASH,0.8249,$676.33M,-7.42
SN64-AR,0.8246,$206.05M,-0.35
DCR-BTSE,0.8245,$335.89M,-8.2
SHORT-ONYC,0.8245,$343.76M,-2.68
OZO-US,0.8244,$544.26M,-3.84
APXUSD-SHFL,0.8244,$416.46M,-1.54
STRK-DASH,0.8243,$586.65M,-3.99
TIBBIR-USDF,0.8242,$218.32M,2.46
SOON-USDF,0.8242,$201.85M,33.88
NEO-SHFL,0.8241,$255.17M,-7.26
GOMINING-BAT,0.8241,$218.98M,-5.78
ZK-FLOKI,0.824,$282.86M,-6.88
BORG-SFP,0.824,$241.00M,-6.34
VELVET-BAT,0.8239,$269.92M,-13.03
FLOKI-COMP,0.8239,$357.83M,-5.92
USTBL-SUN,0.8238,$503.13M,-1.45
UB-MWC,0.8236,$474.68M,4.93
EIGEN-GLIDR,0.8236,$241.98M,-7.92
2Z-SN64,0.8235,$292.33M,-1.05
SN64-BAT,0.8234,$193.41M,-3.69
SPX-DASH,0.8233,$699.51M,-5.66
SPX-PENGU,0.8233,$673.79M,-4.2
PIEVERSE-THBILL,0.8233,$300.02M,-0.09
LUNC-AXS,0.8232,$422.59M,-8.74
ICNT-BAT,0.8231,$204.99M,-12.93
DYDX-CHZ,0.823,$242.00M,-6.65
GRT-IOTA,0.8229,$308.92M,-6.63
SEI-ULTIMA,0.8225,$468.25M,-5.52
MANA-PRL,0.8225,$215.45M,10.81
DASH-FET,0.8224,$703.35M,-7.94
EURC-MON,0.8224,$698.23M,-3.08
STRK-GALA,0.8223,$277.83M,-5.77
PRL-AR,0.8221,$200.12M,8.85
APR-ZAMA,0.822,$334.20M,10.09
DRV-JTO,0.8219,$371.28M,-13.41
DCR-PEANUT,0.8219,$387.32M,-4.0
USTBL-SAND,0.8218,$286.03M,-4.34
SAND-PRL,0.8218,$209.26M,6.36
LUNC-2Z,0.8217,$481.23M,-7.18
APXUSD-RAIL,0.8217,$384.90M,-2.28
CVX-BP,0.8214,$249.05M,9.93
USTBL-SFP,0.8213,$263.57M,-2.36
DASH-IOTA,0.8212,$545.01M,-6.5
TIA-CHZ,0.8211,$450.63M,-6.53
CARDS-SHFL,0.8211,$390.27M,1.34
REUSD-MON,0.8211,$415.63M,-3.12
EARNETH-PENGU,0.821,$518.66M,-0.66
TIA-FLOKI,0.821,$505.00M,-4.9
APEPE-BP,0.821,$315.60M,3.27
GNO-GLIDR,0.821,$384.03M,-1.84
TIBBIR-MON,0.821,$354.68M,-0.7
IMX-ICNT,0.8208,$328.89M,-12.28
OUSG-BONK,0.8208,$645.20M,-3.73
USTBL-AR,0.8208,$276.90M,-1.85
ZK-SNX,0.8207,$206.79M,-7.42
COMP-BTT,0.8203,$418.80M,-5.76
IOTA-MET,0.82,$236.99M,-2.3
IMX-REAL,0.8199,$476.38M,-4.92
RAY-AKE,0.8199,$258.53M,28.53
PENDLE-RAY,0.8197,$413.66M,-6.48
ZBCN-RAY,0.8196,$340.28M,-6.76
WIF-FRAX,0.8194,$366.41M,0.9
VIRTUAL-JASMY,0.8192,$581.16M,-5.13
IOTA-AKE,0.819,$243.10M,27.69
APEPE-CHZ,0.8189,$345.50M,-2.75
GNO-FARTCOIN,0.8189,$405.65M,0.19
XTZ-GOMINING,0.8189,$341.04M,-5.94
UB-ZK,0.8188,$445.19M,0.0
EARNETH-ZBCN,0.8188,$324.22M,-3.22
AXS-COMP,0.8188,$303.01M,-8.56
UB-COMP,0.8187,$520.16M,0.96
EDGE-MWC,0.8186,$249.82M,2.03
2Z-PEANUT,0.8186,$386.87M,-4.53
GNO-ZK,0.8186,$367.00M,-5.73
SNX-THBILL,0.8181,$240.37M,-1.89
AVUSD-BONK,0.818,$380.92M,-3.7
KOGE-A7A5,0.818,$692.35M,-0.58
GRT-AWE,0.8179,$267.16M,-4.42
USDAT-ZBT,0.8178,$253.75M,1.05
ZK-WEMIX,0.8174,$184.78M,-12.53
CAKE-RAY,0.8173,$610.20M,-2.83
GRT-BAT,0.8172,$264.76M,-8.17
VIRTUAL-DCR,0.8172,$572.35M,-6.22
KAG-Q,0.8172,$433.64M,-1.63
APR-KOGE,0.8167,$410.54M,0.92
GRT-DASH,0.8167,$558.78M,-5.77
MWC-META,0.8166,$209.26M,6.92
OZO-WIF,0.8165,$271.64M,0.66
USDA-WFI,0.8165,$270.72M,-3.07
2Z-ZK,0.8164,$286.69M,-7.96
TIBBIR-KMNO,0.816,$204.51M,5.61
KAU-GOMINING,0.8159,$423.87M,-0.92
2Z-USTBL,0.8159,$363.18M,-2.56
APXUSD-STRCX,0.8158,$435.85M,3.71
KAU-MET,0.8155,$397.72M,1.03
REAL-AR,0.8155,$365.11M,-2.23
USTBL-CTOC,0.8153,$435.84M,0.19
IOTA-PEANUT,0.8152,$332.11M,-5.63
TKX-JASMY,0.8151,$315.03M,-0.46
USDA-PENGU,0.8151,$467.89M,-1.56
DCR-EURC,0.815,$652.81M,-1.98
WIF-THETA,0.815,$272.44M,-2.12
FARTCOIN-REAL,0.8149,$372.07M,0.19
ZANO-XEC,0.8148,$250.62M,-13.03
ZBCN-PENGU,0.8147,$548.99M,-5.29
UQC-KOGE,0.8146,$322.17M,-0.34
DYDX-KAG,0.8142,$311.56M,-3.52
IMX-BSV,0.814,$485.81M,-6.65
MWC-PEANUT,0.814,$298.38M,0.57
TWT-EURCV,0.814,$297.90M,3.3
IOTA-EIGEN,0.814,$288.17M,-10.11
RAIL-KOGE,0.8137,$303.99M,-4.38
VSN-XPL,0.8135,$371.48M,1.32
EARNETH-BSV,0.8134,$405.43M,-1.38
DRV-FET,0.8133,$408.56M,-11.47
ZBCN-TKX,0.8133,$280.72M,-3.43
SPX-STX,0.8131,$552.59M,-11.56
NXM-ZBCN,0.813,$264.14M,-3.39
AWE-ZBT,0.8129,$219.77M,-0.38
ZK-KAG,0.8127,$298.05M,-5.38
VELVET-CHZ,0.8126,$310.64M,-10.94
2Z-REAL,0.8126,$451.39M,-2.93
JTO-AIAT,0.8124,$386.62M,-5.65
NXM-FARTCOIN,0.8123,$209.88M,1.07
USTBL-DASH,0.8122,$558.28M,-2.8
DEXE-MX,0.8119,$424.67M,22.3
AERO-TRUMP,0.8119,$771.76M,-2.57
MWC-ZK,0.8118,$198.19M,-1.62
ZBCN-MET,0.8118,$266.69M,-2.54
SN64-MET,0.8118,$179.41M,2.91
XPIN-AKE,0.8118,$240.42M,32.08
PIEVERSE-RAY,0.8115,$345.09M,-3.06
BTW-DRV,0.8114,$337.44M,-8.04
DRV-XCN,0.8113,$232.30M,-9.55
KAG-STRCX,0.8111,$354.49M,1.89
KAITO-A,0.811,$411.56M,8.82
MANA-FRAX,0.8108,$351.45M,0.34
BTW-PENGU,0.8107,$606.52M,-3.05
CARDS-A7A5,0.8107,$747.07M,4.4
GALA-RAY,0.8107,$251.62M,-7.43
KAU-COMP,0.8105,$467.63M,-4.78
ZBCN-STRK,0.8105,$366.48M,-5.1
BORG-JASMY,0.8102,$349.86M,-4.91
MANA-EURCV,0.8102,$280.82M,0.16
VET-Q,0.8101,$608.91M,-4.25
STRK-BSV,0.81,$447.70M,-3.26
US-DCR,0.8099,$621.74M,-5.9
GNO-SNX,0.8099,$405.08M,-2.38
EDGE-AKT,0.8098,$264.37M,-10.07
VELVET-BP,0.8094,$280.74M,-4.92
NEO-GOMINING,0.8094,$249.34M,-4.45
PENGU-PRL,0.8093,$455.79M,9.36
EARNETH-Q,0.8092,$366.89M,-0.94
BTW-EURC,0.8091,$684.83M,-1.62
UB-VET,0.809,$749.79M,2.78
NFT-SOSO,0.809,$381.11M,11.11
SNX-EURC,0.8089,$572.47M,-1.96
TIBBIR-EURCV,0.8088,$255.92M,2.53
CTOC-DASH,0.8088,$672.44M,-2.65
VIRTUAL-EURC,0.8087,$819.60M,-4.09
META-ETHFI,0.8087,$495.31M,0.08
DAI-APYUSD,0.8086,$249.18M,1.93
USDTB-APYUSD,0.8085,$513.65M,1.89
DRV-PEANUT,0.8083,$287.18M,-8.3
VIRTUAL-Q,0.8083,$589.52M,-5.81
MANA-ZAMA,0.8083,$269.20M,8.98
GRT-ULTIMA,0.8081,$343.04M,-5.42
ULTIMA-SFP,0.8081,$284.43M,-4.85
BP-PENGU,0.808,$485.95M,1.53
WIF-AR,0.808,$262.40M,-1.22
DASH-USDA,0.8079,$493.61M,-3.02
VIRTUAL-SNX,0.8078,$492.00M,-6.2
KOGE-FRXUSD,0.8078,$324.07M,-0.31
LUNC-GOMINING,0.8077,$394.46M,-5.16
ICNT-COMP,0.8077,$260.90M,-12.14
SPX-2Z,0.8076,$504.41M,-5.42
PYTH-AERO,0.8076,$735.73M,-5.18
2Z-RAY,0.8075,$365.34M,-5.41
BORG-THBILL,0.8075,$256.20M,-3.81
CHEEMS-KITE,0.8073,$332.32M,0.5
BORG-COMP,0.8072,$297.60M,-8.38
EURC-Q,0.8071,$669.99M,-1.57
REAL-THBILL,0.8071,$366.99M,-0.21
PRL-AKE,0.8071,$179.59M,42.09
BAT-AR,0.8069,$219.47M,-7.09
UQC-RAIL,0.8068,$197.86M,-4.18
EDGE-APEPE,0.8067,$337.33M,-2.0
EDGE-KAG,0.8065,$349.67M,-2.37
TIA-SNX,0.8065,$428.93M,-5.44
COCO-TRAC,0.8065,$307.89M,-6.56
SAND-BSV,0.8064,$383.68M,-6.45
FF-GUSD,0.8064,$341.79M,3.72
TWT-EIGEN,0.8063,$289.06M,-3.21
GRT-USDA,0.8062,$257.52M,-3.15
SUN-THBILL,0.8061,$460.22M,-1.32
SPX-UB,0.8058,$662.91M,2.54
EARNETH-BORG,0.8058,$285.21M,-3.25
APEPE-EURC,0.8058,$651.40M,0.45
ZK-PIEVERSE,0.8058,$266.44M,-5.62
WEMIX-VET,0.8058,$489.38M,-9.76
PIEVERSE-Q,0.8058,$402.03M,-1.87
BTW-XCN,0.8056,$364.46M,-4.89
VET-AR,0.8056,$505.01M,-4.48
IOTA-EURC,0.8055,$597.61M,-3.6
ZBCN-Q,0.8053,$397.22M,-5.57
SYRUP-JASMY,0.8053,$418.83M,-3.89
MWC-PIEVERSE,0.8052,$295.92M,2.18
TKX-Q,0.8049,$323.39M,-1.14
INJ-XTZ,0.8048,$684.71M,-10.92
DASH-SYRUP,0.8048,$604.68M,-5.75
MWC-PENDLE,0.8046,$364.49M,-0.79
EARNETH-MET,0.8045,$236.36M,2.09
A-BSV,0.8043,$360.78M,-4.48
A7A5-ZAMA,0.8042,$616.02M,8.58
UB-PIEVERSE,0.8039,$542.92M,5.15
DEXE-FRAX,0.8039,$494.15M,23.36
RLB-A7A5,0.8038,$582.48M,1.79
OHM-APYUSD,0.8037,$433.93M,1.44
GRT-PRL,0.8036,$245.41M,7.77
NEO-SYRUP,0.8034,$341.02M,-6.82
BC-TRUMP,0.8033,$576.96M,2.12
ZRO-REUSD,0.8033,$452.19M,1.49
APEPE-FRAX,0.8033,$421.43M,0.63
MWC-CTOC,0.8032,$388.84M,2.67
TIBBIR-REUSD,0.8032,$273.92M,2.5
XTZ-BAT,0.8031,$328.89M,-10.59
TKX-ETHFI,0.803,$503.33M,-3.92
BC-GRASS,0.8029,$435.44M,1.07
TIBBIR-MET,0.8029,$195.90M,3.84
ZBCN-XCN,0.8028,$306.93M,-7.13
VIRTUAL-AKT,0.8025,$497.96M,-11.87
CAKE-FLOKI,0.8025,$645.70M,-1.5
DYDX-EARNETH,0.8023,$244.81M,-2.83
APEPE-AXS,0.8023,$345.05M,-3.76
COCO-REUSD,0.8019,$351.65M,-3.26
VET-JASMY,0.8019,$600.54M,-3.57
GNO-TIBBIR,0.8018,$389.13M,2.12
KITE-AERO,0.8018,$646.38M,0.53
PRL-XPIN,0.8016,$228.97M,11.44
DCR-REAL,0.8015,$451.84M,-2.41
FF-AVUSD,0.8015,$308.26M,3.74
TIA-CAKE,0.8014,$753.68M,-3.41
USDA-BORG,0.8014,$234.45M,-4.15
EDGE-META,0.8013,$231.39M,2.13
DRV-2Z,0.8012,$304.98M,-8.93
STRK-XCN,0.801,$318.87M,-4.37
SYRUP-THBILL,0.8009,$325.18M,-2.78
SN64-AKE,0.8008,$185.51M,32.89
FDUSD-CHZ,0.8007,$490.24M,-3.16
CVX-STRK,0.8006,$324.03M,5.87
WEMIX-SAND,0.8006,$225.61M,-11.51
PIEVERSE-GLIDR,0.8006,$283.47M,-1.73
NXM-AKE,0.8005,$182.39M,31.9
BTT-BAT,0.8005,$362.89M,-6.55
UUSD-MX,0.8004,$250.37M,-0.86
UB-ZBCN,0.8003,$538.11M,1.46
IOTA-FET,0.8003,$453.49M,-8.8
STRCX-APYUSD,0.8001,$298.92M,3.82
LDO-GLM,0.7997,$397.96M,-5.86
AKT-GOMINING,0.7997,$243.96M,-8.26
NXM-WEMIX,0.7996,$187.29M,-6.61
SEI-PENDLE,0.7996,$537.20M,-6.71
META-STRCX,0.7996,$236.21M,6.39
UB-SNX,0.7995,$483.27M,3.35
MWC-USDF,0.7995,$225.68M,2.68
EARNETH-SEI,0.7995,$433.50M,-2.35
SEI-BAT,0.7995,$389.97M,-8.27
STRK-FET,0.7995,$495.13M,-6.3
BTW-BORG,0.7994,$373.07M,-5.64
APR-UQC,0.7994,$304.41M,1.13
EARNETH-DASH,0.7993,$544.38M,-2.11
AKT-THBILL,0.7993,$246.33M,-7.56
NXM-PIEVERSE,0.7992,$268.95M,0.3
AXS-RAY,0.7992,$306.69M,-6.96
PENGU-SYRUP,0.7992,$578.97M,-4.29
EIGEN-AKE,0.7992,$236.12M,24.93
CHEEMS-ZAMA,0.7991,$238.13M,9.13
SN64-GLIDR,0.799,$191.37M,0.03
DYDX-GNO,0.7987,$380.51M,-3.87
DRV-AXS,0.7987,$246.33M,-10.49
ZK-EIGEN,0.7987,$224.95M,-11.82
GALA-MET,0.7984,$178.03M,-3.22
KAG-CTOC,0.7983,$488.69M,0.17
JTO-XCN,0.7982,$398.30M,-10.26
DYDX-WEMIX,0.798,$198.29M,-10.68
PENDLE-REAL,0.798,$499.71M,-4.01
RAY-ETHFI,0.798,$562.90M,-7.25
BONK-XCN,0.7977,$394.60M,-6.95
SPX-GALA,0.7976,$390.69M,-7.44
EIGEN-AR,0.7976,$256.65M,-8.3
ULTIMA-BTT,0.7975,$441.17M,-3.8
LUNC-NEO,0.7974,$412.67M,-8.49
GALA-SYRUP,0.7974,$295.86M,-7.53
META-CTOC,0.7973,$370.42M,4.67
FF-SPCXB,0.7973,$277.82M,3.17
SPCXB-NFT,0.7973,$350.06M,-0.44
CHZ-MET,0.7973,$233.56M,-1.74
MWC-WEMIX,0.7972,$214.26M,-2.38
WEMIX-Q,0.7971,$320.37M,-8.79
TIA-TWT,0.7968,$454.96M,-0.18
DEXE-ZBT,0.7963,$388.03M,24.19
GNO-Q,0.7963,$502.59M,-1.98
TIA-BAT,0.7962,$409.90M,-8.62
SAND-FET,0.7962,$431.11M,-9.48
AXS-PRL,0.7961,$227.76M,6.59
FLOKI-VET,0.796,$587.47M,-4.1
SHORT-CRCLON,0.7959,$190.40M,-2.02
DYDX-EURC,0.7956,$547.90M,-3.46
NEO-KAG,0.7956,$347.47M,-3.89
NEO-CTOC,0.7955,$408.78M,-3.73
NXM-GALA,0.7951,$175.48M,-4.07
DAI-NEO,0.7951,$224.83M,-3.9
SN64-Q,0.7944,$309.94M,-0.11
DYDX-DRV,0.7943,$200.51M,-9.88
CAKE-ZK,0.7942,$531.54M,-5.39
BTW-ZK,0.7939,$319.15M,-7.07
SEI-VELVET,0.7939,$453.06M,-10.87
ZBCN-AXS,0.7938,$320.96M,-8.06
RLB-TEL,0.7937,$278.59M,0.71
DASH-PENDLE,0.7936,$648.09M,-6.47
APXUSD-NEO,0.7935,$428.83M,-2.06
2Z-APEPE,0.7933,$403.70M,-2.2
DEXE-BP,0.7932,$388.32M,26.0
RAY-THBILL,0.7932,$280.94M,-2.68
GRT-SEI,0.7929,$447.90M,-6.01
CAKE-DASH,0.7929,$844.63M,-2.82
GNO-PENGU,0.7928,$654.36M,-1.7
KITE-CRCLON,0.7928,$324.86M,0.98
WIF-BTT,0.7927,$405.82M,-0.68
ZBCN-IOTA,0.7926,$324.85M,-7.6
STRK-SHORT,0.7925,$286.76M,-3.91
VCNT-KITE,0.7924,$396.45M,1.53
KAG-FDUSD,0.7923,$559.79M,-0.03
FLOKI-NEX,0.7922,$288.84M,-5.96
GNO-IOTA,0.792,$430.22M,-4.02
MON-EURCV,0.792,$397.63M,-3.09
AKT-DCR,0.7919,$331.17M,-9.75
SPX-SNX,0.7918,$424.51M,-4.87
DRV-ICNT,0.7918,$204.21M,-14.07
2Z-EIGEN,0.7917,$342.93M,-9.01
CHEEMS-FARTCOIN,0.7916,$223.33M,0.78
ZK-PEANUT,0.7915,$268.89M,-7.33
UB-WEMIX,0.7914,$461.26M,-1.76
VELVET-AWE,0.7913,$272.32M,-9.27
APEPE-REUSD,0.7912,$368.79M,0.42
GALA-CHZ,0.7912,$232.75M,-7.72
BP-IOTA,0.7911,$261.81M,-0.78
NXM-PENDLE,0.7909,$337.52M,-3.12
GNO-MET,0.7909,$372.06M,1.04
COMP-FET,0.7909,$465.24M,-9.55
ZANO-XCN,0.7908,$260.82M,-6.95
NEO-CARDS,0.7906,$402.64M,0.82
STX-MON,0.7906,$498.71M,-11.88
A-AERO,0.7906,$516.66M,-2.12
DRV-FLOKI,0.7905,$301.15M,-7.84
LUNC-BTSE,0.7904,$412.01M,-10.75
NXM-AR,0.7904,$202.92M,-1.34
XTZ-AERO,0.7903,$639.85M,-5.12
DAI-CARDS,0.7902,$359.92M,4.7
REUSD-SPCXB,0.7901,$252.97M,-0.47
GPS-ONYC,0.7899,$342.21M,2.4
FARTCOIN-RAY,0.7899,$286.02M,-2.29
GNO-ENS,0.7896,$458.71M,-1.75
EARNETH-AKT,0.7895,$275.34M,-7.0
NXM-2Z,0.7893,$289.21M,-2.05
EARNETH-IOTA,0.7893,$294.52M,-2.97
ZANO-JTO,0.7893,$399.80M,-10.81
UB-CTOC,0.7892,$635.84M,5.55
ZBT-APYUSD,0.7887,$272.07M,3.02
TWT-REAL,0.7886,$397.53M,2.87
GLIDR-JASMY,0.7886,$312.97M,-2.45
TIA-USTBL,0.7884,$467.33M,-3.38
ZRO-FDUSD,0.7883,$630.85M,1.41
VIRTUAL-IOTA,0.7881,$517.14M,-7.84
2Z-SYRUP,0.788,$409.58M,-5.51
VIRTUAL-PIEVERSE,0.788,$551.65M,-4.4
PENDLE-PIEVERSE,0.7879,$432.73M,-3.89
MWC-ENS,0.7878,$289.91M,1.13
TIA-WEMIX,0.7877,$406.91M,-10.55
Q-GUSD,0.7877,$369.46M,-1.6
SYRUP-EURCV,0.7875,$356.68M,-2.85
SEI-DCR,0.7872,$489.33M,-5.11
BC-KAITO,0.7872,$528.84M,16.17
DAI-KOGE,0.7869,$305.20M,-0.28
DRV-STRK,0.7869,$291.85M,-7.52
USDAT-A,0.7869,$242.09M,-2.42
MON-SYRUP,0.7868,$455.44M,-6.08
EIGEN-BSV,0.7865,$399.08M,-8.52
BTW-STX,0.7864,$485.32M,-10.41
STRK-REAL,0.7864,$438.27M,-1.53
SAND-PIEVERSE,0.7863,$307.27M,-4.59
IMX-VIRTUAL,0.7862,$596.89M,-8.73
ZK-FET,0.7862,$390.27M,-10.51
TIA-DCR,0.7861,$509.27M,-5.46
SNX-VET,0.7861,$511.39M,-4.64
SOON-AERO,0.786,$504.38M,34.15
LUNC-IOTA,0.7859,$426.47M,-8.28
SAND-BAT,0.7859,$228.60M,-9.58
LDO-A,0.7858,$405.49M,-5.74
VELVET-CTOC,0.7858,$441.50M,-7.65
BP-GALA,0.7858,$202.85M,-1.7
KOGE-SHFL,0.7858,$335.55M,-3.64
ULTIMA-STRCX,0.7857,$322.49M,-0.58
SAND-BTT,0.7857,$384.66M,-5.7
USDA-FET,0.7857,$402.10M,-5.32
NEO-COMP,0.7855,$293.10M,-8.32
STRK-ENS,0.7854,$365.28M,-2.58
WEMIX-XCN,0.7854,$230.08M,-10.35
SNX-EIGEN,0.7854,$263.03M,-8.46
IOTA-SFP,0.7854,$250.31M,-6.06
DYDX-SNX,0.7853,$220.30M,-5.56
NEO-ETHFI,0.7853,$533.67M,-8.31
DEXE-MANA,0.7852,$405.46M,23.2
VIRTUAL-AXS,0.7852,$513.26M,-8.3
APXUSD-FRXUSD,0.7852,$404.98M,1.79
META-KAG,0.7851,$309.11M,4.51
UQC-AKE,0.7851,$203.54M,31.3
IMX-BTT,0.7849,$486.79M,-5.9
OUSG-XEC,0.7846,$499.71M,-9.26
WEMIX-GLIDR,0.7846,$201.81M,-8.64
US-USDA,0.7845,$515.14M,-4.05
DASH-BAT,0.7845,$500.85M,-8.03
DYDX-FET,0.7844,$403.78M,-8.65
SEI-FET,0.7844,$592.47M,-8.18
TKX-ZK,0.7843,$187.80M,-4.89
META-GOMINING,0.7843,$210.98M,3.94
ZK-CHZ,0.7843,$228.49M,-8.51
STRK-EIGEN,0.7841,$329.80M,-7.6
NEO-STX,0.784,$384.29M,-12.61
BSV-USDZ,0.784,$385.88M,-2.29
NEO-MET,0.7839,$223.19M,-2.51
AVUSD-GRASS,0.7839,$331.85M,-3.84
APEPE-REAL,0.7838,$450.42M,0.02
TIA-ENS,0.7837,$482.56M,-4.81
AXS-KAG,0.7837,$357.38M,-4.13
IOTA-PRL,0.7837,$231.64M,7.05
PIEVERSE-XCN,0.7835,$311.74M,-3.43
US-WIF,0.7833,$565.31M,-3.19
VIRTUAL-NEO,0.7833,$503.34M,-8.06
STRK-BORG,0.7833,$327.48M,-5.12
BTW-A,0.7831,$337.09M,-4.08
2Z-US,0.7831,$621.30M,-6.42
GLM-SHORT,0.7831,$192.31M,-5.25
VIRTUAL-PENGU,0.783,$741.29M,-5.53
DYDX-THETA,0.7829,$223.96M,-6.3
OUSG-ZANO,0.7828,$511.41M,-3.73
DRV-TIA,0.7828,$409.13M,-9.75
EDGE-ZK,0.7827,$220.33M,-7.76
UB-PENDLE,0.7826,$611.49M,1.73
UB-KAG,0.7824,$574.53M,5.39
KAU-ULTIMA,0.7824,$490.01M,-2.82
SAND-FARTCOIN,0.7824,$248.20M,-3.82
RAY-AR,0.7824,$279.06M,-4.7
US-TRAC,0.7822,$542.63M,-7.1
TWT-EURC,0.7822,$598.50M,3.3
SPX-META,0.7821,$397.49M,1.66
OUSG-REUSD,0.7821,$547.68M,0.06
UB-TIA,0.7819,$667.33M,1.98
VIRTUAL-WEMIX,0.7819,$469.99M,-11.31
LUNC-AKT,0.7818,$407.29M,-12.3
USDAT-ETHFI,0.7816,$539.69M,-4.44
IOTA-JASMY,0.7816,$359.16M,-4.64
EDGE-CTOC,0.7815,$410.98M,-2.21
META-SHFL,0.7815,$216.81M,1.13
DYDX-AKE,0.7812,$193.39M,27.83
DYDX-SEI,0.781,$384.42M,-6.58
TKX-AKE,0.7809,$198.97M,31.86
FLUID-TRAC,0.7809,$209.95M,-2.39
EARNETH-ETHFI,0.7806,$546.83M,-3.71
TKX-STX,0.7806,$353.96M,-8.22
CTOC-GLIDR,0.7806,$376.39M,-1.33
STRCX-SHFL,0.7806,$262.19M,-1.48
VET-AKE,0.7806,$484.48M,28.75
DYDX-BP,0.7805,$212.10M,-0.64
ICNT-GALA,0.7803,$190.19M,-12.31
AKT-GALA,0.78,$217.01M,-12.3
USTBL-COMP,0.7798,$320.17M,-4.4
TAG-USDAI,0.7798,$302.51M,16.92
KMNO-TRAC,0.7797,$221.69M,-0.1
SNX-SYRUP,0.7797,$329.68M,-4.96
CAKE-PEANUT,0.7796,$631.73M,-1.95
BTT-AR,0.7796,$375.53M,-3.21
USDA-AR,0.7795,$212.23M,-2.07
BORG-MET,0.7794,$227.69M,-2.57
GOMINING-PYTH,0.7794,$436.92M,-6.01
VSN-GNO,0.7793,$433.54M,0.32
ZBCN-COMP,0.7793,$336.60M,-8.35
VET-EURCV,0.7793,$538.39M,-2.54
GRT-ICNT,0.7792,$262.92M,-10.67
USDTB-FRXUSD,0.7792,$465.44M,-0.08
PRL-PEANUT,0.7792,$268.61M,8.78
EURC-MET,0.7791,$539.45M,1.46
GEOD-USDAI,0.7791,$251.78M,3.68
DRV-ZK,0.779,$187.00M,-11.74
DCR-CHZ,0.7789,$346.92M,-5.18
BP-STRK,0.7789,$303.45M,1.72
DAI-XEC,0.7788,$210.51M,-9.29
DRV-WEMIX,0.7788,$203.07M,-13.5
AVUSD-GUSD,0.7788,$265.48M,0.09
PEANUT-JASMY,0.7788,$396.12M,-2.91
ZK-THETA,0.7787,$210.45M,-8.16
DASH-SFP,0.7787,$500.17M,-5.21
A-ETHFI,0.7785,$502.18M,-6.81
KMNO-EURCV,0.7784,$247.46M,3.23
IMX-2Z,0.7783,$429.66M,-7.14
CAKE-REAL,0.7783,$696.25M,-0.36
BTW-UB,0.7781,$595.64M,3.7
DYDX-FLOKI,0.7781,$296.37M,-5.02
KAU-CTOC,0.778,$583.31M,-0.19
SEI-STRK,0.778,$475.76M,-4.23
APEPE-MET,0.778,$290.78M,1.76
UB-THBILL,0.7777,$478.77M,5.53
ENS-A,0.7775,$278.36M,-3.8
STRK-SN64,0.7774,$279.20M,0.36
AXS-GOMINING,0.7772,$259.25M,-4.7
USDA-WIF,0.7771,$242.52M,0.45
AWE-XPIN,0.777,$250.72M,-0.75
SAND-EURC,0.7769,$575.22M,-4.29
2Z-STRK,0.7768,$391.55M,-3.75
TIA-AKE,0.7767,$402.01M,27.96
FET-THBILL,0.7767,$423.85M,-4.98
SPX-MON,0.7766,$550.27M,-6.0
SPX-THBILL,0.7765,$420.01M,-2.7
ZBCN-DASH,0.7765,$574.71M,-6.75
GRASS-XCN,0.7764,$345.53M,-7.09
APXUSD-ZBT,0.7763,$409.00M,2.91
AXS-Q,0.7763,$363.64M,-5.77
ZBCN-VIRTUAL,0.7761,$546.84M,-8.09
USAT-ZAMA,0.7761,$323.04M,8.85
RAY-JASMY,0.7761,$374.59M,-3.79
UB-SN64,0.7755,$450.83M,6.91
JTO-AVUSD,0.7755,$384.61M,-7.01
STRCX-MET,0.7755,$230.21M,3.27
IMX-NXM,0.7754,$314.19M,-4.03
ZRO-XEC,0.7753,$404.21M,-7.83
COMP-BAT,0.7753,$262.74M,-9.64
AR-THBILL,0.7752,$233.99M,-1.73
DYDX-PRL,0.775,$181.94M,7.19
KAITO-FDUSD,0.7749,$655.37M,11.18
NXM-DCR,0.7748,$289.65M,-1.52
CTOC-EURC,0.7748,$725.04M,0.24
ENS-GLIDR,0.7748,$277.45M,-2.91
USTBL-BTT,0.7745,$420.31M,-1.31
COCO-FF,0.7744,$376.51M,0.38
DRV-SFP,0.7742,$205.37M,-8.74
EARNETH-STRK,0.7742,$336.15M,-0.47
ZK-PRL,0.7742,$168.42M,5.34
EARNETH-AKE,0.7741,$242.47M,32.07
GNO-CTOC,0.7739,$557.65M,-0.18
RLB-USDAI,0.7738,$261.71M,2.09
DRV-BTT,0.7735,$362.12M,-7.69
EDGE-MON,0.7735,$384.17M,-5.53
SAND-SNX,0.7735,$247.62M,-6.39
USDTB-ZAMA,0.7734,$493.33M,8.85
ZBCN-CAKE,0.7734,$624.46M,-3.93
ENS-VET,0.7734,$565.03M,-4.02
AXS-PEANUT,0.7733,$328.23M,-6.08
SEI-SFP,0.773,$389.29M,-5.44
Q-EURCV,0.7729,$369.39M,-1.57
RAY-MET,0.7728,$252.42M,-1.45
IMX-STRCX,0.7727,$368.12M,-2.68
INJ-USTBL,0.7727,$620.08M,-5.52
APR-NFT,0.7724,$460.91M,1.27
USTBL-KAG,0.7724,$374.53M,0.03
AKT-BORG,0.7723,$266.66M,-11.65
FLOKI-CHZ,0.7723,$342.65M,-4.61
KAU-Q,0.7722,$528.26M,-1.99
USDTB-NFT,0.7722,$620.04M,0.03
GALA-BTT,0.7722,$348.09M,-5.93
GLIDR-PEANUT,0.772,$285.92M,-3.44
TIA-STRK,0.7719,$495.70M,-4.58
ZK-GLIDR,0.7719,$185.74M,-6.88
KAU-THBILL,0.7718,$426.24M,-0.21
GRT-MX,0.7717,$311.93M,-3.76
NEO-GLIDR,0.7715,$235.16M,-5.39
VSN-EURC,0.7713,$600.93M,0.74
ZBCN-BORG,0.7713,$315.54M,-7.88
TIA-PIEVERSE,0.7712,$488.57M,-3.64
TAG-AERO,0.7712,$559.44M,17.19
KAU-BAT,0.7711,$411.72M,-5.57
DYDX-DASH,0.771,$495.30M,-6.35
AKT-EIGEN,0.771,$268.99M,-14.13
ULTIMA-SYRUP,0.7708,$388.95M,-5.39
FARTCOIN-CRCLON,0.7707,$215.86M,1.26
NXM-ETHFI,0.7706,$486.76M,-3.89
VIRTUAL-STRCX,0.7706,$510.36M,-2.28
SN64-EURCV,0.7706,$239.43M,1.6
LUNC-VELVET,0.7705,$445.40M,-12.41
NXM-THBILL,0.7704,$204.80M,0.68
BORG-PRL,0.7704,$222.34M,6.77
KMNO-JASMY,0.7703,$309.61M,2.2
AR-FRAX,0.7703,$336.12M,-1.62
TIBBIR-EURC,0.7702,$556.52M,2.53
PENGU-JASMY,0.7701,$583.30M,-2.32
APEPE-ZK,0.7699,$285.71M,-5.01
REAL-BSV,0.7696,$507.55M,-2.44
FF-SHORT,0.7695,$289.84M,0.94
PIEVERSE-MET,0.7694,$271.50M,1.15
ZRO-NEO,0.7693,$418.53M,-2.45
APEPE-IOTA,0.7693,$348.94M,-3.3
TKX-MET,0.7692,$192.86M,1.88
NFT-FRXUSD,0.7692,$374.44M,0.03
USDAI-USDZ,0.7692,$284.83M,-0.21
CTOC-EIGEN,0.7689,$415.59M,-6.26
AKT-TKX,0.7687,$231.84M,-7.2
CAKE-BP,0.7687,$561.43M,2.89
GALA-SUN,0.7686,$430.90M,-6.07
BAT-SUN,0.7686,$445.70M,-6.68
PEANUT-EURCV,0.7686,$333.97M,-1.88
GNO-BORG,0.7685,$420.91M,-4.3
ZK-STRK,0.7685,$273.56M,-6.56
SAND-MET,0.7685,$214.60M,-2.98
ETHFI-REAL,0.7685,$648.95M,-4.77
DYDX-EIGEN,0.7684,$238.46M,-9.96
AKT-REUSD,0.7684,$295.83M,-7.66
EIGEN-ETHFI,0.7681,$540.48M,-10.85
VSN-APEPE,0.768,$352.25M,1.04
CAKE-CTOC,0.768,$722.19M,0.16
GRASS-USDZ,0.7678,$343.26M,-4.09
DYDX-APEPE,0.7677,$299.23M,-3.15
PENDLE-GRASS,0.7677,$466.52M,-7.54
ULTIMA-CHZ,0.7675,$325.84M,-5.59
IOTA-GOMINING,0.7673,$263.14M,-4.24
LDO-BC,0.7671,$522.77M,1.61
ETHFI-VET,0.767,$788.85M,-7.03
DRV-SYRUP,0.7668,$309.89M,-9.28
DCR-CTOC,0.7668,$477.78M,-1.89
SAND-PENDLE,0.7668,$375.84M,-8.01
DAI-KAU,0.7667,$399.36M,-0.36
VELVET-MX,0.7667,$317.09M,-8.62
EARNETH-CTOC,0.7665,$421.94M,0.87
BC-AERO,0.7665,$633.94M,5.22
VIRTUAL-META,0.7665,$464.98M,0.33
ZK-STRCX,0.7665,$225.15M,-3.5
CTOC-PRL,0.7664,$359.07M,10.89
ZBCN-PEANUT,0.7663,$361.81M,-5.87
BTW-STRK,0.7661,$424.01M,-2.86
SPX-AKE,0.7661,$397.60M,28.52
EDGE-REUSD,0.7661,$303.41M,-2.33
XEC-FRXUSD,0.7661,$229.38M,-9.32
NEO-APYUSD,0.7658,$291.90M,-1.96
IOTA-Q,0.7656,$367.53M,-5.32
FARTCOIN-PIEVERSE,0.7656,$305.09M,0.31
SPCXB-STX,0.7656,$336.05M,-9.23
SPX-ULTIMA,0.7653,$483.78M,-5.31
VIRTUAL-TWT,0.7653,$518.04M,-0.94
META-CHZ,0.7651,$239.55M,1.38
ULTIMA-REAL,0.7651,$430.76M,-2.82
WEMIX-MET,0.7651,$189.84M,-5.77
PIEVERSE-VET,0.7651,$571.04M,-2.84
STX-RAY,0.765,$413.52M,-11.55
RAY-BSV,0.765,$421.50M,-4.92
OUSG-TRUMP,0.7649,$737.64M,-2.81
UQC-MANA,0.7649,$239.40M,0.03
GLIDR-EURCV,0.7649,$250.82M,-1.42
KMNO-PRL,0.7648,$182.09M,13.88
PENDLE-SYRUP,0.7645,$457.90M,-6.58
DYDX-GRT,0.7644,$259.21M,-6.48
EARNETH-APEPE,0.7644,$348.30M,1.08
USTBL-STRCX,0.7644,$301.64M,1.91
KITE-USDAI,0.7643,$389.44M,0.25
GRT-USTBL,0.7641,$322.19M,-2.93
USDZ-XCN,0.7641,$257.05M,-3.4
TIBBIR-GLIDR,0.764,$207.87M,0.97
KAG-GALA,0.764,$302.31M,-4.59
NXM-STRK,0.7639,$276.08M,-0.64
KAU-APXUSD,0.7638,$603.36M,1.47
RAY-Q,0.7638,$382.96M,-4.47
DRV-REAL,0.7637,$351.70M,-6.7
SEI-COMP,0.7637,$445.88M,-7.48
BP-EURCV,0.7637,$263.67M,2.97
ZBCN-AR,0.7632,$293.33M,-5.8
META-FDUSD,0.7631,$441.51M,4.46
GPS-FF,0.7631,$288.29M,6.02
IMX-SYRUP,0.763,$434.57M,-7.49
GLM-ONYC,0.763,$340.97M,-2.46
SNX-PENDLE,0.763,$373.09M,-5.69
TKX-TWT,0.7629,$251.91M,3.72
IMX-EARNETH,0.7628,$374.26M,-3.86
ZRO-MON,0.7627,$532.95M,-1.71
WEMIX-SYRUP,0.7627,$307.67M,-10.07
IMX-SNX,0.7625,$349.76M,-6.6
KAITO-GRASS,0.7625,$525.14M,7.32
SPX-PENDLE,0.7623,$552.73M,-6.49
ZK-EURC,0.7623,$534.39M,-5.31
TEL-USDAI,0.7623,$331.75M,-1.41
NXM-TIBBIR,0.7622,$193.36M,2.99
APYUSD-A7A5,0.7622,$636.33M,1.63
MWC-SAND,0.7621,$239.03M,-1.06
XEC-PYTH,0.7621,$440.82M,-14.73
DYDX-MWC,0.762,$211.71M,-0.59
GALA-PEANUT,0.762,$273.15M,-6.55
BC-ACRED,0.7619,$334.61M,4.89
KAITO-AERO,0.7618,$723.64M,11.48
OUSG-GRASS,0.7615,$596.12M,-3.87
PENDLE-USDZ,0.7612,$378.04M,-3.86
APYUSD-FRXUSD,0.7611,$268.05M,1.9
IMX-EIGEN,0.761,$367.91M,-11.0
WEMIX-EIGEN,0.7608,$241.02M,-13.58
GALA-COMP,0.7607,$247.94M,-9.03
2Z-AKT,0.7606,$330.73M,-10.28
EDGE-KMNO,0.7605,$234.00M,0.78
CHEEMS-KOGE,0.7605,$314.47M,-0.04
STRK-FLOKI,0.7604,$387.72M,-2.67
EARNETH-AXS,0.7603,$290.63M,-3.43
2Z-DCR,0.7602,$405.11M,-4.63
GNO-BP,0.7601,$396.88M,2.55
DCR-IOTA,0.7601,$350.35M,-5.73
ULTIMA-STRK,0.76,$370.91M,-3.64
SNX-MON,0.76,$370.63M,-5.19
STRK-FARTCOIN,0.7598,$312.22M,-0.63
DYDX-VIRTUAL,0.7597,$467.43M,-7.7
EARNETH-TIBBIR,0.7596,$253.43M,3.16
KAG-COMP,0.7596,$373.02M,-4.42
UQC-EURCV,0.7596,$257.46M,0.01
EARNETH-AR,0.7595,$263.00M,-1.17
LDO-TAG,0.7592,$448.26M,13.58
VELVET-DASH,0.7592,$563.94M,-10.63
XTZ-FDUSD,0.7591,$571.57M,-5.42
GNO-DCR,0.7587,$485.42M,-2.4
XTZ-PYTH,0.7587,$546.83M,-10.83
ZBCN-STRCX,0.7584,$318.07M,-2.04
GLM-KAITO,0.7584,$404.03M,8.7
LUNC-APEPE,0.7582,$480.26M,-4.22
DYDX-EURCV,0.7581,$247.30M,-3.46
VIRTUAL-FARTCOIN,0.7581,$492.58M,-3.63
ZRO-GLM,0.7579,$379.52M,-1.07
OUSG-GPS,0.7578,$476.26M,2.36
IMX-UB,0.7576,$588.16M,0.82
ZBCN-BAT,0.7576,$280.69M,-9.14
AB-TEL,0.7574,$271.16M,-12.89
MWC-IOTA,0.7573,$261.42M,-1.34
AKT-PRL,0.7573,$212.46M,3.02
USTBL-RAY,0.7573,$323.85M,-2.81
SNX-FARTCOIN,0.7573,$245.45M,-1.49
DYDX-PIEVERSE,0.757,$279.95M,-3.76
ZRO-STX,0.757,$535.27M,-7.27
OHM-ZBT,0.757,$389.75M,0.59
GPS-USAT,0.757,$281.24M,2.29
DRV-SUN,0.7569,$444.93M,-7.82
AXS-EIGEN,0.7569,$284.28M,-10.56
WEMIX-PENDLE,0.7568,$351.08M,-10.8
RLB-BTSE,0.7567,$237.38M,-4.04
AXS-BP,0.7567,$257.92M,-1.24
KAU-APYUSD,0.7565,$466.43M,1.58
WEMIX-PEANUT,0.7565,$284.96M,-9.1
FLOKI-PEANUT,0.7565,$383.05M,-3.44
GRASS-TRUMP,0.7565,$573.26M,-6.73
STX-Q,0.7564,$470.47M,-10.36
GRT-TIA,0.7562,$467.83M,-6.36
IMX-CTOC,0.756,$502.32M,-4.4
WIF-PENGU,0.756,$518.06M,-0.71
TKX-TIBBIR,0.7559,$209.93M,2.96
DCR-SN64,0.7556,$292.77M,-0.52
SPX-ZBCN,0.7555,$479.35M,-6.77
UB-ULTIMA,0.7555,$542.54M,2.92
LDO-GEOD,0.7554,$397.54M,0.35
SYRUP-BAT,0.7554,$310.66M,-8.14
SAND-COMP,0.7552,$284.51M,-8.79
STRCX-THBILL,0.7551,$258.73M,2.03
APEPE-TIBBIR,0.755,$307.85M,2.84
ZBCN-SYRUP,0.7549,$384.52M,-6.85
ULTIMA-Q,0.7549,$401.65M,-4.11
AVUSD-USDF,0.7549,$227.82M,0.05
ICNT-USDA,0.7547,$197.75M,-7.92
CAKE-ICNT,0.7544,$548.76M,-7.72
DCR-AKE,0.7544,$298.30M,29.31
BC-ETHFI,0.7543,$619.46M,0.54
BTW-IOTA,0.7542,$382.37M,-5.37
US-BTT,0.7542,$678.44M,-5.18
USTBL-SYRUP,0.7542,$368.09M,-2.9
ICNT-DASH,0.7542,$499.01M,-10.53
ICNT-AR,0.7541,$217.63M,-9.59
DASH-JASMY,0.7541,$609.02M,-3.78
THETA-THBILL,0.7541,$244.03M,-2.63
AXS-STRK,0.754,$332.90M,-5.31
BP-WIF,0.754,$260.58M,3.54
IOTA-EURCV,0.7539,$297.01M,-3.6
MWC-APEPE,0.7538,$315.20M,3.15
COMP-THBILL,0.7538,$277.26M,-4.28
RAIL-CRCLON,0.7535,$182.70M,-3.39
GRASS-BONK,0.7533,$480.82M,-7.64
VSN-AWE,0.7532,$256.71M,-0.8
TWT-REUSD,0.7532,$315.90M,3.26
APEPE-XPIN,0.7531,$346.26M,1.09
SEI-ZBCN,0.753,$463.83M,-6.98
DCR-EURCV,0.753,$352.21M,-1.98
REUSD-EURCV,0.7528,$316.87M,0.11
APEPE-AKE,0.7526,$296.88M,31.74
AKE-XPL,0.7526,$316.11M,32.02
CASH-MX,0.7525,$272.61M,-0.83
OHM-KOGE,0.7525,$489.95M,-0.76
GRX-ACRED,0.7524,$239.14M,-0.19
CTOC-PEANUT,0.7524,$459.54M,-1.78
GALA-JASMY,0.7524,$300.20M,-5.56
ETHFI-PEANUT,0.7524,$584.43M,-6.37
DYDX-TKX,0.7523,$201.31M,-3.03
ZRO-GOMINING,0.7522,$400.32M,0.88
SNX-EURCV,0.7521,$271.87M,-1.96
DCR-GLIDR,0.752,$304.16M,-3.55
KAU-ZK,0.7519,$392.66M,-5.74
APEPE-EIGEN,0.7519,$341.95M,-6.05
OHM-FRXUSD,0.7516,$385.73M,-0.53
FARTCOIN-XCN,0.7516,$252.67M,-2.66
MET-BAT,0.7516,$192.83M,-3.83
VSN-DEXE,0.7515,$424.97M,23.77
SPX-EDGE,0.7515,$438.05M,-5.22
APR-MX,0.7514,$346.98M,0.39
GRX-TEL,0.7514,$298.41M,-1.52
GLM-PYTH,0.7514,$416.12M,-7.96
EIGEN-PIEVERSE,0.7512,$322.68M,-6.66
MWC-AKE,0.7511,$209.36M,35.92
DCR-BORG,0.7511,$341.05M,-6.0
ACRED-TRAC,0.7511,$238.71M,-3.32
VELVET-USTBL,0.7509,$327.34M,-7.79
EURC-MANA,0.7509,$581.42M,0.16
DAI-RAIL,0.7508,$180.89M,-4.12
AKT-GUSD,0.7507,$277.90M,-7.66
WIF-FET,0.7507,$452.26M,-4.47
PENDLE-XCN,0.7504,$380.31M,-6.85
GEOD-CHZ,0.7503,$238.48M,0.57
AB-WIF,0.7502,$243.19M,-10.84
NEX-WIF,0.7501,$236.67M,-3.81
BP-SAND,0.75,$239.42M,-1.47
KAU-USTBL,0.7499,$469.15M,-0.33
DYDX-PEANUT,0.7498,$282.40M,-5.48
DRV-ENS,0.7497,$278.71M,-7.76
USTBL-USDA,0.7497,$257.02M,-0.18
ZBCN-EIGEN,0.7495,$317.87M,-10.36
FARTCOIN-USDZ,0.7495,$250.40M,0.34
STX-SOSO,0.7495,$367.11M,2.32
LUNC-ACRED,0.7494,$393.94M,-4.67
VELVET-VET,0.7494,$555.46M,-10.42
DEXE-NFT,0.7494,$538.60M,23.18
TWT-GLIDR,0.7493,$249.85M,1.73
ICNT-PENGU,0.7493,$473.29M,-9.07
GNO-AXS,0.7492,$426.33M,-4.48
RLB-UQC,0.7491,$212.29M,2.04
NEO-CHZ,0.7491,$277.91M,-7.02
GNO-AR,0.7488,$398.70M,-2.22
TIA-PENDLE,0.7487,$557.14M,-7.06
STAC-JTO,0.7486,$371.28M,-7.03
RLB-CHEEMS,0.7486,$204.59M,2.34
SNX-ETHFI,0.7483,$522.33M,-6.45
UB-RAY,0.7481,$523.84M,2.56
VSN-CHEEMS,0.748,$251.21M,0.9
GRT-ZK,0.7475,$245.70M,-8.34
US-CHZ,0.7475,$563.10M,-6.97
USTBL-WEMIX,0.7475,$261.27M,-7.13
2Z-AKE,0.7474,$297.86M,28.79
OZO-SFP,0.747,$228.03M,-2.38
DCR-ETHFI,0.747,$602.67M,-6.47
VELVET-PRL,0.7469,$250.57M,2.91
SN64-BSV,0.7468,$348.48M,-0.56
LUNC-RAY,0.7467,$441.90M,-7.43
PENDLE-VET,0.7467,$639.61M,-6.26
IMX-GRT,0.7465,$388.67M,-7.52
DYDX-STRK,0.7465,$287.08M,-4.7
TIA-ETHFI,0.7462,$706.38M,-7.82
FDUSD-TRUMP,0.7462,$703.49M,-2.87
UB-BORG,0.746,$499.11M,1.44
CVX-AR,0.7458,$250.87M,5.17
AB-BTT,0.7457,$356.32M,-12.83
USDTB-ANTFUN,0.7456,$637.83M,1.58
CTOC-BTT,0.7455,$534.48M,-1.17
APEPE-BORG,0.7454,$339.63M,-3.57
TAG-BAT,0.7454,$248.48M,11.71
USTBL-XTZ,0.7453,$386.32M,-5.36
VELVET-SAND,0.7452,$291.69M,-12.17
2Z-JASMY,0.7452,$413.92M,-3.54
EARNETH-STX,0.745,$397.46M,-8.01
GRX-GLIDR,0.7449,$225.48M,-1.61
DAI-OHM,0.7445,$366.86M,-0.5
2Z-THBILL,0.7444,$320.27M,-2.43
LUNC-PEANUT,0.7443,$463.44M,-6.55
VELVET-ULTIMA,0.7443,$348.20M,-10.28
TIA-THETA,0.7442,$432.58M,-6.18
NEO-TAG,0.7442,$278.84M,13.04
SN64-JASMY,0.7442,$301.58M,0.57
OHM-STRCX,0.7441,$416.60M,1.39
CARDS-COMP,0.744,$428.19M,0.28
STRCX-SYRUP,0.7439,$348.04M,-1.04
NXM-BSV,0.7438,$345.36M,-1.55
GOMINING-SYRUP,0.7437,$322.81M,-3.49
FDUSD-USDAI,0.7436,$503.54M,-0.05
VIRTUAL-BSV,0.7435,$628.06M,-6.25
BP-THETA,0.7435,$240.33M,0.12
BP-UQC,0.7433,$222.26M,2.83
DYDX-EDGE,0.7431,$233.84M,-5.9
MET-COMP,0.7431,$248.74M,-3.04
WEMIX-GALA,0.743,$189.04M,-11.75
ENS-ETHFI,0.7429,$575.96M,-5.83
XEC-TRAC,0.7428,$243.12M,-12.53
MET-EURCV,0.7428,$238.85M,1.45
GLM-FF,0.7427,$287.05M,1.17
DASH-ENS,0.7427,$573.51M,-4.23
IMX-SFP,0.7426,$330.05M,-6.95
USDAT-USAT,0.7426,$325.03M,-0.07
REUSD-TRAC,0.7426,$291.10M,-3.21
DEXE-USDAT,0.7424,$413.88M,23.08
STRCX-ETHFI,0.7424,$540.69M,-2.53
PIEVERSE-PEANUT,0.7422,$366.62M,-2.18
ZK-ENS,0.742,$260.42M,-6.8
TKX-MON,0.7419,$351.64M,-2.66
TAG-GEOD,0.7419,$239.41M,20.62
NXM-ULTIMA,0.7418,$268.57M,-1.93
OZO-2Z,0.7418,$327.63M,-2.57
CHEEMS-EURCV,0.7418,$249.75M,0.31
SEI-CHZ,0.7415,$430.69M,-6.18
2Z-GNO,0.7415,$484.98M,-2.92
SNX-PEANUT,0.7415,$306.97M,-3.98
SYRUP-AKE,0.7415,$302.77M,28.44
LUNC-TRAC,0.7414,$402.56M,-7.85
LUNC-NXM,0.7413,$365.77M,-4.07
MET-GUSD,0.7413,$238.92M,1.42
STRK-RAY,0.7411,$352.22M,-4.0
UUSD-WIF,0.7411,$246.13M,0.6
VSN-RAIL,0.741,$240.74M,-3.45
ZBT-MX,0.741,$264.53M,0.27
INJ-SOON,0.7409,$549.25M,28.35
WIF-PRL,0.7409,$230.41M,11.38
EDGE-FDUSD,0.7408,$482.07M,-2.41
VET-PRL,0.7408,$473.03M,8.11
IMX-SPX,0.7407,$529.40M,-7.41
UB-SEI,0.7407,$647.39M,2.33
SEI-BTSE,0.7407,$419.66M,-9.2
DCR-STX,0.7407,$453.30M,-10.77
ULTIMA-RAY,0.7407,$344.71M,-5.3
STRK-SFP,0.7406,$291.94M,-3.56
BTSE-GRASS,0.7406,$348.98M,-10.04
NXM-STX,0.7405,$337.39M,-8.18
AWE-PRL,0.7405,$189.89M,9.26
THETA-VET,0.7404,$515.05M,-5.38
STRK-IOTA,0.7403,$336.79M,-4.85
MWC-ZBCN,0.74,$291.11M,-0.73
VIRTUAL-GRX,0.74,$493.67M,-4.28
OHM-ANTFUN,0.74,$558.11M,1.14
1INCH-SHFL,0.7399,$237.22M,-4.89
KAU-SYRUP,0.7396,$515.55M,-3.28
STRK-PRL,0.7396,$273.28M,9.55
KAG-KITE,0.7393,$445.69M,0.27
CTOC-AR,0.7393,$391.06M,-1.71
SOON-WFI,0.7393,$264.55M,31.01
BTW-DYDX,0.7392,$332.66M,-5.22
SPX-TIBBIR,0.7392,$408.56M,-0.38
SAND-XCN,0.7392,$254.85M,-7.56
KITE-PYTH,0.7392,$553.36M,-5.18
WEMIX-FARTCOIN,0.739,$223.43M,-6.61
EARNETH-DCR,0.7389,$349.72M,-1.35
SEI-ENS,0.7389,$462.62M,-4.46
UB-SHFL,0.7388,$482.24M,2.02
DYDX-XPIN,0.7387,$242.76M,-2.82
CAKE-AKE,0.7387,$542.71M,31.36
AKT-BAT,0.7386,$231.81M,-12.91
LUNC-PENGU,0.7385,$650.62M,-5.96
DYDX-SUN,0.7384,$440.16M,-5.0
KAG-CHZ,0.7383,$357.83M,-3.12
GALA-PRL,0.7382,$172.68M,6.13
STX-VET,0.7382,$639.47M,-11.33
RAY-PRL,0.7382,$247.08M,7.89
SPX-FLOKI,0.7381,$500.58M,-4.33
OZO-USDA,0.7381,$221.47M,-0.19
ENS-EURC,0.7381,$626.11M,-1.34
GRT-CTOC,0.738,$436.35M,-2.79
CHZ-JASMY,0.7379,$355.73M,-4.08
SPX-WEMIX,0.7378,$402.50M,-9.99
TIA-BP,0.7377,$420.73M,-0.51
WEMIX-EURC,0.7377,$550.46M,-7.07
THETA-SN64,0.7377,$216.08M,-1.24
USTBL-STRK,0.7375,$350.05M,-1.15
META-SPCXB,0.7375,$180.95M,3.99
DRV-VIRTUAL,0.7374,$472.21M,-10.52
ZRO-CHZ,0.7374,$428.89M,-1.68
TIBBIR-SNX,0.7374,$228.92M,0.43
BP-JASMY,0.7374,$325.82M,1.93
LUNC-JASMY,0.7373,$490.49M,-5.56
XPIN-ZAMA,0.7373,$282.71M,9.61
DASH-BSV,0.7371,$655.93M,-4.91
EDGE-TWT,0.737,$284.44M,0.85
OUSG-PYTH,0.7368,$701.61M,-5.42
SN64-CHZ,0.7366,$234.13M,-1.59
ETHFI-Q,0.7365,$619.84M,-6.06
OUSG-STAC,0.7364,$482.89M,0.06
AWE-MANA,0.7364,$237.21M,-1.37
DASH-USDZ,0.7364,$524.82M,-3.02
SEI-THBILL,0.7363,$404.49M,-2.91
APEPE-SYRUP,0.7362,$408.61M,-2.55
THETA-COMP,0.7362,$285.42M,-7.2
STRK-BONK,0.7361,$454.16M,-4.92
MX-SFP,0.736,$253.32M,-3.2
AKT-ULTIMA,0.7359,$310.09M,-10.17
EARNETH-GALA,0.7358,$235.56M,-3.89
GNO-PIEVERSE,0.7357,$464.73M,-0.58
ULTIMA-WEMIX,0.7357,$282.12M,-9.62
ENS-PENGU,0.7357,$547.79M,-2.77
STX-REAL,0.7356,$499.58M,-9.07
SPX-ENS,0.735,$478.15M,-4.25
UB-REAL,0.735,$609.89M,5.03
SAND-SFP,0.735,$227.92M,-6.75
GALA-EIGEN,0.7349,$229.21M,-11.03
MWC-GUSD,0.7348,$263.35M,2.67
XEC-NFT,0.7347,$383.98M,-9.21
GNO-WEMIX,0.7346,$383.07M,-7.49
DYDX-VELVET,0.7342,$264.37M,-11.34
ULTIMA-JASMY,0.7338,$393.29M,-3.43
SNX-STX,0.7338,$372.95M,-10.75
PIEVERSE-SYRUP,0.7338,$389.33M,-3.16
LUNC-REAL,0.7337,$527.96M,-4.95
SEI-GNO,0.7337,$569.20M,-3.4
NEO-Q,0.7337,$353.73M,-5.53
UQC-PRL,0.7337,$192.09M,10.66
SNX-JASMY,0.7335,$334.02M,-2.99
CASH-SOON,0.7334,$212.03M,33.87
TKX-PRL,0.7334,$187.51M,11.22
BTW-THBILL,0.7333,$352.73M,-1.54
AXS-ICNT,0.7333,$245.26M,-11.85
UB-AKT,0.7332,$489.23M,-2.31
VELVET-TIA,0.7332,$472.99M,-11.22
GNO-UQC,0.7332,$390.66M,-0.41
DRV-CTOC,0.7331,$377.65M,-6.18
TKX-PENGU,0.7329,$475.16M,-0.86
XTZ-STRCX,0.7329,$366.27M,-3.5
APEPE-Q,0.7327,$421.31M,-1.26
USDAT-STX,0.7327,$390.32M,-8.74
NEO-VET,0.7327,$522.73M,-6.5
OHM-COMP,0.7326,$435.13M,-4.92
TIBBIR-SOON,0.7326,$196.49M,36.34
DASH-XCN,0.7325,$527.09M,-6.02
STRCX-GLIDR,0.7325,$242.18M,0.39
UB-DASH,0.732,$758.27M,2.57
DAI-SHFL,0.7319,$212.45M,-3.38
APEPE-MANA,0.7319,$332.74M,0.47
GRT-OZO,0.7318,$286.64M,-2.95
ZRO-FF,0.7318,$477.04M,5.13
AKT-KAG,0.7316,$342.09M,-7.69
TKX-IOTA,0.7315,$251.02M,-3.18
IOTA-SUN,0.7314,$489.86M,-5.15
AKE-ZAMA,0.7314,$233.33M,40.26
TWT-MET,0.7313,$237.88M,4.61
SAND-EURCV,0.7312,$274.62M,-4.29
VCNT-KOGE,0.7312,$378.59M,0.99
DASH-THBILL,0.7312,$515.37M,-2.67
XTZ-ULTIMA,0.7311,$407.17M,-7.85
UB-DYDX,0.7309,$458.70M,1.86
CASH-A,0.7309,$224.31M,-2.41
US-FLOKI,0.7309,$617.47M,-5.34
STRCX-Q,0.7309,$360.75M,0.24
GNO-MANA,0.7308,$414.03M,-0.25
XPIN-EURCV,0.7308,$294.33M,0.79
APEPE-GUSD,0.7307,$350.87M,0.41
APR-APYUSD,0.7306,$354.52M,3.13
CARDS-FRXUSD,0.7305,$378.79M,4.67
PENDLE-SN64,0.7302,$340.64M,-2.12
APR-SHFL,0.7301,$317.79M,-2.17
OUSG-USAT,0.7299,$565.48M,-0.02
GRASS-BSV,0.7299,$474.36M,-5.98
ACRED-ETHFI,0.7298,$514.93M,-4.49
STRCX-BAT,0.7298,$244.21M,-3.33
TAG-SHFL,0.7298,$266.47M,13.56
DYDX-MANA,0.7297,$229.25M,-3.44
CAKE-SYRUP,0.7297,$654.44M,-2.93
GALA-Q,0.7296,$308.57M,-6.24
STX-MET,0.7296,$339.93M,-7.34
LUNC-ZRO,0.7295,$563.65M,-3.16
UB-AXS,0.7295,$504.52M,1.25
SPX-PIEVERSE,0.7292,$484.16M,-3.07
APEPE-VET,0.729,$590.32M,-2.23
GNO-STRK,0.7289,$471.85M,-1.52
VIRTUAL-EURCV,0.7286,$519.01M,-4.09
XTZ-A7A5,0.7285,$703.68M,-5.69
ZBCN-GNO,0.7284,$459.92M,-4.27
DASH-STRCX,0.7284,$538.23M,-0.93
ULTIMA-GOMINING,0.7282,$297.26M,-3.03
IOTA-BTT,0.7282,$407.05M,-5.01
AWE-SFP,0.7281,$208.55M,-3.85
LUNC-EIGEN,0.728,$419.49M,-11.03
BP-SFP,0.728,$216.97M,0.51
LUNC-SAND,0.7279,$404.09M,-8.96
FDUSD-XEC,0.7278,$465.55M,-9.32
IMX-USDA,0.7277,$323.50M,-4.77
OUSG-SHORT,0.7277,$477.80M,-2.72
OHM-USAT,0.7277,$461.03M,-0.54
LUNC-ZK,0.7276,$363.25M,-9.99
DAI-USDTB,0.7276,$446.57M,-0.05
AKT-SAND,0.7274,$253.58M,-12.06
CVX-FRAX,0.7271,$354.88M,7.29
ZRO-TRAC,0.7271,$408.42M,-1.81
CAKE-EIGEN,0.727,$587.78M,-6.43
NXM-UB,0.7269,$447.71M,5.92
NEO-XTZ,0.7269,$359.25M,-9.27
CTOC-STRCX,0.7269,$415.80M,2.05
EARNETH-THBILL,0.7268,$264.88M,0.85
KOGE-CRCLON,0.7268,$307.00M,0.45
ICNT-BORG,0.7267,$239.84M,-11.67
BTW-EURCV,0.7266,$384.24M,-1.62
SHORT-USDAI,0.7266,$254.99M,-2.75
COCO-JTO,0.7265,$452.86M,-10.36
BTW-DCR,0.7263,$437.58M,-3.74
WEMIX-IOTA,0.7263,$248.00M,-10.83
FARTCOIN-EURC,0.7263,$573.05M,0.61
PENGU-CHZ,0.7263,$515.86M,-4.48
GNO-DASH,0.7261,$680.08M,-3.16
1INCH-PIEVERSE,0.726,$297.90M,-1.76
TWT-PEANUT,0.726,$333.00M,1.28
CTOC-EURCV,0.7259,$424.44M,0.24
PYTH-CRCLON,0.7259,$414.21M,-4.73
2Z-FRAX,0.7257,$422.40M,-2.33
CHZ-Q,0.7256,$364.09M,-4.76
FLOKI-SN64,0.7255,$288.50M,0.04
STRCX-BORG,0.7255,$279.06M,-2.07
GOMINING-MET,0.7255,$204.98M,0.82
CTOC-THETA,0.7254,$401.09M,-2.61
OUSG-EDGE,0.7251,$516.22M,-2.35
GRX-SOSO,0.7251,$240.69M,10.92
DRV-VELVET,0.725,$269.15M,-14.16
SFP-WFI,0.7248,$277.28M,-5.26
LUNC-META,0.7247,$374.31M,-0.1
DAI-STRCX,0.7247,$231.85M,1.88
OHM-GRX,0.7247,$399.90M,-0.61
STAC-BTSE,0.7246,$235.76M,-6.11
DYDX-CVX,0.7245,$232.68M,3.51
EDGE-CHZ,0.7244,$280.11M,-5.5
KMNO-FF,0.7244,$290.31M,6.84
LUNC-ETHFI,0.7243,$678.79M,-9.02
ZRO-AKT,0.7243,$413.15M,-6.25
TEL-USDZ,0.7243,$301.70M,-1.6
GNO-CHEEMS,0.7241,$382.96M,-0.11
GLM-GOMINING,0.7241,$210.33M,-3.07
ETHFI-MON,0.7241,$648.09M,-7.58
APR-OZO,0.724,$321.69M,1.2
ENS-SYRUP,0.724,$383.32M,-4.34
DRV-GRT,0.7239,$263.99M,-9.3
ACRED-SPCXB,0.7239,$200.58M,-0.58
MANA-AR,0.7239,$247.44M,-1.78
FARTCOIN-GRASS,0.7237,$338.88M,-3.35
STX-EIGEN,0.7237,$391.11M,-15.15
ZBCN-CVX,0.7236,$312.09M,3.11
ZBCN-GLIDR,0.7236,$278.66M,-5.42
AKT-SNX,0.7236,$250.83M,-9.73
UQC-KITE,0.7235,$340.02M,0.2
STX-A,0.7235,$352.81M,-11.11
AR-JASMY,0.7235,$327.64M,-2.83
A-USDZ,0.7233,$229.68M,-2.59
SN64-SUN,0.7232,$432.28M,0.06
GPS-GRASS,0.7231,$311.88M,-1.55
CTOC-FET,0.7231,$580.92M,-4.96
TIA-BTT,0.7229,$565.96M,-4.74
APEPE-SAND,0.7228,$326.55M,-3.98
CAKE-BTT,0.7228,$706.66M,-1.34
LUNC-GLIDR,0.7227,$380.28M,-6.1
BP-MX,0.7227,$264.82M,2.08
DYDX-GOMINING,0.7225,$213.43M,-4.09
VET-BTT,0.7225,$648.43M,-3.94
GLM-XEC,0.7224,$214.22M,-11.79
BP-XPL,0.7224,$334.82M,3.55
UQC-EIGEN,0.7224,$248.61M,-6.49
1INCH-UUSD,0.7223,$215.60M,-1.58
STRCX-VET,0.7223,$529.75M,-0.73
ZRO-GEOD,0.7222,$379.10M,5.14
KAU-AXS,0.7221,$452.00M,-4.49
AKT-GEOD,0.722,$222.74M,-4.01
NXM-BP,0.7217,$201.11M,3.43
ZRO-NFT,0.7217,$549.28M,1.52
SEI-US,0.7214,$705.52M,-6.9
ETHFI-MET,0.7214,$489.31M,-3.04
DRV-EIGEN,0.7213,$243.24M,-12.78
UQC-FARTCOIN,0.7213,$231.03M,0.47
BTSE-PEANUT,0.7211,$317.65M,-8.09
SPX-NEO,0.721,$435.85M,-6.73
STAC-USDA,0.721,$198.82M,-0.17
LDO-ONYC,0.7208,$549.40M,-3.29
BP-REAL,0.7208,$363.29M,2.54
RAY-CHZ,0.7207,$307.14M,-5.95
OUSG-KMNO,0.7205,$478.27M,3.18
SEI-STRCX,0.7205,$427.35M,-1.17
ZK-EURCV,0.7204,$233.79M,-5.31
NFT-SHFL,0.7203,$385.92M,-3.3
PEANUT-XCN,0.7203,$314.20M,-5.15
SEI-TKX,0.7202,$390.00M,-2.56
COCO-CRVUSD,0.7202,$396.27M,-3.38
TKX-DCR,0.7201,$306.22M,-1.56
STRK-THBILL,0.7201,$307.14M,-1.03
PIEVERSE-ETHFI,0.7201,$581.97M,-4.65
IMX-PENDLE,0.7199,$477.97M,-8.22
BC-BTSE,0.7198,$352.68M,-1.19
NEO-BORG,0.7198,$272.05M,-7.84
USTBL-REAL,0.7197,$409.90M,-0.33
GUSD-EURCV,0.7197,$298.94M,0.11
PENGU-EURC,0.7196,$821.75M,-1.29
BTW-AR,0.7195,$350.85M,-3.56
EDGE-AXS,0.7195,$279.66M,-6.51
GNO-PENDLE,0.7195,$533.30M,-4.0
RAIL-ANTFUN,0.7195,$372.15M,-2.48
GPS-STRK,0.7194,$285.22M,1.17
SAND-GLIDR,0.7194,$226.57M,-5.86
PEANUT-AKE,0.7193,$280.06M,29.42
SPX-AR,0.7192,$418.13M,-4.72
MWC-FARTCOIN,0.7192,$236.85M,3.18
SEI-ETHFI,0.7192,$686.44M,-7.47
ANTFUN-XPL,0.7191,$502.89M,2.29
SHORT-USDZ,0.7188,$224.94M,-2.94
MWC-BORG,0.7187,$252.11M,-0.93
APXUSD-A7A5,0.7187,$773.26M,1.52
EARNETH-2Z,0.7185,$349.28M,-1.87
BTW-JASMY,0.7184,$446.39M,-2.65
USTBL-CHZ,0.7184,$304.98M,-3.1
APR-APXUSD,0.7183,$491.45M,3.02
DRV-PIEVERSE,0.7183,$284.73M,-6.58
ZBCN-CTOC,0.7182,$452.28M,-3.76
USDA-PEANUT,0.7181,$280.71M,-2.15
CHZ-THBILL,0.7181,$262.07M,-2.98
STAC-BC,0.718,$322.21M,4.99
CHZ-REAL,0.7178,$393.20M,-3.48
VSN-AR,0.7177,$266.95M,-1.21
AKT-TIBBIR,0.7175,$234.88M,-5.24
KAG-IOTA,0.7171,$361.27M,-3.67
WIF-BORG,0.717,$284.61M,-3.3
US-ACRED,0.7169,$534.01M,-3.91
DAI-ANTFUN,0.7168,$373.36M,1.62
EIGEN-MET,0.7168,$230.01M,-5.05
1INCH-SNX,0.7167,$238.25M,-3.56
BTW-Q,0.7166,$454.75M,-3.33
SAND-Q,0.7166,$345.14M,-6.0
USDA-BAT,0.7166,$199.59M,-5.42
SEI-JASMY,0.7162,$498.14M,-4.01
FLOKI-JASMY,0.7162,$410.10M,-2.45
DRV-BSV,0.7161,$361.14M,-8.44
US-BORG,0.7161,$557.24M,-7.8
SHORT-XCN,0.716,$227.21M,-5.94
MWC-REUSD,0.7159,$281.27M,2.65
BTW-GALA,0.7157,$323.41M,-6.29
VIRTUAL-CHZ,0.7156,$513.71M,-7.29
2Z-AWE,0.7155,$308.16M,-4.04
CTOC-COMP,0.7155,$434.33M,-4.26
CVX-PRL,0.7154,$218.89M,17.76
VIRTUAL-GALA,0.7154,$458.18M,-8.77
AXS-STRCX,0.7154,$284.48M,-2.25
UB-USDAT,0.7153,$500.64M,5.36
TWT-Q,0.7151,$368.42M,1.58
BP-EURC,0.7151,$564.27M,2.97
TIA-COMP,0.715,$465.82M,-7.83
NEO-FRXUSD,0.7149,$243.70M,-3.93
WEMIX-PENGU,0.7148,$472.14M,-8.51
FLOKI-PRL,0.7147,$282.58M,9.23
SPCXB-TRAC,0.7147,$209.20M,-3.77
JASMY-THBILL,0.7147,$329.52M,-0.81
USDAT-USDZ,0.7145,$267.19M,-0.23
AVUSD-XEC,0.7145,$235.43M,-9.23
EURC-PIEVERSE,0.7145,$632.12M,-0.16
IMX-TKX,0.7144,$330.76M,-4.07
IMX-JTO,0.7144,$495.96M,-11.63
AKT-KMNO,0.7144,$226.41M,-4.55
AKT-STX,0.7144,$378.91M,-16.42
PENGU-AKE,0.7144,$467.24M,30.0
UB-USTBL,0.7143,$521.68M,5.41
INJ-BAT,0.7142,$562.65M,-10.75
ZK-BTT,0.7141,$343.83M,-6.72
KAU-FDUSD,0.714,$654.40M,-0.39
STRK-VET,0.714,$578.17M,-3.78
STAC-USAT,0.7139,$287.87M,-0.01
CASH-GRX,0.7139,$246.12M,-0.13
UQC-EURC,0.7139,$558.05M,0.01
FLOKI-THBILL,0.7139,$316.44M,-1.35
VIRTUAL-THBILL,0.7138,$487.50M,-4.02
GNO-GALA,0.7138,$371.26M,-4.94
STRCX-STX,0.7136,$391.31M,-6.83
KAU-CHZ,0.7135,$452.45M,-3.48
RLB-CRCLON,0.7133,$197.12M,2.82
GRT-APEPE,0.7133,$362.70M,-2.58
BTW-CAKE,0.7132,$681.99M,-1.69
STRK-ICNT,0.7132,$290.78M,-8.89
VIRTUAL-ULTIMA,0.7131,$551.27M,-6.63
XTZ-USDAI,0.7131,$382.91M,-5.39
PENGU-COMP,0.7131,$531.04M,-5.79
STRK-WEMIX,0.713,$289.63M,-8.32
LUNC-BAT,0.7129,$382.31M,-9.82
MWC-SEI,0.7127,$400.39M,-0.39
CVX-ANTFUN,0.7127,$417.12M,8.67
TIA-STX,0.7127,$557.01M,-12.12
META-VET,0.7127,$484.37M,1.89
FLUID-ACRED,0.7127,$201.33M,0.8
GRT-VET,0.7126,$550.30M,-5.56
ACRED-STX,0.7126,$365.56M,-8.79
VELVET-FRAX,0.7125,$386.57M,-7.56
ZRO-GLIDR,0.7125,$386.14M,-0.05
KAITO-USAT,0.7125,$494.50M,11.17
OUSG-LDO,0.7124,$683.45M,-3.32
KITE-KOGE,0.7124,$446.15M,-0.01
NXM-CHZ,0.7121,$231.01M,-2.59
IMX-MET,0.7118,$316.74M,-3.18
BTW-MET,0.7116,$324.22M,-0.31
ENS-THBILL,0.7116,$294.00M,-1.27
RAIL-FRXUSD,0.7116,$199.77M,-4.15
AKT-PENGU,0.7115,$500.11M,-9.06
LUNC-MET,0.7114,$368.31M,-3.22
USAT-JTO,0.7114,$453.87M,-7.11
THETA-PEANUT,0.7113,$310.63M,-4.72
SEI-GLIDR,0.7112,$387.94M,-4.55
FLOKI-REAL,0.7112,$447.57M,-1.85
FLOKI-SYRUP,0.7111,$405.76M,-4.42
ZK-NEO,0.711,$218.13M,-9.28
OZO-ZBT,0.7109,$239.24M,1.09
ZANO-REUSD,0.7109,$298.59M,-3.71
ZBCN-JASMY,0.7108,$388.86M,-4.89
USDA-IOTA,0.7108,$243.75M,-3.88
ZBCN-PENDLE,0.7107,$427.93M,-7.58
SPX-BAT,0.7105,$405.49M,-8.06
REUSD-EURC,0.7103,$617.47M,0.11
GRT-PEANUT,0.7101,$345.88M,-4.9
UB-ENS,0.71,$536.91M,3.98
BC-USDZ,0.71,$346.96M,4.76
GOMINING-VET,0.7099,$504.52M,-3.17
SHORT-NFT,0.7099,$362.07M,-2.67
NXM-CAKE,0.7098,$534.06M,0.53
DAI-CRCLON,0.7096,$183.90M,0.71
OHM-USDZ,0.7096,$403.19M,-0.69
DASH-WIF,0.7096,$543.78M,-2.17
MWC-PRL,0.7094,$197.91M,13.33
VIRTUAL-FLOKI,0.7094,$568.08M,-5.66
GNO-MON,0.7094,$530.84M,-3.5
DRV-STRCX,0.7093,$243.44M,-4.47
GRX-FARTCOIN,0.7089,$247.11M,0.42
1INCH-WEMIX,0.7088,$216.24M,-8.67
CASH-SNX,0.7087,$244.45M,-2.05
CRVUSD-WIF,0.7087,$358.39M,0.57
ZANO-SPCXB,0.7087,$216.70M,-4.26
VELVET-APEPE,0.7086,$367.86M,-7.44
OZO-WFI,0.7086,$299.84M,-2.86
STRCX-PIEVERSE,0.7085,$322.88M,1.65
STAC-BONK,0.7083,$367.59M,-3.72
TKX-A,0.7083,$205.73M,-1.89
A7A5-AERO,0.7083,$892.58M,-0.04
INJ-ICNT,0.7081,$560.81M,-13.25
AKT-TWT,0.708,$276.86M,-4.48
DYDX-COMP,0.7078,$257.19M,-7.96
APEPE-PENGU,0.7078,$573.08M,-0.98
CTOC-AKE,0.7078,$370.53M,31.53
OZO-VCNT,0.7077,$289.74M,1.27
BTT-PEANUT,0.7077,$444.01M,-3.28
EDGE-TIA,0.7076,$442.47M,-5.78
NXM-MON,0.7075,$335.06M,-2.62
INJ-KITE,0.7075,$691.24M,-5.27
USDTB-MANA,0.7075,$486.91M,0.04
SAND-USDA,0.7075,$221.37M,-4.56
CASH-UUSD,0.7074,$221.80M,-0.07
COCO-GUSD,0.7074,$333.73M,-3.27
USAT-XCN,0.7073,$314.89M,-3.25
TWT-SAND,0.7072,$273.65M,-1.14
ULTIMA-SUN,0.7072,$523.99M,-3.94
SEI-BSV,0.7071,$545.05M,-5.14
LUNC-UB,0.707,$639.73M,0.78
EURCV-ZAMA,0.707,$287.25M,8.97
AKT-FDUSD,0.7068,$474.49M,-7.74
USTBL-MET,0.7068,$250.26M,1.4
JASMY-FRAX,0.7067,$431.65M,-0.71
2Z-VIRTUAL,0.7064,$571.90M,-6.75
STX-EURC,0.7064,$700.55M,-8.64
DYDX-GLIDR,0.7063,$199.25M,-5.03
NXM-FLOKI,0.7062,$285.38M,-0.96
GNO-KMNO,0.7062,$380.66M,2.81
BORG-GLIDR,0.7061,$239.65M,-5.45
VIRTUAL-COMP,0.706,$528.89M,-8.59
LUNC-MWC,0.7059,$392.74M,-1.67
NEO-ULTIMA,0.7057,$315.48M,-6.36
KMNO-EURC,0.7057,$548.06M,3.23
EIGEN-Q,0.7055,$360.54M,-8.07
TKX-BORG,0.7054,$241.71M,-3.46
TEL-A,0.7053,$276.60M,-3.79
TIA-FARTCOIN,0.7052,$429.50M,-2.86
SEI-XCN,0.7051,$416.21M,-6.26
COCO-USAT,0.7051,$369.45M,-3.35
SN64-ETHFI,0.7051,$489.88M,-2.89
NEO-AXS,0.7048,$277.46M,-8.03
BORG-PENDLE,0.7048,$388.92M,-7.6
DYDX-KAU,0.7045,$406.17M,-3.89
USTBL-JTO,0.7043,$429.48M,-7.04
ZK-BP,0.7042,$198.59M,-2.49
VSN-ZBT,0.7041,$264.84M,1.74
FRXUSD-SHFL,0.7039,$231.32M,-3.41
BORG-GOMINING,0.7033,$253.83M,-4.51
SEI-ICNT,0.7031,$388.13M,-10.77
BC-STX,0.7031,$470.09M,-3.76
UB-MON,0.703,$609.03M,2.23
DAI-NFT,0.703,$355.57M,0.07
UB-EARNETH,0.7028,$507.78M,6.09
USDA-BTSE,0.7027,$229.29M,-6.34
RAIL-MANA,0.7027,$221.23M,-4.02
IOTA-MANA,0.7026,$278.96M,-3.59
DYDX-SFP,0.7024,$200.60M,-5.92
TKX-THBILL,0.7022,$221.38M,0.64
GUSD-JASMY,0.7022,$361.09M,-0.92
ULTIMA-PIEVERSE,0.7021,$363.78M,-2.7
A-PEANUT,0.7021,$286.83M,-4.34
LUNC-STX,0.7019,$529.42M,-13.32
TIA-FET,0.7019,$612.41M,-8.53
CHEEMS-EIGEN,0.7019,$240.91M,-6.19
LDO-USDZ,0.7018,$430.59M,-3.55
COCO-GLM,0.7017,$278.98M,-5.81
AIAT-SHFL,0.7017,$239.38M,-1.96
USDA-GALA,0.7016,$184.79M,-4.8
STRCX-TAG,0.7016,$285.86M,18.81
CHZ-PRL,0.7016,$228.21M,7.6
BTW-GRX,0.7014,$358.90M,-1.81
USDAT-STRCX,0.7014,$280.59M,1.86
RAY-BAT,0.7014,$266.42M,-8.04
META-TAG,0.7013,$240.48M,21.43
WEMIX-STRCX,0.7013,$241.22M,-5.26
USDA-BONK,0.7013,$361.12M,-3.95
LDO-GPS,0.7012,$399.21M,-1.01
2Z-EURC,0.7011,$652.37M,-2.51
GALA-GOMINING,0.7011,$204.18M,-5.16
META-GEOD,0.7009,$189.76M,8.19
RAIL-AKE,0.7008,$185.37M,27.25
INJ-AERO,0.7007,$873.61M,-5.27
SEI-NEO,0.7006,$420.33M,-6.95
INJ-CARDS,0.7003,$728.10M,-0.83
USTBL-GOMINING,0.7003,$276.40M,-0.54
GEOD-AIAT,0.7003,$212.32M,5.1
UB-1INCH,0.7002,$476.65M,3.86
CVX-AKE,0.7002,$230.34M,38.4
FRXUSD-CRCLON,0.7002,$202.77M,0.68
MWC-THBILL,0.7001,$231.77M,2.77
UB-TKX,0.6999,$464.28M,5.88
DAI-COMP,0.6999,$250.38M,-4.43
GNO-ETHFI,0.6998,$682.53M,-4.76
CAKE-WEMIX,0.6998,$547.62M,-7.15
AR-AKE,0.6997,$211.58M,29.49
GLM-BONK,0.6996,$359.71M,-6.26
GALA-AKE,0.6995,$184.14M,26.77
TKX-STRK,0.6993,$292.65M,-0.68
TKX-DASH,0.6993,$500.88M,-2.32
SPCXB-MON,0.6992,$333.73M,-3.67
LUNC-TWT,0.699,$427.37M,-1.38
CRCLON-SHFL,0.6988,$214.25M,-2.65
UB-SAND,0.6986,$486.02M,1.02
DAI-PYTH,0.6986,$412.41M,-5.45
GRX-AERO,0.6986,$538.47M,0.15
EURC-ETHFI,0.6986,$849.93M,-4.34
PEANUT-GRASS,0.6986,$400.41M,-5.84
OHM-NEO,0.6984,$409.58M,-4.38
NEO-BAT,0.6984,$237.19M,-9.11
DASH-PRL,0.6983,$481.50M,7.91
REAL-MON,0.6981,$497.25M,-3.51
BTW-AXS,0.698,$378.49M,-5.82
STRK-WIF,0.698,$335.55M,-0.52
PENGU-MET,0.6979,$461.13M,0.02
ZBCN-KAG,0.6978,$390.97M,-3.92
LDO-XTZ,0.6977,$528.67M,-8.73
PENGU-BSV,0.6977,$630.21M,-3.45
AKT-PEANUT,0.6975,$312.93M,-9.65
APEPE-TRAC,0.6974,$325.03M,-2.88
DRV-COMP,0.6973,$261.97M,-10.78
1INCH-VCNT,0.6972,$280.26M,-0.26
GUSD-USDF,0.6972,$261.34M,0.03
KAU-VET,0.697,$697.26M,-2.96
TWT-SYRUP,0.6964,$355.71M,0.3
KAU-FRXUSD,0.6963,$418.23M,-0.39
BTW-CTOC,0.6959,$509.80M,-1.52
GPS-FARTCOIN,0.6959,$219.02M,2.88
CHEEMS-EURC,0.6959,$550.35M,0.31
SAND-AKE,0.6959,$220.71M,27.0
CVX-THBILL,0.6958,$252.75M,7.18
GRX-TRUMP,0.6955,$481.49M,-2.95
DYDX-XPL,0.6954,$318.45M,-2.87
VIRTUAL-A,0.6954,$471.86M,-6.56
APXUSD-ANTFUN,0.6954,$577.36M,3.46
CTOC-MON,0.6954,$523.20M,-2.99
UQC-APYUSD,0.6953,$266.15M,1.87
STRK-PIEVERSE,0.6952,$371.29M,-1.41
GUSD-XPL,0.6952,$370.09M,0.7
DEXE-GRX,0.6951,$398.18M,22.99
LDO-GOMINING,0.695,$418.76M,-3.91
2Z-GOMINING,0.695,$317.90M,-3.14
TWT-USDF,0.695,$260.31M,3.22
WEMIX-ETHFI,0.695,$500.31M,-11.57
CVX-GNO,0.6949,$417.46M,6.7
META-ZK,0.6946,$179.77M,-0.88
CTOC-FDUSD,0.6945,$621.10M,0.13
BORG-EURC,0.6944,$588.31M,-3.88
PRL-MET,0.6944,$173.49M,12.11
UB-CARDS,0.6942,$629.70M,10.09
MWC-AXS,0.6942,$257.53M,-0.84
CHZ-BTT,0.6942,$403.61M,-4.46
STRK-FRAX,0.694,$409.28M,-0.92
VET-FET,0.6939,$694.87M,-7.73
TWT-TRAC,0.6937,$272.13M,-0.03
CHEEMS-AKE,0.6937,$195.84M,31.6
BORG-Q,0.6937,$358.22M,-5.59
APEPE-GALA,0.6934,$289.97M,-4.22
USDA-VET,0.6934,$485.13M,-2.81
DAI-TAG,0.6933,$236.12M,16.92
SPCXB-ETHFI,0.6933,$485.43M,-4.93
BONK-USDZ,0.6933,$392.34M,-3.95
GRT-CHZ,0.6932,$305.48M,-6.08
GPS-ENS,0.6931,$272.08M,0.93
FARTCOIN-EURCV,0.693,$272.45M,0.61
AKT-NEO,0.6929,$262.17M,-11.59
GALA-PIEVERSE,0.6929,$270.70M,-4.83
GPS-KAITO,0.6928,$405.28M,13.55
XTZ-THBILL,0.6928,$343.41M,-5.24
XTZ-SHFL,0.6928,$346.87M,-8.75
SN64-PRL,0.6928,$174.06M,12.25
PRL-SYRUP,0.6928,$291.32M,7.8
ZBCN-THETA,0.6927,$303.37M,-6.7
LUNC-USDA,0.6926,$375.08M,-4.8
CTOC-SFP,0.6925,$377.73M,-2.22
LUNC-SN64,0.6922,$368.89M,-3.07
BC-FARTCOIN,0.6922,$342.58M,5.5
ZBT-XPIN,0.6922,$258.84M,1.79
TKX-CTOC,0.6921,$378.44M,0.66
CHEEMS-APYUSD,0.6921,$258.44M,2.17
STRCX-KOGE,0.692,$354.94M,1.61
META-GUSD,0.6919,$244.92M,4.54
MWC-KMNO,0.6916,$211.86M,6.45
BP-EIGEN,0.6916,$254.83M,-3.54
BP-FET,0.6916,$420.15M,-2.23
TIBBIR-REAL,0.6915,$355.54M,2.11
TAG-A7A5,0.6915,$623.27M,16.62
KAU-GLIDR,0.6914,$409.69M,-1.85
GNO-BSV,0.6914,$541.14M,-2.43
ULTIMA-PEANUT,0.6913,$366.24M,-4.42
BTW-USTBL,0.6912,$395.64M,-1.67
VELVET-WFI,0.6912,$341.05M,-10.69
TKX-CHEEMS,0.6912,$203.76M,0.73
TWT-ZK,0.6912,$232.82M,-2.16
PENDLE-BTSE,0.6912,$383.76M,-9.8
JASMY-AKE,0.6912,$307.11M,30.4
XPIN-AR,0.6911,$260.95M,-1.16
SNX-IOTA,0.691,$270.01M,-5.71
IOTA-GLIDR,0.6908,$248.96M,-5.17
STRCX-SN64,0.6907,$230.79M,3.41
FARTCOIN-SN64,0.6906,$213.00M,2.07
ZRO-SOSO,0.6904,$401.34M,12.48
DASH-MET,0.6904,$486.85M,-1.44
VIRTUAL-BTSE,0.6903,$502.68M,-10.31
TWT-CTOC,0.6903,$423.47M,3.39
ETHFI-SOSO,0.6902,$516.48M,6.62
MWC-CHZ,0.6901,$257.98M,-0.85
ZRO-ETHFI,0.6901,$684.65M,-2.97
VELVET-GOMINING,0.69,$282.07M,-8.38
CAKE-CHZ,0.69,$591.33M,-3.13
ZBCN-FET,0.6899,$483.19M,-9.05
LUNC-GALA,0.6898,$367.51M,-9.2
FLOKI-RAY,0.6898,$361.51M,-4.32
USAT-KOGE,0.6898,$399.38M,-0.32
SN64-FET,0.6898,$395.91M,-3.59
INJ-JTO,0.6897,$727.87M,-12.6
PENGU-XCN,0.6897,$501.38M,-4.56
REAL-BAT,0.6897,$352.47M,-5.57
EDGE-GLIDR,0.6894,$237.36M,-3.87
EURC-CHZ,0.6894,$594.17M,-3.05
VSN-NXM,0.6893,$237.76M,1.2
SEI-AKT,0.6893,$414.95M,-10.75
FLUID-BTSE,0.6893,$219.40M,-5.28
TIBBIR-PRL,0.6893,$190.56M,13.18
SPX-CAKE,0.6889,$749.27M,-2.85
APR-AKE,0.6889,$291.91M,32.56
VCNT-A7A5,0.6888,$642.65M,0.95
DCR-PENGU,0.6885,$574.50M,-3.41
XEC-SHORT,0.6885,$217.01M,-12.02
SN64-XCN,0.6885,$219.65M,-1.67
IOTA-XPIN,0.6884,$292.47M,-2.96
CVX-GALA,0.6883,$223.43M,2.44
REUSD-JASMY,0.6883,$379.02M,-0.92
AWE-SOSO,0.6882,$222.41M,9.58
AXS-EURC,0.6881,$593.72M,-4.06
EURC-THBILL,0.6881,$567.97M,0.22
VIRTUAL-MON,0.688,$617.76M,-7.32
DCR-ACRED,0.688,$317.82M,-2.12
UB-IOTA,0.6878,$508.41M,1.71
FARTCOIN-AERO,0.6878,$537.38M,0.8
VSN-JASMY,0.6877,$362.48M,-0.3
NXM-DRV,0.6877,$189.51M,-5.82
BC-OHM,0.6877,$495.37M,4.47
STX-PEANUT,0.6876,$435.05M,-10.67
APXUSD-COMP,0.6875,$454.38M,-2.6
APXUSD-USDAT,0.6874,$434.86M,1.8
COCO-KAITO,0.6874,$493.49M,7.91
KMNO-MON,0.6873,$346.22M,-0.0
USAT-APYUSD,0.6873,$343.36M,1.89
AKT-ETHFI,0.6871,$528.28M,-12.12
MX-SOSO,0.687,$267.18M,10.23
VELVET-DCR,0.6869,$369.28M,-9.87
TIA-BSV,0.6869,$564.98M,-5.49
CRCLON-ZAMA,0.6869,$230.66M,9.61
FARTCOIN-A7A5,0.6865,$601.22M,0.23
AIAT-WFI,0.6865,$292.52M,-1.46
TIA-META,0.6864,$401.90M,1.1
ZRO-SYRUP,0.6864,$492.00M,-1.48
USTBL-PEANUT,0.6864,$345.38M,-1.93
AWE-AR,0.6864,$221.87M,-3.34
DASH-FARTCOIN,0.6864,$520.45M,-2.28
LUNC-ULTIMA,0.6863,$460.60M,-7.07
1INCH-CASH,0.6863,$237.83M,-1.54
USTBL-PIEVERSE,0.6862,$342.92M,-0.21
EURCV-XPL,0.6862,$370.02M,0.73
GALA-XPIN,0.6861,$233.51M,-3.89
SPX-USTBL,0.686,$462.92M,-2.82
STX-PIEVERSE,0.6859,$432.60M,-8.95
ZBCN-FARTCOIN,0.6858,$300.28M,-3.39
APEPE-FLOKI,0.6857,$399.87M,-1.11
GPS-ZANO,0.6856,$227.17M,-1.41
USDTB-SHFL,0.6854,$476.92M,-3.41
SPX-DRV,0.6848,$404.72M,-9.19
META-REUSD,0.6848,$262.85M,4.54
FLOKI-EIGEN,0.6847,$339.10M,-7.92
TRAC-BTSE,0.6847,$256.78M,-9.4
VSN-KOGE,0.6845,$365.04M,0.39
UB-DRV,0.6843,$463.48M,-0.97
ENS-STX,0.6843,$426.59M,-10.13
ZBT-MANA,0.6843,$245.33M,1.17
BP-BORG,0.6842,$252.51M,-1.06
EDGE-KAU,0.684,$444.28M,-2.73
NEX-SFP,0.684,$193.06M,-6.85
EDGE-ZRO,0.6835,$420.73M,-0.93
VELVET-SN64,0.6832,$256.49M,-6.28
GRT-US,0.6831,$580.31M,-6.8
USDTB-USAT,0.6831,$540.75M,-0.09
USDTB-XPIN,0.6831,$500.42M,0.67
CVX-EURCV,0.683,$284.25M,7.11
DASH-BTSE,0.6828,$530.55M,-8.96
DASH-CHZ,0.6828,$541.57M,-5.94
BTW-GRASS,0.6827,$450.67M,-5.58
KAU-AKT,0.6827,$436.70M,-8.06
AB-FLOKI,0.6826,$295.35M,-12.99
VCNT-BTSE,0.6826,$297.56M,-4.88
LUNC-DYDX,0.6825,$376.76M,-8.13
GNO-THBILL,0.6825,$400.58M,-0.2
SEI-MET,0.6824,$375.97M,-1.67
DCR-SAND,0.6823,$327.97M,-6.41
SNX-GALA,0.6823,$211.05M,-6.63
TEL-GRASS,0.6823,$390.18M,-5.29
KMNO-USAT,0.6822,$283.25M,3.11
CRVUSD-MX,0.6821,$362.64M,-0.89
VELVET-PEANUT,0.6819,$351.04M,-9.76
APEPE-AR,0.6818,$317.41M,-1.5
MON-AKE,0.6818,$343.72M,28.21
NXM-EDGE,0.6817,$222.84M,-1.84
RAIL-EURCV,0.6817,$239.28M,-4.04
APR-PRL,0.6815,$280.46M,11.92
EARNETH-MON,0.6815,$395.14M,-2.45
SEI-WEMIX,0.6815,$386.98M,-10.2
ZBCN-EURC,0.6813,$627.31M,-3.85
VSN-REAL,0.6811,$399.95M,0.31
ULTIMA-TAG,0.6811,$326.77M,14.46
STRCX-PENDLE,0.6811,$391.45M,-1.77
DYDX-ENS,0.681,$273.94M,-4.94
CVX-SAND,0.6809,$260.00M,2.68
IMX-SUN,0.6808,$569.61M,-6.03
TAG-CHZ,0.6807,$289.21M,13.81
USAT-FF,0.6806,$377.51M,3.64
CASH-PIEVERSE,0.6805,$304.10M,-0.25
GRX-GRASS,0.6804,$339.97M,-4.01
BP-ZAMA,0.6804,$252.05M,11.79
MON-JASMY,0.6804,$459.78M,-4.12
BTW-AKT,0.6803,$363.19M,-9.39
EDGE-GOMINING,0.6803,$251.54M,-2.94
KAU-VIRTUAL,0.6803,$677.88M,-4.52
FARTCOIN-ETHFI,0.6802,$522.90M,-3.88
EIGEN-A,0.6802,$242.88M,-8.82
NFT-BONK,0.6802,$529.47M,-3.68
ICNT-BONK,0.6801,$366.52M,-11.47
UB-BAT,0.6799,$464.25M,0.17
GALA-EURC,0.6799,$538.65M,-4.52
US-SFP,0.6798,$521.70M,-6.23
DCR-DASH,0.6798,$600.21M,-4.87
CVX-ZK,0.6797,$219.17M,1.65
APEPE-RAY,0.6797,$364.37M,-2.45
GRT-SN64,0.6796,$251.34M,-1.42
GNO-STX,0.6796,$533.16M,-9.06
ZANO-SHORT,0.6795,$228.71M,-6.49
FARTCOIN-GLIDR,0.6794,$224.39M,-0.96
BTW-ULTIMA,0.6793,$416.50M,-4.16
INJ-TAG,0.6793,$604.30M,11.39
SEI-PRL,0.6793,$370.62M,7.67
VET-MON,0.6792,$637.15M,-5.77
SEI-WIF,0.6791,$432.90M,-2.4
BC-DEXE,0.6791,$493.65M,28.07
INJ-THBILL,0.679,$577.17M,-5.39
EARNETH-ULTIMA,0.679,$328.64M,-1.76
APXUSD-USAT,0.679,$480.29M,1.78
VCNT-CARDS,0.679,$433.31M,5.97
2Z-MANA,0.6787,$333.72M,-2.49
OHM-ZAMA,0.6786,$413.62M,8.4
VIRTUAL-BTT,0.6785,$629.04M,-5.5
USDA-GRASS,0.6784,$312.05M,-4.09
ENS-BORG,0.6784,$314.34M,-5.36
ZK-GOMINING,0.6783,$199.92M,-5.95
APEPE-DCR,0.6782,$404.14M,-1.67
USDTB-GRX,0.6779,$479.62M,-0.16
RAY-MON,0.6779,$411.20M,-5.99
DASH-ETHFI,0.6778,$797.33M,-7.24
CARDS-GOMINING,0.6778,$384.43M,4.15
INJ-AIAT,0.6777,$577.21M,-4.13
KMNO-ZANO,0.6777,$229.18M,-0.59
KAU-AIAT,0.6776,$426.29M,1.05
CARDS-CRCLON,0.6776,$361.72M,5.43
TIA-STRCX,0.6775,$447.29M,-1.52
VELVET-ICNT,0.6774,$268.07M,-15.53
AXS-USDA,0.6774,$239.87M,-4.34
TWT-SOON,0.6773,$238.48M,37.11
FLOKI-GOMINING,0.6771,$314.07M,-2.05
JTO-GRASS,0.677,$484.51M,-10.95
RLB-FLUID,0.6769,$190.56M,2.97
GRT-XPIN,0.6769,$306.24M,-2.24
PEANUT-THBILL,0.6769,$302.47M,-1.8
VSN-USDTB,0.6765,$506.42M,0.62
TIA-NEO,0.6765,$440.27M,-7.3
MWC-NEO,0.6764,$247.62M,-1.11
ULTIMA-SNX,0.6764,$304.14M,-4.5
VELVET-STRK,0.6763,$355.71M,-8.99
CHZ-SFP,0.6763,$246.87M,-5.51
ZRO-GUSD,0.6758,$434.26M,1.48
GRT-NEX,0.6756,$251.67M,-7.42
TIA-MON,0.6755,$554.68M,-6.56
SPX-FARTCOIN,0.6754,$425.09M,-2.3
GRX-KAITO,0.6753,$433.37M,11.09
STAC-XCN,0.6752,$232.30M,-3.17
ICNT-THBILL,0.6752,$219.51M,-7.57
VET-COMP,0.6752,$548.28M,-7.04
SOON-SPCXB,0.6751,$175.54M,33.37
FF-XCN,0.675,$321.94M,0.48
USTBL-NEO,0.6749,$294.62M,-3.87
SAND-CHZ,0.6749,$269.33M,-7.48
GRT-REAL,0.6747,$410.40M,-3.31
ZBT-SHFL,0.6747,$235.35M,-2.29
DASH-GLIDR,0.6746,$498.82M,-4.31
XTZ-APYUSD,0.6745,$383.60M,-3.44
BP-CTOC,0.6745,$389.24M,3.06
STRK-USDZ,0.6744,$316.60M,-1.38
ENS-Q,0.6744,$396.02M,-3.05
ENS-AR,0.6744,$292.13M,-3.28
PENGU-PIEVERSE,0.6742,$553.80M,-1.59
VELVET-ZK,0.6741,$250.86M,-13.2
NEO-DASH,0.6741,$531.21M,-6.71
STRK-BTT,0.6741,$448.68M,-2.51
ZANO-NFT,0.6741,$395.68M,-3.68
OUSG-ZRO,0.6739,$665.00M,1.47
GEOD-MON,0.6739,$342.54M,0.53
LUNC-GRT,0.6738,$440.24M,-7.56
USTBL-XCN,0.6738,$290.50M,-3.18
GALA-MANA,0.6738,$220.00M,-4.51
UB-EDGE,0.6737,$496.81M,3.01
UB-OHM,0.6737,$636.64M,4.89
AKT-USTBL,0.6737,$289.23M,-7.68
PENGU-EURCV,0.6737,$521.15M,-1.29
1INCH-MX,0.6736,$266.41M,-2.33
CVX-SNX,0.6735,$257.25M,5.01
SEI-FARTCOIN,0.6734,$409.56M,-2.52
EIGEN-THBILL,0.6734,$258.53M,-6.28
SHORT-BSV,0.6734,$356.04M,-4.83
OHM-PENDLE,0.6733,$526.46M,-4.14
TWT-GUSD,0.6732,$297.97M,3.26
SPX-GOMINING,0.673,$417.64M,-3.4
VSN-CRCLON,0.6729,$243.75M,1.38
UB-GALA,0.6729,$449.45M,0.79
KAU-ZBCN,0.6728,$485.58M,-4.28
CHZ-AKE,0.6727,$239.66M,28.24
EDGE-THBILL,0.6726,$253.91M,-2.23
US-CRVUSD,0.6726,$631.02M,-3.92
EARNETH-BP,0.6723,$261.18M,3.6
XTZ-AIAT,0.6723,$343.45M,-3.97
BP-FLOKI,0.6723,$312.74M,1.4
STRK-USDA,0.6723,$285.39M,-1.37
GOMINING-THBILL,0.6723,$233.50M,-0.42
ZBCN-SUN,0.6722,$519.56M,-5.4
VIRTUAL-APEPE,0.6722,$570.93M,-3.79
VSN-DYDX,0.6721,$248.76M,-2.87
VIRTUAL-USTBL,0.6721,$530.41M,-4.14
2Z-ICNT,0.672,$303.91M,-10.29
CHEEMS-CARDS,0.672,$369.18M,4.94
FF-XEC,0.672,$311.74M,-5.6
NEX-FET,0.672,$396.25M,-9.59
2Z-EURCV,0.6719,$351.77M,-2.51
WEMIX-DASH,0.6719,$497.86M,-9.97
US-VCNT,0.6718,$583.41M,-2.58
GRT-JASMY,0.6717,$372.93M,-3.91
GLIDR-THBILL,0.6716,$219.32M,-1.35
LUNC-PRL,0.6714,$362.97M,6.12
UB-JASMY,0.6714,$572.42M,4.43
GLM-USDAI,0.6714,$252.20M,-2.52
SPX-KMNO,0.6713,$400.10M,0.31
DYDX-STRCX,0.6713,$238.66M,-1.65
NEX-COMP,0.6712,$249.65M,-8.89
STX-SN64,0.6711,$340.51M,-7.19
SPX-REUSD,0.671,$469.51M,-2.8
AB-USDZ,0.6709,$224.23M,-11.7
TIA-TIBBIR,0.6709,$412.98M,-0.94
APEPE-PEANUT,0.6708,$385.90M,-1.57
TWT-RAY,0.6708,$311.47M,0.39
KAU-GALA,0.6706,$396.92M,-4.95
EARNETH-CHEEMS,0.6706,$247.26M,0.94
CAKE-MANA,0.6703,$578.58M,0.09
ZANO-USDF,0.6703,$243.00M,-3.75
DCR-PENDLE,0.6702,$453.43M,-5.71
PENGU-FRAX,0.6702,$591.78M,-1.11
CTOC-ETHFI,0.6701,$674.89M,-4.25
REUSD-Q,0.6701,$387.38M,-1.6
ICNT-SAND,0.67,$226.76M,-12.08
FRXUSD-ANTFUN,0.67,$392.23M,1.59
EIGEN-BTSE,0.6699,$273.70M,-12.57
GALA-STRCX,0.6696,$229.41M,-2.71
ZK-SFP,0.6695,$187.09M,-7.77
STRCX-FRXUSD,0.6694,$250.72M,1.85
STRCX-BTT,0.6694,$400.27M,0.55
VSN-EARNETH,0.6693,$297.84M,1.37
AKT-CAKE,0.6693,$575.58M,-7.7
COCO-BONK,0.6693,$449.17M,-7.05
KAU-BORG,0.669,$446.58M,-4.31
SPCXB-XEC,0.669,$204.99M,-9.79
TWT-BORG,0.6688,$286.74M,-0.73
FARTCOIN-SHORT,0.6687,$220.56M,-2.2
SPX-STRCX,0.6685,$442.87M,-0.96
UQC-PEANUT,0.6684,$292.56M,-2.01
DRV-AIAT,0.6681,$220.62M,-4.94
EURC-GUSD,0.6681,$599.54M,0.11
STRK-JASMY,0.668,$400.80M,-2.13
2Z-XPIN,0.6679,$347.23M,-1.87
ZANO-TRAC,0.6679,$254.83M,-7.0
MWC-DASH,0.6678,$511.28M,0.15
EARNETH-CAKE,0.6677,$594.13M,0.7
ZK-AKE,0.6677,$179.88M,25.98
GRT-THBILL,0.6676,$279.28M,-2.81
PEANUT-USDZ,0.6676,$311.93M,-2.15
FDUSD-AERO,0.6675,$760.47M,0.23
UB-APXUSD,0.6674,$655.89M,7.21
CARDS-BAT,0.6674,$372.28M,-0.51
TAG-THBILL,0.6674,$263.00M,17.07
VSN-STRK,0.6673,$340.10M,-0.51
DEXE-CVX,0.6673,$408.90M,30.15
APR-CVX,0.6672,$331.21M,8.24
GLM-REUSD,0.6672,$262.20M,-2.47
FDUSD-SHORT,0.6672,$443.65M,-2.78
EARNETH-CVX,0.6671,$281.76M,7.74
PYTH-A7A5,0.6671,$799.56M,-5.76
ONYC-BONK,0.6671,$511.15M,-3.69
ICNT-XCN,0.667,$231.23M,-10.92
DAI-NEX,0.6669,$181.38M,-4.47
VIRTUAL-PRL,0.6669,$453.64M,6.56
APR-CRCLON,0.6667,$289.24M,1.91
EDGE-SYRUP,0.6667,$343.22M,-5.3
ZBCN-AKT,0.6666,$305.67M,-11.63
KAG-SYRUP,0.6665,$420.94M,-2.92
STRK-BAT,0.6665,$292.63M,-6.39
REUSD-AVUSD,0.6665,$283.41M,0.09
AKE-THBILL,0.6663,$213.46M,31.51
NEO-AIAT,0.6662,$251.75M,-2.48
ZRO-ACRED,0.6661,$399.80M,1.38
ENS-EURCV,0.6661,$325.51M,-1.34
DRV-EARNETH,0.666,$249.59M,-5.65
LDO-KITE,0.666,$535.20M,-3.08
IOTA-PIEVERSE,0.666,$329.66M,-3.91
TWT-FARTCOIN,0.6659,$271.48M,3.76
CVX-WEMIX,0.6658,$235.24M,-0.11
SAND-WIF,0.6658,$271.53M,-3.71
ZRO-CTOC,0.6657,$559.76M,1.61
TWT-ETHFI,0.6657,$548.36M,-1.19
SYRUP-AR,0.6657,$323.30M,-4.8
US-FLUID,0.6655,$505.25M,-2.98
BP-SN64,0.6655,$204.23M,4.42
WEMIX-BORG,0.6655,$238.69M,-11.1
ZBT-FRAX,0.6655,$334.01M,1.33
APEPE-AWE,0.6653,$307.18M,-1.08
VSN-2Z,0.6652,$353.23M,-1.92
STRCX-GOMINING,0.6652,$256.36M,1.32
PYTH-USDAI,0.6652,$478.80M,-5.45
DAI-META,0.6649,$186.46M,4.49
STAC-KAITO,0.6648,$411.91M,11.25
TAG-TRUMP,0.6648,$502.46M,14.09
APR-SOSO,0.6647,$312.98M,12.24
CASH-ENS,0.6647,$298.09M,-1.43
AKT-WEMIX,0.6647,$228.82M,-14.85
OHM-ACRED,0.6647,$390.85M,-0.56
FDUSD-GUSD,0.6646,$495.60M,0.0
FARTCOIN-PENGU,0.6644,$494.73M,-0.82
SPCXB-GLIDR,0.6643,$186.92M,-2.01
AXS-WIF,0.6641,$290.03M,-3.48
FF-MON,0.6641,$440.48M,0.52
TEL-ANTFUN,0.6641,$456.62M,0.23
IMX-GNO,0.664,$509.97M,-4.91
CASH-TRUMP,0.664,$479.41M,-2.85
NEO-FDUSD,0.664,$479.87M,-3.93
REAL-MANA,0.664,$380.44M,-0.26
COCO-XCN,0.6638,$313.88M,-6.5
SEI-EURC,0.6637,$736.59M,-2.98
ULTIMA-BP,0.6637,$295.94M,0.43
SNX-XCN,0.6637,$252.09M,-5.23
DASH-PIEVERSE,0.6637,$579.52M,-3.05
DAI-A7A5,0.6636,$569.26M,-0.32
Q-BAT,0.6636,$323.37M,-6.85
KMNO-AVUSD,0.6635,$214.00M,3.21
APYUSD-CRCLON,0.6635,$250.98M,2.66
NXM-GRT,0.6634,$248.21M,-2.42
AR-XCN,0.6634,$245.71M,-5.08
BTW-STRCX,0.6633,$375.59M,0.2
SEI-GRASS,0.6633,$502.42M,-6.95
IMX-KAU,0.6632,$535.63M,-4.92
LUNC-EARNETH,0.663,$425.84M,-3.9
VET-BSV,0.6629,$647.45M,-4.7
VET-SFP,0.6628,$491.69M,-5.0
INJ-ZANO,0.6627,$590.40M,-9.29
WEMIX-STX,0.6627,$350.94M,-15.87
CHZ-GLIDR,0.6627,$245.52M,-4.62
STAC-A,0.6626,$204.93M,-2.36
NEO-THBILL,0.6626,$251.71M,-3.75
DCR-PRL,0.6624,$286.85M,8.67
LUNC-KAU,0.6623,$587.21M,-4.96
CTOC-STX,0.6623,$525.52M,-8.55
SNX-STRCX,0.6623,$263.23M,-0.15
CAKE-WFI,0.6622,$621.74M,-2.88
OUSG-XCN,0.6619,$509.91M,-3.18
MWC-ZRO,0.6619,$398.60M,4.35
MWC-GRX,0.6619,$237.94M,2.51
KAU-KITE,0.6619,$540.31M,-0.09
KAG-VET,0.6619,$602.65M,-2.6
A-XCN,0.6619,$231.95M,-5.59
GRX-SOON,0.6617,$214.11M,33.77
GLM-TRUMP,0.6617,$452.15M,-5.35
NFT-ANTFUN,0.6617,$546.83M,1.7
APYUSD-COMP,0.6617,$317.45M,-2.49
AXS-WEMIX,0.6616,$244.11M,-11.28
XTZ-GEOD,0.6616,$319.82M,-1.69
USAT-REUSD,0.6616,$352.66M,-0.01
STAC-USDZ,0.6613,$230.03M,-0.17
ZRO-SHFL,0.6613,$406.15M,-1.92
LUNC-STRCX,0.6612,$419.69M,-2.72
DRV-PENDLE,0.6612,$353.29M,-10.0
XEC-BONK,0.6612,$384.40M,-13.03
MET-PEANUT,0.6611,$273.95M,-0.57
THETA-REAL,0.661,$375.15M,-3.13
VSN-EIGEN,0.6609,$291.49M,-5.77
LUNC-GNO,0.6609,$561.54M,-4.95
USDTB-RAIL,0.6609,$445.37M,-4.16
BORG-ETHFI,0.6609,$538.16M,-8.37
DRV-INJ,0.6607,$561.88M,-11.89
EARNETH-UQC,0.6607,$254.96M,0.64
TKX-APEPE,0.6606,$304.80M,0.87
TEL-PENDLE,0.6606,$424.97M,-5.05
EURC-XPIN,0.6604,$594.93M,0.79
1INCH-KAU,0.6602,$424.12M,-1.88
SFP-FRAX,0.6602,$322.80M,-2.14
APR-WIF,0.6601,$342.73M,1.85
THETA-FRAX,0.66,$346.16M,-2.52
ETHFI-BTSE,0.66,$533.00M,-10.56
KAU-ZRO,0.6599,$593.06M,1.09
ZRO-KMNO,0.6599,$382.78M,4.6
TKX-AR,0.6598,$219.50M,-1.38
BTSE-BTT,0.6598,$392.58M,-7.48
ENS-USDZ,0.6597,$303.46M,-1.61
TEL-AERO,0.6597,$588.69M,-1.13
THETA-PRL,0.6595,$210.16M,7.95
AXS-GLIDR,0.6594,$245.07M,-5.63
CARDS-ZAMA,0.6594,$406.68M,13.6
AR-BSV,0.6594,$374.55M,-3.96
COMP-FRXUSD,0.6593,$269.25M,-4.46
SUN-XPL,0.6593,$562.88M,-0.81
LDO-GRASS,0.6592,$519.07M,-7.24
IMX-VELVET,0.659,$393.82M,-12.38
DYDX-MON,0.659,$346.06M,-6.69
TKX-GALA,0.659,$192.06M,-4.1
KMNO-USDF,0.6589,$209.86M,3.15
EDGE-AVUSD,0.6588,$251.95M,-2.32
GRT-EIGEN,0.6588,$301.94M,-9.38
EARNETH-A,0.6586,$249.23M,-1.68
BP-VET,0.6585,$503.19M,0.28
LUNC-NEX,0.6584,$369.23M,-9.07
CVX-PENGU,0.6584,$506.53M,5.68
CVX-REAL,0.6584,$383.87M,6.69
PIEVERSE-JASMY,0.6584,$393.67M,-1.19
NXM-USTBL,0.6583,$247.71M,0.56
PYTH-A,0.6583,$423.65M,-7.83
A7A5-SHFL,0.6583,$599.60M,-3.68
Q-COMP,0.6583,$379.28M,-6.07
GRT-MANA,0.6581,$292.73M,-2.86
DCR-USDA,0.6581,$298.96M,-2.25
WEMIX-EURCV,0.6579,$249.86M,-7.08
EDGE-PRL,0.6578,$220.04M,8.35
VELVET-RAY,0.6578,$329.51M,-10.64
AKT-BP,0.6577,$242.63M,-4.81
KAG-SHFL,0.6577,$335.09M,-3.36
UQC-FRAX,0.6577,$328.09M,0.19
UB-CHZ,0.6576,$504.98M,2.26
US-DASH,0.6576,$816.40M,-6.66
APXUSD-UQC,0.6576,$403.08M,1.76
CAKE-XCN,0.6574,$576.85M,-3.21
CASH-AERO,0.6573,$536.39M,0.25
UQC-VCNT,0.6572,$272.46M,1.2
NXM-MANA,0.6571,$218.25M,0.62
NXM-CVX,0.657,$221.69M,7.57
IMX-Q,0.6569,$447.27M,-6.21
KAU-IOTA,0.6569,$455.88M,-4.03
GRX-USDZ,0.6567,$251.49M,-0.32
BTW-2Z,0.6566,$437.14M,-4.27
GRX-BSV,0.6566,$382.59M,-2.2
NEO-BTT,0.6566,$393.25M,-5.23
KAG-PYTH,0.6566,$535.05M,-5.44
OZO-BP,0.6565,$239.53M,2.9
SPX-VELVET,0.6564,$468.58M,-10.65
THETA-BONK,0.6564,$391.04M,-6.52
AB-US,0.6562,$515.81M,-15.34
GRX-ENS,0.6559,$300.17M,-1.53
1INCH-STRCX,0.6557,$256.61M,0.36
LDO-GRX,0.6555,$427.29M,-3.46
ULTIMA-CARDS,0.6555,$450.57M,2.24
STRK-MANA,0.6555,$320.60M,-1.08
EDGE-ULTIMA,0.6554,$317.67M,-4.84
GRX-BTSE,0.6554,$257.21M,-6.26
USDA-SN64,0.6554,$186.17M,1.33
ETHFI-BSV,0.6554,$658.38M,-6.5
TKX-AXS,0.6553,$247.13M,-3.64
CTOC-SNX,0.6553,$397.44M,-1.87
ZK-TIBBIR,0.6552,$190.84M,-2.93
EURC-AR,0.6552,$566.09M,-1.8
2Z-MET,0.6551,$291.75M,-1.2
CRVUSD-XEC,0.6551,$331.51M,-9.36
EDGE-GNO,0.655,$418.62M,-2.72
CASH-TKX,0.6549,$225.46M,0.48
A-GLIDR,0.6548,$203.67M,-3.88
UUSD-AWE,0.6546,$205.61M,-1.51
US-CTOC,0.6544,$693.97M,-3.68
SNX-PENGU,0.6544,$494.15M,-3.39
KAU-STX,0.6543,$558.82M,-9.07
SEI-PIEVERSE,0.6542,$468.64M,-3.29
COMP-JASMY,0.6541,$370.91M,-5.39
XEC-ANTFUN,0.654,$401.76M,-7.65
VSN-IOTA,0.6539,$298.47M,-3.02
META-TIBBIR,0.6539,$201.90M,6.96
BP-BAT,0.6538,$217.65M,-2.32
TWT-STX,0.6537,$398.98M,-5.49
THBILL-XPL,0.6535,$338.52M,0.8
CTOC-TAG,0.6534,$420.07M,17.1
RAY-THETA,0.6532,$289.10M,-5.6
DEXE-XPL,0.6531,$494.67M,23.77
META-JASMY,0.6531,$307.00M,3.54
KAITO-USDAI,0.6531,$466.71M,11.2
SHORT-GRASS,0.6531,$313.42M,-6.63
AVUSD-XCN,0.653,$245.64M,-3.15
GALA-ENS,0.653,$264.69M,-6.01
IMX-JASMY,0.6529,$438.91M,-5.53
MWC-PENGU,0.6528,$485.56M,1.05
ZK-BSV,0.6528,$342.85M,-7.47
BP-PEANUT,0.6527,$298.77M,0.95
IMX-FARTCOIN,0.6526,$350.33M,-4.03
UB-PEANUT,0.6526,$545.37M,3.44
ZRO-MET,0.6526,$374.17M,2.83
SN64-MON,0.6526,$338.19M,-1.63
ETHFI-JASMY,0.6526,$611.48M,-5.38
CRCLON-USDAI,0.6526,$250.29M,0.71
SPX-KAU,0.6525,$610.38M,-3.2
UB-GOMINING,0.6525,$476.40M,4.82
DYDX-META,0.6524,$193.28M,0.97
KITE-SHFL,0.6524,$353.40M,-3.1
ULTIMA-EIGEN,0.6522,$322.29M,-8.9
REUSD-CHZ,0.6522,$311.57M,-3.08
FDUSD-ONYC,0.652,$592.30M,0.02
BTW-AKE,0.6519,$330.32M,29.68
MWC-BSV,0.6519,$372.33M,0.85
TKX-UQC,0.6519,$211.46M,0.43
CAKE-PRL,0.6518,$531.26M,10.72
DRV-ZANO,0.6517,$233.80M,-10.1
TWT-VET,0.6517,$537.42M,0.61
CVX-PIEVERSE,0.6515,$316.90M,6.81
PRL-Q,0.6515,$304.02M,9.08
VIRTUAL-USDAT,0.6514,$509.37M,-4.19
USDTB-AWE,0.6513,$461.34M,-1.51
APXUSD-CHEEMS,0.6513,$395.37M,2.07
TWT-AXS,0.6513,$292.16M,-0.91
AKT-MANA,0.6512,$259.78M,-7.61
SPX-BP,0.6511,$416.31M,0.05
USDAT-APYUSD,0.6511,$297.93M,1.91
GLM-USAT,0.6511,$279.99M,-2.56
PENGU-MANA,0.6511,$503.10M,-1.27
KAU-KOGE,0.6509,$522.46M,-0.63
USDAT-KAITO,0.6508,$449.07M,11.19
GNO-XPIN,0.6507,$427.54M,0.37
GNO-CHZ,0.6506,$426.78M,-3.47
INJ-WFI,0.6505,$633.78M,-8.41
USTBL-TAG,0.6505,$305.91M,16.95
VSN-GRT,0.6504,$312.24M,-2.29
ICNT-FF,0.6504,$293.86M,-4.03
ZBCN-FLOKI,0.6503,$375.78M,-5.42
APR-GRT,0.6502,$357.73M,-1.76
EDGE-EURCV,0.6502,$285.41M,-2.3
VELVET-AKE,0.6502,$262.03M,23.55
XPIN-JASMY,0.6502,$356.48M,-0.25
VELVET-SYRUP,0.6501,$373.75M,-10.74
APXUSD-XTZ,0.65,$520.53M,-3.55
DAI-XTZ,0.6499,$316.52M,-5.39
VIRTUAL-AR,0.6499,$485.62M,-6.04
USAT-USDZ,0.6498,$312.62M,-0.25
DRV-WFI,0.6497,$277.19M,-9.22
GLM-USDZ,0.6497,$222.15M,-2.72
SUN-FET,0.6497,$648.21M,-6.59
KAU-ETHFI,0.6496,$708.20M,-4.77
DAI-KAG,0.6495,$304.74M,0.0
FLOKI-MET,0.6495,$287.92M,-0.11
CHZ-EURCV,0.6495,$293.58M,-3.05
TIA-KAG,0.6494,$520.18M,-3.4
TIA-SFP,0.6494,$409.22M,-5.79
BP-ZBT,0.6494,$228.18M,3.97
RAY-XCN,0.6494,$292.66M,-6.03
SAND-USDZ,0.6493,$252.58M,-4.56
MANA-JASMY,0.6492,$342.97M,-0.87
KAU-SN64,0.6491,$398.30M,1.17
SNX-AKE,0.6491,$217.96M,29.33
AXS-EURCV,0.649,$293.12M,-4.06
GLIDR-BSV,0.649,$359.88M,-3.58
ENS-JASMY,0.6489,$387.66M,-2.37
SFP-THBILL,0.6489,$220.67M,-2.24
GRASS-USDAI,0.6489,$373.31M,-3.9
PIEVERSE-COMP,0.6488,$341.41M,-4.66
KMNO-SPCXB,0.6487,$183.56M,2.64
DRV-SNX,0.6485,$225.08M,-8.38
CAKE-ENS,0.6485,$623.26M,-1.41
APYUSD-ANTFUN,0.6485,$440.43M,3.56
FLOKI-STRCX,0.6484,$339.30M,0.39
NXM-BAT,0.6483,$190.28M,-4.68
LUNC-SFP,0.6482,$381.63M,-6.99
ZAMA-XPL,0.6482,$358.40M,9.55
CHEEMS-PRL,0.648,$184.39M,10.96
CHEEMS-AERO,0.6479,$514.69M,0.5
LUNC-COMP,0.6478,$438.22M,-9.03
SEI-STX,0.6478,$537.07M,-11.77
ENS-MET,0.6478,$265.49M,-0.03
SOSO-SHFL,0.6477,$237.99M,7.67
USDAI-TRUMP,0.6477,$514.83M,-2.84
SPX-ZRO,0.6476,$586.83M,-1.4
VELVET-REAL,0.6476,$415.56M,-8.17
XTZ-COMP,0.6476,$384.80M,-9.81
GOMINING-Q,0.6476,$335.51M,-2.2
KMNO-ZAMA,0.6475,$235.83M,12.05
CARDS-PYTH,0.6475,$590.23M,-0.74
IOTA-ENS,0.6475,$323.65M,-5.09
AXS-AKE,0.6474,$239.21M,27.23
EDGE-USDF,0.6473,$247.81M,-2.38
TIA-GOMINING,0.6473,$422.05M,-3.97
CHZ-MON,0.6472,$392.33M,-6.28
CHEEMS-MANA,0.6471,$231.70M,0.33
FARTCOIN-VET,0.6471,$511.97M,-2.07
USDA-RAY,0.647,$259.18M,-3.03
XTZ-ICNT,0.6468,$327.05M,-13.1
SYRUP-BTT,0.6468,$466.72M,-4.26
US-NEX,0.6467,$509.29M,-8.31
EURC-PENDLE,0.6466,$700.69M,-3.58
RLB-WIF,0.6465,$250.62M,2.75
TWT-FRAX,0.6465,$368.53M,3.47
FDUSD-MET,0.6465,$435.51M,1.35
SAND-ETHFI,0.6465,$525.08M,-8.78
SPX-BTT,0.6464,$561.55M,-4.18
AXS-FRAX,0.6462,$363.75M,-3.89
JTO-STRCX,0.6462,$409.43M,-5.18
CVX-UQC,0.6461,$242.84M,6.98
ZK-ICNT,0.6461,$185.92M,-13.1
IOTA-COMP,0.6461,$306.90M,-8.1
UB-ZRO,0.646,$645.59M,6.83
TAG-MET,0.646,$234.48M,18.31
SPX-COMP,0.6456,$461.40M,-7.27
INJ-ULTIMA,0.6456,$640.94M,-8.01
ACRED-SOSO,0.6456,$231.63M,10.97
USDA-AVUSD,0.6456,$212.15M,-0.15
WEMIX-SUN,0.6455,$442.71M,-8.62
GPS-USDAI,0.6454,$253.45M,2.33
USTBL-CARDS,0.6453,$429.71M,4.73
STRK-SNX,0.6453,$311.65M,-3.21
NEX-MX,0.6453,$240.92M,-5.27
AKT-XPIN,0.6451,$273.29M,-6.99
CAKE-EURC,0.6451,$897.23M,0.07
ULTIMA-PRL,0.645,$265.77M,8.26
INJ-CAKE,0.6449,$906.43M,-5.54
GNO-REUSD,0.6448,$450.08M,-0.3
BP-THBILL,0.6448,$232.17M,3.04
AWE-THETA,0.6448,$231.91M,-4.23
CHZ-FET,0.6448,$450.06M,-8.25
KITE-APYUSD,0.6447,$390.13M,2.2
THETA-CHZ,0.6447,$270.23M,-5.9
2Z-MX,0.6446,$352.92M,-3.39
CVX-JASMY,0.6446,$346.40M,6.08
ZRO-Q,0.6446,$504.71M,-0.19
Q-AKE,0.6446,$315.47M,29.72
UQC-STRK,0.6445,$297.23M,-1.24
THETA-SUN,0.6444,$468.38M,-4.24
USDA-JTO,0.6443,$364.81M,-7.26
USDAT-BSV,0.6442,$398.29M,-2.11
VSN-A7A5,0.6441,$629.10M,0.35
CASH-STX,0.6437,$372.54M,-8.73
WEMIX-MON,0.6437,$348.62M,-10.31
DYDX-BTT,0.6436,$357.34M,-4.86
ENS-GRASS,0.6436,$391.94M,-5.3
SN64-COMP,0.6436,$249.32M,-2.9
BORG-BTSE,0.6434,$271.38M,-10.09
1INCH-Q,0.6433,$335.77M,-3.16
LDO-FARTCOIN,0.6433,$426.21M,-2.81
KAG-SN64,0.6433,$303.68M,1.54
META-SNX,0.6432,$217.85M,2.47
GNO-FRAX,0.6432,$502.71M,-0.09
CVX-TKX,0.6431,$238.26M,7.53
BTW-USDZ,0.6429,$362.19M,-1.89
UB-EIGEN,0.6428,$501.43M,-1.04
GNO-CAKE,0.6427,$729.84M,-0.35
REUSD-MET,0.6426,$256.85M,1.42
STRCX-AIAT,0.6425,$258.77M,3.29
SHORT-AR,0.6425,$213.61M,-4.61
WEMIX-AR,0.6422,$216.48M,-9.02
SEI-USDZ,0.642,$413.94M,-3.26
ZK-PENDLE,0.642,$335.00M,-9.04
CARDS-RAIL,0.642,$358.71M,0.6
TWT-DASH,0.6419,$545.90M,0.4
PENGU-PENDLE,0.6418,$622.37M,-5.01
EIGEN-CHZ,0.6415,$284.73M,-9.55
BC-USDAI,0.6414,$377.01M,4.95
AXS-SNX,0.6414,$266.12M,-6.17
A-BTSE,0.6413,$235.40M,-8.53
ULTIMA-USDA,0.6412,$277.88M,-2.67
APR-CHEEMS,0.6411,$296.71M,1.43
CTOC-WEMIX,0.6411,$375.43M,-6.98
OHM-ETHFI,0.641,$675.70M,-4.91
VSN-PENGU,0.6409,$522.61M,-0.7
FDUSD-REUSD,0.6409,$513.53M,0.0
REUSD-GLIDR,0.6409,$268.82M,-1.46
PIEVERSE-EURCV,0.6409,$331.52M,-0.16
KAU-TIA,0.6408,$614.80M,-3.76
UB-APYUSD,0.6406,$518.96M,7.32
USTBL-AIAT,0.6406,$278.82M,1.43
ACRED-PENDLE,0.6406,$365.69M,-3.72
APEPE-COCO,0.6405,$385.58M,-2.92
STRK-CRCLON,0.6405,$282.06M,-0.45
FARTCOIN-JASMY,0.6404,$334.60M,-0.42
IMX-KAG,0.6403,$441.01M,-4.56
NEO-SN64,0.6403,$223.77M,-2.36
TAG-CRCLON,0.6402,$237.92M,17.65
NEO-IOTA,0.64,$281.35M,-7.57
NFT-USDF,0.64,$376.36M,0.07
ZK-ETHFI,0.6399,$484.24M,-9.8
SPX-GRT,0.6397,$463.42M,-5.79
ZRO-COCO,0.6397,$468.98M,-1.86
TWT-DCR,0.6397,$351.25M,1.17
ONYC-AERO,0.6397,$660.58M,0.32
IMX-GPS,0.6396,$323.33M,-2.23
RLB-US,0.6396,$523.24M,-1.74
INJ-KAG,0.6394,$672.93M,-5.53
BP-RAY,0.6394,$277.24M,0.06
LUNC-THETA,0.6392,$404.99M,-7.37
VELVET-AKT,0.6392,$294.90M,-15.51
APEPE-WIF,0.6392,$347.70M,1.03
VSN-TIA,0.6391,$457.38M,-2.74
EDGE-TAG,0.6391,$281.04M,14.55
META-THBILL,0.6391,$213.35M,4.65
MWC-STRCX,0.6387,$254.64M,4.48
VIRTUAL-ACRED,0.6385,$484.61M,-4.23
PIEVERSE-MON,0.6385,$430.28M,-3.39
ZBCN-ICNT,0.6384,$278.85M,-11.64
OHM-RAIL,0.6384,$365.65M,-4.6
ICNT-NEX,0.6384,$191.90M,-12.18
1INCH-OZO,0.6383,$241.11M,-1.52
BORG-PIEVERSE,0.6383,$320.35M,-4.18
COMP-AR,0.6382,$275.38M,-6.3
NEX-THETA,0.6381,$216.42M,-7.24
TEL-TRAC,0.6381,$297.98M,-4.65
APEPE-CRVUSD,0.638,$413.41M,0.3
FF-NFT,0.638,$456.81M,3.75
CVX-EURC,0.6379,$584.85M,7.11
EDGE-NEO,0.6378,$269.75M,-6.27
KAG-FET,0.6377,$519.61M,-5.12
FRAX-ZAMA,0.6376,$357.88M,9.14
AR-SUN,0.6374,$458.34M,-3.34
VELVET-EIGEN,0.6373,$307.09M,-14.24
WEMIX-JASMY,0.6373,$312.01M,-8.11
SAND-STRCX,0.6372,$265.98M,-2.48
SN64-BTT,0.6371,$349.46M,0.19
VIRTUAL-BAT,0.6369,$472.98M,-9.38
KITE-TRUMP,0.6369,$589.39M,-2.57
TIBBIR-STX,0.6368,$357.00M,-6.26
CAKE-WIF,0.6367,$593.53M,0.65
UQC-FRXUSD,0.6367,$217.94M,-0.1
DRV-TKX,0.6364,$206.09M,-5.86
USTBL-Q,0.6363,$380.79M,-1.62
KAG-BORG,0.6363,$351.96M,-3.94
CVX-CAKE,0.6362,$582.01M,7.04
GUSD-BONK,0.6362,$414.45M,-3.71
EARNETH-FLOKI,0.636,$345.45M,-0.79
DAI-ZRO,0.6359,$375.81M,1.44
APEPE-GLIDR,0.6359,$302.74M,-1.12
AR-EURCV,0.6359,$265.49M,-1.8
LUNC-USTBL,0.6358,$439.74M,-4.58
AB-ONYC,0.6358,$343.05M,-11.44
ZK-MON,0.6357,$332.55M,-8.54
DASH-GRASS,0.6357,$613.30M,-6.71
UB-GRX,0.6355,$484.93M,5.27
KAITO-MX,0.6355,$459.86M,10.4
TIA-MANA,0.6354,$437.87M,-3.31
PRL-ZAMA,0.6354,$221.88M,19.62
VSN-KMNO,0.6353,$248.91M,3.82
STX-JASMY,0.6352,$462.10M,-9.68
BTW-TWT,0.6351,$383.27M,1.53
RLB-AERO,0.6351,$518.65M,2.37
FLOKI-FRAX,0.6351,$418.57M,-1.24
RLB-CARDS,0.635,$373.14M,6.81
DYDX-NEO,0.635,$231.64M,-7.42
AB-BTSE,0.635,$229.95M,-17.64
DCR-TRAC,0.635,$326.44M,-5.31
DASH-NEX,0.635,$487.76M,-7.28
AVUSD-WFI,0.635,$290.52M,-2.82
APEPE-SN64,0.6349,$291.35M,1.91
TWT-PENDLE,0.6349,$399.12M,-0.43
CHEEMS-PYTH,0.6348,$421.68M,-5.21
DCR-AXS,0.6347,$346.47M,-6.19
APR-USDAT,0.6344,$336.19M,1.17
AKT-XPL,0.6344,$348.98M,-7.04
UQC-REAL,0.6344,$357.08M,-0.42
NXM-META,0.6343,$182.28M,5.03
APXUSD-CRCLON,0.6343,$387.91M,2.55
FARTCOIN-AR,0.6343,$239.07M,-1.34
USTBL-SNX,0.6342,$283.28M,-2.01
MWC-SOON,0.6341,$203.85M,35.05
GRT-RAY,0.634,$324.35M,-5.78
CASH-FARTCOIN,0.634,$245.03M,0.52
LUNC-DRV,0.6338,$381.54M,-10.95
INJ-FLUID,0.6338,$545.52M,-4.67
GLM-CHZ,0.6338,$238.90M,-5.64
STAC-PENDLE,0.6337,$353.30M,-3.62
KAG-GEOD,0.6337,$308.04M,3.7
VIRTUAL-CAKE,0.6335,$816.76M,-4.17
AXS-XPIN,0.6335,$288.58M,-3.42
MANA-ANTFUN,0.6335,$413.69M,1.72
SPX-STRK,0.6334,$491.29M,-4.01
SPCXB-BONK,0.6334,$350.48M,-4.26
ZAMA-SHFL,0.6334,$259.21M,5.53
TKX-GRX,0.6333,$227.54M,0.38
IMX-MWC,0.6331,$341.16M,-1.76
MWC-GALA,0.6331,$202.46M,-1.62
OZO-CASH,0.633,$247.31M,-0.01
2Z-ZBCN,0.633,$379.61M,-6.51
A7A5-FRXUSD,0.633,$588.13M,-0.35
XEC-CRCLON,0.6328,$212.31M,-8.56
EURC-XPL,0.6328,$670.62M,0.73
PENGU-SUN,0.6327,$714.01M,-2.83
AR-BONK,0.6327,$381.00M,-5.62
APEPE-ULTIMA,0.6326,$383.06M,-2.09
NEO-FLOKI,0.6326,$332.28M,-5.38
XTZ-GALA,0.6325,$314.09M,-9.98
IMX-GLIDR,0.6324,$328.70M,-6.06
GALA-EURCV,0.6324,$238.05M,-4.53
BORG-EURCV,0.6324,$287.71M,-3.88
THETA-XCN,0.6324,$255.75M,-5.97
DAI-GOMINING,0.6323,$206.61M,-0.57
COMP-SYRUP,0.6323,$366.57M,-7.35
UQC-SHORT,0.6321,$205.57M,-2.8
TWT-CRVUSD,0.632,$360.52M,3.14
GLM-XCN,0.6319,$224.42M,-5.71
USTBL-ENS,0.6318,$336.91M,-1.39
A7A5-EURCV,0.6318,$627.64M,-0.24
OHM-TEL,0.6317,$450.12M,-1.89
CAKE-DCR,0.6317,$649.97M,-2.06
COMP-XCN,0.6317,$288.98M,-7.63
META-AXS,0.6316,$239.10M,0.37
RAIL-XPL,0.6315,$310.43M,-3.45
GNO-ULTIMA,0.6314,$464.34M,-2.81
CHEEMS-PEANUT,0.6314,$284.85M,-1.71
SN64-SFP,0.6314,$192.72M,-0.86
CTOC-GEOD,0.6313,$369.35M,3.86
MX-XPIN,0.6313,$295.49M,-0.1
AXS-PIEVERSE,0.6312,$325.77M,-4.37
EDGE-COCO,0.6311,$320.20M,-5.68
IOTA-STRCX,0.631,$288.37M,-1.79
EDGE-EURC,0.6309,$586.01M,-2.3
APEPE-DASH,0.6306,$598.79M,-2.44
USDAT-GLIDR,0.6306,$241.18M,-1.52
XTZ-CHZ,0.6306,$369.61M,-8.5
BP-CHZ,0.6306,$258.37M,-0.23
USAT-GRASS,0.6306,$401.10M,-3.94
COMP-USDZ,0.6306,$286.71M,-4.63
1INCH-ZBT,0.6305,$229.76M,-0.44
BC-SOSO,0.6303,$336.16M,16.0
INJ-FET,0.6302,$765.15M,-10.66
GRT-DEXE,0.6301,$435.42M,20.15
GOMINING-BTT,0.6301,$375.04M,-1.9
Q-PEANUT,0.63,$404.49M,-3.59
META-NFT,0.6299,$359.94M,4.57
XTZ-FET,0.6299,$531.39M,-10.5
UQC-SHFL,0.6297,$229.42M,-3.43
LUNC-PENDLE,0.6295,$529.55M,-8.25
APR-AR,0.6295,$312.44M,-0.68
CAKE-XPIN,0.6294,$592.09M,0.71
TIBBIR-EIGEN,0.6294,$247.08M,-3.97
REUSD-USDF,0.6293,$279.27M,0.04
SNX-BORG,0.6292,$260.71M,-5.98
VIRTUAL-TIBBIR,0.6291,$476.05M,-1.71
DCR-JASMY,0.629,$414.36M,-3.01
FARTCOIN-TRUMP,0.6289,$480.40M,-2.3
IMX-NEO,0.6287,$361.10M,-8.46
AKT-DASH,0.6285,$525.83M,-10.52
CASH-GLIDR,0.6284,$223.40M,-1.51
LUNC-EURC,0.6283,$728.93M,-4.53
COMP-SFP,0.6282,$262.06M,-6.81
NXM-KMNO,0.6281,$184.89M,3.69
SAND-FRAX,0.6279,$345.25M,-4.11
CASH-ETHFI,0.6278,$521.91M,-4.43
APEPE-MON,0.6278,$449.55M,-2.78
SOON-A7A5,0.6278,$568.21M,33.57
DRV-DCR,0.6277,$305.42M,-8.4
ICNT-ZANO,0.6277,$232.73M,-11.46
DAI-KITE,0.6276,$323.05M,0.26
CVX-SN64,0.6276,$224.81M,8.57
SPX-KAG,0.6275,$515.77M,-2.83
AKT-PIEVERSE,0.6275,$310.48M,-7.93
TRAC-CHZ,0.6275,$267.80M,-6.38
ZRO-SHORT,0.6274,$382.31M,-1.3
STAC-TEL,0.6273,$276.96M,-1.36
PENDLE-JASMY,0.6272,$462.24M,-4.61
MET-AKE,0.6272,$184.94M,32.75
AB-ANTFUN,0.627,$379.15M,-9.87
VSN-TKX,0.6268,$254.34M,1.16
UB-DAI,0.6268,$451.89M,5.38
NXM-THETA,0.6266,$212.96M,-2.24
EURCV-THBILL,0.6266,$267.37M,0.22
APR-VELVET,0.6263,$362.89M,-6.62
BAT-JASMY,0.6262,$315.00M,-6.17
WEMIX-COMP,0.626,$259.75M,-11.57
XPIN-THBILL,0.626,$262.83M,0.86
VELVET-XPIN,0.6259,$311.40M,-7.1
CHZ-AR,0.6259,$260.19M,-5.0
NXM-UQC,0.6257,$194.89M,0.47
EARNETH-MANA,0.6256,$278.33M,0.79
DEXE-OHM,0.6256,$549.89M,22.62
KMNO-SOON,0.6256,$188.03M,37.04
WEMIX-BAT,0.6256,$203.84M,-12.36
US-APEPE,0.6255,$620.33M,-3.47
ZRO-DCR,0.6255,$487.53M,-0.61
REUSD-SOON,0.6254,$257.44M,33.92
LUNC-BTW,0.6253,$513.70M,-6.29
DEXE-SHFL,0.6251,$395.48M,19.74
ICNT-IOTA,0.6251,$249.15M,-11.39
BORG-BSV,0.6251,$396.76M,-6.04
1INCH-MON,0.625,$364.01M,-4.68
SUN-AKE,0.625,$437.81M,29.9
USDTB-SOSO,0.6249,$472.11M,10.99
VSN-APYUSD,0.6248,$309.02M,2.6
USTBL-WFI,0.6248,$335.39M,-2.85
LUNC-Q,0.6247,$498.85M,-6.24
APEPE-GOMINING,0.6247,$316.92M,-0.18
META-SN64,0.6247,$185.41M,6.03
ULTIMA-ENS,0.6247,$357.77M,-3.88
ICNT-JTO,0.6245,$370.21M,-14.78
PENGU-Q,0.6245,$591.67M,-3.0
MX-TRUMP,0.6244,$507.98M,-3.65
LUNC-WIF,0.6243,$425.24M,-3.95
META-RAY,0.624,$258.42M,1.67
KMNO-CHZ,0.624,$242.16M,0.03
Q-XPL,0.624,$440.54M,-0.98
EIGEN-THETA,0.6239,$266.68M,-9.2
COCO-FDUSD,0.6238,$530.32M,-3.34
STRK-COMP,0.6238,$348.54M,-5.6
BAT-PEANUT,0.6238,$287.95M,-7.16
EDGE-IOTA,0.6236,$283.55M,-6.05
USDTB-BC,0.6236,$575.09M,4.91
JTO-WFI,0.6236,$443.18M,-9.93
FET-FRAX,0.6235,$525.98M,-4.87
SEI-APEPE,0.6232,$487.91M,-2.68
APR-OHM,0.6231,$472.20M,0.7
BTT-USDZ,0.6231,$386.86M,-1.54
NEO-PENDLE,0.623,$384.43M,-7.55
ZK-XPIN,0.6229,$229.25M,-4.67
1INCH-META,0.6228,$211.23M,2.98
CASH-PENDLE,0.6228,$372.67M,-3.67
SEI-SNX,0.6227,$408.99M,-5.09
FDUSD-CARDS,0.6227,$614.96M,4.67
REUSD-PRL,0.6226,$251.50M,10.76
STAC-TRUMP,0.6224,$460.03M,-2.8
AB-TRAC,0.6224,$220.51M,-14.75
UQC-AR,0.6223,$224.07M,-1.94
VSN-SAND,0.6222,$276.08M,-3.7
DRV-KAU,0.6221,$410.95M,-6.71
ICNT-STRCX,0.622,$242.37M,-5.83
SNX-DASH,0.622,$519.87M,-4.85
NFT-CRCLON,0.622,$357.37M,0.79
DAI-FDUSD,0.6219,$437.15M,-0.04
A-USDAI,0.6217,$259.73M,-2.4
KOGE-MANA,0.6217,$345.53M,-0.18
META-REAL,0.6215,$344.47M,4.15
FLUID-TEL,0.6215,$260.60M,-0.53
UQC-XPIN,0.6215,$252.92M,0.65
META-FRXUSD,0.6213,$205.34M,4.46
BSV-BONK,0.6212,$523.44M,-5.84
XTZ-CTOC,0.6211,$500.48M,-5.21
FARTCOIN-PRL,0.6211,$207.08M,11.26
CVX-ENS,0.621,$310.89M,5.63
GPS-A,0.621,$198.30M,-0.05
WEMIX-AKE,0.621,$195.95M,24.22
ZANO-SUN,0.621,$473.45M,-5.22
BTW-PRL,0.6208,$318.87M,9.04
ZBCN-ETHFI,0.6208,$577.16M,-8.35
UUSD-TRAC,0.6208,$223.45M,-3.31
CARDS-AIAT,0.6208,$386.85M,6.12
CRCLON-AERO,0.6208,$507.23M,0.98
DEXE-ANTFUN,0.6207,$556.39M,24.73
EDGE-REAL,0.6206,$385.03M,-2.73
CAKE-PIEVERSE,0.6205,$629.27M,-0.24
SN64-MANA,0.6205,$221.38M,1.62
AXS-XTZ,0.6204,$369.16M,-9.51
NEX-BORG,0.6204,$228.60M,-8.41
BTW-COMP,0.6201,$394.12M,-6.12
USDAT-NEO,0.6201,$273.57M,-3.92
CASH-WEMIX,0.62,$222.44M,-7.16
WIF-PEANUT,0.62,$330.88M,-1.3
OUSG-GEOD,0.6199,$474.60M,3.72
A7A5-USDAI,0.6199,$635.64M,-0.32
US-GOMINING,0.6198,$534.53M,-4.41
BC-BSV,0.6197,$478.06M,2.87
US-PENGU,0.6196,$790.68M,-5.21
META-IOTA,0.6196,$242.99M,0.82
STRCX-RAY,0.6195,$303.80M,-0.95
ICNT-WFI,0.6192,$276.12M,-10.59
VSN-AKT,0.6191,$279.29M,-7.04
META-CARDS,0.6191,$364.28M,9.21
BORG-AKE,0.619,$233.79M,27.41
DRV-CHZ,0.6189,$246.78M,-9.47
MANA-SUN,0.6189,$473.67M,-1.38
FDUSD-MON,0.6188,$594.29M,-3.19
APR-RAIL,0.6187,$286.23M,-2.92
DRV-BONK,0.6186,$367.59M,-10.1
USTBL-EIGEN,0.6186,$301.43M,-6.41
NXM-VELVET,0.6185,$253.37M,-7.28
DEXE-ZAMA,0.6184,$411.89M,32.0
USDAT-KOGE,0.6184,$353.95M,-0.3
GPS-PENDLE,0.6184,$346.66M,-1.31
CHZ-PEANUT,0.6184,$328.68M,-5.07
GLM-ZANO,0.6183,$225.92M,-6.26
XTZ-SUN,0.6182,$567.76M,-6.85
BC-VIRTUAL,0.6181,$589.14M,0.79
VIRTUAL-STRK,0.6181,$558.78M,-5.34
WEMIX-JTO,0.618,$369.06M,-14.21
BTW-FLOKI,0.6179,$433.31M,-3.18
THETA-WFI,0.6179,$300.64M,-5.65
GEOD-AERO,0.6177,$508.72M,3.96
UB-BSV,0.6176,$619.33M,3.3
DAI-CHEEMS,0.6176,$191.37M,0.23
VELVET-THBILL,0.6176,$284.44M,-7.67
GRT-GNO,0.6175,$443.99M,-3.3
GRT-COMP,0.6174,$320.67M,-7.38
BTW-BC,0.6173,$454.37M,3.27
CASH-BSV,0.6173,$380.51M,-2.1
ICNT-CARDS,0.6173,$370.44M,-3.01
SHORT-SHFL,0.6172,$218.95M,-6.11
ZANO-GUSD,0.6171,$280.67M,-3.71
EIGEN-XCN,0.6171,$270.25M,-9.63
TKX-CAKE,0.617,$550.63M,0.49
UB-TAG,0.6169,$505.90M,22.31
CVX-TIA,0.6167,$441.31M,3.64
EURC-RAIL,0.6166,$539.88M,-4.04
KMNO-AKE,0.6164,$193.54M,34.52
PENDLE-COMP,0.6164,$409.98M,-8.08
KMNO-Q,0.6163,$317.97M,1.51
CRVUSD-FRAX,0.6163,$432.12M,0.17
STX-EURCV,0.6163,$399.95M,-8.65
TIBBIR-PIEVERSE,0.6161,$288.57M,2.23
RAY-A,0.616,$265.29M,-5.22
VELVET-NEX,0.6158,$256.83M,-12.28
TWT-MON,0.6158,$396.66M,0.07
REUSD-XEC,0.6157,$286.89M,-9.24
USDAT-ACRED,0.6156,$254.84M,-0.09
DYDX-ICNT,0.6154,$199.44M,-11.25
BAT-WFI,0.6154,$277.96M,-8.09
DRV-GRASS,0.6153,$318.51M,-10.24
KAU-SEI,0.6153,$594.86M,-3.41
VELVET-MANA,0.6152,$297.89M,-7.72
GALA-FRAX,0.6151,$308.68M,-4.35
RAY-BTT,0.6151,$422.48M,-4.16
KAU-GEOD,0.6148,$402.65M,3.34
MANA-THBILL,0.6147,$249.32M,0.23
SPX-GUSD,0.6145,$451.58M,-2.8
MWC-CASH,0.6145,$235.86M,2.61
1INCH-ZBCN,0.6144,$293.09M,-5.45
RLB-TRAC,0.6144,$227.94M,-1.15
US-PEANUT,0.6144,$603.50M,-5.79
CAKE-JTO,0.6144,$715.83M,-7.07
DCR-MON,0.6144,$450.97M,-5.21
PRL-SFP,0.6143,$186.80M,8.34
CVX-SUN,0.6142,$477.11M,5.57
COCO-TRUMP,0.6142,$541.61M,-6.14
MWC-SPCXB,0.6141,$199.38M,2.15
TKX-XCN,0.6141,$233.10M,-2.71
LUNC-IMX,0.6139,$506.22M,-9.17
AB-DASH,0.6139,$494.28M,-14.31
SPX-BSV,0.6138,$560.57M,-4.93
US-TEL,0.6138,$593.28M,-5.24
AKT-FLOKI,0.6135,$326.90M,-9.19
FDUSD-KITE,0.6135,$578.10M,0.23
CRVUSD-TEL,0.6135,$386.37M,-1.48
VSN-GALA,0.6134,$239.51M,-3.94
COCO-GPS,0.6134,$280.23M,-0.96
LUNC-AR,0.6133,$394.95M,-6.48
NXM-COMP,0.6133,$246.20M,-3.89
STAC-SEI,0.6133,$389.20M,-3.02
USDTB-STRCX,0.6133,$496.32M,1.84
SPCXB-GUSD,0.6133,$235.04M,-0.48
EIGEN-CRCLON,0.6132,$233.44M,-5.71
EDGE-XPL,0.6131,$356.56M,-1.71
PIEVERSE-A,0.6131,$284.37M,-2.62
FARTCOIN-STX,0.6129,$373.53M,-8.18
ZBCN-EURCV,0.6128,$326.71M,-3.85
RLB-TWT,0.6127,$252.74M,5.33
PEANUT-FET,0.6127,$490.46M,-7.07
STAC-FF,0.6126,$294.93M,3.72
GALA-WIF,0.6125,$234.96M,-3.95
PENGU-XPIN,0.6125,$516.61M,-0.65
IMX-AKT,0.6124,$355.71M,-12.27
MON-THBILL,0.6123,$366.13M,-3.01
KAG-MON,0.6122,$461.89M,-3.15
PYTH-FRXUSD,0.6122,$431.28M,-5.48
MX-THETA,0.6122,$276.68M,-3.58
EDGE-SNX,0.6121,$258.41M,-4.41
US-VET,0.612,$807.92M,-6.45
KAU-WEMIX,0.6118,$408.73M,-7.5
META-EURC,0.6118,$545.45M,4.57
ICNT-WIF,0.6118,$247.92M,-7.06
INJ-GALA,0.6117,$547.85M,-10.14
EDGE-EARNETH,0.6116,$282.92M,-1.67
EIGEN-MANA,0.6116,$271.98M,-6.34
EARNETH-XCN,0.6115,$276.60M,-2.5
AIAT-APYUSD,0.6115,$276.11M,3.34
SAND-MANA,0.6114,$256.57M,-4.27
DYDX-DCR,0.6113,$300.64M,-5.58
VET-SUN,0.6113,$731.25M,-4.08
GLIDR-GUSD,0.6112,$250.89M,-1.46
WFI-SUN,0.6111,$516.83M,-4.34
GNO-GUSD,0.611,$432.15M,-0.31
KMNO-MET,0.611,$187.44M,4.54
MWC-KAU,0.6108,$422.15M,2.52
CVX-IOTA,0.6108,$282.39M,3.36
ZK-MANA,0.6108,$215.74M,-5.3
RAY-BTSE,0.6106,$296.12M,-8.97
NEO-RAY,0.6105,$296.78M,-6.72
KAITO-BSV,0.6105,$567.76M,9.13
MWC-A,0.6104,$216.13M,0.36
CASH-KAITO,0.6103,$431.29M,11.2
CASH-SOSO,0.6103,$238.61M,11.02
REAL-XCN,0.6102,$378.72M,-3.55
DRV-NEO,0.61,$236.42M,-10.24
TIA-USDA,0.61,$402.67M,-3.6
STAC-GUSD,0.6099,$252.15M,0.07
US-IOTA,0.6098,$566.54M,-7.52
IMX-USDZ,0.6097,$354.71M,-4.77
MWC-ULTIMA,0.6096,$295.54M,0.47
KAITO-USDZ,0.6096,$436.66M,11.01
BTW-USDAT,0.6093,$374.60M,-1.72
BTSE-ANTFUN,0.6092,$415.42M,-4.52
LUNC-AB,0.6091,$375.74M,-16.1
CVX-ULTIMA,0.6091,$316.52M,4.57
AKT-AR,0.6091,$244.45M,-9.57
SHORT-GEOD,0.6091,$191.90M,0.95
TIBBIR-SYRUP,0.6089,$313.73M,-0.47
PYTH-GEOD,0.6089,$415.71M,-1.75
BTSE-SYRUP,0.6089,$340.36M,-9.07
VSN-CAKE,0.6088,$598.08M,0.66
USDAT-GRASS,0.6087,$355.67M,-3.92
STX-BTSE,0.6087,$383.63M,-14.86
2Z-TKX,0.6086,$305.78M,-2.08
BSV-THBILL,0.6086,$376.43M,-1.94
DYDX-TAG,0.6085,$242.93M,13.4
UB-PENGU,0.6083,$732.55M,4.03
USDAT-SOSO,0.6083,$256.39M,11.01
DASH-EURC,0.6083,$847.47M,-2.75
SFP-SUN,0.6083,$445.02M,-3.85
DAI-UQC,0.6081,$199.07M,-0.07
DAI-ZAMA,0.6081,$228.86M,8.89
CASH-USDAT,0.6081,$261.82M,-0.04
PRL-THBILL,0.6081,$202.00M,10.87
APR-FRXUSD,0.608,$306.31M,1.16
RLB-INJ,0.6078,$563.51M,-3.44
EURCV-FRAX,0.6077,$369.50M,0.32
LUNC-FET,0.6076,$584.82M,-9.72
US-UUSD,0.6076,$518.75M,-3.9
US-SYRUP,0.6076,$626.21M,-6.77
REUSD-BONK,0.6075,$432.38M,-3.71
GOMINING-SFP,0.6075,$218.30M,-2.95
UQC-CARDS,0.6073,$376.89M,4.64
STAC-GPS,0.6072,$198.65M,2.37
REAL-BTT,0.607,$508.53M,-1.69
META-SOSO,0.6069,$212.00M,15.54
XPIN-SUN,0.6069,$487.19M,-0.76
OZO-FRAX,0.6068,$345.36M,0.26
OZO-THETA,0.6067,$251.39M,-2.76
SPX-THETA,0.6066,$428.17M,-5.61
ZK-STX,0.6066,$334.87M,-14.1
STRK-AKE,0.6066,$284.73M,30.19
USAT-ZANO,0.6066,$316.39M,-3.79
NXM-CHEEMS,0.6065,$187.19M,0.77
EARNETH-CHZ,0.6065,$291.08M,-2.42
AB-OHM,0.6065,$372.65M,-11.99
EDGE-GALA,0.6062,$224.59M,-6.97
VSN-TWT,0.6059,$299.36M,3.89
KAITO-TAG,0.6057,$454.34M,28.14
CTOC-PIEVERSE,0.6057,$457.09M,-0.07
FARTCOIN-USDAI,0.6057,$280.45M,0.53
OUSG-USDAI,0.6055,$537.69M,0.01
SEI-JTO,0.6055,$555.19M,-10.12
USDAT-TEL,0.6055,$314.11M,-1.42
TWT-BP,0.6055,$262.70M,6.12
TAG-APYUSD,0.6055,$303.19M,18.87
GNO-FLOKI,0.6054,$481.15M,-1.84
VIRTUAL-XCN,0.6053,$499.23M,-7.37
TAG-FRXUSD,0.6053,$254.99M,16.89
DYDX-XTZ,0.6052,$323.34M,-8.91
NEO-GALA,0.6052,$222.39M,-8.49
BORG-XCN,0.6052,$267.93M,-7.15
NEO-KOGE,0.605,$347.92M,-4.16
CHEEMS-SHORT,0.605,$197.87M,-2.5
DASH-Q,0.605,$617.39M,-4.46
AKE-FRAX,0.6049,$315.59M,31.61
SEI-Q,0.6047,$506.50M,-4.69
FDUSD-Q,0.6047,$566.05M,-1.68
STRCX-CHZ,0.6047,$284.93M,-1.24
SEI-TWT,0.6046,$435.02M,0.17
TWT-CHZ,0.6045,$292.61M,0.1
AXS-TAG,0.6042,$288.76M,12.79
LUNC-CAKE,0.6041,$726.09M,-4.61
RLB-FARTCOIN,0.6041,$227.28M,2.64
EARNETH-USTBL,0.6041,$307.78M,0.73
NEO-MON,0.6039,$381.97M,-7.05
FARTCOIN-SYRUP,0.6039,$330.26M,-2.39
EIGEN-BTT,0.6039,$400.07M,-7.76
AXS-NEX,0.6038,$234.02M,-8.6
EDGE-VET,0.6037,$524.93M,-4.98
TIBBIR-AVUSD,0.6037,$222.46M,2.51
AWE-FET,0.6036,$411.74M,-6.58
SOON-A,0.6036,$192.30M,31.5
PENDLE-Q,0.6036,$470.60M,-5.29
UB-XTZ,0.6035,$586.31M,0.01
1INCH-KAG,0.6035,$329.51M,-1.52
DEXE-OZO,0.6035,$399.38M,23.12
KAITO-XCN,0.6035,$438.93M,8.01
USAT-GUSD,0.6035,$334.73M,-0.01
PEANUT-SFP,0.6035,$287.27M,-4.33
ETHFI-EURCV,0.6034,$549.33M,-4.35
REAL-COMP,0.6034,$408.38M,-4.78
REUSD-AKE,0.6031,$262.96M,31.4
FRXUSD-ZAMA,0.6031,$247.73M,8.86
USDAT-ENS,0.6029,$315.87M,-1.44
CARDS-THBILL,0.6029,$386.80M,4.85
VIRTUAL-AKE,0.6028,$465.09M,27.2
IOTA-MON,0.6027,$395.77M,-6.83
KAU-DASH,0.6026,$705.74M,-3.17
TIBBIR-ETHFI,0.6026,$506.38M,-1.96
STRK-EURC,0.6026,$639.25M,-1.1
MX-FET,0.6026,$456.51M,-5.93
GLIDR-AKE,0.6025,$196.91M,29.87
SEI-GOMINING,0.6024,$402.12M,-3.62
JTO-BSV,0.6023,$527.13M,-9.15
EIGEN-MON,0.6023,$388.79M,-9.59
1INCH-AWE,0.6022,$221.64M,-2.99
US-AXS,0.6022,$562.65M,-7.98
GOMINING-AIAT,0.6022,$233.54M,0.85
IMX-CVX,0.6019,$362.14M,2.47
EURC-ZAMA,0.6019,$587.85M,8.97
AIAT-SUN,0.6019,$460.27M,-0.06
UB-FLOKI,0.6018,$559.34M,3.89
GRX-PEANUT,0.6017,$308.63M,-2.07
GPS-GEOD,0.6016,$190.35M,6.03
PYTH-CHZ,0.6016,$465.50M,-8.57
SPX-US,0.6015,$721.04M,-6.69
CARDS-AERO,0.6015,$683.24M,4.97
PENDLE-MET,0.6015,$340.07M,-2.27
BORG-STX,0.6014,$388.79M,-12.67
KAU-MON,0.6013,$556.50M,-3.51
ZRO-ZANO,0.6012,$415.91M,-2.3
TWT-PENGU,0.6012,$520.18M,1.86
KAU-PIEVERSE,0.6011,$490.39M,-0.59
CHEEMS-REAL,0.6011,$349.38M,-0.12
AWE-ZAMA,0.6011,$243.63M,7.43
APR-XPL,0.6009,$416.98M,1.86
CTOC-USDA,0.6008,$371.18M,-0.03
UB-GNO,0.6007,$643.48M,5.04
RLB-KOGE,0.6007,$318.42M,1.83
US-MX,0.6007,$569.55M,-4.66
TRAC-ANTFUN,0.6007,$405.97M,-1.63
VIRTUAL-ZRO,0.6006,$654.32M,-2.72
AXS-MANA,0.6006,$275.07M,-4.04
PIEVERSE-AR,0.6006,$298.14M,-2.11
VSN-APXUSD,0.6005,$445.95M,2.49
EDGE-VIRTUAL,0.6004,$505.54M,-6.54
COCO-PYTH,0.6004,$505.58M,-8.75
CTOC-REUSD,0.6004,$442.44M,0.21
ENS-STRCX,0.6003,$316.87M,0.47
BC-CASH,0.6002,$341.59M,4.94
SHORT-PYTH,0.6002,$418.91M,-8.19
GOMINING-AERO,0.6001,$529.94M,-0.3
GOMINING-FET,0.6001,$421.48M,-5.68
JTO-SN64,0.6,$358.63M,-5.53
2Z-TWT,0.5999,$350.80M,0.65
GOMINING-SN64,0.5998,$205.56M,0.97
DRV-AKT,0.5997,$231.04M,-14.05
PENGU-GLIDR,0.5997,$473.10M,-2.85
FDUSD-FF,0.5996,$538.38M,3.65
CHEEMS-FRXUSD,0.5994,$210.24M,0.2
GRX-SPCXB,0.5993,$209.63M,-0.63
GRT-CVX,0.5992,$296.16M,4.09
UQC-ZBT,0.5992,$221.97M,1.02
JTO-BONK,0.5992,$533.58M,-10.81
DYDX-TWT,0.5991,$246.33M,-0.31
DRV-MWC,0.5991,$216.48M,-3.71
USDA-EIGEN,0.5991,$236.77M,-6.63
BTT-THBILL,0.5991,$377.41M,-1.19
XCN-THBILL,0.5991,$247.59M,-3.06
IMX-BONK,0.599,$492.27M,-8.32
USDTB-XPL,0.599,$576.11M,0.61
GEOD-SYRUP,0.599,$301.59M,0.77
KOGE-COMP,0.599,$373.47M,-4.7
APXUSD-KITE,0.5985,$527.06M,2.09
UQC-RAY,0.5985,$271.03M,-2.89
TIA-XPIN,0.5984,$451.39M,-2.69
USDAT-COMP,0.5981,$299.12M,-4.45
KAG-JASMY,0.5981,$425.28M,-0.95
AB-ACRED,0.598,$211.88M,-11.56
CVX-RAIL,0.598,$224.66M,2.93
LUNC-CRVUSD,0.5979,$490.95M,-4.68
MET-AR,0.5978,$205.47M,-0.49
BTW-JTO,0.5976,$503.44M,-8.75
EARNETH-GRX,0.5976,$271.04M,0.59
MX-PRL,0.5976,$234.66M,9.91
AXS-ENS,0.5975,$319.76M,-5.54
2Z-COMP,0.5974,$361.66M,-7.01
ULTIMA-XCN,0.5974,$311.36M,-5.67
PRL-FET,0.5974,$389.99M,5.6
DCR-GOMINING,0.5973,$318.34M,-2.61
USAT-XPIN,0.5973,$330.13M,0.67
KAITO-AVUSD,0.5972,$425.25M,11.27
KAITO-GOMINING,0.5972,$424.83M,10.65
APEPE-BAT,0.5971,$304.77M,-4.84
KAG-WEMIX,0.5969,$314.12M,-7.14
EARNETH-GRT,0.5967,$308.29M,-2.25
AVUSD-SHORT,0.5967,$213.53M,-2.69
TAG-AIAT,0.5967,$263.05M,18.34
KAU-FLOKI,0.5966,$506.82M,-1.85
SPX-BTSE,0.5965,$435.19M,-8.99
EDGE-COMP,0.5965,$295.30M,-6.8
FDUSD-BAT,0.5964,$449.51M,-5.25
META-BORG,0.5963,$233.68M,0.55
NXM-BTT,0.5962,$346.34M,-0.8
COCO-SPCXB,0.5962,$269.76M,-3.81
CASH-PYTH,0.596,$443.38M,-5.46
TKX-ULTIMA,0.5958,$285.14M,-1.97
WFI-FET,0.5958,$480.46M,-8.0
FDUSD-SHFL,0.5957,$467.50M,-3.41
META-XTZ,0.5956,$320.89M,-0.88
META-DCR,0.5955,$298.19M,2.45
KAG-FLOKI,0.5955,$412.20M,-1.49
NEX-FRXUSD,0.5954,$200.25M,-4.5
DYDX-TIBBIR,0.5952,$204.35M,-1.07
DASH-STX,0.5949,$647.95M,-11.54
REUSD-SYRUP,0.5948,$374.68M,-2.89
KMNO-FRAX,0.5947,$318.09M,3.4
KITE-FRXUSD,0.5947,$341.92M,0.23
IMX-INJ,0.5946,$686.56M,-10.1
ZBCN-JTO,0.5945,$445.91M,-10.99
AERO-USDZ,0.5945,$541.76M,0.06
FF-USDF,0.5943,$304.12M,3.68
USDA-XCN,0.5943,$225.84M,-3.4
GNO-A7A5,0.5942,$760.85M,-0.65
TIBBIR-XPL,0.5942,$327.07M,3.12
GLM-TRAC,0.5942,$218.43M,-5.77
THETA-SYRUP,0.5942,$333.34M,-5.7
EDGE-XEC,0.5941,$255.43M,-11.65
KAG-SUN,0.5941,$555.98M,-1.46
CHEEMS-VCNT,0.5941,$264.76M,1.5
SPCXB-USDF,0.5941,$197.37M,-0.51
STX-SHFL,0.5941,$371.92M,-12.09
MON-XPL,0.5941,$468.78M,-2.5
ZBCN-NEO,0.594,$311.05M,-7.82
EURC-BSV,0.594,$708.53M,-2.01
RLB-EIGEN,0.5939,$244.86M,-4.33
APR-A7A5,0.5939,$674.59M,0.89
KAG-USDAI,0.5938,$371.13M,-0.0
MWC-2Z,0.5937,$316.18M,-0.02
BSV-TRUMP,0.5937,$615.88M,-4.92
ULTIMA-GLIDR,0.5934,$283.08M,-3.96
GALA-XCN,0.5934,$218.27M,-7.8
VSN-VELVET,0.5933,$317.40M,-7.15
IMX-EURC,0.5933,$677.36M,-4.49
USDTB-NEO,0.5933,$489.30M,-3.94
ZK-SUN,0.5933,$426.64M,-6.85
AWE-NFT,0.5932,$370.34M,-1.39
FARTCOIN-BORG,0.5932,$261.28M,-3.41
JTO-SUN,0.5931,$610.93M,-8.53
IOTA-WIF,0.5931,$293.92M,-3.03
VELVET-JASMY,0.593,$378.09M,-8.77
GRX-EIGEN,0.5929,$264.69M,-6.55
CVX-CRCLON,0.5927,$227.67M,7.76
AKT-STRCX,0.5927,$269.19M,-5.82
VCNT-ZBT,0.5927,$278.39M,2.35
WIF-BTSE,0.5927,$279.46M,-5.49
UB-AIAT,0.5925,$478.82M,6.79
STRCX-REAL,0.5925,$389.85M,1.53
XTZ-CRCLON,0.5924,$318.33M,-4.66
STRK-XPIN,0.5924,$334.11M,-0.46
ACRED-A,0.5923,$217.33M,-2.46
REAL-FET,0.5923,$554.98M,-5.48
CRCLON-BSV,0.5923,$351.34M,-1.37
US-PRL,0.5921,$503.04M,6.88
TKX-MANA,0.5921,$234.83M,0.59
AWE-CRVUSD,0.5921,$317.87M,-1.54
CRCLON-PEANUT,0.5921,$277.39M,-1.23
CVX-CHEEMS,0.592,$235.13M,7.28
JTO-APYUSD,0.592,$426.76M,-5.12
GRT-AKE,0.5919,$256.87M,28.41
DCR-REUSD,0.5919,$370.21M,-2.01
USAT-AVUSD,0.5919,$301.21M,0.01
SOSO-FRAX,0.5919,$336.65M,11.29
ICNT-SUN,0.5917,$443.86M,-9.18
KAU-SNX,0.5916,$430.74M,-2.39
KAG-SNX,0.5916,$336.13M,-2.03
APEPE-THBILL,0.5915,$319.29M,0.52
DCR-FLOKI,0.5914,$401.29M,-3.54
LDO-SHORT,0.5913,$400.75M,-6.09
STRK-PENDLE,0.5913,$439.86M,-4.83
STAC-DRV,0.5912,$205.29M,-6.32
TIA-FRAX,0.5911,$526.56M,-3.15
TAG-COMP,0.5909,$304.39M,12.5
XPIN-ANTFUN,0.5909,$427.20M,2.34
DYDX-FRAX,0.5908,$317.93M,-3.28
STAC-USDAT,0.5907,$242.44M,0.01
RLB-PRL,0.5907,$188.34M,12.83
DRV-MET,0.5906,$192.06M,-4.97
OZO-CAKE,0.5905,$572.49M,0.0
TAG-Q,0.5905,$365.02M,15.29
UB-EURC,0.5904,$810.87M,5.46
TWT-SNX,0.5904,$270.90M,1.19
CAKE-BSV,0.5903,$705.68M,-2.09
CHEEMS-BP,0.5903,$214.55M,3.13
KMNO-CRVUSD,0.5903,$310.07M,3.08
META-ULTIMA,0.5902,$277.11M,2.03
CAKE-MET,0.5902,$536.61M,1.38
NEO-ACRED,0.5902,$248.82M,-3.96
SOON-KITE,0.5902,$322.01M,34.15
COMP-PEANUT,0.5902,$343.86M,-6.37
NXM-FRAX,0.5901,$306.94M,0.78
KMNO-XPIN,0.59,$242.92M,3.87
APXUSD-AIAT,0.5899,$413.04M,3.24
TWT-AKE,0.5898,$243.99M,34.59
AXS-SUN,0.5898,$485.98M,-5.6
KMNO-CTOC,0.5898,$373.02M,3.32
SFP-BONK,0.5896,$367.68M,-6.14
NXM-XPIN,0.5895,$231.77M,1.25
KAG-FRXUSD,0.5895,$323.61M,-0.03
FARTCOIN-PYTH,0.5895,$444.37M,-4.91
SYRUP-BSV,0.5895,$465.74M,-5.01
LUNC-EDGE,0.5894,$414.87M,-6.98
STAC-ACRED,0.5894,$217.69M,-0.03
2Z-SUN,0.5893,$544.63M,-4.05
STRCX-ZBT,0.5889,$254.74M,2.97
USDAT-XCN,0.5888,$269.46M,-3.23
CAKE-SNX,0.5882,$569.63M,-2.04
UB-BTT,0.5881,$620.31M,4.05
KITE-RAIL,0.5881,$321.85M,-3.85
VET-XCN,0.5881,$518.62M,-5.81
USDA-CHZ,0.588,$240.32M,-3.32
BTW-GPS,0.5878,$330.81M,0.65
RLB-XTZ,0.5878,$329.75M,-3.28
TWT-TEL,0.5878,$322.78M,1.83
COCO-USDF,0.5878,$296.06M,-3.3
LDO-TEL,0.5877,$477.51M,-4.74
THETA-JASMY,0.5877,$337.68M,-3.73
USTBL-BP,0.5876,$275.08M,2.92
LDO-CASH,0.5874,$425.21M,-3.36
CVX-EIGEN,0.5874,$275.41M,0.61
COMP-BSV,0.5873,$417.82M,-6.51
APXUSD-TAG,0.5871,$440.12M,18.76
US-THETA,0.5869,$545.06M,-6.62
CHEEMS-SHFL,0.5869,$221.72M,-3.13
VSN-RAY,0.5868,$313.90M,-2.17
UB-FRXUSD,0.5868,$470.76M,5.35
1INCH-RLB,0.5868,$220.09M,0.58
META-COMP,0.5868,$254.74M,0.07
GPS-TRUMP,0.5865,$453.40M,-0.5
GALA-GLIDR,0.5865,$190.00M,-6.09
KAU-BTT,0.5864,$567.78M,-1.69
STAC-XPL,0.5863,$323.23M,0.69
GPS-DASH,0.5862,$493.44M,-0.48
FLOKI-MX,0.5862,$349.10M,-2.3
BTT-JASMY,0.5862,$471.06M,-2.29
PRL-BAT,0.5861,$187.48M,5.51
XTZ-KOGE,0.586,$439.62M,-5.65
DEXE-APXUSD,0.5859,$569.14M,24.94
SNX-COMP,0.5859,$281.76M,-6.46
XEC-TRUMP,0.5858,$476.85M,-12.11
XPIN-GUSD,0.5858,$294.40M,0.75
JTO-ENS,0.5857,$444.71M,-8.47
WFI-AERO,0.5857,$588.92M,-2.61
1INCH-CARDS,0.5856,$384.68M,3.18
BP-DASH,0.5856,$511.67M,0.07
IMX-CHZ,0.5855,$371.46M,-7.69
DCR-VCNT,0.5854,$367.22M,-0.79
SOON-SOSO,0.5854,$206.60M,44.92
GLM-SPCXB,0.5853,$180.30M,-3.02
APR-2Z,0.5852,$398.73M,-1.38
TEL-ONYC,0.5851,$420.52M,-1.34
PRL-XPL,0.5851,$304.66M,11.38
IMX-ETHFI,0.585,$627.21M,-8.98
UQC-AWE,0.585,$213.84M,-1.53
EIGEN-GRASS,0.585,$356.46M,-10.32
MET-XPL,0.585,$310.00M,2.04
BTW-THETA,0.5849,$360.89M,-4.46
USDTB-UQC,0.5849,$463.54M,-0.11
2Z-BTSE,0.5849,$335.45M,-8.72
GNO-CRCLON,0.5848,$375.50M,0.37
RAY-MANA,0.5848,$294.39M,-2.74
OHM-BTT,0.5847,$535.28M,-1.83
XTZ-TRUMP,0.5847,$582.86M,-8.22
KAITO-XEC,0.5845,$428.73M,1.93
AWE-SHFL,0.5844,$227.22M,-4.83
STRCX-FET,0.5844,$446.71M,-3.24
INJ-USDAI,0.5843,$616.67M,-5.55
SNX-A,0.5843,$224.72M,-4.42
STAC-OHM,0.5842,$378.45M,-0.46
CVX-AXS,0.5842,$278.50M,2.9
REAL-XPIN,0.5842,$393.96M,0.36
VSN-SPX,0.5841,$452.97M,-2.18
CASH-TIBBIR,0.5841,$228.50M,2.44
FLOKI-AWE,0.584,$304.33M,-2.95
LDO-USDAT,0.5839,$443.00M,-3.37
GPS-FDUSD,0.5839,$442.11M,2.3
STRK-EURCV,0.5838,$338.65M,-1.1
ZK-DCR,0.5837,$287.13M,-7.44
RLB-DCR,0.5836,$307.05M,0.05
ZBCN-GPS,0.5835,$273.28M,-1.59
ENS-COMP,0.5835,$335.40M,-5.84
ENS-AKE,0.5834,$271.59M,29.95
OHM-DASH,0.5832,$673.24M,-3.31
USDAT-GPS,0.5832,$235.81M,2.31
BTW-MON,0.5831,$482.99M,-4.85
TIA-US,0.5831,$725.46M,-7.25
CTOC-XPIN,0.5831,$419.90M,0.88
NEO-GEOD,0.583,$228.12M,-0.2
NXM-REUSD,0.5829,$254.30M,0.57
GOMINING-TRUMP,0.5827,$472.95M,-3.4
IMX-ZANO,0.5826,$358.48M,-8.31
RLB-TAG,0.5826,$249.34M,19.03
CAKE-EURCV,0.5825,$596.63M,0.07
VSN-SN64,0.5822,$240.89M,2.19
SPCXB-SHORT,0.5821,$183.09M,-3.25
IOTA-FRAX,0.582,$367.64M,-3.43
XEC-GOMINING,0.582,$235.02M,-9.84
RLB-PEANUT,0.5819,$288.81M,0.16
FLOKI-BTSE,0.5819,$331.62M,-7.64
APR-USAT,0.5817,$381.62M,1.15
GALA-TAG,0.5817,$233.68M,12.33
TIBBIR-CTOC,0.5816,$381.49M,2.63
NEX-RAIL,0.5816,$180.17M,-8.58
BTSE-VET,0.5815,$522.07M,-8.75
USDTB-BP,0.5814,$469.76M,2.85
OZO-AR,0.5814,$241.35M,-1.87
BONK-FET,0.5813,$570.86M,-8.87
STRK-CTOC,0.5812,$464.21M,-1.01
OHM-STX,0.5811,$526.32M,-9.21
XCN-FET,0.5811,$435.58M,-8.32
MANA-CRCLON,0.5809,$224.24M,0.81
VSN-ANTFUN,0.5808,$433.20M,2.29
TKX-META,0.5808,$198.86M,5.0
STRCX-PENGU,0.5807,$512.51M,0.52
ZRO-FRXUSD,0.5806,$394.68M,1.41
GLM-TAG,0.5806,$239.83M,14.42
ZBCN-AKE,0.5804,$272.80M,27.44
BTW-NEO,0.5801,$368.57M,-5.58
FLUID-SPCXB,0.5801,$171.82M,0.36
LDO-BSV,0.58,$561.69M,-5.43
VIRTUAL-USDZ,0.58,$496.96M,-4.37
BTW-BAT,0.5799,$338.21M,-6.9
TWT-IOTA,0.5799,$296.04M,-0.45
USDA-SYRUP,0.5799,$303.42M,-3.13
KAU-OHM,0.5798,$584.11M,-0.85
REUSD-STX,0.5797,$417.95M,-8.68
DCR-FARTCOIN,0.5794,$325.79M,-1.51
BC-SOON,0.5793,$309.58M,38.84
IOTA-XPL,0.5792,$368.16M,-3.02
GRT-SYRUP,0.5791,$368.59M,-5.88
STAC-GRX,0.5789,$226.74M,-0.08
RLB-ONYC,0.5789,$350.48M,2.16
SEI-EURCV,0.5789,$435.99M,-2.98
CVX-BSV,0.5788,$393.31M,4.95
KAITO-ZBT,0.5787,$423.22M,12.29
SEI-BP,0.5786,$400.79M,-0.16
USDAT-TRUMP,0.5786,$497.19M,-2.86
STRK-ZANO,0.5786,$320.37M,-4.92
VSN-ZK,0.5785,$235.25M,-4.72
1INCH-FLUID,0.5785,$202.10M,-0.66
CHEEMS-SOON,0.5784,$190.33M,34.12
NFT-KOGE,0.5783,$478.67M,-0.2
USAT-BONK,0.5782,$450.17M,-3.8
EDGE-XPIN,0.5781,$280.87M,-1.66
KAITO-FARTCOIN,0.5781,$432.28M,11.75
OUSG-GOMINING,0.578,$495.81M,-0.54
CHEEMS-XTZ,0.578,$325.79M,-5.14
CVX-ZAMA,0.5779,$272.63M,15.93
TKX-BP,0.5779,$217.68M,3.39
GRT-ZBCN,0.5778,$338.62M,-6.88
VSN-TIBBIR,0.5776,$257.38M,3.12
CAKE-GOMINING,0.5776,$562.75M,-0.57
A-REAL,0.5773,$351.35M,-2.74
GLIDR-SOSO,0.5773,$217.97M,9.54
1INCH-GLIDR,0.5772,$217.20M,-3.02
DCR-GALA,0.5772,$291.39M,-6.65
ULTIMA-EURC,0.5772,$631.74M,-2.39
SAND-STX,0.5772,$375.71M,-13.08
FF-JTO,0.5772,$460.92M,-3.38
GALA-BSV,0.5772,$347.11M,-6.68
GLIDR-COMP,0.5772,$260.71M,-5.92
ZRO-BONK,0.5771,$549.70M,-2.31
PRL-GLIDR,0.5771,$185.45M,9.23
EDGE-BAT,0.5768,$239.39M,-7.59
SOON-STX,0.5768,$340.53M,25.17
STRCX-XCN,0.5765,$270.45M,-1.32
OZO-FLOKI,0.5763,$323.81M,-1.48
ANTFUN-ZAMA,0.5763,$420.12M,10.52
EIGEN-BAT,0.5762,$244.01M,-11.64
EIGEN-USDZ,0.5762,$267.98M,-6.63
EDGE-FRXUSD,0.576,$245.90M,-2.41
SNX-AR,0.5759,$238.49M,-3.91
VCNT-CRCLON,0.5759,$257.30M,1.98
US-WFI,0.5758,$593.51M,-6.72
EARNETH-META,0.5757,$242.36M,5.21
BTW-BTSE,0.5755,$367.91M,-7.83
RLB-CRVUSD,0.5755,$316.32M,2.02
CAKE-COMP,0.5755,$606.52M,-4.43
AWE-PENGU,0.5755,$477.54M,-2.82
IMX-PRL,0.5754,$311.39M,6.16
DEXE-APYUSD,0.5754,$432.21M,25.04
GALA-XPL,0.5754,$309.20M,-3.94
US-EIGEN,0.5752,$559.56M,-10.27
ZANO-GRASS,0.5752,$347.03M,-7.64
GLM-AERO,0.575,$509.14M,-2.25
WIF-SHORT,0.575,$243.90M,-2.09
CAKE-ZANO,0.5749,$578.35M,-3.75
KAG-PIEVERSE,0.5749,$395.77M,-0.23
NXM-STRCX,0.5748,$227.67M,2.42
STAC-DASH,0.5748,$500.08M,-2.79
ZK-FARTCOIN,0.5748,$207.36M,-4.85
APEPE-XPL,0.5747,$421.95M,1.04
PENDLE-TRUMP,0.5747,$608.04M,-6.49
DRV-GNO,0.5745,$385.29M,-6.7
FF-GRASS,0.5745,$408.15M,-0.21
IMX-BP,0.5744,$341.56M,-1.67
AKT-TAG,0.5744,$273.46M,9.23
DEXE-WIF,0.5743,$420.42M,23.76
BTW-BTT,0.5742,$494.27M,-3.02
APR-ANTFUN,0.5741,$478.70M,2.82
DEXE-KOGE,0.5741,$488.23M,22.84
EDGE-STRCX,0.574,$276.77M,-0.49
GLM-BSV,0.574,$353.25M,-4.6
CARDS-USDAI,0.574,$426.31M,4.7
TEL-KITE,0.574,$406.32M,-1.13
APXUSD-JTO,0.5739,$563.69M,-5.23
ULTIMA-XPIN,0.5739,$326.60M,-1.75
LUNC-FDUSD,0.5737,$625.00M,-4.64
EARNETH-KMNO,0.5736,$244.96M,3.86
ZK-XCN,0.5736,$214.01M,-8.59
STX-BSV,0.5736,$509.01M,-10.8
EARNETH-COMP,0.5735,$306.27M,-3.72
NEO-REAL,0.5735,$382.83M,-4.25
RAY-FET,0.5735,$468.92M,-7.95
CRCLON-AKE,0.5734,$188.38M,32.08
INJ-USDF,0.5733,$571.07M,-5.54
DEXE-KAITO,0.5733,$583.35M,34.32
TIBBIR-AKE,0.5733,$202.01M,33.82
KMNO-XEC,0.5733,$217.48M,-6.13
APEPE-MX,0.5731,$351.95M,-0.43
CHEEMS-ENS,0.573,$276.39M,-1.17
VELVET-GNO,0.5729,$449.15M,-8.16
EDGE-BORG,0.5727,$274.24M,-6.32
KAG-GLIDR,0.5727,$315.07M,-1.49
GEOD-SHFL,0.5726,$215.75M,0.32
TEL-ETHFI,0.5725,$574.21M,-5.82
BC-ENS,0.5724,$395.64M,3.55
TIA-WIF,0.5722,$452.83M,-2.75
VIRTUAL-OHM,0.5721,$645.37M,-4.66
ZK-TAG,0.5721,$229.42M,11.54
GOMINING-SHFL,0.572,$236.96M,-3.93
NEX-ANTFUN,0.5719,$372.64M,-2.84
RAIL-XPIN,0.5719,$234.74M,-3.4
FLUID-KITE,0.5718,$318.29M,1.13
IOTA-GEOD,0.5718,$241.92M,0.01
VSN-PEANUT,0.5717,$335.43M,-1.29
US-AWE,0.5717,$524.79M,-5.31
ICNT-SOON,0.5717,$191.58M,26.17
OZO-UUSD,0.5716,$225.08M,-0.04
CTOC-GUSD,0.5716,$424.51M,0.2
PRL-GUSD,0.5716,$233.58M,10.76
BTT-WFI,0.5716,$434.02M,-4.21
OZO-CHZ,0.5715,$269.44M,-3.11
ZBCN-STX,0.5714,$427.79M,-12.64
DCR-AR,0.5714,$318.83M,-3.93
TKX-CRCLON,0.5713,$196.29M,1.21
USTBL-BSV,0.5712,$419.33M,-2.06
META-PIEVERSE,0.5712,$277.50M,4.27
STAC-BTT,0.5711,$362.12M,-1.3
TIA-KMNO,0.5711,$404.51M,-0.25
KMNO-MANA,0.5711,$229.41M,3.24
EURC-A7A5,0.5709,$928.24M,-0.24
DCR-MET,0.5708,$292.19M,-0.67
SEI-AKE,0.5707,$382.08M,28.31
CASH-MON,0.5707,$370.21M,-3.17
STX-CHZ,0.5705,$394.66M,-11.84
A7A5-AKE,0.5705,$573.73M,31.05
STAC-ZANO,0.5704,$233.80M,-3.72
EARNETH-THETA,0.5704,$273.03M,-2.07
USDTB-ACRED,0.5704,$470.56M,-0.11
USDAT-PIEVERSE,0.5704,$321.88M,-0.26
STRK-SUN,0.5704,$531.50M,-2.64
OZO-DCR,0.5703,$328.08M,-2.04
META-XEC,0.5703,$214.87M,-4.78
UUSD-FRAX,0.5702,$319.85M,0.2
XTZ-MET,0.5701,$314.89M,-4.0
BORG-FRAX,0.5701,$358.34M,-3.7
LUNC-THBILL,0.57,$396.83M,-4.46
GOMINING-MON,0.57,$363.76M,-3.72
ZK-FRAX,0.5699,$304.42M,-5.14
GPS-PIEVERSE,0.5699,$278.09M,2.11
GOMINING-COMP,0.5699,$274.89M,-4.99
BTW-CASH,0.5697,$356.82M,-1.71
BAT-XPIN,0.5697,$248.31M,-4.5
WIF-BONK,0.5696,$411.29M,-3.1
1INCH-CRVUSD,0.5695,$327.87M,-1.6
APEPE-META,0.5695,$296.77M,4.88
NXM-A,0.5694,$189.16M,-1.86
DAI-EDGE,0.5694,$227.03M,-2.38
ZBCN-PRL,0.5694,$261.34M,6.8
ONYC-CRCLON,0.5694,$339.06M,0.78
AWE-KOGE,0.5693,$319.97M,-1.73
EIGEN-A7A5,0.5693,$618.80M,-6.74
GRT-AB,0.5692,$258.19M,-14.45
2Z-WFI,0.5692,$376.88M,-5.45
META-BAT,0.5692,$198.83M,-0.71
ZK-XTZ,0.5692,$309.83M,-10.77
TIBBIR-FF,0.569,$298.77M,6.14
DRV-GLIDR,0.5689,$204.03M,-7.85
VET-MANA,0.5689,$520.34M,-2.52
SPX-MANA,0.5688,$433.46M,-2.75
TWT-CHEEMS,0.5688,$248.78M,3.46
WEMIX-A,0.5687,$202.71M,-9.54
KITE-ZAMA,0.5685,$369.81M,9.16
LUNC-EURCV,0.5684,$428.33M,-4.53
BP-SUN,0.5682,$456.53M,1.42
CAKE-JASMY,0.568,$658.78M,-0.96
XTZ-IOTA,0.568,$373.05M,-9.06
EARNETH-USDZ,0.5678,$274.33M,0.5
BTW-USDA,0.5674,$330.98M,-1.89
BC-GLIDR,0.5673,$320.95M,3.46
UQC-NFT,0.5673,$372.54M,0.01
TWT-FLOKI,0.5672,$346.98M,1.73
OUSG-JTO,0.5671,$648.89M,-7.04
INJ-TEL,0.567,$633.55M,-6.94
META-WEMIX,0.5668,$195.84M,-2.65
ACRED-GLIDR,0.5668,$216.42M,-1.56
ZK-XPL,0.5667,$304.94M,-4.73
DRV-FARTCOIN,0.5666,$225.65M,-5.81
PRL-BTT,0.5666,$343.54M,9.39
NXM-NEO,0.5665,$220.65M,-3.36
OHM-SHFL,0.5665,$397.20M,-3.86
FF-ONYC,0.5665,$438.49M,3.74
2Z-NEX,0.5664,$292.67M,-7.04
AVUSD-TRUMP,0.5664,$473.37M,-2.78
JTO-PIEVERSE,0.5663,$450.72M,-7.29
FARTCOIN-ONYC,0.5663,$369.22M,0.6
MX-AR,0.5663,$266.64M,-2.68
VSN-AXS,0.5662,$294.58M,-3.47
CASH-WFI,0.5661,$296.56M,-2.89
FARTCOIN-AKE,0.5661,$218.53M,31.9
JASMY-FET,0.5661,$517.51M,-6.08
CTOC-PENDLE,0.566,$525.65M,-3.49
CASH-AWE,0.5659,$227.84M,-1.48
PENGU-BONK,0.5659,$636.66M,-5.11
LUNC-TEL,0.5658,$453.21M,-6.0
CAKE-BONK,0.5657,$712.14M,-3.76
GPS-SAND,0.5657,$221.20M,-2.02
KAITO-GEOD,0.5656,$403.61M,14.9
DRV-AKE,0.5655,$198.17M,25.01
KMNO-BP,0.5655,$212.26M,6.05
GUSD-AKE,0.5655,$245.03M,31.4
CHZ-COMP,0.5654,$303.46M,-7.55
KAG-ICNT,0.5653,$315.26M,-7.71
AIAT-BAT,0.565,$221.39M,-3.81
KOGE-AKE,0.565,$309.67M,31.09
FLOKI-USDZ,0.5647,$325.90M,-1.69
DRV-EURC,0.5645,$552.68M,-6.28
CVX-THETA,0.5645,$260.91M,4.27
CRCLON-EURCV,0.5643,$242.29M,0.79
VIRTUAL-THETA,0.5641,$495.66M,-6.94
VIRTUAL-GOMINING,0.5639,$485.13M,-4.73
IOTA-ETHFI,0.5639,$547.47M,-8.1
BAT-AKE,0.5639,$198.94M,26.15
EARNETH-BAT,0.5638,$250.36M,-4.51
FLUID-ANTFUN,0.5638,$368.59M,2.49
TIBBIR-WEMIX,0.5638,$206.91M,-4.69
GPS-ICNT,0.5638,$197.58M,-5.38
PIEVERSE-BAT,0.5638,$285.50M,-5.45
NXM-FET,0.5636,$392.79M,-4.59
1INCH-WIF,0.5636,$262.16M,-0.87
2Z-Q,0.5636,$422.29M,-4.22
DYDX-BSV,0.5634,$356.36M,-5.62
CHEEMS-USDAI,0.5634,$257.76M,0.23
CVX-APEPE,0.5633,$336.18M,7.42
USDAI-SHFL,0.5631,$278.84M,-3.38
UQC-SAND,0.563,$233.21M,-4.43
PYTH-GRASS,0.563,$537.23M,-9.34
STRK-ONYC,0.5629,$435.42M,-1.12
OUSG-USDZ,0.5628,$507.64M,-0.18
META-TWT,0.5628,$243.88M,7.72
KAITO-PENDLE,0.5628,$559.92M,7.56
MWC-KAG,0.5625,$327.53M,2.54
ICNT-SN64,0.5625,$191.56M,-6.19
1INCH-MET,0.5624,$205.23M,-0.14
SPX-FET,0.5623,$607.99M,-7.96
CVX-Q,0.5622,$354.77M,5.4
FF-SOSO,0.5622,$308.87M,14.72
CHZ-GUSD,0.5622,$293.64M,-3.09
UB-TIBBIR,0.5621,$467.32M,7.85
DCR-UQC,0.5621,$310.80M,-2.12
CRVUSD-PRL,0.562,$296.12M,10.65
AIAT-ONYC,0.562,$364.18M,1.47
LUNC-TKX,0.5619,$382.34M,-4.11
STRK-SYRUP,0.5618,$396.46M,-4.1
RLB-AB,0.5617,$201.12M,-9.39
OHM-NFT,0.5617,$540.33M,-0.42
JASMY-USDF,0.5617,$323.43M,-0.96
OUSG-MON,0.5615,$628.44M,-3.13
RAY-COMP,0.5614,$322.33M,-7.26
EDGE-ZBCN,0.5613,$313.25M,-6.3
DEXE-SFP,0.5613,$376.81M,20.72
FRAX-XPL,0.5612,$440.65M,0.91
USTBL-JASMY,0.5611,$372.43M,-0.94
DRV-KAG,0.5609,$316.33M,-6.34
INJ-THETA,0.5609,$585.33M,-8.31
DCR-BTT,0.5609,$462.25M,-3.39
CHEEMS-STRK,0.5607,$289.53M,-0.94
INJ-KAU,0.5606,$767.54M,-5.89
WIF-EIGEN,0.5606,$286.94M,-5.78
CTOC-MANA,0.5605,$406.39M,0.26
ETHFI-COMP,0.5605,$559.22M,-8.85
MET-FET,0.5605,$395.33M,-3.74
BC-PEANUT,0.5604,$404.11M,3.01
ULTIMA-BSV,0.5604,$440.19M,-4.55
ZBCN-BTT,0.5603,$436.75M,-5.26
CVX-TIBBIR,0.5603,$241.30M,9.5
CVX-FARTCOIN,0.5603,$257.83M,7.58
EARNETH-CRCLON,0.5602,$239.79M,1.42
NXM-GUSD,0.5601,$236.38M,0.57
VELVET-BTSE,0.56,$299.61M,-13.96
USDA-REAL,0.56,$345.24M,-0.55
LUNC-DAI,0.5598,$369.95M,-4.61
TIA-XCN,0.5598,$436.15M,-6.6
ZRO-APEPE,0.5598,$486.12M,1.82
AIAT-SYRUP,0.5596,$325.23M,-1.52
LDO-KAG,0.5593,$516.89M,-3.34
TAG-ONYC,0.5592,$391.27M,16.99
USAT-XPL,0.5591,$405.82M,0.61
FDUSD-CRCLON,0.5589,$438.95M,0.68
GRT-AKT,0.5588,$289.74M,-10.65
DASH-BONK,0.5588,$662.38M,-6.57
APYUSD-MANA,0.5588,$289.51M,2.03
USDAI-BONK,0.5588,$422.38M,-3.76
LDO-CRCLON,0.5587,$396.05M,-2.63
US-VIRTUAL,0.5586,$788.53M,-8.01
XEC-XCN,0.5586,$249.12M,-12.48
OUSG-TAG,0.5585,$525.32M,16.95
MWC-COMP,0.5585,$273.17M,-0.63
VELVET-SUN,0.5585,$508.79M,-9.28
ETHFI-CHZ,0.5585,$544.03M,-7.54
REUSD-GEOD,0.5583,$261.78M,3.73
DCR-NEO,0.5582,$336.55M,-5.94
SAND-XPIN,0.5582,$270.08M,-3.65
KMNO-GLIDR,0.5581,$199.40M,1.66
KAITO-XPIN,0.5581,$454.17M,11.93
PENDLE-BTT,0.558,$510.12M,-4.99
NEO-SAND,0.5579,$258.96M,-8.25
RAY-SUN,0.5579,$505.30M,-4.3
VSN-USAT,0.5578,$336.12M,0.62
OHM-NEX,0.5578,$366.13M,-4.96
FARTCOIN-TEL,0.5578,$297.33M,-0.86
PENGU-GOMINING,0.5578,$487.28M,-1.92
NEO-JASMY,0.5577,$345.36M,-4.85
BORG-USDZ,0.5576,$265.66M,-4.15
VIRTUAL-GRASS,0.5574,$585.44M,-8.06
TWT-SN64,0.5574,$238.46M,4.75
CHEEMS-TAG,0.5574,$245.39M,17.17
UQC-PENGU,0.5574,$479.74M,-1.42
PIEVERSE-AKE,0.5574,$277.61M,31.13
DRV-AVUSD,0.5573,$218.62M,-6.3
TIBBIR-RAY,0.5573,$269.49M,-0.37
CHZ-XPIN,0.5573,$289.04M,-2.41
APEPE-ZAMA,0.5571,$339.17M,9.27
CHEEMS-A,0.5571,$202.61M,-2.15
RLB-SHFL,0.557,$225.67M,-1.26
ZANO-BSV,0.557,$389.65M,-5.84
BP-CRCLON,0.5569,$207.09M,3.61
ENS-CRCLON,0.5568,$268.92M,-0.69
AB-USDAI,0.5566,$254.28M,-11.5
VIRTUAL-USDA,0.5566,$465.75M,-4.37
FLOKI-CRVUSD,0.5566,$410.56M,-1.57
SNX-PRL,0.5566,$206.50M,8.69
BSV-JASMY,0.5566,$470.08M,-3.05
APEPE-THETA,0.5565,$327.45M,-2.4
SEI-ACRED,0.5564,$401.59M,-3.12
GNO-XPL,0.5564,$503.23M,0.32
VELVET-DEXE,0.5563,$440.58M,15.29
UB-JTO,0.5562,$629.47M,-1.68
AKT-ENS,0.5562,$304.46M,-9.11
USAT-TRUMP,0.5561,$542.62M,-2.88
UB-DCR,0.5557,$563.61M,3.33
OUSG-ONYC,0.5555,$626.46M,0.08
TWT-COCO,0.5555,$332.69M,-0.08
META-PENDLE,0.5554,$346.07M,0.85
FDUSD-BONK,0.5553,$611.04M,-3.79
RAY-GRASS,0.5552,$378.87M,-6.72
1INCH-THBILL,0.5551,$233.75M,-1.38
SPCXB-ANTFUN,0.5551,$367.84M,1.11
TIBBIR-SPCXB,0.555,$192.02M,1.95
GNO-ZAMA,0.5549,$420.46M,8.55
CTOC-ENS,0.5549,$451.07M,-1.24
LUNC-KMNO,0.5547,$376.92M,-1.45
AVUSD-NFT,0.5546,$380.50M,0.13
CHEEMS-RAY,0.5545,$263.32M,-2.59
WIF-BAT,0.5544,$249.76M,-4.56
ZRO-TAG,0.5543,$429.82M,18.37
RLB-ACRED,0.5542,$219.31M,2.04
JTO-PENDLE,0.5542,$519.29M,-10.71
BTSE-USDZ,0.5542,$260.50M,-6.35
DEXE-AR,0.554,$390.13M,21.23
KITE-A,0.5539,$334.29M,-2.13
PENDLE-EURCV,0.5539,$400.09M,-3.58
DCR-KMNO,0.5538,$300.80M,1.1
FF-SOON,0.5538,$282.29M,37.57
NEX-TRAC,0.5537,$213.99M,-7.72
LUNC-REUSD,0.5536,$446.33M,-4.56
NXM-XCN,0.5536,$216.53M,-2.67
ZRO-ANTFUN,0.5534,$567.06M,3.07
SNX-XPL,0.5534,$343.02M,-1.37
AIAT-SN64,0.5534,$207.97M,2.94
CRVUSD-BTT,0.5533,$471.52M,-1.41
SYRUP-FET,0.5533,$513.17M,-8.05
GRX-ZBT,0.5531,$238.04M,0.96
USAT-MANA,0.5531,$316.61M,0.04
BTT-XCN,0.553,$389.13M,-4.54
CAKE-KAG,0.5529,$660.88M,0.0
TEL-PEANUT,0.5529,$358.85M,-3.35
DCR-SPCXB,0.5528,$288.31M,-2.56
LUNC-KAG,0.5527,$492.59M,-4.59
BP-MET,0.5526,$203.65M,4.28
KAU-FET,0.5525,$614.23M,-5.48
GRT-BONK,0.5525,$426.29M,-6.7
TKX-USTBL,0.5525,$264.28M,0.52
CHEEMS-BSV,0.5524,$358.81M,-1.85
KAU-RAY,0.5523,$471.31M,-3.18
BTW-CHEEMS,0.5521,$335.12M,-1.45
ETHFI-SHFL,0.5521,$521.29M,-7.79
BTW-META,0.5519,$330.21M,2.81
APR-STRK,0.5519,$385.60M,0.02
EDGE-TKX,0.5519,$239.42M,-1.88
NEO-WEMIX,0.5519,$234.20M,-11.04
GPS-AVUSD,0.5518,$211.99M,2.39
KAG-GUSD,0.5518,$363.20M,0.04
XTZ-SOON,0.5518,$315.48M,28.5
GRX-PIEVERSE,0.5517,$306.18M,-0.35
SN64-XPIN,0.5517,$234.89M,2.24
USTBL-AKE,0.5516,$256.36M,31.39
GOMINING-THETA,0.5515,$241.66M,-3.33
KAU-PYTH,0.5513,$629.67M,-5.8
TWT-AR,0.5513,$264.52M,1.35
SOON-GLIDR,0.5513,$191.39M,32.39
PENGU-USDZ,0.5513,$499.11M,-1.56
US-AR,0.5512,$535.02M,-5.72
TIA-BTSE,0.5511,$439.60M,-9.55
UB-USDTB,0.5509,$716.36M,5.34
UB-XCN,0.5509,$490.49M,2.18
VCNT-TEL,0.5509,$338.76M,-0.13
UUSD-BTT,0.5508,$359.26M,-1.39
DRV-ETHFI,0.5506,$502.53M,-10.77
SEI-NEX,0.5506,$376.88M,-7.52
COCO-UUSD,0.5505,$284.01M,-3.35
CRCLON-BONK,0.5504,$357.80M,-3.03
1INCH-STX,0.5502,$366.33M,-10.24
META-GNO,0.5502,$378.06M,4.16
NEO-PIEVERSE,0.5502,$315.86M,-4.12
IOTA-TAG,0.5502,$292.64M,13.25
VSN-MX,0.5501,$301.48M,-0.15
ULTIMA-AKE,0.5501,$277.22M,28.9
TWT-ENS,0.55,$324.54M,1.81
KMNO-REAL,0.5499,$347.08M,2.8
GEOD-BAT,0.5499,$197.76M,-1.52
CVX-RAY,0.5498,$297.82M,4.21
GOMINING-USDAI,0.5498,$273.00M,-0.57
IMX-GRASS,0.5495,$443.19M,-8.46
NEO-SNX,0.5495,$256.21M,-5.93
GLM-GUSD,0.5495,$244.27M,-2.48
APXUSD-NFT,0.5494,$559.58M,1.9
USDAT-SHFL,0.5493,$261.20M,-3.4
RAY-SFP,0.5493,$265.74M,-5.22
US-RAY,0.5492,$581.97M,-6.67
CVX-MET,0.549,$224.23M,8.42
AXS-FDUSD,0.549,$489.79M,-4.17
MET-XPIN,0.5487,$234.31M,2.1
DYDX-FDUSD,0.5486,$443.96M,-3.57
THETA-XPIN,0.5485,$270.99M,-2.06
VCNT-TRAC,0.5484,$288.11M,-1.99
ZBCN-META,0.5483,$272.69M,0.57
SOON-GUSD,0.5483,$239.52M,33.92
ZBT-RAIL,0.5482,$203.79M,-3.03
STAC-COCO,0.5478,$286.86M,-3.27
MWC-CAKE,0.5474,$561.03M,2.13
TKX-SOON,0.5474,$193.45M,34.38
APXUSD-MANA,0.547,$426.44M,1.92
DASH-JTO,0.547,$666.07M,-9.88
FARTCOIN-SOON,0.547,$213.02M,34.42
REAL-FRAX,0.547,$469.12M,-0.1
VSN-WIF,0.5469,$297.24M,1.31
ZBCN-MON,0.5469,$425.47M,-7.08
APEPE-UQC,0.5469,$309.38M,0.31
GNO-A,0.5469,$384.93M,-2.73
REUSD-ZAMA,0.5469,$305.24M,8.93
TWT-BTSE,0.5468,$281.58M,-2.92
EIGEN-FRAX,0.5468,$360.66M,-6.18
GRT-GOMINING,0.5467,$276.91M,-3.52
TKX-A7A5,0.5467,$581.65M,0.19
GPS-XEC,0.5467,$215.47M,-6.94
AIAT-VET,0.5467,$506.94M,-1.2
BTSE-REAL,0.5467,$382.17M,-6.5
RLB-GRASS,0.5466,$320.14M,-1.79
DCR-Q,0.5466,$422.73M,-3.69
TRAC-PRL,0.5466,$207.74M,7.47
PIEVERSE-SUN,0.5466,$524.37M,-1.7
EDGE-STX,0.5465,$386.49M,-11.09
DRV-GOMINING,0.5461,$218.21M,-6.91
ACRED-GRASS,0.546,$330.91M,-3.96
AXS-PENDLE,0.5459,$394.34M,-7.79
VCNT-SHFL,0.5459,$285.84M,-2.1
USDAT-NFT,0.5458,$404.32M,0.05
IOTA-PENDLE,0.5458,$398.23M,-7.33
MON-SOSO,0.5458,$364.78M,7.88
GRX-RAY,0.5457,$287.10M,-2.95
VSN-VET,0.5455,$539.85M,-1.95
BP-SYRUP,0.5455,$321.48M,-0.03
VIRTUAL-KAG,0.5453,$583.26M,-4.16
GOMINING-JASMY,0.5453,$327.15M,-1.52
DEXE-SPCXB,0.5452,$359.62M,22.6
OZO-PENGU,0.5452,$497.01M,-1.35
ZBCN-BP,0.5451,$291.51M,-1.03
AXS-ETHFI,0.5451,$543.58M,-8.55
STX-NFT,0.5451,$515.04M,-8.65
KAU-ICNT,0.545,$409.88M,-8.07
USDAT-MX,0.545,$290.39M,-0.84
CARDS-MET,0.5449,$358.28M,6.09
ONYC-SHFL,0.5447,$367.61M,-3.31
SOON-ETHFI,0.5446,$489.90M,29.47
INJ-ZBCN,0.5445,$636.51M,-9.47
DCR-ENS,0.5445,$378.85M,-3.46
MX-MANA,0.5445,$281.97M,-0.72
USDAT-FARTCOIN,0.5443,$262.81M,0.51
ICNT-VET,0.5443,$490.53M,-10.32
GRX-SNX,0.5442,$246.53M,-2.15
FARTCOIN-BTSE,0.5442,$256.12M,-5.61
STRCX-BSV,0.5442,$399.29M,-0.2
DEXE-TRUMP,0.5441,$631.47M,20.27
OZO-BTT,0.544,$384.77M,-1.33
VIRTUAL-TEL,0.544,$543.88M,-5.56
KAG-AERO,0.5439,$628.07M,0.27
DYDX-USDA,0.5435,$194.04M,-3.73
KAG-PENGU,0.5435,$585.41M,-1.35
MWC-USTBL,0.5434,$274.68M,2.64
APEPE-CAKE,0.5434,$648.55M,0.37
ZRO-KAG,0.5433,$498.45M,1.45
STRCX-PEANUT,0.5433,$325.33M,-0.06
REAL-SFP,0.5433,$351.79M,-2.74
APEPE-STRK,0.5429,$390.57M,-0.8
ZRO-TWT,0.5427,$433.22M,4.67
USDTB-OZO,0.5426,$480.82M,-0.04
ZRO-TIBBIR,0.5426,$391.24M,3.91
USDA-ZANO,0.5426,$227.34M,-3.95
NXM-BTSE,0.5425,$219.98M,-5.61
DEXE-ACRED,0.5425,$389.12M,23.04
TWT-SPCXB,0.5425,$234.00M,2.71
CAKE-FRAX,0.5424,$667.26M,0.25
CVX-SHORT,0.5423,$232.37M,4.3
TWT-UQC,0.5423,$256.49M,3.16
SNX-BAT,0.5423,$225.85M,-7.25
XTZ-FRXUSD,0.5422,$335.40M,-5.42
ZBCN-TIBBIR,0.5421,$283.76M,-1.47
CVX-FET,0.5421,$440.73M,1.92
BTW-TIBBIR,0.542,$341.28M,0.77
STRK-AWE,0.542,$295.03M,-2.63
DASH-GOMINING,0.5419,$513.00M,-3.38
AB-BORG,0.5418,$235.11M,-15.45
APEPE-BTT,0.5418,$460.83M,-0.96
COCO-GRASS,0.5418,$400.09M,-7.19
SHORT-THETA,0.5418,$223.65M,-5.51
APEPE-FDUSD,0.5417,$547.46M,0.34
GPS-PYTH,0.5417,$417.37M,-3.11
KAG-SAND,0.5417,$338.88M,-4.35
TAG-KOGE,0.5417,$359.22M,16.66
BC-USAT,0.5416,$404.80M,4.91
2Z-CVX,0.5415,$337.15M,4.46
FF-TRAC,0.5415,$315.95M,0.43
DYDX-GUSD,0.5414,$247.37M,-3.49
DRV-XTZ,0.5413,$328.12M,-11.73
EDGE-FF,0.5413,$328.26M,1.31
1INCH-NEO,0.5411,$249.59M,-5.42
EARNETH-FRAX,0.541,$367.01M,0.95
2Z-UQC,0.541,$310.36M,-2.64
CTOC-ICNT,0.541,$376.57M,-7.55
APEPE-SFP,0.5408,$304.09M,-2.01
ENS-PRL,0.5408,$260.14M,9.31
OHM-A,0.5406,$378.09M,-2.88
FARTCOIN-KITE,0.5405,$355.01M,0.8
SEI-META,0.5403,$381.97M,1.45
VELVET-EURC,0.5402,$616.54M,-7.74
DCR-GEOD,0.5401,$297.12M,1.64
SEI-A,0.54,$388.84M,-5.44
DAI-APR,0.5399,$287.44M,1.19
SAND-BTSE,0.5398,$258.30M,-10.51
GPS-COMP,0.5396,$255.33M,-2.09
KAG-THETA,0.5396,$339.78M,-2.77
INJ-SFP,0.5395,$561.97M,-7.93
NEO-SPCXB,0.5394,$219.31M,-4.4
AWE-AKE,0.5394,$201.34M,29.9
PRL-CRCLON,0.5394,$176.92M,11.44
DYDX-ETHFI,0.5393,$497.76M,-7.95
META-KMNO,0.5393,$193.44M,7.66
ACRED-SYRUP,0.5392,$322.29M,-2.99
SHORT-PEANUT,0.5392,$282.09M,-4.69
BTT-BONK,0.5392,$524.42M,-5.08
EARNETH-STRCX,0.5391,$287.74M,2.59
DEXE-USAT,0.5391,$459.31M,23.06
META-EURCV,0.539,$244.85M,4.57
CAKE-AWE,0.539,$553.01M,-1.47
GRX-SYRUP,0.5389,$331.35M,-3.04
OUSG-META,0.5388,$475.66M,4.52
GRT-SUN,0.5388,$503.63M,-4.42
VELVET-VIRTUAL,0.5388,$536.07M,-11.98
META-GLM,0.5386,$190.18M,1.99
META-AIAT,0.5386,$213.39M,5.91
FF-USDZ,0.5386,$319.67M,3.48
USDA-NEX,0.5385,$186.51M,-4.66
WIF-JASMY,0.5385,$357.93M,-0.31
NEO-ANTFUN,0.5384,$416.08M,-2.27
IOTA-STX,0.5383,$398.09M,-12.4
XPIN-SFP,0.5382,$247.63M,-1.67
USDAT-AWE,0.5381,$245.62M,-1.49
OZO-PRL,0.538,$209.37M,10.73
DASH-EURCV,0.5379,$546.87M,-2.75
PRL-A7A5,0.5379,$562.27M,10.41
LDO-USAT,0.5378,$488.43M,-3.39
TIBBIR-ENS,0.5378,$282.56M,1.05
UQC-WIF,0.5378,$254.36M,0.59
USDAT-FRXUSD,0.5376,$249.72M,-0.06
GPS-PEANUT,0.5375,$280.55M,0.39
SOON-EURCV,0.5375,$239.45M,33.96
ENS-SHORT,0.5374,$273.62M,-4.15
ZRO-STRCX,0.5373,$425.55M,3.33
CARDS-ZBT,0.5373,$382.81M,5.79
GOMINING-GLIDR,0.5373,$216.95M,-2.06
MANA-GUSD,0.5373,$280.89M,0.13
AB-COMP,0.5372,$256.17M,-15.92
NEO-NFT,0.5372,$398.30M,-3.82
STRK-GRASS,0.5371,$405.08M,-5.06
KAITO-AWE,0.537,$415.09M,9.75
EDGE-SAND,0.5368,$261.16M,-6.74
STRCX-JASMY,0.5368,$352.38M,0.92
JASMY-XPL,0.5368,$432.17M,-0.3
SAND-SHORT,0.5367,$222.74M,-7.1
CVX-PEANUT,0.5366,$319.35M,5.09
GNO-THETA,0.5366,$408.74M,-3.12
KMNO-SYRUP,0.5366,$305.27M,0.23
SAND-GRASS,0.5364,$341.06M,-8.25
TIA-REUSD,0.5363,$473.92M,-3.36
USTBL-GNO,0.5363,$443.49M,-0.32
USDAT-ANTFUN,0.5363,$422.11M,1.6
KMNO-EIGEN,0.5363,$238.61M,-3.28
GRT-UUSD,0.5362,$261.13M,-3.01
KAG-VCNT,0.5362,$378.14M,1.27
APR-APEPE,0.5359,$397.75M,1.57
GNO-BAT,0.5358,$386.06M,-5.56
FLOKI-PENDLE,0.5358,$449.16M,-5.14
AR-USDZ,0.5357,$243.44M,-2.08
USDTB-ETHFI,0.5356,$755.41M,-4.46
VSN-GUSD,0.5355,$300.40M,0.7
APR-EURCV,0.5355,$345.83M,1.27
CASH-USDF,0.5354,$233.86M,-0.02
NXM-GRX,0.5352,$210.97M,0.42
SHORT-SOSO,0.5352,$214.14M,8.3
RLB-GNO,0.5349,$386.92M,1.76
AXS-AWE,0.5349,$249.51M,-5.6
XCN-TRUMP,0.5349,$487.05M,-6.04
BC-PYTH,0.5348,$540.93M,-0.49
XTZ-WFI,0.5348,$400.02M,-8.25
US-SAND,0.5347,$544.15M,-8.21
FDUSD-SYRUP,0.5347,$553.34M,-2.96
WIF-CHZ,0.5347,$290.48M,-2.47
USAT-RAIL,0.5346,$275.07M,-4.16
SPX-GRX,0.5345,$426.17M,-2.96
EARNETH-XPIN,0.5345,$291.84M,1.42
FLOKI-XCN,0.5345,$328.17M,-4.69
PENGU-SHORT,0.5345,$469.27M,-4.1
EDGE-SN64,0.5344,$225.97M,-0.85
PENDLE-AERO,0.5344,$665.02M,-3.39
ULTIMA-WIF,0.5343,$328.04M,-1.82
SPX-TRAC,0.5342,$425.74M,-6.09
OZO-IOTA,0.5342,$272.87M,-3.67
USTBL-GLIDR,0.5342,$262.22M,-1.47
META-APXUSD,0.5342,$390.47M,6.33
GLM-KMNO,0.5342,$192.78M,0.64
BTW-UQC,0.5341,$342.82M,-1.75
ZBT-FRXUSD,0.5341,$223.87M,1.04
XPIN-FET,0.5341,$450.82M,-4.41
SOSO-ANTFUN,0.5341,$398.90M,12.67
EDGE-PYTH,0.534,$457.33M,-7.82
KAU-SAND,0.534,$433.49M,-4.72
GPS-JTO,0.534,$364.65M,-4.72
KAG-XPL,0.534,$434.28M,0.67
DASH-TEL,0.534,$571.75M,-4.22
PENGU-BTSE,0.534,$504.83M,-7.5
META-FF,0.5339,$287.70M,8.18
CTOC-SUN,0.5339,$617.29M,-1.3
SAND-SUN,0.5339,$467.48M,-5.83
ZANO-SOON,0.5336,$221.17M,30.14
THETA-MANA,0.5336,$257.48M,-2.68
ETHFI-GRASS,0.5335,$615.76M,-8.31
OUSG-APEPE,0.5334,$581.61M,0.4
USTBL-ZANO,0.5334,$292.00M,-3.73
XTZ-SFP,0.5334,$328.21M,-7.77
1INCH-KOGE,0.5332,$329.97M,-1.8
AB-MX,0.5332,$247.43M,-12.31
Q-XPIN,0.533,$364.85M,-0.93
OUSG-SPCXB,0.5329,$465.78M,-0.49
DEXE-PRL,0.5329,$358.15M,33.83
GOMINING-RAY,0.5329,$278.57M,-3.39
CTOC-WIF,0.5328,$421.35M,0.82
GRT-VIRTUAL,0.5327,$530.91M,-7.12
FDUSD-IOTA,0.5326,$493.67M,-3.71
APR-CAKE,0.5325,$643.58M,1.19
STAC-BSV,0.5324,$361.14M,-2.05
FDUSD-FRXUSD,0.5324,$456.02M,-0.07
THETA-MET,0.5324,$215.51M,-1.39
DRV-Q,0.5323,$322.59M,-7.99
OHM-CARDS,0.5323,$544.67M,4.22
TIBBIR-FARTCOIN,0.5323,$229.50M,3.0
ULTIMA-MANA,0.5323,$313.08M,-2.38
ZANO-WFI,0.5323,$305.70M,-6.62
MET-BTT,0.5323,$348.89M,0.05
TRAC-JASMY,0.5322,$335.25M,-4.21
AB-TWT,0.5321,$245.31M,-8.27
STRK-NFT,0.5321,$453.73M,-1.1
IOTA-BSV,0.5321,$406.07M,-5.76
EARNETH-BTT,0.532,$406.41M,-0.63
TIBBIR-VET,0.5319,$495.44M,-0.15
TIBBIR-MANA,0.5319,$237.87M,2.55
BP-NFT,0.5319,$378.76M,2.97
TAG-SUN,0.5316,$487.36M,15.46
NEX-PYTH,0.5314,$411.69M,-9.91
JTO-ZBT,0.5314,$382.58M,-5.98
GRX-TWT,0.5313,$272.56M,3.11
IMX-AKE,0.5312,$322.84M,26.8
EARNETH-VELVET,0.5312,$313.44M,-7.11
GRT-WFI,0.5312,$335.89M,-5.83
2Z-KAG,0.5312,$416.03M,-2.57
ZBT-AKE,0.5311,$209.47M,32.45
CRCLON-TRUMP,0.531,$450.24M,-2.12
STRCX-THETA,0.5309,$266.89M,-0.89
FF-GEOD,0.5308,$286.63M,7.37
JTO-BAT,0.5307,$372.05M,-12.28
VSN-THBILL,0.5305,$268.83M,0.81
UB-TWT,0.5305,$509.30M,8.61
VCNT-TAG,0.5305,$309.51M,18.19
VCNT-ZAMA,0.5305,$302.26M,10.16
NFT-MANA,0.5303,$395.91M,0.16
LUNC-OZO,0.5301,$404.20M,-4.59
US-CAKE,0.5301,$866.16M,-3.85
GNO-RAIL,0.5301,$372.49M,-4.46
SHORT-A7A5,0.5301,$575.76M,-3.05
USDTB-MX,0.53,$506.11M,-0.86
OZO-FET,0.53,$431.22M,-5.11
LUNC-SPCXB,0.5299,$364.43M,-5.11
STAC-PEANUT,0.5298,$287.18M,-1.91
INJ-A7A5,0.5296,$937.44M,-5.85
DYDX-INJ,0.5293,$557.10M,-9.07
DRV-BP,0.5293,$216.88M,-3.46
CVX-AWE,0.5293,$240.64M,5.58
KAU-REAL,0.5292,$557.37M,-0.71
GRT-DCR,0.5292,$364.12M,-5.01
USTBL-EURC,0.5292,$610.88M,0.1
GNO-SOON,0.5292,$372.65M,33.54
BTW-CVX,0.529,$369.61M,5.35
SPX-XPIN,0.529,$446.97M,-2.13
LDO-CHZ,0.5289,$447.34M,-6.47
A-CRCLON,0.5289,$195.14M,-1.67
EARNETH-BTSE,0.5287,$280.05M,-5.44
GRASS-AERO,0.5283,$630.24M,-3.63
MANA-PEANUT,0.5282,$315.92M,-1.86
APR-SFP,0.5281,$299.12M,-1.19
FLUID-DCR,0.5281,$289.06M,-1.18
FLOKI-Q,0.528,$418.46M,-3.13
USDZ-TRUMP,0.5279,$484.78M,-3.04
RLB-A,0.5278,$206.56M,-0.29
LDO-SOON,0.5278,$393.21M,30.54
KAG-REAL,0.5278,$462.75M,-0.35
GEOD-USDZ,0.5276,$221.73M,3.49
CAKE-Q,0.5275,$667.14M,-1.64
GPS-WEMIX,0.5275,$196.43M,-4.81
CRVUSD-ANTFUN,0.5274,$494.36M,1.55
USAT-BSV,0.5274,$443.72M,-2.13
LUNC-ANTFUN,0.5273,$561.21M,-2.97
USDAT-ZAMA,0.5272,$277.61M,8.87
EURC-BAT,0.5271,$553.45M,-5.14
EURC-CRCLON,0.527,$542.89M,0.79
REUSD-GOMINING,0.5269,$283.00M,-0.52
XTZ-FLOKI,0.5268,$423.98M,-6.87
XEC-GUSD,0.5268,$268.96M,-9.24
RLB-BC,0.5267,$323.84M,7.06
VCNT-FRXUSD,0.5267,$274.37M,1.23
US-AKT,0.5265,$547.36M,-11.55
SOON-MON,0.5265,$338.20M,30.73
EARNETH-REUSD,0.5264,$314.38M,0.74
JTO-VET,0.5264,$657.59M,-9.67
JTO-THBILL,0.5263,$386.57M,-6.92
DCR-BAT,0.5262,$306.19M,-7.27
ZBT-NFT,0.5262,$378.47M,1.15
CHEEMS-FRAX,0.5261,$320.38M,0.49
KMNO-FDUSD,0.5261,$444.12M,3.12
MWC-AR,0.526,$229.90M,0.97
APEPE-FET,0.526,$507.28M,-4.74
DCR-A,0.526,$305.07M,-4.44
NEX-XEC,0.526,$209.79M,-13.74
Q-BSV,0.526,$478.44M,-3.73
UB-KOGE,0.5259,$574.98M,5.11
RLB-OZO,0.5259,$229.57M,2.11
UUSD-FLOKI,0.5259,$298.29M,-1.54
UUSD-XEC,0.5259,$219.24M,-9.33
AERO-SUN,0.5259,$756.66M,-1.2
SYRUP-GUSD,0.5258,$356.75M,-2.89
VSN-CTOC,0.5257,$425.90M,0.83
CRCLON-AR,0.5257,$208.91M,-1.16
SEI-AB,0.5256,$383.40M,-14.55
2Z-GLIDR,0.5254,$303.72M,-4.07
AWE-GALA,0.5254,$194.44M,-6.06
TEL-XPL,0.5254,$394.90M,-0.74
OZO-NFT,0.5253,$389.82M,0.08
TIBBIR-XPIN,0.5249,$251.38M,3.17
DASH-A,0.5249,$499.72M,-5.21
GEOD-VET,0.5249,$483.30M,1.08
BTSE-GLIDR,0.5249,$234.49M,-7.64
CVX-USTBL,0.5248,$295.66M,7.06
EIGEN-FET,0.5248,$446.51M,-11.55
TIBBIR-SAND,0.5247,$231.67M,-1.9
RLB-ZAMA,0.5246,$242.08M,11.0
TKX-CHZ,0.5246,$247.58M,-2.63
GOMINING-KITE,0.5246,$347.57M,-0.3
BSV-EURCV,0.5246,$407.93M,-2.01
IMX-DCR,0.5245,$430.10M,-6.62
APXUSD-BTT,0.5244,$554.53M,0.49
CRCLON-GRASS,0.5244,$308.72M,-3.17
ZK-GUSD,0.5243,$233.86M,-5.35
ZRO-PYTH,0.5242,$606.11M,-4.0
ZK-USDA,0.5241,$180.53M,-5.59
UQC-ENS,0.5241,$284.09M,-1.47
KAU-JASMY,0.5239,$519.89M,-1.31
CARDS-FET,0.5239,$574.79M,-0.41
NFT-APYUSD,0.5237,$422.65M,2.01
THETA-BSV,0.5237,$384.58M,-4.86
TIA-ICNT,0.5236,$408.06M,-11.12
KAG-APYUSD,0.5236,$371.82M,1.94
FRAX-SHFL,0.5236,$341.47M,-3.12
LDO-PENDLE,0.5235,$553.85M,-7.0
META-GALA,0.5235,$184.03M,-0.1
STRK-MET,0.5234,$278.63M,0.21
WIF-ONYC,0.5234,$392.55M,0.71
GRT-SHORT,0.5231,$258.90M,-5.69
AKT-SUN,0.5231,$470.68M,-9.17
GOMINING-WFI,0.5231,$290.11M,-3.43
ANTFUN-SUN,0.5231,$624.60M,0.16
NFT-SUN,0.523,$606.81M,-1.4
EARNETH-A7A5,0.5228,$625.15M,0.39
2Z-ENS,0.5228,$378.41M,-3.99
TKX-RAIL,0.5228,$193.29M,-3.62
WEMIX-THETA,0.5227,$226.52M,-9.92
BTW-APEPE,0.5225,$436.16M,-1.31
SNX-GUSD,0.5225,$271.94M,-2.0
MANA-Q,0.5223,$351.34M,-1.55
ULTIMA-FRAX,0.5221,$401.77M,-2.22
OUSG-TRAC,0.522,$503.92M,-3.23
AB-SFP,0.522,$199.58M,-13.88
XTZ-VCNT,0.522,$389.92M,-4.12
MANA-A7A5,0.522,$609.59M,-0.22
IMX-XTZ,0.5219,$452.80M,-9.95
ZRO-VET,0.5219,$673.71M,-1.16
JTO-RAY,0.5219,$431.64M,-9.89
Q-AR,0.5219,$336.01M,-3.51
GRT-MET,0.5218,$250.76M,-1.57
OZO-BTSE,0.5218,$258.41M,-6.14
DCR-TEL,0.5218,$377.09M,-3.45
ZBCN-SFP,0.5217,$280.01M,-6.31
REUSD-REAL,0.5216,$416.49M,-0.31
KAG-TRUMP,0.5215,$571.08M,-2.83
CTOC-FRAX,0.5215,$495.07M,0.42
NXM-KAG,0.5214,$300.56M,0.54
SEI-BONK,0.5214,$551.50M,-6.81
SYRUP-SFP,0.5214,$309.98M,-5.31
MWC-BAT,0.5213,$217.26M,-2.42
SPX-SFP,0.5212,$404.81M,-5.23
LDO-A7A5,0.5212,$781.40M,-3.66
GEOD-MET,0.5212,$183.76M,5.07
AKT-PENDLE,0.5209,$379.04M,-11.35
VCNT-WIF,0.5208,$310.79M,1.92
KOGE-XPIN,0.5208,$359.04M,0.44
MWC-GOMINING,0.5207,$229.40M,1.91
ACRED-NFT,0.5207,$379.56M,0.0
PENGU-ETHFI,0.5207,$771.61M,-5.78
BC-EIGEN,0.5205,$360.16M,-1.47
DYDX-STX,0.5203,$348.38M,-12.25
OZO-KOGE,0.5203,$339.45M,-0.26
2Z-WEMIX,0.5202,$302.76M,-9.73
MANA-MET,0.5202,$220.80M,1.47
ETHFI-THBILL,0.5201,$517.82M,-4.27
DAI-BTT,0.52,$350.52M,-1.34
1INCH-ENS,0.52,$291.89M,-2.93
SEI-OHM,0.52,$562.36M,-3.55
OUSG-CHZ,0.5199,$524.39M,-3.1
APXUSD-KAG,0.5199,$508.75M,1.84
BC-GPS,0.5198,$315.58M,7.3
KAG-DASH,0.5198,$611.13M,-2.81
A-SOSO,0.5198,$218.88M,8.65
ONYC-GRASS,0.5198,$462.07M,-3.83
USDTB-AKE,0.5197,$451.05M,31.32
MANA-BAT,0.5197,$234.80M,-5.12
APR-VCNT,0.5195,$360.83M,2.46
USDAT-DASH,0.5195,$537.23M,-2.85
EARNETH-CASH,0.5194,$268.96M,0.69
ULTIMA-EURCV,0.5193,$331.14M,-2.39
STRCX-KITE,0.5193,$372.80M,2.15
TAG-FET,0.5193,$450.99M,11.81
VELVET-EURCV,0.5192,$315.94M,-7.74
SN64-XPL,0.5191,$310.58M,2.19
EURC-FRAX,0.5189,$670.10M,0.32
GEOD-GUSD,0.5189,$243.85M,3.73
MWC-USDAT,0.5188,$253.64M,2.6
GEOD-SUN,0.5188,$436.64M,2.22
PENDLE-AR,0.5187,$366.71M,-5.53
NEO-PENGU,0.5186,$505.49M,-5.25
ACRED-CRVUSD,0.5186,$327.09M,-0.15
TIBBIR-WFI,0.5185,$281.03M,-0.41
BTW-KAU,0.5184,$543.11M,-2.04
BP-KOGE,0.5184,$328.38M,2.62
EIGEN-COMP,0.5184,$299.92M,-10.86
AKT-SPCXB,0.5183,$213.93M,-8.21
GRX-REAL,0.5181,$373.16M,-0.47
DYDX-GEOD,0.518,$192.21M,0.16
CVX-FLUID,0.518,$221.10M,7.91
FLOKI-WFI,0.5179,$373.05M,-4.36
FDUSD-AVUSD,0.5178,$462.07M,0.02
AXS-CARDS,0.5177,$412.56M,0.57
GEOD-Q,0.5177,$314.30M,2.05
BTT-GRASS,0.5177,$475.34M,-5.23
BTW-GRT,0.5176,$396.14M,-4.64
DYDX-PENDLE,0.5176,$348.52M,-7.18
DCR-BP,0.5176,$317.01M,0.84
AXS-BSV,0.5176,$402.18M,-6.22
GRX-STRCX,0.5175,$264.89M,1.77
ENS-THETA,0.5175,$302.16M,-4.18
VET-XPIN,0.5175,$533.85M,-1.9
OUSG-TIBBIR,0.5174,$486.73M,2.48
ZRO-JASMY,0.5173,$496.34M,0.49
A-A7A5,0.5173,$580.49M,-2.7
ONYC-BSV,0.5173,$504.70M,-2.03
KAU-JTO,0.517,$576.94M,-7.42
GRT-CRVUSD,0.517,$373.39M,-3.03
CVX-NFT,0.5169,$399.34M,7.11
GRX-DCR,0.5169,$326.88M,-2.17
ULTIMA-NEX,0.5169,$272.03M,-6.93
BP-USDA,0.5169,$210.41M,2.69
DRV-GPS,0.5168,$198.65M,-4.01
SAND-BONK,0.5168,$390.13M,-8.11
USTBL-DCR,0.5167,$363.62M,-2.03
XTZ-THETA,0.5167,$351.57M,-8.15
AWE-IOTA,0.5167,$253.40M,-5.14
SPX-USDA,0.5165,$398.25M,-3.04
1INCH-ETHFI,0.5164,$515.71M,-5.94
US-BAT,0.5164,$522.38M,-9.06
TIA-GUSD,0.5162,$456.00M,-3.37
GRX-NEO,0.5162,$257.87M,-4.01
ZK-CARDS,0.5162,$353.22M,-0.68
TKX-KMNO,0.5161,$201.46M,3.65
AWE-USAT,0.5161,$291.05M,-1.51
GPS-AR,0.516,$212.06M,0.46
CRVUSD-BTSE,0.516,$345.16M,-6.22
TIA-UQC,0.5159,$414.51M,-3.47
UUSD-SFP,0.5159,$202.52M,-2.44
ENS-MON,0.5159,$424.27M,-4.57
SEI-TEL,0.5157,$460.87M,-4.45
CAKE-AIAT,0.5156,$565.17M,1.4
BTW-CHZ,0.5155,$378.94M,-4.81
PENDLE-THBILL,0.5155,$368.59M,-3.51
NEX-FRAX,0.5153,$310.40M,-4.21
CAKE-STRCX,0.5152,$587.99M,1.88
ZANO-THETA,0.5152,$257.25M,-6.52
UB-CAKE,0.5151,$808.03M,5.38
TKX-GUSD,0.5151,$252.95M,0.53
USTBL-META,0.5151,$256.26M,4.52
ZBCN-XPL,0.515,$397.86M,-3.27
USDTB-STX,0.5149,$606.04M,-8.76
SNX-SUN,0.5147,$464.72M,-3.5
KOGE-ANTFUN,0.5147,$496.46M,1.35
Q-USDF,0.5147,$331.79M,-1.64
GRT-TWT,0.5146,$309.81M,0.27
CHZ-MANA,0.5144,$275.52M,-3.03
SOSO-SFP,0.5143,$219.32M,8.65
CVX-VET,0.5142,$523.77M,4.43
AKT-GLM,0.5142,$223.16M,-10.21
TWT-STRK,0.5142,$337.68M,2.05
SPX-ACRED,0.5141,$417.12M,-2.91
META-EIGEN,0.5139,$236.01M,-1.93
CRVUSD-JASMY,0.5138,$423.64M,-1.04
APEPE-KAG,0.5137,$415.05M,0.38
ZBCN-MANA,0.5136,$308.66M,-3.84
EIGEN-SFP,0.5136,$243.32M,-8.82
TKX-STRCX,0.5135,$244.24M,2.38
FF-USDA,0.5134,$288.46M,3.48
NXM-KAU,0.5133,$395.18M,0.18
NXM-USDZ,0.5131,$214.26M,0.33
TWT-ACRED,0.5131,$263.51M,3.16
TKX-REUSD,0.513,$270.88M,0.54
JTO-USDF,0.513,$380.47M,-7.06
LUNC-MON,0.5129,$527.09M,-7.76
RAIL-PYTH,0.5128,$411.20M,-9.56
DEXE-CASH,0.5127,$396.10M,23.09
TEL-EIGEN,0.5125,$314.91M,-7.83
OHM-XPL,0.5123,$496.39M,0.17
OUSG-AKT,0.5121,$508.64M,-7.68
GRT-EURC,0.5121,$611.38M,-2.88
DAI-AB,0.5118,$187.89M,-11.5
SEI-GRX,0.5117,$410.65M,-3.17
VIRTUAL-FET,0.5116,$675.49M,-9.29
TWT-MANA,0.5116,$279.85M,3.31
OZO-AKE,0.5114,$220.82M,31.37
AKT-THETA,0.5114,$254.49M,-10.47
COCO-TIBBIR,0.5114,$290.71M,-0.84
EARNETH-GUSD,0.5113,$296.45M,0.74
AIAT-USDAI,0.5113,$275.42M,1.4
SPCXB-SYRUP,0.5112,$292.78M,-3.44
GLIDR-SHFL,0.5112,$222.78M,-4.86
BC-KITE,0.5111,$451.57M,5.22
RLB-SHORT,0.511,$201.83M,-0.64
ZBCN-FLUID,0.511,$263.56M,-3.06
US-FET,0.511,$724.88M,-8.97
USDA-COMP,0.511,$255.50M,-4.63
STX-TEL,0.511,$424.83M,-10.12
MET-BSV,0.511,$347.91M,-0.7
1INCH-MWC,0.5109,$229.66M,1.05
PYTH-BSV,0.5109,$579.85M,-7.53
SEI-KAG,0.5107,$500.25M,-3.05
ZBCN-CHZ,0.5106,$321.41M,-7.05
ZBCN-USDZ,0.5106,$304.66M,-4.13
LUNC-AKE,0.5105,$374.42M,26.76
CTOC-TRAC,0.5104,$398.67M,-3.09
DCR-GRASS,0.5103,$418.65M,-5.94
AIAT-THBILL,0.5103,$235.91M,1.55
COCO-SHORT,0.5102,$281.77M,-6.04
PEANUT-FRAX,0.5101,$404.60M,-1.7
1INCH-AIAT,0.51,$233.80M,-0.12
GRT-EURCV,0.51,$310.78M,-2.88
BC-ZBT,0.51,$333.52M,6.04
US-TWT,0.5099,$567.43M,-0.62
META-ACRED,0.5099,$210.46M,4.43
FARTCOIN-BONK,0.5099,$387.96M,-3.21
DEXE-A,0.5098,$376.37M,20.72
SAND-A,0.5098,$227.48M,-6.75
VELVET-UUSD,0.5096,$266.29M,-7.87
USTBL-PRL,0.5094,$244.91M,10.75
KMNO-JTO,0.5094,$366.66M,-3.91
EDGE-PIEVERSE,0.5093,$318.06M,-2.61
EDGE-ETHFI,0.5093,$535.87M,-6.79
NXM-WIF,0.5091,$233.21M,1.18
NEO-PEANUT,0.5091,$318.31M,-5.84
BTW-STAC,0.509,$337.44M,-1.66
RLB-FRAX,0.509,$324.34M,2.35
SPCXB-SHFL,0.509,$206.93M,-3.88
GEOD-AKE,0.5088,$189.87M,35.06
KAU-PENGU,0.5085,$680.02M,-1.72
KAITO-XPL,0.5085,$529.86M,11.87
NEX-BAT,0.5085,$193.74M,-9.68
ACRED-BTT,0.5084,$374.51M,-1.4
IMX-STX,0.5083,$477.84M,-13.28
DEXE-STX,0.5083,$524.60M,14.39
ULTIMA-JTO,0.5083,$450.34M,-9.53
KAG-BTT,0.5082,$473.16M,-1.33
XTZ-BTT,0.5081,$484.95M,-6.71
STAC-WFI,0.508,$277.19M,-2.84
ACRED-DASH,0.508,$512.48M,-2.89
GRT-SOSO,0.5079,$277.93M,8.09
CASH-NEX,0.5078,$212.35M,-4.48
BC-ANTFUN,0.5077,$501.88M,6.59
INJ-STRCX,0.5076,$600.03M,-3.65
AXS-MON,0.5076,$391.88M,-7.29
IMX-WIF,0.5074,$373.67M,-3.91
US-ANTFUN,0.5074,$701.27M,-2.22
OHM-GPS,0.5074,$371.81M,1.85
TWT-WIF,0.5074,$294.81M,3.87
AWE-NEX,0.5074,$196.15M,-5.93
SOON-TEL,0.5074,$264.32M,32.49
BTSE-CHZ,0.5074,$277.25M,-9.27
BC-TKX,0.5073,$323.01M,5.45
ULTIMA-PENDLE,0.5072,$432.35M,-6.12
STRK-FF,0.5072,$381.50M,2.51
IMX-EURCV,0.5071,$376.76M,-4.49
GLIDR-BAT,0.5071,$204.80M,-6.71
NXM-SFP,0.507,$189.60M,-1.85
APEPE-SNX,0.5069,$323.80M,-1.66
DAI-MET,0.5068,$180.47M,1.38
BTW-FET,0.5067,$540.72M,-6.81
KAU-A7A5,0.5067,$786.51M,-0.67
GOMINING-REAL,0.5067,$364.62M,-0.92
SPX-FRAX,0.5066,$522.14M,-2.59
CTOC-CARDS,0.5066,$543.87M,4.88
US-REAL,0.5065,$668.02M,-4.2
DASH-FRAX,0.5065,$617.50M,-2.57
USDAT-SNX,0.5064,$262.23M,-2.06
SNX-MANA,0.5064,$253.82M,-1.94
MX-BTT,0.5064,$410.06M,-2.14
INJ-TRAC,0.5062,$582.90M,-8.79
NEX-CHZ,0.5062,$234.47M,-7.59
GOMINING-TRAC,0.5062,$239.23M,-3.82
LUNC-GEOD,0.506,$373.24M,-0.91
ENS-TRUMP,0.5059,$533.46M,-4.25
VSN-NFT,0.5057,$415.42M,0.73
2Z-NEO,0.5057,$336.11M,-6.47
VIRTUAL-SPCXB,0.5056,$455.10M,-4.68
BC-XCN,0.5052,$349.23M,1.76
ICNT-USDZ,0.5052,$228.96M,-7.92
USDA-SUN,0.5052,$438.47M,-1.67
PEANUT-BONK,0.5051,$449.48M,-5.7
KMNO-ZBT,0.505,$211.97M,4.24
USAT-STRCX,0.505,$326.02M,1.84
USDAT-AERO,0.5049,$554.17M,0.24
KAG-AIAT,0.5049,$331.67M,1.41
IMX-CARDS,0.5048,$496.19M,0.14
TIBBIR-THBILL,0.5048,$224.42M,2.61
GLM-GRASS,0.5048,$310.63M,-6.4
KAITO-CHZ,0.5048,$453.41M,8.09
STRCX-MON,0.5048,$388.99M,-1.27
CRCLON-FRAX,0.5048,$312.92M,0.97
BSV-AERO,0.5046,$672.87M,-1.82
VSN-REUSD,0.5045,$318.33M,0.7
META-APYUSD,0.5045,$253.54M,6.44
AXS-STX,0.5045,$394.21M,-12.85
KAITO-KITE,0.5045,$541.27M,11.48
TIA-SUN,0.5044,$648.78M,-4.87
TWT-GALA,0.5044,$237.08M,-1.37
CAKE-XTZ,0.5044,$672.67M,-5.38
TIBBIR-SN64,0.5044,$196.48M,3.99
BTW-CRCLON,0.5043,$327.65M,-0.97
CARDS-JTO,0.5043,$537.50M,-2.35
NFT-AR,0.5043,$380.58M,-1.8
DRV-WIF,0.5041,$248.99M,-5.7
TWT-A7A5,0.5039,$626.67M,2.91
XEC-USDF,0.5039,$231.30M,-9.28
REAL-XPL,0.5039,$469.65M,0.31
CAKE-FARTCOIN,0.5038,$570.20M,0.53
WIF-VET,0.5038,$535.30M,-1.96
VSN-FARTCOIN,0.5037,$273.90M,1.2
UB-2Z,0.5037,$563.17M,2.81
KAITO-SHORT,0.5037,$406.82M,8.47
LUNC-OHM,0.5035,$554.70M,-5.09
WEMIX-XPL,0.5035,$321.01M,-6.49
EARNETH-NEO,0.5034,$280.72M,-3.19
PYTH-BAT,0.5034,$424.77M,-10.66
GRX-DASH,0.5033,$521.53M,-2.94
PENGU-GRASS,0.5033,$587.59M,-5.25
TIBBIR-AXS,0.503,$250.17M,-1.67
BP-Q,0.503,$334.19M,1.25
IOTA-FARTCOIN,0.503,$270.59M,-3.14
OUSG-A,0.5029,$482.54M,-2.37
1INCH-USDAT,0.5029,$255.62M,-1.55
OHM-GRASS,0.5028,$491.67M,-4.38
GNO-BTSE,0.5028,$415.76M,-6.49
ULTIMA-FDUSD,0.5028,$527.80M,-2.5
REUSD-ETHFI,0.5027,$567.32M,-4.38
SPX-CVX,0.5026,$436.89M,4.2
VSN-MWC,0.5025,$264.73M,2.91
NEO-JTO,0.5025,$402.41M,-10.95
MANA-SFP,0.5025,$234.12M,-2.3
USDA-AIAT,0.5024,$214.16M,1.21
EIGEN-XPIN,0.5024,$285.49M,-5.72
BP-BTT,0.5023,$373.71M,1.56
USDA-THBILL,0.5023,$214.11M,-0.06
THETA-USDZ,0.5023,$253.48M,-2.98
USDTB-CARDS,0.502,$624.39M,4.66
EDGE-BP,0.5018,$250.21M,0.52
CAKE-UQC,0.5017,$555.21M,-0.07
WIF-XPIN,0.5017,$291.24M,1.36
DEXE-THETA,0.5016,$400.17M,20.33
USTBL-PENDLE,0.5016,$411.49M,-3.63
DYDX-XCN,0.5015,$227.52M,-6.73
MWC-BTSE,0.5015,$246.95M,-1.7
NXM-US,0.5014,$505.84M,-3.31
SPX-SPCXB,0.5014,$387.61M,-3.35
NEX-USDZ,0.5014,$217.72M,-4.67
KAU-USDAT,0.5011,$448.11M,-0.38
MON-PRL,0.501,$332.26M,7.57
MWC-STRK,0.5009,$303.05M,1.89
BC-XPL,0.5008,$440.16M,5.62
EARNETH-SOON,0.5007,$236.95M,34.59
BP-SOSO,0.5003,$230.82M,13.93
ZBT-PRL,0.5003,$198.02M,11.81
DRV-JASMY,0.5002,$314.23M,-7.31
MWC-FLOKI,0.5002,$312.35M,1.3
BORG-SUN,0.5002,$480.56M,-5.42
EDGE-RAY,0.5001,$298.98M,-5.2
KMNO-XPL,0.5001,$318.61M,3.81
NEX-TEL,0.5001,$264.64M,-5.86
GRT-UQC,0.5,$269.36M,-3.02
WIF-SOSO,0.4999,$262.93M,11.69
JTO-THETA,0.4996,$394.73M,-9.83
GALA-PENDLE,0.4996,$339.27M,-8.25
KAITO-GUSD,0.4993,$458.78M,11.25
FDUSD-THBILL,0.4993,$464.03M,0.11
WIF-REAL,0.4992,$395.40M,0.3
AB-THETA,0.4991,$222.94M,-14.27
CVX-BAT,0.4991,$238.23M,1.82
AKT-COMP,0.4991,$287.72M,-12.13
MON-USDF,0.4991,$360.03M,-3.16
OZO-BORG,0.4988,$263.57M,-3.94
NXM-XPL,0.4987,$307.46M,1.19
GRX-MX,0.4986,$274.69M,-0.93
DCR-SNX,0.4986,$325.21M,-4.09
EDGE-KAITO,0.4985,$445.24M,8.84
CARDS-GALA,0.4985,$357.48M,0.11
XPIN-SOSO,0.4985,$261.49M,11.75
INJ-IOTA,0.4984,$606.81M,-9.22
XTZ-KAITO,0.4984,$534.74M,5.83
VCNT-APYUSD,0.4984,$322.57M,3.2
NEO-XEC,0.4983,$253.23M,-13.17
FRXUSD-USDF,0.4983,$221.76M,-0.04
OUSG-BSV,0.4981,$638.74M,-2.06
KAG-RAY,0.4981,$376.70M,-2.82
REAL-SUN,0.4981,$591.35M,-1.82
RLB-SOON,0.498,$194.28M,35.99
GLM-CRCLON,0.498,$187.61M,-1.79
XTZ-Q,0.498,$445.42M,-7.02
WIF-MANA,0.498,$277.73M,0.74
FLOKI-ENS,0.4979,$374.58M,-2.9
SOSO-BONK,0.4979,$381.53M,7.29
RLB-USDZ,0.4978,$231.66M,1.9
WEMIX-FET,0.4977,$406.34M,-12.27
THETA-AKE,0.4977,$221.62M,28.59
FLUID-CRVUSD,0.4976,$298.34M,0.79
FLUID-ZANO,0.4976,$217.45M,-2.88
REAL-CRCLON,0.4976,$341.91M,0.37
REAL-GUSD,0.4972,$398.56M,-0.32
VSN-THETA,0.4971,$276.99M,-2.11
EDGE-XTZ,0.4971,$361.45M,-7.75
BAT-AERO,0.4969,$517.79M,-4.95
KAITO-BONK,0.4968,$574.22M,7.46
STX-THBILL,0.4968,$368.45M,-8.57
VSN-OZO,0.4967,$276.19M,0.67
TIA-ZRO,0.4967,$591.25M,-1.96
RAIL-SHFL,0.4967,$211.24M,-7.48
OZO-UQC,0.4966,$233.32M,-0.06
IOTA-XCN,0.4966,$277.23M,-6.88
IMX-SHORT,0.4965,$324.87M,-7.31
IOTA-WFI,0.4965,$322.12M,-6.55
USDTB-FRAX,0.4964,$575.59M,0.2
CAKE-NFT,0.4964,$711.71M,0.07
SOON-EURC,0.4963,$540.05M,33.96
PIEVERSE-USDZ,0.4963,$309.47M,-0.43
APR-PENGU,0.4962,$568.11M,-0.16
META-DASH,0.4961,$492.85M,1.68
UQC-SN64,0.4961,$198.01M,1.46
MON-SHFL,0.4961,$369.59M,-6.53
EARNETH-FET,0.496,$452.86M,-4.42
UB-ZBT,0.4958,$474.78M,6.47
OHM-BTSE,0.4958,$408.92M,-6.64
DCR-CHEEMS,0.4958,$303.10M,-1.82
OUSG-KAG,0.4957,$593.94M,0.03
USDAT-WEMIX,0.4957,$240.22M,-7.17
TAG-SHORT,0.4957,$242.62M,14.19
DAI-USDAT,0.4956,$230.85M,-0.03
USDTB-COMP,0.4956,$514.85M,-4.47
OZO-MANA,0.4956,$256.68M,0.1
GRX-META,0.4956,$219.51M,4.38
WIF-USDZ,0.4956,$273.73M,0.45
AKT-TRAC,0.4955,$252.06M,-10.95
GNO-WIF,0.4955,$428.99M,0.31
ICNT-APYUSD,0.4955,$259.70M,-5.78
ACRED-PEANUT,0.4955,$299.58M,-2.02
APR-SHORT,0.4953,$293.94M,-1.54
EDGE-FLOKI,0.4953,$334.48M,-3.87
NXM-USDA,0.4951,$183.05M,0.33
DCR-WIF,0.4951,$349.12M,-1.4
APXUSD-ICNT,0.495,$396.63M,-5.89
IOTA-AIAT,0.495,$265.55M,-2.27
VELVET-CRVUSD,0.4949,$378.55M,-7.89
XTZ-BORG,0.4949,$363.74M,-9.33
UQC-JASMY,0.4949,$319.61M,-1.02
UB-A,0.4948,$463.13M,3.0
STAC-USDAI,0.4948,$260.08M,0.02
CTOC-NEX,0.4948,$365.33M,-4.3
DYDX-FARTCOIN,0.4946,$220.88M,-2.99
DEXE-FET,0.4946,$580.00M,17.99
STX-COMP,0.4946,$409.84M,-13.14
CTOC-BTSE,0.4945,$408.11M,-5.98
JTO-COMP,0.4945,$427.96M,-11.49
1INCH-TAG,0.4944,$260.88M,15.4
VIRTUAL-REUSD,0.4944,$537.00M,-4.13
ULTIMA-XPL,0.4944,$402.29M,-1.81
UQC-BSV,0.4943,$366.51M,-2.15
GUSD-ZAMA,0.4943,$287.32M,8.93
GRX-NFT,0.4942,$388.62M,-0.05
GRX-XCN,0.4942,$253.76M,-3.32
IMX-GOMINING,0.4941,$342.88M,-5.13
AKT-FET,0.4941,$434.31M,-12.82
OZO-APEPE,0.4936,$326.66M,0.39
LUNC-XEC,0.4935,$398.36M,-13.88
TWT-PIEVERSE,0.4935,$330.55M,2.99
VELVET-AB,0.4934,$263.35M,-19.31
NEX-PENGU,0.4934,$462.05M,-5.82
TAG-XEC,0.4934,$264.52M,7.65
UB-FDUSD,0.4933,$706.93M,5.35
DEXE-UQC,0.4932,$382.10M,23.04
ZRO-EURC,0.4932,$734.79M,1.52
Q-SHFL,0.4932,$341.35M,-5.01
VELVET-COMP,0.4931,$325.83M,-12.24
USDA-SHORT,0.4931,$193.73M,-2.94
USDA-GOMINING,0.493,$211.74M,-0.76
XEC-CHZ,0.4929,$263.60M,-12.4
SPX-A,0.4928,$404.36M,-5.23
TIBBIR-PEANUT,0.4928,$291.02M,0.51
JTO-PENGU,0.4927,$640.35M,-8.42
FARTCOIN-Q,0.4925,$342.96M,-1.1
AWE-USDA,0.4924,$202.00M,-1.66
DASH-AKE,0.4924,$492.96M,28.55
VSN-Q,0.4922,$370.84M,-0.98
CAKE-XPL,0.4922,$667.78M,0.66
TEL-SUN,0.4922,$516.60M,-2.87
1INCH-APR,0.4921,$312.21M,-0.33
AXS-XCN,0.4921,$273.35M,-7.34
ZBT-A7A5,0.4919,$592.15M,0.77
GEOD-THBILL,0.4918,$212.28M,3.84
NXM-GOMINING,0.4917,$202.43M,-0.03
BTSE-USDAI,0.4917,$290.55M,-6.15
KAU-USDTB,0.4916,$663.83M,-0.4
CHEEMS-SAND,0.4916,$225.51M,-4.13
A7A5-PEANUT,0.4915,$662.74M,-2.26
STAC-LDO,0.4914,$405.84M,-3.31
SEI-GPS,0.4914,$382.56M,-0.72
ETHFI-USDZ,0.4914,$527.28M,-4.62
SFP-JASMY,0.4914,$314.32M,-3.35
US-ZRO,0.4913,$703.72M,-2.4
USAT-A,0.4912,$287.52M,-2.43
GLM-AVUSD,0.4911,$210.74M,-2.46
KAU-PENDLE,0.491,$558.96M,-4.01
EDGE-EIGEN,0.4909,$276.57M,-8.8
TKX-FLOKI,0.4909,$301.95M,-1.0
DEXE-ETHFI,0.4908,$673.97M,18.69
KAITO-ENS,0.4908,$485.34M,9.8
USDAT-JTO,0.4907,$408.44M,-7.09
USDA-USDF,0.4907,$208.02M,-0.2
GOMINING-FRXUSD,0.4906,$225.48M,-0.6
REAL-USDZ,0.4905,$376.45M,-0.56
VSN-SNX,0.4904,$273.33M,-1.37
AWE-TRUMP,0.4904,$463.21M,-4.3
TEL-BTT,0.4904,$433.79M,-2.73
SEI-WFI,0.4903,$461.10M,-5.93
AB-USDA,0.4903,$193.02M,-11.7
VELVET-MET,0.4901,$255.92M,-6.43
KAITO-ONYC,0.4901,$555.47M,11.27
CVX-AKT,0.49,$263.21M,-0.66
US-BP,0.49,$533.20M,-0.95
ZBT-XPL,0.49,$334.53M,1.74
A-SYRUP,0.49,$309.54M,-5.32
JTO-BTT,0.4899,$528.11M,-8.4
ZBT-SOSO,0.4899,$230.53M,12.12
CVX-SOSO,0.4897,$251.40M,18.08
KAU-CAKE,0.4896,$755.50M,-0.36
CRVUSD-ZANO,0.4896,$343.21M,-3.83
EDGE-SPCXB,0.4895,$221.51M,-2.89
OZO-XPIN,0.4895,$270.19M,0.72
APEPE-NEX,0.4895,$291.69M,-4.09
EDGE-AKE,0.4894,$231.50M,28.99
BORG-MANA,0.4894,$269.65M,-3.86
ZK-WIF,0.4893,$230.70M,-4.73
EDGE-2Z,0.4891,$338.31M,-4.95
NEO-FET,0.489,$439.69M,-9.01
USAT-COMP,0.489,$344.55M,-4.47
OUSG-XPL,0.4888,$600.84M,0.68
BAT-XCN,0.4888,$233.07M,-8.42
FDUSD-SPCXB,0.4887,$431.63M,-0.55
STRCX-EIGEN,0.4887,$281.39M,-4.55
EDGE-MANA,0.4886,$267.36M,-2.28
NEX-GOMINING,0.4886,$205.89M,-5.03
TIA-XPL,0.4885,$527.08M,-2.74
FLOKI-GLIDR,0.4885,$299.89M,-2.99
FLOKI-BONK,0.4884,$463.45M,-5.24
ETHFI-XCN,0.4884,$529.55M,-7.62
MET-SHFL,0.4884,$210.82M,-1.99
SOSO-FET,0.4884,$422.51M,5.92
VSN-MET,0.4883,$240.31M,2.04
OZO-FLUID,0.4883,$211.58M,0.88
GPS-AERO,0.4883,$510.38M,2.6
FF-THETA,0.4883,$318.38M,0.91
GRX-WEMIX,0.4882,$224.52M,-7.27
ICNT-TAG,0.4882,$246.64M,9.21
OZO-TRAC,0.488,$248.96M,-3.25
FLOKI-EURC,0.488,$648.54M,-1.42
AKT-XTZ,0.4879,$353.87M,-13.08
A7A5-TRUMP,0.4878,$835.59M,-3.15
VCNT-USDAI,0.4877,$321.88M,1.26
TAG-SYRUP,0.4875,$352.32M,14.0
ZK-FDUSD,0.4873,$430.45M,-5.42
GPS-PENGU,0.4873,$467.73M,0.98
STX-GUSD,0.4873,$400.02M,-8.68
US-GALA,0.4872,$507.58M,-8.44
TKX-USDZ,0.4872,$230.83M,0.29
ENS-BAT,0.4872,$279.49M,-6.62
KAG-SFP,0.4871,$316.42M,-2.38
DRV-US,0.487,$521.61M,-10.2
UUSD-PYTH,0.4868,$421.15M,-5.5
META-USDAT,0.4867,$235.21M,4.47
SOON-RAIL,0.4867,$179.85M,29.77
CHZ-FRAX,0.4867,$364.21M,-2.87
BONK-USDF,0.4867,$376.78M,-3.75
LUNC-BP,0.4866,$393.13M,-1.71
TIBBIR-PENDLE,0.4866,$357.14M,-1.19
PENDLE-MON,0.4866,$498.85M,-6.81
ZBCN-TWT,0.4863,$325.74M,-0.7
FLOKI-BSV,0.4863,$457.00M,-3.58
WEMIX-PRL,0.4862,$184.49M,3.58
WIF-TRAC,0.4862,$270.01M,-2.6
APYUSD-XPIN,0.4862,$303.02M,2.65
KOGE-FRAX,0.4861,$434.21M,-0.02
AERO-USDF,0.4861,$526.21M,0.26
ZBCN-APEPE,0.486,$378.63M,-3.55
TWT-USDZ,0.486,$275.86M,3.02
SYRUP-SUN,0.486,$549.54M,-4.4
IMX-AIAT,0.4859,$345.30M,-3.16
SOON-SUN,0.4859,$432.30M,32.42
ONYC-XCN,0.4859,$375.86M,-3.14
VSN-SUN,0.4858,$493.18M,-0.81
AKT-BTT,0.4858,$387.87M,-9.03
SAND-GOMINING,0.4858,$240.75M,-4.92
TWT-XPIN,0.4857,$293.36M,3.94
GRX-GNO,0.4854,$406.74M,-0.46
SUN-USDF,0.4854,$454.13M,-1.47
GPS-CRCLON,0.4853,$188.86M,3.06
GLIDR-USDF,0.4853,$213.22M,-1.5
UB-EURCV,0.4852,$510.27M,5.46
UB-FET,0.4852,$666.75M,0.26
EURC-A,0.4852,$552.32M,-2.32
AXS-MX,0.4849,$294.28M,-4.95
AXS-XPL,0.4849,$364.28M,-3.48
EDGE-WEMIX,0.4848,$236.40M,-9.52
CTOC-XPL,0.4848,$495.59M,0.83
UB-FARTCOIN,0.4846,$483.85M,5.92
RAY-XPIN,0.4846,$307.90M,-2.12
GOMINING-GUSD,0.4845,$265.07M,-0.53
SPX-FDUSD,0.4844,$648.17M,-2.88
REUSD-EIGEN,0.4843,$308.03M,-6.39
2Z-FARTCOIN,0.4842,$325.35M,-2.04
REUSD-XPL,0.4842,$388.02M,0.7
JTO-GALA,0.4842,$357.25M,-11.66
PYTH-ONYC,0.4842,$567.57M,-5.39
DCR-THBILL,0.484,$320.71M,-1.91
AB-FRAX,0.4839,$316.91M,-11.25
BP-RAIL,0.4839,$204.08M,-1.22
CRCLON-ANTFUN,0.4839,$375.16M,2.35
VSN-BORG,0.4838,$289.16M,-3.29
GPS-THETA,0.4838,$222.10M,-0.43
NEO-SOSO,0.4838,$250.36M,7.15
ACRED-XPL,0.4838,$335.63M,0.59
BORG-GRASS,0.4837,$354.14M,-7.84
MX-SHFL,0.4837,$271.99M,-4.18
INJ-LDO,0.4836,$762.43M,-8.89
AB-FET,0.4836,$402.76M,-16.62
NXM-CRCLON,0.4835,$179.72M,1.25
FLUID-SUN,0.4835,$428.58M,-0.6
CARDS-BTT,0.4835,$528.34M,3.37
MANA-FET,0.4835,$437.30M,-5.03
BTT-FRAX,0.4834,$479.54M,-1.08
INJ-SN64,0.4832,$549.23M,-4.01
UQC-PYTH,0.4831,$429.38M,-5.51
DEXE-SUN,0.483,$616.37M,21.64
LDO-XCN,0.4829,$432.86M,-6.55
LDO-CHEEMS,0.4828,$403.51M,-3.11
CHEEMS-XPIN,0.4828,$245.21M,0.95
USDTB-PENDLE,0.4826,$606.17M,-3.7
CASH-SFP,0.4826,$224.75M,-2.4
ICNT-PEANUT,0.4826,$286.11M,-9.66
CARDS-Q,0.4826,$488.82M,3.07
BTW-BP,0.4824,$349.03M,1.2
USTBL-WIF,0.4824,$307.19M,0.67
DCR-WEMIX,0.4823,$303.20M,-9.2
FDUSD-STRCX,0.4822,$486.89M,1.85
DRV-PRL,0.482,$186.71M,4.37
SEI-USDAT,0.482,$426.35M,-3.08
GRX-ANTFUN,0.482,$406.41M,1.51
DEXE-2Z,0.4819,$476.42M,20.53
USDA-PENDLE,0.4819,$346.83M,-3.85
NFT-MX,0.4819,$415.11M,-0.74
SHORT-FRAX,0.4818,$317.62M,-2.49
OZO-CRVUSD,0.4817,$337.35M,-0.07
USDA-MX,0.4817,$246.77M,-1.01
XTZ-RAIL,0.4816,$315.32M,-9.49
SUN-XCN,0.4816,$471.95M,-4.67
APR-THETA,0.4815,$322.48M,-1.58
META-SAND,0.4815,$220.60M,0.14
NEO-EIGEN,0.4815,$274.37M,-10.32
GALA-WFI,0.4815,$263.16M,-7.47
ZBCN-CARDS,0.4814,$446.14M,0.78
APEPE-STX,0.4814,$451.88M,-8.34
STRCX-ZAMA,0.4814,$278.61M,10.78
NFT-ETHFI,0.4813,$664.41M,-4.35
APYUSD-BTT,0.4813,$417.60M,0.6
NEX-AR,0.4812,$206.38M,-6.34
GLM-MON,0.4811,$342.96M,-5.67
AVUSD-PYTH,0.4811,$437.34M,-5.39
NEO-PYTH,0.481,$455.14M,-9.34
DASH-SHORT,0.481,$494.99M,-5.56
STAC-SHORT,0.4809,$200.20M,-2.71
AWE-CHZ,0.4809,$249.96M,-4.58
DAI-CHZ,0.4808,$235.19M,-3.13
DRV-STX,0.4808,$353.16M,-15.07
REUSD-XPIN,0.4808,$312.33M,0.75
JTO-BORG,0.4807,$406.91M,-11.01
TKX-BAT,0.4806,$206.86M,-4.72
EDGE-TRUMP,0.4805,$493.36M,-5.21
CHEEMS-AR,0.4805,$216.37M,-1.64
MWC-BC,0.4804,$333.41M,7.05
MWC-CVX,0.4804,$248.66M,10.0
2Z-PENDLE,0.4804,$452.99M,-6.23
GOMINING-SUN,0.4803,$457.85M,-2.03
EARNETH-BC,0.4802,$366.51M,5.66
USTBL-XPIN,0.4802,$305.74M,0.73
DYDX-WIF,0.4798,$244.21M,-2.88
RLB-APR,0.4797,$300.66M,3.3
BAT-FRAX,0.4797,$323.48M,-4.97
OHM-GLIDR,0.4796,$377.19M,-1.99
XPIN-TRUMP,0.4796,$502.29M,-2.12
TKX-XPL,0.4795,$324.03M,1.16
GRX-USAT,0.4793,$309.33M,-0.16
GRX-USDAI,0.4792,$281.54M,-0.13
KITE-BAT,0.4791,$335.42M,-4.95
EDGE-GEOD,0.479,$230.32M,1.32
MWC-CHEEMS,0.479,$214.16M,2.87
AIAT-CHZ,0.479,$262.12M,-1.71
WEMIX-FLOKI,0.4787,$298.93M,-8.64
MON-PEANUT,0.4787,$432.73M,-5.11
RLB-EARNETH,0.4786,$251.21M,2.81
RLB-APEPE,0.4786,$305.63M,2.48
USDTB-CRCLON,0.4785,$448.37M,0.67
APEPE-ETHFI,0.4784,$601.25M,-4.04
APXUSD-XPIN,0.4784,$439.95M,2.54
ULTIMA-ETHFI,0.4784,$581.59M,-6.89
SPX-WIF,0.4783,$448.42M,-2.19
MWC-ACRED,0.4782,$228.88M,2.56
USAT-PENDLE,0.4782,$435.88M,-3.7
OHM-MANA,0.478,$407.19M,-0.4
DCR-ULTIMA,0.4779,$384.48M,-4.52
ENS-BONK,0.4778,$441.02M,-5.16
TIA-USDZ,0.4777,$433.88M,-3.61
ZANO-FET,0.4777,$437.08M,-8.87
IMX-STAC,0.4776,$329.97M,-4.53
RLB-AWE,0.4776,$210.09M,0.64
USDAI-SUN,0.4776,$499.73M,-1.48
USDTB-CVX,0.4775,$490.34M,6.99
TWT-BSV,0.4775,$406.96M,1.14
MWC-MANA,0.4774,$245.23M,2.85
XTZ-VET,0.4774,$614.43M,-7.99
JTO-PEANUT,0.4774,$453.17M,-9.01
UB-ACRED,0.4773,$475.88M,5.32
KAG-KOGE,0.4773,$427.84M,-0.27
SPX-UQC,0.4772,$410.09M,-2.91
JTO-FET,0.4772,$574.55M,-12.18
DEXE-AKE,0.477,$369.60M,54.47
WEMIX-MANA,0.4769,$231.81M,-7.06
EDGE-FRAX,0.4768,$356.04M,-2.12
NEX-BTSE,0.4768,$223.44M,-10.61
TEL-TRUMP,0.4766,$531.70M,-4.23
PIEVERSE-PRL,0.4766,$266.15M,10.49
RAY-AIAT,0.4766,$280.98M,-1.42
DAI-CTOC,0.4764,$366.05M,0.16
BORG-XPIN,0.4764,$283.17M,-3.24
1INCH-AB,0.4763,$212.66M,-13.02
TKX-XPIN,0.4763,$248.34M,1.21
GEOD-TRUMP,0.4763,$451.74M,0.86
GPS-REUSD,0.4762,$263.44M,2.38
KITE-ONYC,0.476,$478.21M,0.32
SOON-PENDLE,0.4759,$340.66M,30.23
SEI-AIAT,0.4757,$404.53M,-1.65
STX-GOMINING,0.4756,$366.08M,-9.28
CHZ-SUN,0.4756,$486.43M,-4.59
DRV-BTSE,0.4755,$235.75M,-12.5
MWC-BP,0.4755,$228.08M,5.49
UUSD-TRUMP,0.4755,$457.18M,-2.89
MET-FRXUSD,0.4755,$199.34M,1.34
COMP-SHFL,0.4755,$280.72M,-7.8
2Z-SNX,0.4753,$324.77M,-4.61
JTO-ZAMA,0.4753,$406.45M,1.83
ACRED-XEC,0.4752,$234.50M,-9.35
MANA-SYRUP,0.4751,$338.63M,-2.84
USDA-USDZ,0.475,$223.57M,-0.4
SOON-SFP,0.475,$192.74M,31.5
SPCXB-Q,0.475,$305.49M,-2.15
LUNC-ZBCN,0.4749,$456.17M,-8.53
SPCXB-GEOD,0.4749,$179.88M,3.18
2Z-STRCX,0.4744,$343.13M,-0.69
ZBCN-XPIN,0.4744,$322.17M,-3.21
DRV-USDZ,0.4743,$230.03M,-6.55
ANTFUN-SHFL,0.4742,$403.71M,-1.74
WIF-ZBT,0.4741,$260.29M,1.73
US-JASMY,0.4739,$630.55M,-4.8
PYTH-MX,0.4738,$471.95M,-6.26
KAU-THETA,0.4737,$434.40M,-3.13
KITE-GRASS,0.4737,$447.87M,-3.63
RLB-EURCV,0.4736,$253.71M,2.18
UQC-USDAI,0.4736,$265.46M,-0.07
ZBCN-XTZ,0.4735,$402.75M,-9.31
TKX-COMP,0.4735,$262.77M,-3.93
MX-CHZ,0.4735,$294.73M,-3.93
COCO-CHZ,0.4734,$328.36M,-6.42
IMX-APEPE,0.4733,$428.68M,-4.19
AB-FRXUSD,0.4733,$206.76M,-11.53
GNO-BTT,0.4733,$542.12M,-1.68
FARTCOIN-GALA,0.4733,$211.63M,-4.06
TWT-ULTIMA,0.4732,$330.17M,0.76
RLB-LDO,0.4731,$407.47M,-1.24
DYDX-CARDS,0.4731,$366.73M,1.18
VSN-CHZ,0.4729,$295.03M,-2.46
INJ-VCNT,0.4729,$623.68M,-4.27
KAU-2Z,0.4729,$510.64M,-2.93
TIBBIR-KAG,0.4729,$320.18M,2.47
STAC-APXUSD,0.4728,$397.70M,1.86
STRK-Q,0.4728,$409.16M,-2.81
SAND-CRCLON,0.4728,$218.04M,-3.64
PIEVERSE-THETA,0.4728,$308.18M,-3.01
UB-SPCXB,0.4726,$446.37M,4.87
CAKE-PENDLE,0.4725,$697.84M,-3.66
ACRED-BORG,0.4723,$253.31M,-4.02
BTW-VELVET,0.4722,$401.30M,-9.5
DAI-ACRED,0.4722,$206.09M,-0.07
NFT-SFP,0.4722,$367.25M,-2.31
KITE-SHORT,0.4721,$329.56M,-2.48
USTBL-MANA,0.472,$292.23M,0.11
STX-AIAT,0.472,$368.50M,-7.31
DAI-ZBT,0.4719,$205.00M,1.07
CASH-Q,0.4719,$341.97M,-1.66
BAT-XPL,0.4717,$324.00M,-4.56
ICNT-USAT,0.4715,$286.80M,-7.76
FARTCOIN-RAIL,0.4715,$212.86M,-3.57
VIRTUAL-KMNO,0.4714,$467.59M,-1.01
CVX-BORG,0.4712,$273.09M,3.09
EARNETH-GRASS,0.4711,$362.81M,-3.19
ICNT-SOSO,0.4709,$218.16M,3.32
INJ-WEMIX,0.4708,$559.66M,-12.69
KAU-USDAI,0.4708,$465.74M,-0.36
AIAT-USDF,0.4707,$229.82M,1.41
1INCH-KITE,0.4706,$347.82M,-1.26
TWT-A,0.4706,$250.76M,0.83
NEO-KITE,0.4706,$365.78M,-3.63
EDGE-CVX,0.4705,$270.79M,4.67
NEO-ICNT,0.4705,$235.35M,-11.61
FDUSD-TRAC,0.4705,$469.76M,-3.29
SHORT-TRUMP,0.4705,$454.94M,-5.58
THETA-SOSO,0.4703,$242.68M,8.27
SEI-OZO,0.4702,$411.85M,-3.05
CVX-XCN,0.4702,$264.47M,3.84
CHEEMS-JASMY,0.4702,$311.90M,-0.72
TWT-COMP,0.4701,$307.79M,-1.2
MWC-GEOD,0.47,$208.19M,10.54
BC-DCR,0.4699,$422.35M,2.91
AKT-SFP,0.4699,$231.13M,-10.09
DCR-AIAT,0.4698,$320.76M,-0.64
FDUSD-GRASS,0.4698,$561.97M,-3.93
AWE-BORG,0.4698,$244.09M,-5.41
VSN-EDGE,0.4697,$286.87M,-1.71
VSN-ZBCN,0.4697,$328.17M,-3.27
KAG-KAITO,0.4697,$522.96M,11.22
A-SN64,0.4697,$192.28M,-0.86
SYRUP-XCN,0.4697,$336.91M,-6.13
1INCH-SOSO,0.4696,$232.41M,9.52
OZO-BAT,0.4696,$228.71M,-5.21
TKX-NEO,0.4695,$237.22M,-3.4
DCR-THETA,0.4695,$328.87M,-4.83
PENGU-WFI,0.4695,$546.26M,-4.23
VELVET-UQC,0.4694,$274.52M,-7.88
OHM-META,0.4693,$371.22M,4.01
XTZ-ONYC,0.4692,$471.68M,-5.32
WIF-TEL,0.4692,$320.66M,-0.75
APEPE-ZBT,0.469,$315.31M,1.46
RAY-CRCLON,0.469,$255.86M,-2.11
TKX-GRASS,0.4688,$319.31M,-3.4
APXUSD-GOMINING,0.4687,$410.62M,1.27
TIBBIR-IOTA,0.4687,$254.06M,-1.22
SEI-BC,0.4685,$506.12M,1.9
NFT-XPIN,0.4684,$409.42M,0.78
VIRTUAL-JTO,0.4682,$638.21M,-11.23
USDTB-TEL,0.4681,$529.84M,-1.44
ZBCN-ZANO,0.4681,$308.43M,-7.68
ACRED-EIGEN,0.4681,$255.63M,-6.5
GRT-NFT,0.468,$425.87M,-2.88
APXUSD-ACRED,0.468,$410.10M,1.76
APEPE-USTBL,0.4678,$362.20M,0.4
DRV-CARDS,0.4675,$371.51M,-1.64
USDAT-XPIN,0.4675,$284.70M,0.69
OHM-XCN,0.4674,$405.46M,-3.69
UB-SOSO,0.4673,$477.42M,16.43
REUSD-MANA,0.4673,$298.82M,0.13
AB-2Z,0.4671,$299.18M,-14.07
DCR-SFP,0.4671,$305.51M,-4.44
USAT-MX,0.467,$335.82M,-0.86
AR-XPL,0.4669,$336.64M,-1.21
APEPE-USAT,0.4668,$386.59M,0.33
GLM-FARTCOIN,0.4667,$217.77M,-1.97
ZANO-AR,0.4667,$247.21M,-5.62
DEXE-STRK,0.4666,$463.29M,21.93
FARTCOIN-MET,0.4666,$212.43M,1.92
CARDS-GEOD,0.4665,$363.21M,8.4
TWT-BTT,0.4664,$407.94M,1.89
CAKE-GLIDR,0.4664,$548.57M,-1.5
KAG-A7A5,0.4664,$691.90M,-0.3
SAND-JTO,0.4664,$393.82M,-11.42
SOON-NFT,0.4662,$354.53M,33.96
INJ-COCO,0.4661,$643.46M,-8.84
USDA-PRL,0.4661,$180.25M,10.52
US-GNO,0.466,$701.61M,-4.19
VSN-SHFL,0.4659,$272.29M,-2.71
GNO-COMP,0.4659,$441.97M,-4.77
OHM-XPIN,0.4658,$420.70M,0.22
ZRO-ONYC,0.4657,$530.96M,1.5
STAC-FARTCOIN,0.4656,$225.66M,0.57
EDGE-CARDS,0.4656,$404.84M,2.33
TIBBIR-BP,0.4655,$220.72M,5.35
MET-USDF,0.4655,$201.25M,1.38
TIBBIR-CHZ,0.4654,$250.62M,-0.66
SPX-GEOD,0.4653,$396.42M,0.85
EDGE-PENGU,0.4653,$507.69M,-3.73
PENGU-MX,0.4653,$522.31M,-2.17
ICNT-GOMINING,0.4652,$217.14M,-8.28
STAC-US,0.4651,$521.61M,-3.81
ZK-KMNO,0.4651,$182.37M,-2.23
UB-APEPE,0.465,$562.20M,5.76
CARDS-CHZ,0.465,$413.01M,1.59
SPCXB-BTSE,0.465,$218.65M,-6.66
BC-SPCXB,0.4649,$305.10M,4.45
MWC-SOSO,0.4648,$230.43M,13.32
DEXE-CAKE,0.4647,$721.27M,23.1
OZO-USDF,0.4645,$237.14M,0.01
REUSD-VET,0.4645,$556.39M,-2.57
AIAT-ETHFI,0.4645,$517.87M,-3.01
ETHFI-BTT,0.4645,$659.36M,-5.75
DYDX-KMNO,0.4644,$195.89M,-0.38
CASH-EURC,0.4644,$572.05M,0.06
PRL-BSV,0.4644,$342.56M,8.64
KAITO-FF,0.4643,$501.55M,14.89
AVUSD-SPCXB,0.4643,$201.51M,-0.46
TAG-VET,0.4643,$534.02M,14.32
LDO-XEC,0.4642,$422.65M,-12.63
UUSD-ANTFUN,0.4642,$382.09M,1.57
AWE-BTT,0.4642,$365.29M,-2.8
KITE-BTSE,0.4642,$365.11M,-5.88
KOGE-EURCV,0.4641,$363.58M,-0.2
IMX-META,0.464,$322.74M,-0.06
GEOD-SN64,0.464,$184.34M,5.22
KAU-VCNT,0.4639,$472.75M,0.91
CVX-TWT,0.4639,$283.28M,10.26
VSN-ULTIMA,0.4638,$332.59M,-1.81
APEPE-CHEEMS,0.4638,$301.68M,0.61
LUNC-TAG,0.4637,$423.97M,12.33
ZANO-ENS,0.4637,$307.23M,-5.16
DAI-CRVUSD,0.4635,$303.10M,-0.09
LDO-CARDS,0.4635,$572.06M,1.36
CASH-WIF,0.4635,$268.36M,0.63
CTOC-AIAT,0.4633,$392.98M,1.57
EARNETH-XPL,0.4631,$367.53M,1.36
ICNT-SHORT,0.4631,$199.12M,-10.46
AVUSD-FRXUSD,0.4631,$225.90M,0.02
GUSD-GRASS,0.4631,$365.37M,-3.85
CHEEMS-TRUMP,0.463,$457.71M,-2.6
XTZ-JTO,0.463,$494.11M,-12.44
SFP-XCN,0.463,$232.39M,-5.59
OUSG-USDF,0.4628,$492.09M,0.02
PENDLE-PRL,0.4628,$334.72M,7.07
APXUSD-ETHFI,0.4627,$694.95M,-2.59
USDAT-BTSE,0.4623,$272.91M,-6.17
GOMINING-EURC,0.4623,$565.60M,-0.49
RLB-KMNO,0.4622,$202.29M,5.26
TIBBIR-CHEEMS,0.4622,$206.80M,2.7
NEX-JASMY,0.4621,$301.92M,-5.42
CAKE-SHORT,0.462,$544.74M,-2.74
GALA-MON,0.462,$336.81M,-7.76
VSN-DCR,0.4619,$353.67M,-1.39
OUSG-NFT,0.4619,$644.77M,0.1
TIBBIR-ZAMA,0.4619,$244.30M,11.35
WIF-WFI,0.4619,$320.89M,-2.22
STAC-AIAT,0.4618,$220.62M,1.44
BP-FARTCOIN,0.4618,$237.25M,3.43
FLUID-COCO,0.4617,$270.51M,-2.43
WIF-NFT,0.4617,$410.87M,0.72
AKT-STRK,0.4616,$317.60M,-8.87
ACRED-VCNT,0.4616,$279.49M,1.2
STAC-ANTFUN,0.4615,$384.95M,1.66
LDO-BAT,0.4615,$406.61M,-8.56
WEMIX-AIAT,0.4615,$218.40M,-5.74
CHZ-WFI,0.4615,$318.68M,-6.0
BAT-EURCV,0.4615,$252.85M,-5.14
1INCH-APYUSD,0.4614,$273.94M,0.41
CTOC-PYTH,0.4613,$596.36M,-5.28
UQC-IOTA,0.4612,$255.59M,-3.74
DRV-CVX,0.4611,$237.46M,0.69
SEI-SUN,0.4611,$628.84M,-4.52
FF-FET,0.4611,$498.20M,-1.44
2Z-PIEVERSE,0.461,$384.42M,-2.81
LUNC-ICNT,0.4609,$380.47M,-12.32
1INCH-XTZ,0.4608,$341.29M,-6.9
TKX-BTSE,0.4608,$236.55M,-5.65
KITE-COMP,0.4608,$391.33M,-4.16
OUSG-BC,0.4607,$599.82M,4.98
US-FRAX,0.4607,$639.03M,-3.6
AWE-JASMY,0.4607,$317.41M,-2.42
TRAC-GUSD,0.4607,$273.17M,-3.22
VSN-SYRUP,0.4605,$358.14M,-2.26
KMNO-STX,0.4605,$348.54M,-5.56
A-VET,0.4604,$491.25M,-5.0
COCO-ZBT,0.4603,$298.17M,-2.22
EDGE-TRAC,0.4602,$259.64M,-5.63
APR-GNO,0.4601,$479.03M,0.85
USTBL-GEOD,0.4601,$255.19M,3.71
ZBCN-USDAT,0.4599,$317.07M,-3.95
TKX-USDAT,0.4599,$243.24M,0.47
BP-A7A5,0.4599,$592.44M,2.58
PIEVERSE-XPL,0.4599,$402.67M,0.43
VSN-SFP,0.4598,$253.63M,-1.72
LUNC-GRX,0.4597,$403.00M,-4.72
UB-THETA,0.4597,$486.93M,2.61
GRT-XCN,0.4597,$291.00M,-6.16
NFT-FRAX,0.4597,$484.59M,0.32
BTT-BSV,0.4597,$517.97M,-3.42
XTZ-SYRUP,0.4596,$432.72M,-8.31
SFP-AKE,0.4595,$198.25M,28.98
DAI-FLOKI,0.4594,$289.56M,-1.5
TIA-A,0.4594,$408.78M,-5.79
TRAC-SYRUP,0.4594,$330.91M,-6.18
OZO-AXS,0.4593,$268.99M,-4.13
AXS-KMNO,0.4593,$241.71M,-0.98
USAT-AKE,0.4592,$280.75M,31.32
META-TRAC,0.4591,$219.08M,1.25
AWE-APYUSD,0.4591,$263.95M,0.47
AXS-FARTCOIN,0.459,$266.70M,-3.6
AWE-VCNT,0.459,$270.26M,-0.2
AWE-BAT,0.4589,$209.24M,-6.68
ZRO-AVUSD,0.4588,$400.73M,1.5
META-PEANUT,0.4588,$279.95M,2.55
WFI-BONK,0.4587,$439.49M,-6.62
REAL-GRASS,0.4586,$464.93M,-4.24
INJ-SPCXB,0.4583,$544.77M,-6.05
FLUID-PIEVERSE,0.4583,$268.37M,0.64
UB-ICNT,0.4582,$462.41M,-2.33
XEC-BSV,0.4582,$377.95M,-11.37
INJ-GOMINING,0.4581,$574.80M,-6.1
GNO-FET,0.4581,$588.56M,-5.47
COCO-NFT,0.458,$448.74M,-3.23
GOMINING-AKE,0.458,$211.09M,30.8
GRX-USDF,0.4579,$235.94M,-0.12
GNO-XCN,0.4578,$412.30M,-3.55
BC-DASH,0.4577,$617.00M,2.14
USDAT-PEANUT,0.4575,$324.34M,-1.97
KAITO-TEL,0.4575,$483.58M,9.81
SN64-GRASS,0.4575,$305.86M,-2.36
AKT-FRAX,0.4574,$348.46M,-7.45
STX-USDF,0.4574,$362.36M,-8.72
FDUSD-GALA,0.4572,$434.71M,-4.63
PENDLE-SOSO,0.4571,$367.24M,7.39
SAND-MON,0.457,$373.38M,-7.52
USDTB-USDZ,0.4569,$482.91M,-0.25
MON-MANA,0.4568,$379.58M,-3.07
TAG-MON,0.4567,$393.26M,13.77
CASH-VIRTUAL,0.4566,$491.59M,-4.18
KMNO-BONK,0.4565,$362.97M,-0.6
GEOD-WFI,0.4565,$268.89M,0.82
OHM-FLOKI,0.4564,$474.31M,-1.98
VELVET-ZBCN,0.4563,$343.78M,-11.74
USTBL-BONK,0.4563,$425.79M,-3.73
BTSE-PRL,0.4563,$217.18M,4.58
US-SN64,0.4562,$508.96M,-2.32
TIBBIR-RAIL,0.4561,$196.33M,-1.65
COCO-BSV,0.456,$442.71M,-5.39
DRV-EURCV,0.4559,$252.08M,-6.28
ZBCN-USDA,0.4559,$273.45M,-4.13
XTZ-SN64,0.4559,$315.47M,-3.85
EIGEN-SHORT,0.4559,$238.15M,-9.17
CASH-ZBT,0.4558,$235.96M,1.07
VELVET-TRAC,0.4557,$290.17M,-11.07
KAITO-ZANO,0.4557,$440.43M,7.46
BP-SHORT,0.4557,$211.79M,0.15
ICNT-BSV,0.4556,$360.06M,-9.8
FLOKI-CARDS,0.4556,$467.38M,3.22
FLOKI-TAG,0.4556,$343.58M,15.44
OHM-BORG,0.4555,$414.08M,-4.44
UQC-VET,0.4555,$496.98M,-2.67
KAG-AR,0.4553,$329.75M,-1.87
WIF-RAY,0.4553,$309.35M,-2.18
NXM-RLB,0.4552,$191.14M,2.64
OUSG-Q,0.4552,$600.20M,-1.62
2Z-BSV,0.4551,$460.83M,-4.66
BC-XPIN,0.4549,$364.47M,5.67
FLOKI-ETHFI,0.4549,$598.40M,-5.91
UB-CASH,0.4547,$482.85M,5.37
AB-RAIL,0.4547,$186.69M,-15.61
NEO-BTSE,0.4546,$266.89M,-10.04
GRT-KAG,0.4543,$375.04M,-2.95
VELVET-ZBT,0.4543,$280.45M,-6.73
FLOKI-AKE,0.4543,$294.03M,29.87
NXM-ZRO,0.4542,$371.63M,1.98
NXM-A7A5,0.4542,$565.08M,0.22
OUSG-MET,0.4542,$469.67M,1.41
CRCLON-XCN,0.4542,$222.51M,-2.48
APEPE-COMP,0.4541,$360.69M,-4.05
GALA-ETHFI,0.454,$488.51M,-9.02
LDO-MX,0.4539,$453.79M,-4.16
USTBL-ETHFI,0.4538,$560.73M,-4.4
AVUSD-AIAT,0.4537,$233.96M,1.46
VELVET-TWT,0.4536,$314.97M,-4.59
CASH-RAIL,0.4536,$211.86M,-4.13
GRX-GPS,0.4535,$220.11M,2.22
OZO-GALA,0.4534,$213.91M,-4.59
KMNO-AWE,0.4533,$203.84M,1.69
OUSG-CRCLON,0.4532,$473.10M,0.74
KAITO-JTO,0.4532,$577.91M,4.15
GOMINING-ONYC,0.4532,$361.77M,-0.5
1INCH-USDAI,0.453,$273.25M,-1.53
ENS-SUN,0.453,$518.36M,-2.88
SHORT-AERO,0.453,$511.93M,-2.48
APXUSD-NEX,0.4528,$385.39M,-2.64
TWT-ZAMA,0.4528,$286.28M,12.12
BORG-WFI,0.4528,$312.81M,-6.82
AB-ICNT,0.4527,$198.42M,-19.21
KMNO-UQC,0.4527,$206.04M,3.09
1INCH-JTO,0.4526,$384.45M,-8.59
EARNETH-WIF,0.4526,$293.29M,1.36
DYDX-AWE,0.4525,$203.69M,-4.99
KMNO-KAITO,0.4525,$407.29M,14.37
FLOKI-PIEVERSE,0.4525,$380.59M,-1.72
SOON-JASMY,0.4525,$301.60M,32.92
BTW-SHORT,0.4524,$332.35M,-4.43
PIEVERSE-FET,0.4524,$488.00M,-5.35
FLUID-THBILL,0.4522,$204.22M,1.01
FARTCOIN-THBILL,0.4522,$240.94M,0.68
INJ-COMP,0.4519,$618.56M,-9.97
UQC-AERO,0.4518,$522.39M,0.2
MET-SUN,0.4518,$431.71M,-0.09
BSV-FET,0.4518,$564.41M,-7.21
SNX-CHZ,0.4516,$266.57M,-5.16
CHEEMS-ZBT,0.4515,$214.26M,1.32
SAND-AWE,0.4515,$231.01M,-5.82
AWE-XPL,0.4515,$326.41M,-0.8
NFT-THETA,0.4515,$390.61M,-2.7
TIA-CHEEMS,0.4514,$406.81M,-3.17
TIA-GRX,0.4513,$430.59M,-3.52
GOMINING-PRL,0.4513,$199.63M,10.16
APR-IOTA,0.4512,$343.96M,-2.48
EARNETH-USDA,0.451,$243.12M,0.5
FDUSD-VET,0.451,$735.05M,-2.65
FLUID-CARDS,0.4509,$355.15M,5.58
CHEEMS-SNX,0.4509,$222.75M,-1.8
GEOD-BONK,0.4509,$359.29M,-0.06
GRT-TKX,0.4508,$264.79M,-2.46
CVX-CTOC,0.4508,$409.82M,7.21
META-PYTH,0.4508,$416.77M,-0.94
FLUID-GLM,0.4508,$181.05M,-1.64
ACRED-NEX,0.4508,$205.37M,-4.53
EDGE-DASH,0.4507,$533.41M,-5.19
GOMINING-APYUSD,0.4507,$273.69M,1.37
ZBCN-A,0.4506,$279.56M,-6.32
EDGE-USTBL,0.4505,$296.82M,-2.35
JTO-SYRUP,0.4504,$475.88M,-9.99
2Z-CRVUSD,0.4503,$414.39M,-2.66
META-SHORT,0.4503,$192.97M,1.76
NEO-NEX,0.4503,$224.10M,-8.36
APR-CARDS,0.4502,$465.26M,5.9
WEMIX-UUSD,0.4502,$200.21M,-7.2
RAY-USDZ,0.4501,$290.40M,-3.03
UQC-ANTFUN,0.45,$390.33M,1.56
UB-BC,0.4499,$580.41M,10.34
UB-GEOD,0.4499,$455.18M,9.08
APXUSD-VCNT,0.4499,$459.50M,3.09
EURC-BTSE,0.4499,$583.15M,-6.07
BSV-USDAI,0.4499,$415.93M,-2.1
PENGU-STX,0.4498,$622.24M,-10.08
KAU-SUN,0.4496,$650.60M,-1.82
BC-MX,0.4496,$370.16M,4.15
OZO-GOMINING,0.4496,$240.86M,-0.55
FLOKI-XPIN,0.4496,$343.41M,-0.78
APR-EURC,0.4495,$646.43M,1.27
KMNO-IOTA,0.4495,$245.60M,-0.52
SN64-BTSE,0.4495,$223.10M,-4.62
CHZ-TRUMP,0.4495,$501.53M,-5.96
INJ-AXS,0.4494,$602.92M,-9.67
BORG-TAG,0.4494,$283.34M,12.98
GOMINING-ETHFI,0.4494,$515.45M,-4.98
MON-BONK,0.4493,$513.14M,-6.91
WEMIX-ZANO,0.4491,$231.58M,-10.9
SAND-NEX,0.4491,$215.52M,-8.83
ACRED-CHZ,0.449,$259.18M,-3.19
CRVUSD-CHZ,0.449,$356.19M,-3.2
DYDX-REUSD,0.4489,$265.30M,-3.49
ZRO-EURCV,0.4489,$434.19M,1.52
USDA-BSV,0.4489,$354.67M,-2.29
US-NEO,0.4488,$552.74M,-7.74
BP-SNX,0.4488,$236.67M,0.86
GRT-BTSE,0.4486,$294.46M,-9.1
ICNT-KITE,0.4486,$333.57M,-7.45
XEC-SHFL,0.4486,$240.86M,-12.65
APEPE-FARTCOIN,0.4485,$324.37M,0.92
JASMY-USDZ,0.4485,$338.98M,-1.16
IMX-USDAT,0.4484,$367.12M,-4.59
COCO-JASMY,0.4484,$395.81M,-4.26
ULTIMA-AIAT,0.4484,$299.68M,-1.06
UB-AR,0.4483,$476.89M,3.51
TWT-WEMIX,0.4483,$248.89M,-3.92
ENS-FET,0.4483,$481.99M,-6.53
GLIDR-AR,0.4482,$217.44M,-3.37
NEO-ENS,0.4481,$309.85M,-5.3
AB-APEPE,0.448,$298.20M,-11.12
VIRTUAL-SFP,0.4479,$472.30M,-6.55
OZO-NEX,0.4478,$215.63M,-4.46
LDO-XPL,0.4476,$523.78M,-2.69
AB-PRL,0.4474,$180.91M,-0.77
AB-AXS,0.4471,$240.53M,-15.63
2Z-XCN,0.4471,$331.99M,-5.78
2Z-KMNO,0.447,$300.36M,0.58
CHEEMS-KMNO,0.447,$198.34M,3.39
ICNT-WEMIX,0.447,$202.00M,-14.86
STAC-APYUSD,0.4469,$260.77M,1.97
NEO-ZBT,0.4468,$247.72M,-2.81
SPX-XPL,0.4467,$522.66M,-2.18
APEPE-USDF,0.4467,$313.20M,0.38
BC-RAY,0.4464,$382.58M,2.13
VET-GRASS,0.4464,$604.83M,-6.5
MWC-XPL,0.4463,$334.43M,3.67
FLUID-WEMIX,0.4463,$186.71M,-6.28
EURC-SUN,0.4462,$792.33M,-1.4
INJ-XCN,0.4461,$588.89M,-8.74
2Z-TRAC,0.4461,$326.00M,-5.83
KAG-XPIN,0.4461,$358.59M,0.72
SPCXB-TEL,0.4461,$259.85M,-1.91
KMNO-VET,0.446,$486.98M,0.55
VIRTUAL-BP,0.4459,$483.80M,-1.27
ZRO-USDF,0.4459,$396.59M,1.44
NEX-GALA,0.4459,$178.94M,-9.06
MX-BAT,0.4458,$254.00M,-6.03
OZO-USDAT,0.4457,$265.10M,-0.02
US-AKE,0.4456,$514.49M,27.52
GNO-USDZ,0.4456,$410.03M,-0.55
KAU-EARNETH,0.4454,$455.25M,0.35
GRX-VET,0.4454,$513.05M,-2.73
KMNO-GOMINING,0.4453,$213.58M,2.59
TKX-THETA,0.4452,$229.53M,-2.28
REUSD-RAY,0.4452,$330.44M,-2.79
BORG-MON,0.4451,$386.46M,-7.11
SHORT-FRXUSD,0.4451,$207.47M,-2.78
VSN-BTW,0.445,$385.69M,-1.03
JTO-IOTA,0.445,$416.21M,-10.74
LUNC-XTZ,0.4449,$504.37M,-9.98
1INCH-INJ,0.4449,$575.05M,-7.06
GPS-ZBT,0.4448,$209.96M,3.42
BTW-SUN,0.4447,$577.09M,-3.16
EDGE-GLM,0.4446,$230.74M,-4.89
KAU-CRCLON,0.4446,$401.16M,0.36
CAKE-NEO,0.4446,$580.97M,-3.9
BP-ICNT,0.4446,$215.81M,-4.82
USDZ-FET,0.4446,$433.31M,-5.32
AR-GRASS,0.4445,$331.92M,-5.77
ZRO-BTSE,0.4444,$417.87M,-4.7
KAG-STX,0.4444,$464.21M,-8.71
UQC-XPL,0.4444,$328.61M,0.6
STX-TRAC,0.4444,$374.18M,-11.97
STAC-VIRTUAL,0.4443,$472.21M,-4.13
VELVET-KAG,0.4443,$380.19M,-7.81
EARNETH-USDAT,0.4442,$286.74M,0.68
SPCXB-CHZ,0.4442,$229.67M,-3.63
EURC-GEOD,0.4442,$544.38M,3.77
IOTA-BTSE,0.4441,$280.69M,-9.82
SHORT-FET,0.4441,$403.47M,-7.86
GLIDR-XCN,0.4441,$231.04M,-4.7
KAU-NFT,0.444,$572.83M,-0.28
IMX-MANA,0.4439,$358.71M,-4.48
STAC-ICNT,0.4439,$204.22M,-7.68
ULTIMA-MON,0.4439,$429.89M,-5.62
AB-JASMY,0.4438,$308.43M,-12.45
STAC-ETHFI,0.4437,$502.53M,-4.38
SEI-FRAX,0.4437,$506.62M,-2.8
A-ONYC,0.4437,$348.49M,-2.33
US-KMNO,0.4436,$516.99M,-0.69
LDO-BONK,0.4435,$568.14M,-7.1
LDO-ENS,0.4434,$479.27M,-4.76
ICNT-CHZ,0.4434,$245.71M,-10.84
FLOKI-EURCV,0.4433,$347.95M,-1.42
JTO-A,0.4433,$370.93M,-9.45
USDTB-CHEEMS,0.4432,$455.84M,0.19
ZRO-GPS,0.4432,$380.76M,3.78
A7A5-FRAX,0.4432,$698.27M,-0.06
DAI-SHORT,0.4431,$188.60M,-2.75
OHM-BSV,0.443,$534.30M,-2.58
NEO-THETA,0.443,$259.87M,-6.67
PYTH-SHFL,0.443,$442.76M,-8.81
A-MX,0.443,$252.88M,-3.2
ONYC-FRAX,0.443,$466.27M,0.31
KAU-ZBT,0.4428,$422.25M,0.73
COCO-MX,0.4428,$334.81M,-4.11
Q-FET,0.4427,$525.87M,-6.76
EARNETH-GPS,0.4426,$242.95M,3.04
GPS-BTT,0.4426,$355.48M,1.0
ZBT-TRUMP,0.4426,$471.34M,-1.75
TIBBIR-FRAX,0.4425,$326.55M,2.71
KAITO-REUSD,0.4422,$476.70M,11.25
GALA-MX,0.4422,$239.20M,-5.41
GLM-A,0.4421,$197.05M,-4.9
NEX-PRL,0.4421,$174.40M,6.26
UB-NFT,0.4419,$625.36M,5.46
ENS-BTT,0.4419,$435.54M,-2.74
SHORT-SFP,0.4419,$200.28M,-5.13
BP-WEMIX,0.4417,$214.66M,-4.25
META-USDF,0.4416,$207.25M,4.5
GOMINING-AR,0.4414,$231.62M,-2.44
AR-WFI,0.4412,$290.60M,-4.75
PRL-COMP,0.4411,$243.40M,6.3
BTW-1INCH,0.4409,$350.62M,-3.21
VET-FRAX,0.4408,$609.02M,-2.36
VIRTUAL-TRAC,0.4407,$493.23M,-7.42
FF-SFP,0.4407,$295.02M,1.3
APEPE-BTSE,0.4406,$334.47M,-5.77
LUNC-STRK,0.4405,$468.11M,-5.77
GEOD-GLIDR,0.4405,$195.73M,2.2
IMX-A,0.4404,$329.61M,-6.95
APYUSD-FRAX,0.4404,$378.19M,2.19
PENGU-CRCLON,0.4403,$464.57M,-0.64
SPX-CHEEMS,0.4402,$402.39M,-2.6
MWC-UQC,0.4402,$221.86M,2.56
OZO-CTOC,0.4401,$400.30M,0.18
CVX-SFP,0.4401,$237.55M,4.65
US-EURC,0.4398,$869.00M,-3.77
USTBL-EURCV,0.4398,$310.28M,0.09
JTO-SHFL,0.4398,$390.04M,-10.43
SPX-XCN,0.4397,$431.73M,-6.04
GRT-USDZ,0.4396,$288.73M,-3.16
RLB-APYUSD,0.4395,$262.40M,4.04
FDUSD-ZANO,0.4395,$477.26M,-3.79
FLOKI-SUN,0.4395,$540.80M,-2.96
DAI-AXS,0.4394,$234.74M,-4.14
1INCH-TKX,0.4393,$219.26M,-1.03
DRV-SHORT,0.4393,$200.20M,-9.09
CASH-GNO,0.4393,$404.66M,-0.36
DAI-ULTIMA,0.4392,$272.75M,-2.47
USDTB-A7A5,0.4392,$833.73M,-0.36
XEC-RAIL,0.4392,$209.30M,-13.39
GPS-FET,0.4391,$401.93M,-2.78
UQC-TAG,0.4391,$253.09M,16.86
OUSG-AERO,0.4385,$794.62M,0.29
USDTB-META,0.4385,$450.94M,4.46
TWT-THBILL,0.4385,$266.40M,3.37
CHEEMS-PENDLE,0.4385,$350.97M,-3.42
KMNO-A7A5,0.4385,$576.23M,2.84
TRAC-MX,0.4385,$274.25M,-4.06
NXM-SOON,0.4383,$176.88M,34.42
VSN-WEMIX,0.4381,$251.32M,-6.49
SHORT-A,0.4381,$199.84M,-5.13
USDAI-XPL,0.4381,$378.02M,0.65
VSN-ENS,0.438,$326.96M,-0.75
GLM-XTZ,0.438,$320.24M,-7.89
NFT-WFI,0.438,$439.07M,-2.8
LDO-WFI,0.4379,$477.74M,-6.22
XTZ-UQC,0.4379,$333.49M,-5.44
XEC-GRASS,0.4379,$335.33M,-13.17
REAL-A7A5,0.4379,$727.26M,-0.66
FDUSD-A7A5,0.4378,$824.30M,-0.35
STX-AKE,0.4377,$346.04M,22.65
ZK-NEX,0.4376,$174.68M,-9.85
VET-XPL,0.4376,$609.54M,-1.95
GUSD-THBILL,0.4375,$267.44M,0.18
DRV-FF,0.4374,$294.93M,-2.67
REUSD-IOTA,0.4374,$315.01M,-3.64
SOON-FET,0.4374,$395.93M,28.76
SPCXB-MET,0.4374,$174.95M,0.87
IMX-OHM,0.4373,$503.13M,-5.06
VSN-OHM,0.4372,$426.70M,0.17
CHEEMS-ONYC,0.4372,$346.52M,0.29
ICNT-SPCXB,0.4372,$187.11M,-8.23
Q-SUN,0.4372,$562.24M,-3.11
DEXE-GALA,0.437,$362.69M,18.51
SYRUP-SHFL,0.437,$328.65M,-6.3
EARNETH-KAG,0.4369,$360.63M,0.71
SNX-JTO,0.4369,$391.07M,-9.09
1INCH-SN64,0.4367,$205.81M,0.0
CASH-ZBCN,0.4367,$299.29M,-3.94
META-FLOKI,0.4367,$293.92M,3.01
JTO-ETHFI,0.4367,$668.53M,-11.48
STAC-ENS,0.4366,$278.71M,-1.38
APEPE-NEO,0.4366,$335.14M,-3.51
LDO-COCO,0.4364,$487.42M,-6.65
GPS-SNX,0.4364,$218.44M,0.31
CASH-CHEEMS,0.4363,$222.34M,0.22
VSN-RLB,0.4362,$255.17M,2.77
TWT-NEX,0.4362,$238.80M,-1.24
ULTIMA-KITE,0.4362,$413.70M,-2.2
DAI-VCNT,0.4361,$255.49M,1.26
AB-AWE,0.4361,$202.66M,-12.96
UUSD-PIEVERSE,0.4361,$281.87M,-0.29
SPCXB-EURC,0.4361,$535.57M,-0.44
EURC-THETA,0.4361,$576.13M,-2.7
LDO-SUN,0.436,$645.49M,-4.81
APEPE-KAITO,0.436,$510.63M,11.59
STRK-JTO,0.4359,$457.85M,-8.23
ACRED-USDZ,0.4358,$242.43M,-0.27
BSV-AKE,0.4357,$354.02M,29.28
OHM-SOSO,0.4355,$392.39M,10.55
REUSD-NFT,0.4354,$431.96M,0.11
DCR-STRK,0.4353,$391.99M,-3.23
RAIL-PRL,0.4353,$173.91M,6.61
BP-ENS,0.4352,$290.31M,1.48
USAT-TRAC,0.4352,$308.89M,-3.3
ZRO-AXS,0.4351,$428.44M,-2.69
COCO-GOMINING,0.4351,$299.78M,-3.86
2Z-ETHFI,0.435,$602.23M,-7.0
DCR-PIEVERSE,0.4347,$384.86M,-2.28
ZANO-SFP,0.4347,$233.89M,-6.14
AIAT-AERO,0.4347,$532.35M,1.67
RLB-EURC,0.4346,$554.31M,2.18
STX-GRASS,0.4346,$466.39M,-12.61
USDTB-A,0.4344,$457.81M,-2.43
GEOD-XPL,0.4344,$314.93M,4.35
WEMIX-USDZ,0.4342,$227.81M,-7.35
EARNETH-RAIL,0.4341,$236.79M,-3.41
APXUSD-STX,0.4341,$545.57M,-6.89
LUNC-FRXUSD,0.434,$388.82M,-4.64
BTW-TRUMP,0.4337,$592.19M,-4.52
1INCH-APXUSD,0.4337,$410.87M,0.3
VELVET-XTZ,0.4337,$391.98M,-13.19
FF-WFI,0.4337,$366.83M,0.81
BTW-BONK,0.4336,$499.75M,-5.44
WEMIX-CHZ,0.4336,$244.56M,-10.27
USDA-ENS,0.4336,$272.25M,-1.61
VSN-MON,0.4335,$399.09M,-2.5
BTW-OHM,0.4335,$510.60M,-2.18
JTO-XEC,0.4335,$388.09M,-16.34
INJ-ZK,0.4334,$543.59M,-10.92
CRCLON-USDZ,0.4334,$220.24M,0.52
CHZ-XPL,0.4333,$364.73M,-2.46
ZRO-FLUID,0.433,$371.04M,2.31
LUNC-APXUSD,0.4329,$573.95M,-2.77
GLIDR-BTT,0.4329,$360.86M,-2.83
KMNO-RAY,0.4328,$261.03M,0.32
SPCXB-FRXUSD,0.4327,$195.46M,-0.55
ZBT-XCN,0.4327,$243.60M,-2.12
DCR-MANA,0.4325,$334.16M,-1.96
FDUSD-XPL,0.4325,$566.68M,0.62
USDA-STRCX,0.4325,$236.97M,1.68
CVX-DASH,0.4324,$532.25M,4.22
ZK-USDZ,0.4324,$211.74M,-5.59
INJ-APYUSD,0.4323,$617.36M,-3.6
ZRO-IOTA,0.4323,$432.33M,-2.23
ZRO-RAY,0.4323,$447.76M,-1.38
IMX-TWT,0.4322,$375.79M,-1.34
GNO-TRAC,0.4322,$406.31M,-3.6
MANA-SOSO,0.4322,$247.97M,11.13
BTW-TEL,0.4321,$409.11M,-3.09
ZBCN-DCR,0.4321,$380.05M,-5.98
ZK-REUSD,0.4321,$251.79M,-5.35
KAU-ENS,0.4319,$484.38M,-1.77
STAC-BORG,0.4318,$240.91M,-3.92
UUSD-TEL,0.4318,$274.10M,-1.45
ULTIMA-STX,0.4317,$432.22M,-11.18
SOON-TRUMP,0.4317,$447.40M,31.05
STRCX-AR,0.4317,$256.85M,0.01
CAKE-AVUSD,0.4316,$563.17M,0.05
CRVUSD-FRXUSD,0.4316,$321.97M,-0.12
AXS-GEOD,0.4315,$238.03M,-0.44
INJ-CRVUSD,0.4312,$671.29M,-5.62
META-ENS,0.4312,$271.49M,3.09
APXUSD-AWE,0.4312,$400.88M,0.37
USDTB-SPCXB,0.4311,$441.06M,-0.56
APXUSD-XPL,0.431,$515.64M,2.49
VIRTUAL-AIAT,0.4309,$487.55M,-2.76
AKT-FARTCOIN,0.4309,$251.40M,-7.16
MWC-TRAC,0.4308,$237.51M,0.35
ULTIMA-WFI,0.4308,$356.24M,-5.34
CAKE-MX,0.4305,$597.78M,-0.81
LUNC-GLM,0.4302,$373.66M,-7.11
FLOKI-FARTCOIN,0.4301,$321.52M,-0.95
PYTH-BONK,0.4301,$586.31M,-9.2
SNX-XPIN,0.43,$267.33M,-1.32
VSN-BAT,0.4299,$254.31M,-4.55
TRAC-EURCV,0.4299,$273.10M,-3.18
TWT-NEO,0.4298,$282.24M,-0.67
CHEEMS-XEC,0.4298,$219.77M,-9.04
KAITO-CRCLON,0.4298,$402.12M,11.93
IOTA-GUSD,0.4298,$297.08M,-3.64
TRUMP-XPL,0.4297,$577.98M,-2.18
CHEEMS-PENGU,0.4296,$472.04M,-1.12
AB-XEC,0.4294,$216.30M,-20.77
FDUSD-AIAT,0.4294,$464.08M,1.37
DAI-SPCXB,0.4293,$176.59M,-0.52
UB-GUSD,0.4291,$510.34M,5.42
APR-GALA,0.4291,$285.00M,-3.4
SOON-EIGEN,0.4291,$230.60M,27.45
USDTB-SUN,0.429,$697.81M,-1.51
MON-XPIN,0.429,$393.09M,-2.44
UUSD-SNX,0.4288,$222.22M,-2.09
CRVUSD-BORG,0.4287,$350.32M,-4.03
ONYC-A7A5,0.4287,$724.41M,-0.25
BTW-ICNT,0.4286,$336.37M,-9.4
GPS-EIGEN,0.4286,$236.60M,-4.09
KAG-EURC,0.4286,$663.73M,0.08
STRCX-USDZ,0.4286,$268.18M,1.68
AKT-AIAT,0.4285,$246.37M,-6.29
KAG-ETHFI,0.4285,$613.58M,-4.41
CAKE-GRASS,0.4284,$663.06M,-3.9
NEO-EURC,0.4284,$583.81M,-3.82
1INCH-US,0.4283,$534.78M,-5.37
VSN-FET,0.4282,$456.81M,-4.46
EARNETH-SFP,0.4282,$249.67M,-1.68
USAT-FRAX,0.4282,$405.29M,0.2
EARNETH-TEL,0.4281,$321.26M,-0.69
USDAT-SYRUP,0.4281,$347.05M,-2.95
DCR-A7A5,0.4281,$680.98M,-2.36
VCNT-USDA,0.4279,$260.62M,1.06
GALA-AIAT,0.4279,$206.59M,-3.19
BTSE-AR,0.4279,$249.17M,-8.02
ICNT-MX,0.4278,$252.16M,-8.53
CARDS-SOON,0.4278,$358.88M,38.59
COCO-PRL,0.4277,$268.29M,7.42
RLB-KAG,0.4276,$317.96M,2.11
2Z-XTZ,0.4276,$427.81M,-7.96
AXS-BTSE,0.4276,$276.80M,-10.28
SYRUP-XPIN,0.4274,$352.14M,-2.21
ACRED-VET,0.4273,$504.00M,-2.68
WIF-AKE,0.4273,$241.87M,32.01
GRX-SAND,0.4272,$249.29M,-4.48
STAC-DCR,0.4271,$305.42M,-2.02
GRT-ENS,0.4271,$337.42M,-4.36
VCNT-GRASS,0.4271,$380.31M,-2.63
CARDS-BORG,0.4271,$407.14M,0.76
MET-SFP,0.4271,$192.15M,-1.0
GLM-CTOC,0.427,$369.76M,-2.35
WIF-SN64,0.4269,$236.34M,2.18
ZRO-ZK,0.4268,$369.11M,-3.94
ZRO-BORG,0.4268,$423.02M,-2.51
XTZ-ZAMA,0.4268,$363.29M,3.51
BTW-SFP,0.4267,$337.53M,-4.08
AWE-EURCV,0.4267,$255.26M,-1.39
AVUSD-BSV,0.4267,$374.47M,-2.03
ETHFI-AKE,0.4267,$495.41M,26.95
ZRO-GRX,0.4266,$408.85M,1.33
WIF-CRCLON,0.4266,$239.20M,1.37
USTBL-FDUSD,0.4265,$506.94M,-0.01
PYTH-XCN,0.4263,$451.02M,-8.65
DEXE-APEPE,0.4262,$475.44M,23.49
GRX-EURC,0.4262,$574.13M,-0.04
KAITO-UUSD,0.4262,$409.05M,11.16
AVUSD-SOON,0.4262,$205.99M,33.94
ZBT-COMP,0.4262,$273.27M,-3.35
FRAX-THBILL,0.4261,$338.00M,0.39
DCR-BSV,0.426,$461.27M,-4.14
ACRED-RAY,0.426,$278.05M,-2.9
AB-SAND,0.4257,$222.03M,-15.86
USDA-AKE,0.4257,$191.70M,31.16
ETHFI-PRL,0.4257,$483.96M,6.31
US-USTBL,0.4256,$579.81M,-3.82
AXS-GUSD,0.4256,$293.19M,-4.1
RLB-ZBT,0.4255,$218.22M,3.19
INJ-GEOD,0.4254,$553.58M,-1.85
TIBBIR-ZANO,0.4254,$237.65M,-1.29
STRK-GLIDR,0.4254,$290.59M,-2.67
ENS-AERO,0.4253,$590.44M,-1.15
CTOC-AWE,0.4252,$380.82M,-1.29
LUNC-UUSD,0.4251,$378.68M,-4.65
AKT-FF,0.4251,$320.68M,-4.02
CHEEMS-ANTFUN,0.4251,$382.63M,1.86
UUSD-RAIL,0.4251,$189.63M,-4.16
GALA-GEOD,0.4251,$182.96M,-0.91
SOON-TRAC,0.4251,$213.68M,30.63
FDUSD-JASMY,0.425,$557.68M,-1.0
DAI-Q,0.4249,$311.00M,-1.65
STAC-XPIN,0.4249,$247.54M,0.75
APEPE-XEC,0.4249,$320.82M,-8.9
SOON-USDAI,0.4247,$247.45M,33.88
IMX-WFI,0.4246,$401.87M,-7.44
RLB-PENDLE,0.4245,$354.92M,-1.55
EDGE-ZANO,0.4245,$267.13M,-6.12
ZBCN-TAG,0.4244,$322.34M,13.0
FLUID-KAG,0.4244,$299.98M,0.87
CRVUSD-JTO,0.4244,$480.69M,-7.14
1INCH-BSV,0.4243,$374.31M,-3.61
STRCX-SFP,0.4243,$243.53M,-0.5
CASH-EURCV,0.4242,$271.45M,0.06
GNO-SFP,0.4242,$385.38M,-2.73
LUNC-ENS,0.424,$454.97M,-6.01
BC-ONYC,0.424,$465.77M,5.02
KITE-GEOD,0.424,$326.35M,3.96
SOSO-AR,0.424,$232.64M,9.17
AB-PENGU,0.4239,$468.56M,-12.85
BTW-MANA,0.4238,$366.18M,-1.6
US-GRASS,0.4238,$634.83M,-7.74
PIEVERSE-MANA,0.4238,$313.47M,-0.14
FDUSD-USAT,0.4235,$531.33M,-0.08
1INCH-TIBBIR,0.4234,$222.30M,0.94
APR-SUN,0.4234,$538.68M,-0.27
NEO-USDA,0.4234,$229.95M,-4.09
ICNT-RAY,0.4234,$264.58M,-10.54
CTOC-BSV,0.4233,$533.49M,-1.92
VCNT-STRCX,0.4232,$305.24M,3.15
RLB-BP,0.4231,$218.51M,5.0
USTBL-APXUSD,0.4231,$455.90M,1.85
DRV-META,0.423,$198.06M,-1.85
CVX-A7A5,0.423,$613.02M,6.73
RLB-UUSD,0.4229,$204.06M,2.05
INJ-USDA,0.4229,$555.41M,-5.74
ICNT-AVUSD,0.4229,$217.55M,-7.66
REUSD-SOSO,0.4229,$284.02M,11.08
LDO-DEXE,0.4228,$577.28M,19.76
BORG-TRAC,0.4228,$261.94M,-7.2
1INCH-ZK,0.4227,$200.17M,-6.91
EARNETH-US,0.4226,$565.91M,-3.14
BP-USAT,0.4226,$299.46M,2.85
ZANO-SOSO,0.4226,$247.75M,7.29
PENDLE-USDAI,0.4226,$408.09M,-3.66
APR-GRX,0.4225,$320.49M,1.08
2Z-META,0.4225,$297.75M,1.92
STRK-SOSO,0.4225,$305.80M,9.87
BTSE-JASMY,0.4225,$344.70M,-7.1
RLB-2Z,0.4223,$306.61M,-0.47
OHM-JTO,0.4222,$544.44M,-7.55
TIBBIR-BORG,0.4221,$244.76M,-1.49
ZRO-REAL,0.422,$533.81M,1.09
BP-GUSD,0.422,$263.74M,2.93
NEX-ONYC,0.422,$336.53M,-4.41
LUNC-AIAT,0.4219,$396.88M,-3.19
CHEEMS-SN64,0.4219,$190.31M,1.77
KMNO-RAIL,0.4219,$187.86M,-0.96
ETHFI-USDF,0.4218,$511.73M,-4.42
KAU-TKX,0.4216,$411.75M,0.14
USTBL-APYUSD,0.4215,$318.97M,1.96
2Z-XPL,0.4214,$422.92M,-1.92
OUSG-XPIN,0.4211,$525.15M,0.74
GNO-NEO,0.4211,$416.42M,-4.24
TRAC-ETHFI,0.421,$523.56M,-7.67
NFT-ZAMA,0.421,$402.33M,8.97
GNO-USDF,0.4209,$394.48M,-0.35
TAG-SN64,0.4209,$235.06M,18.46
BONK-TRUMP,0.4209,$622.34M,-6.59
1INCH-DEXE,0.4208,$389.90M,21.58
RLB-REAL,0.4208,$353.33M,1.75
UB-STRK,0.4207,$550.05M,4.21
VELVET-BONK,0.4207,$431.45M,-11.56
ZBT-PENDLE,0.4207,$364.60M,-2.57
ZANO-PENGU,0.4205,$502.88M,-5.11
FLOKI-SNX,0.4204,$320.94M,-3.52
WIF-COMP,0.4204,$305.67M,-3.78
BTW-ACRED,0.4201,$349.84M,-1.76
CHEEMS-NFT,0.4201,$364.84M,0.31
CRVUSD-REUSD,0.42,$379.48M,-0.04
BTT-ANTFUN,0.42,$541.78M,0.29
ENS-MANA,0.4199,$307.46M,-1.32
TAG-SFP,0.4199,$247.80M,14.54
INJ-FF,0.4198,$651.52M,-1.86
LDO-XPIN,0.4198,$448.09M,-2.63
ZBT-A,0.4198,$216.23M,-1.31
THETA-Q,0.4198,$346.04M,-4.41
VET-GUSD,0.4197,$538.46M,-2.57
IMX-EDGE,0.4196,$363.30M,-6.94
GRX-TIBBIR,0.4196,$230.58M,2.34
GRX-AWE,0.4196,$229.92M,-1.58
STAC-ZBT,0.4195,$216.59M,1.11
1INCH-EDGE,0.4194,$251.79M,-3.9
VELVET-CVX,0.4194,$301.32M,-0.77
MWC-AIAT,0.4193,$231.82M,4.26
FLOKI-MANA,0.4193,$329.89M,-1.4
LUNC-RLB,0.4192,$383.17M,-2.5
VELVET-CASH,0.4192,$288.52M,-7.83
KAU-XEC,0.4191,$427.76M,-9.63
MET-FRAX,0.4191,$309.48M,1.63
NXM-CASH,0.419,$208.89M,0.52
WEMIX-GRASS,0.4188,$316.29M,-11.04
FARTCOIN-MANA,0.4188,$254.40M,0.63
CRVUSD-PYTH,0.4187,$533.41M,-5.52
INJ-PENGU,0.4186,$830.95M,-6.9
AIAT-GLIDR,0.4186,$219.36M,-0.09
ONYC-TRUMP,0.4186,$603.60M,-2.78
COCO-FRXUSD,0.4184,$294.14M,-3.34
XPIN-PEANUT,0.4183,$329.43M,-1.23
USTBL-XPL,0.4182,$381.43M,0.68
DAI-BAT,0.4181,$194.46M,-5.22
VIRTUAL-GUSD,0.4181,$519.07M,-4.13
IMX-TAG,0.418,$372.39M,12.36
GNO-AWE,0.418,$388.46M,-1.81
KITE-AIAT,0.418,$349.98M,1.67
SHORT-GUSD,0.418,$247.06M,-2.7
BP-GOMINING,0.4177,$229.80M,2.33
FARTCOIN-THETA,0.4177,$249.10M,-2.23
RAY-XPL,0.4177,$383.59M,-2.17
LUNC-SNX,0.4176,$401.33M,-6.63
GRT-BSV,0.4176,$419.84M,-5.04
RAIL-COMP,0.4175,$249.17M,-8.54
KOGE-PRL,0.4175,$298.22M,10.45
BTSE-SFP,0.4174,$235.84M,-8.53
ACRED-USDA,0.4173,$211.22M,-0.27
UQC-A,0.4172,$210.31M,-2.45
US-ULTIMA,0.4171,$600.67M,-6.31
JTO-SFP,0.4171,$371.37M,-9.45
BORG-TEL,0.417,$312.59M,-5.35
BORG-BONK,0.417,$403.22M,-7.7
TIA-TRAC,0.4168,$430.16M,-6.66
NFT-MON,0.4168,$512.72M,-3.09
IMX-USAT,0.4167,$412.55M,-4.61
MWC-XCN,0.4167,$243.50M,-0.34
CRVUSD-SFP,0.4165,$314.78M,-2.47
IMX-FF,0.4164,$419.61M,-0.88
WIF-SHFL,0.4164,$267.74M,-2.72
USTBL-KITE,0.4161,$392.84M,0.29
ZBCN-GOMINING,0.416,$292.84M,-4.49
PENGU-XPL,0.416,$592.30M,-0.7
PIEVERSE-GRASS,0.416,$397.95M,-4.12
APXUSD-DASH,0.4159,$692.49M,-0.99
ENS-PYTH,0.4159,$497.43M,-6.86
PENDLE-THETA,0.4159,$376.74M,-6.43
UQC-XEC,0.4158,$227.48M,-9.34
APYUSD-XPL,0.4158,$378.71M,2.6
IOTA-MX,0.4157,$298.16M,-4.49
TIA-FDUSD,0.4156,$652.59M,-3.44
CTOC-ACRED,0.4156,$390.04M,0.1
FDUSD-USDZ,0.4156,$473.49M,-0.24
UB-USDZ,0.4155,$488.23M,5.18
US-ETHFI,0.4155,$818.86M,-8.26
ACRED-STRCX,0.4155,$255.84M,1.82
EIGEN-RAIL,0.4155,$230.44M,-10.54
STAC-ZAMA,0.4154,$240.46M,8.93
USDA-NFT,0.4153,$360.70M,-0.13
MX-WFI,0.4152,$325.13M,-3.68
MON-ONYC,0.4152,$494.40M,-3.1
US-GLM,0.415,$513.73M,-6.36
CTOC-FARTCOIN,0.415,$398.01M,0.71
SEI-SHORT,0.4148,$384.11M,-5.79
AB-AR,0.4147,$212.90M,-13.37
REUSD-SHORT,0.4146,$264.99M,-2.7
DRV-TAG,0.4145,$247.71M,10.58
2Z-BONK,0.4143,$467.28M,-6.33
DYDX-US,0.4142,$516.83M,-7.38
Q-FRXUSD,0.4142,$329.87M,-1.68
STAC-FLOKI,0.4141,$301.15M,-1.46
CHEEMS-GRASS,0.4141,$316.19M,-3.66
DAI-OUSG,0.4139,$471.30M,0.02
MWC-XPIN,0.4136,$258.74M,3.6
TIBBIR-BSV,0.4135,$364.98M,0.37
SOSO-USDF,0.4135,$228.43M,11.04
GRT-FARTCOIN,0.4133,$284.36M,-2.41
CASH-CRVUSD,0.4133,$334.07M,-0.1
APEPE-UUSD,0.4132,$301.15M,0.32
SOON-PYTH,0.4132,$411.37M,28.44
STX-GEOD,0.4132,$344.86M,-5.03
BORG-MX,0.4131,$288.86M,-4.76
INJ-KMNO,0.413,$557.26M,-2.38
TIA-AWE,0.413,$412.31M,-4.87
TWT-AERO,0.413,$562.84M,3.49
SNX-THETA,0.413,$248.53M,-4.81
WIF-USDAI,0.413,$303.78M,0.64
AKE-FET,0.413,$401.44M,26.24
EDGE-SEI,0.4129,$422.53M,-5.43
TKX-AERO,0.4129,$517.82M,0.76
GNO-STRCX,0.4129,$423.44M,1.54
SN64-FRAX,0.4129,$310.06M,1.78
FDUSD-NFT,0.4128,$610.62M,0.04
FLUID-XCN,0.4127,$215.95M,-2.33
BP-REUSD,0.4127,$281.67M,2.93
ICNT-REAL,0.4127,$350.63M,-8.07
FF-USDAI,0.4127,$349.72M,3.67
ICNT-RAIL,0.4124,$191.42M,-11.83
DEXE-FRXUSD,0.4123,$384.00M,23.07
VELVET-FDUSD,0.4121,$512.60M,-7.85
CVX-GUSD,0.4121,$284.32M,7.08
GRX-MON,0.4121,$372.29M,-3.28
FF-BSV,0.4121,$450.78M,1.6
OUSG-FRXUSD,0.412,$490.17M,-0.01
CVX-ACRED,0.4119,$249.86M,6.97
FLOKI-GRASS,0.4119,$414.38M,-5.38
TRAC-USDF,0.4119,$235.50M,-3.26
OZO-SOSO,0.4118,$241.89M,11.05
CVX-FLOKI,0.4117,$333.32M,5.55
AXS-PYTH,0.4117,$465.05M,-9.58
DAI-COCO,0.4116,$275.27M,-3.31
RAY-FRAX,0.4116,$383.07M,-2.58
CASH-EIGEN,0.4115,$262.61M,-6.45
DCR-STRCX,0.4115,$343.57M,-0.17
CARDS-SUN,0.4115,$611.16M,3.24
VSN-FLOKI,0.4114,$349.40M,-0.83
BTW-KAG,0.4114,$448.49M,-1.68
BC-TWT,0.4114,$368.04M,8.18
LUNC-FRAX,0.4113,$498.96M,-4.35
GLM-STRK,0.4113,$283.97M,-3.69
STRK-XPL,0.4113,$409.80M,-0.51
CRVUSD-ONYC,0.4113,$458.26M,-0.02
REUSD-JTO,0.4113,$436.07M,-7.02
ETHFI-APYUSD,0.4113,$558.02M,-2.48
GPS-SPCXB,0.4112,$181.54M,1.83
1INCH-NFT,0.4111,$380.34M,-1.45
TKX-GPS,0.411,$199.45M,2.83
AXS-CRVUSD,0.411,$355.74M,-4.21
XPIN-CRCLON,0.411,$237.75M,1.43
USDTB-KAITO,0.4109,$664.79M,11.17
CASH-REAL,0.4109,$371.08M,-0.37
ICNT-PIEVERSE,0.4109,$283.65M,-7.95
LUNC-TIBBIR,0.4108,$385.38M,-2.14
LUNC-PYTH,0.4108,$600.26M,-10.05
RLB-GRX,0.4108,$228.37M,1.99
SOON-ZAMA,0.4108,$227.82M,42.78
DAI-STX,0.4107,$341.57M,-8.72
KAU-SFP,0.4107,$411.04M,-2.74
TAG-GUSD,0.4107,$294.57M,16.97
RAIL-GUSD,0.4107,$239.35M,-4.07
TAG-BTT,0.4106,$404.54M,15.59
2Z-FDUSD,0.4104,$548.43M,-2.62
FLUID-ICNT,0.4104,$187.86M,-6.85
RAIL-MON,0.4104,$338.04M,-7.27
FLUID-REUSD,0.4103,$253.72M,0.91
RLB-SEI,0.4102,$390.83M,-0.95
CRVUSD-DASH,0.4102,$609.48M,-2.9
ZRO-GNO,0.41,$567.40M,1.1
STRK-A,0.41,$291.50M,-3.56
GRX-PYTH,0.4099,$445.46M,-5.56
KAITO-FRAX,0.4099,$529.34M,11.46
KAU-PEANUT,0.4098,$492.84M,-2.3
UUSD-FET,0.4098,$405.70M,-5.18
SPCXB-EURCV,0.4098,$234.97M,-0.44
NXM-TRAC,0.4097,$210.54M,-2.72
FLUID-GPS,0.4097,$182.30M,3.21
1INCH-USDTB,0.4096,$471.34M,-1.57
ZRO-APXUSD,0.4096,$579.81M,3.27
META-AKE,0.4096,$190.94M,35.86
USAT-EURCV,0.4095,$334.66M,0.03
TRAC-GLIDR,0.4095,$225.05M,-4.75
THETA-GRASS,0.4095,$341.96M,-6.66
FLOKI-TRAC,0.4094,$322.17M,-4.75
USDAT-XPL,0.4093,$360.39M,0.63
KITE-THBILL,0.4091,$349.94M,0.41
VELVET-VCNT,0.409,$330.95M,-6.55
TIA-NEX,0.409,$396.82M,-7.87
TIBBIR-GALA,0.409,$195.10M,-2.14
JTO-KOGE,0.409,$482.78M,-7.33
US-ZK,0.4089,$503.32M,-9.23
NFT-GUSD,0.4089,$414.03M,0.11
DRV-A,0.4087,$204.93M,-8.74
GRT-Q,0.4085,$381.30M,-4.59
OZO-ZAMA,0.4085,$263.11M,8.9
EIGEN-ZAMA,0.4084,$278.40M,2.47
NFT-GLIDR,0.4084,$365.91M,-1.42
KMNO-ETHFI,0.4082,$497.91M,-1.26
LUNC-WFI,0.4081,$453.44M,-7.47
GALA-STX,0.4081,$339.13M,-13.32
A-EURCV,0.4081,$251.73M,-2.32
KAU-ZAMA,0.408,$446.12M,8.54
BTW-AIAT,0.4079,$352.78M,-0.28
BORG-AIAT,0.4078,$256.25M,-2.54
RAY-GEOD,0.4078,$257.35M,0.86
NXM-GRASS,0.4077,$302.74M,-3.36
EDGE-NFT,0.4077,$400.50M,-2.3
ACRED-SOON,0.4077,$205.05M,33.82
OHM-ICNT,0.4076,$377.38M,-8.21
DAI-ETHFI,0.4075,$490.94M,-4.43
1INCH-SYRUP,0.4075,$323.06M,-4.45
US-EURCV,0.4075,$568.40M,-3.77
COCO-FRAX,0.4075,$404.29M,-3.05
BP-ANTFUN,0.4075,$396.54M,4.52
FLOKI-JTO,0.4075,$467.15M,-8.55
GNO-KAG,0.4073,$496.34M,-0.34
NEX-STRCX,0.4073,$231.12M,-2.58
INJ-AR,0.4072,$575.29M,-7.41
ACRED-FRXUSD,0.4071,$224.96M,-0.11
XEC-GEOD,0.4071,$213.80M,-5.59
GRASS-XPL,0.4071,$436.46M,-3.23
META-PENGU,0.407,$467.13M,3.14
DASH-ONYC,0.407,$643.64M,-2.76
FLUID-XPL,0.4069,$306.87M,1.53
ZRO-XTZ,0.4068,$510.23M,-3.94
FDUSD-GLIDR,0.4068,$447.48M,-1.53
BTW-EDGE,0.4067,$370.77M,-4.06
VELVET-NEO,0.4067,$300.28M,-11.71
DAI-TRAC,0.4066,$214.72M,-3.26
AWE-CRCLON,0.4066,$198.67M,-0.74
AVUSD-MON,0.4066,$364.17M,-3.1
IMX-XPIN,0.4065,$372.22M,-3.85
SPX-USDZ,0.4065,$429.46M,-3.04
GRX-Q,0.4065,$344.05M,-1.76
ULTIMA-AWE,0.4064,$287.52M,-3.93
ETHFI-GUSD,0.4062,$549.40M,-4.38
VSN-SHORT,0.406,$248.45M,-2.08
CASH-SPCXB,0.406,$207.55M,-0.53
USAT-GEOD,0.406,$279.57M,3.65
SPCXB-GOMINING,0.406,$201.10M,-1.07
GRX-APXUSD,0.4059,$419.15M,1.71
ANTFUN-AKE,0.4058,$377.83M,32.99
SPX-TEL,0.4057,$476.39M,-4.24
APEPE-SPCXB,0.4057,$286.90M,-0.13
USDA-FARTCOIN,0.4057,$219.19M,0.34
MWC-BTT,0.4056,$373.31M,1.34
TIBBIR-ULTIMA,0.4056,$288.19M,-0.01
RLB-TKX,0.4055,$207.72M,2.6
VELVET-GEOD,0.4054,$260.85M,-4.12
BAT-BSV,0.4054,$361.91M,-7.3
NEO-RAIL,0.4053,$223.62M,-8.0
NXM-BC,0.4052,$306.44M,5.49
EARNETH-SHORT,0.4052,$244.49M,-2.04
RLB-VELVET,0.4051,$270.77M,-5.71
TAG-RAIL,0.4051,$234.91M,12.82
2Z-GEOD,0.405,$296.68M,1.11
USDAT-SOON,0.405,$229.81M,33.86
DYDX-AIAT,0.4047,$215.85M,-2.12
SNX-USDZ,0.4047,$249.82M,-2.24
DRV-MANA,0.4046,$234.03M,-6.26
USDAT-MANA,0.4045,$271.18M,0.06
GOMINING-EURCV,0.4045,$265.00M,-0.49
ETHFI-ANTFUN,0.4045,$682.20M,-2.79
MON-BAT,0.4045,$351.61M,-8.37
THETA-BTSE,0.4044,$259.20M,-8.92
RLB-USDA,0.4043,$200.45M,1.9
CAKE-TAG,0.4043,$592.26M,16.92
NXM-TEL,0.4042,$261.19M,-0.86
EDGE-SHFL,0.4042,$257.37M,-5.74
STRCX-A7A5,0.4042,$619.00M,1.57
GNO-USDA,0.4038,$378.82M,-0.55
STRK-CHZ,0.4038,$333.35M,-4.3
VSN-IMX,0.4035,$378.22M,-3.9
OZO-KAITO,0.4035,$434.57M,11.22
ENS-A7A5,0.4035,$654.28M,-1.72
NXM-SUN,0.4034,$429.16M,-0.94
GRT-WEMIX,0.4034,$261.77M,-10.1
VELVET-TKX,0.4033,$269.95M,-7.32
APXUSD-ULTIMA,0.4033,$476.76M,-0.64
NEX-APYUSD,0.4033,$248.46M,-2.53
SPX-USDAT,0.4032,$441.87M,-2.87
ICNT-ENS,0.4032,$277.64M,-9.13
SEI-UQC,0.4031,$394.57M,-3.12
BP-APYUSD,0.4031,$272.36M,4.83
TEL-GLIDR,0.4031,$275.70M,-2.89
ZBT-ANTFUN,0.4031,$396.25M,2.71
SAND-XPL,0.403,$345.77M,-3.7
AXS-REUSD,0.4027,$311.12M,-4.09
ULTIMA-FARTCOIN,0.4027,$304.71M,-1.93
ZRO-AIAT,0.4026,$402.73M,2.85
OHM-KAITO,0.4026,$585.07M,10.72
UUSD-ONYC,0.4026,$345.99M,0.0
TEL-A7A5,0.4026,$652.52M,-1.71
PEANUT-SUN,0.4026,$526.83M,-3.42
APEPE-ENS,0.4025,$377.43M,-1.03
USTBL-STX,0.4025,$411.36M,-8.7
TIA-ACRED,0.4024,$421.53M,-3.47
USDAT-SPCXB,0.4024,$225.33M,-0.54
ULTIMA-GEOD,0.4021,$276.05M,1.22
TRAC-BTT,0.4021,$383.14M,-4.59
TIBBIR-DCR,0.402,$309.26M,0.41
APEPE-WEMIX,0.4019,$301.78M,-6.77
EIGEN-TRAC,0.4017,$264.26M,-9.68
IMX-FRAX,0.4016,$447.39M,-4.32
TKX-ZAMA,0.4016,$241.25M,9.39
OZO-VET,0.4015,$514.25M,-2.6
NEO-ZAMA,0.4015,$271.59M,5.0
ZBT-CRCLON,0.4015,$206.80M,1.8
VET-WFI,0.4015,$563.50M,-5.48
GPS-FLOKI,0.4012,$294.52M,0.85
CARDS-IOTA,0.4012,$416.44M,1.03
EURC-TRAC,0.4012,$573.70M,-3.18
STAC-RAY,0.4011,$265.65M,-2.8
USDAT-EIGEN,0.4011,$280.39M,-6.46
SEI-APXUSD,0.401,$581.61M,-1.23
SEI-XTZ,0.4009,$512.03M,-8.43
TIBBIR-TRAC,0.4009,$230.15M,-0.79
ZBCN-AIAT,0.4008,$295.25M,-2.52
APR-FET,0.4007,$502.31M,-3.93
VIRTUAL-SOON,0.4007,$459.58M,29.72
VIRTUAL-SOSO,0.4006,$486.16M,6.87
JTO-AR,0.4006,$384.69M,-8.94
Q-BTT,0.4006,$479.42M,-2.97
VSN-PIEVERSE,0.4005,$332.98M,0.43
1INCH-PENDLE,0.4005,$366.47M,-5.18
APXUSD-FRAX,0.4005,$515.12M,2.08
STRCX-RAIL,0.4005,$230.64M,-2.23
LUNC-WEMIX,0.4004,$379.32M,-11.75
GRX-JASMY,0.4004,$335.68M,-1.08
AB-PEANUT,0.4003,$281.38M,-13.44
ZBCN-BONK,0.4003,$442.22M,-7.68
FLUID-KMNO,0.4003,$184.31M,4.02
GOMINING-XPIN,0.4003,$260.46M,0.15
RLB-DASH,0.4002,$501.71M,-0.72
OZO-DASH,0.4002,$522.73M,-2.81
SNX-SOON,0.4002,$212.44M,31.85
EDGE-GRT,0.4001,$297.32M,-5.33
GPS-USDA,0.4001,$192.19M,2.14
CARDS-USAT,0.4001,$454.10M,4.66
MX-ZAMA,0.4001,$288.40M,8.08
VELVET-NFT,0.4,$431.02M,-7.74
VIRTUAL-ICNT,0.3999,$471.14M,-11.88
MX-KOGE,0.3999,$364.74M,-1.08
STAC-KMNO,0.3998,$200.66M,3.19
META-USDAI,0.3998,$252.85M,4.49
CARDS-TRUMP,0.3998,$626.26M,1.87
DAI-BORG,0.3995,$229.32M,-3.96
STAC-USDTB,0.3995,$458.17M,-0.01
AKT-COCO,0.3995,$312.61M,-11.0
JTO-GUSD,0.3995,$418.14M,-7.02
1INCH-VIRTUAL,0.3994,$485.39M,-5.69
APXUSD-BAT,0.3994,$398.47M,-3.39
DASH-SUN,0.3994,$739.72M,-4.29
SPCXB-PENDLE,0.3994,$336.19M,-4.16
BTW-KAITO,0.3993,$544.07M,9.52
DYDX-ZRO,0.3992,$382.62M,-2.09
KAU-DCR,0.3992,$511.09M,-2.41
BC-PIEVERSE,0.3992,$401.65M,4.73
ICNT-MET,0.3992,$190.99M,-6.33
STAC-REUSD,0.3991,$270.08M,0.07
CASH-RAY,0.3991,$285.02M,-2.85
ACRED-FLOKI,0.3991,$313.55M,-1.56
GUSD-TRUMP,0.3991,$506.90M,-2.8
DAI-ZK,0.399,$175.40M,-5.39
KAU-GUSD,0.3989,$457.81M,-0.32
TKX-FRAX,0.3989,$323.51M,0.74
TRAC-NFT,0.3989,$388.19M,-3.18
PYTH-APYUSD,0.3989,$479.49M,-3.51
FLUID-SOSO,0.3988,$202.87M,11.91
EDGE-FET,0.3986,$441.89M,-7.5
AXS-USDZ,0.3986,$271.08M,-4.34
ZANO-FRXUSD,0.3986,$241.08M,-3.79
EDGE-CRVUSD,0.3985,$348.02M,-2.45
TIA-TAG,0.3985,$451.56M,13.53
TAG-THETA,0.3985,$271.16M,14.16
LUNC-COCO,0.3984,$463.12M,-7.9
GPS-GUSD,0.3983,$245.52M,2.38
STRCX-GEOD,0.3983,$235.14M,5.58
APEPE-PENDLE,0.3982,$452.01M,-3.28
STX-PRL,0.3982,$334.59M,2.01
AXS-WFI,0.3981,$318.23M,-7.01
UQC-SNX,0.3981,$230.45M,-2.1
ETHFI-BAT,0.3981,$503.31M,-9.63
ACRED-APYUSD,0.398,$273.17M,1.87
AIAT-ZAMA,0.398,$255.79M,10.3
FDUSD-BORG,0.3979,$484.37M,-3.99
LUNC-FARTCOIN,0.3978,$401.91M,-4.06
STRK-STRCX,0.3978,$330.01M,0.71
VSN-SOSO,0.3977,$267.48M,11.7
DYDX-APR,0.3977,$294.26M,-2.33
MWC-FDUSD,0.3977,$459.94M,2.6
RLB-JASMY,0.3976,$315.86M,1.14
USDAT-RAY,0.3976,$302.81M,-2.86
TWT-AWE,0.3976,$254.29M,1.76
STAC-PENGU,0.3975,$474.36M,-1.33
BC-REAL,0.3974,$468.63M,4.61
DCR-WFI,0.3972,$377.32M,-4.93
AWE-SHORT,0.3972,$203.37M,-4.2
LUNC-FLUID,0.3971,$365.18M,-3.73
STAC-AB,0.3971,$199.49M,-11.46
ONYC-AR,0.3971,$362.26M,-1.82
STRCX-NFT,0.397,$405.32M,1.96
1INCH-COMP,0.3969,$275.14M,-5.95
ZRO-CARDS,0.3969,$553.62M,6.15
DRV-OZO,0.3968,$227.94M,-6.34
AKT-USDA,0.3967,$224.57M,-7.9
FLUID-KOGE,0.3967,$300.43M,0.6
GLM-KAG,0.3966,$308.45M,-2.51
EARNETH-ZAMA,0.3964,$284.75M,9.6
EDGE-AR,0.3963,$252.03M,-4.25
USDAT-USDF,0.3963,$251.64M,-0.03
APEPE-PIEVERSE,0.3962,$383.44M,0.15
UUSD-THETA,0.3962,$225.88M,-2.83
CARDS-THETA,0.3962,$394.96M,1.94
ZBT-ETHFI,0.3962,$513.84M,-3.34
RAIL-NFT,0.3962,$354.37M,-4.04
GRX-SN64,0.3961,$214.09M,1.41
VIRTUAL-SHFL,0.396,$490.97M,-7.54
LDO-ZBT,0.3959,$417.14M,-2.26
A7A5-BSV,0.3959,$736.70M,-2.4
SOON-TAG,0.3958,$235.08M,50.81
GUSD-WFI,0.3958,$324.05M,-2.84
OZO-USAT,0.3957,$310.53M,-0.04
DAI-TRUMP,0.3956,$448.44M,-2.84
TKX-KAG,0.3956,$317.13M,0.5
DAI-UUSD,0.3955,$190.84M,-0.06
RLB-SAND,0.3954,$229.46M,-2.26
CAKE-GEOD,0.3954,$541.54M,3.69
OUSG-CTOC,0.3953,$655.25M,0.19
APXUSD-PYTH,0.3953,$616.42M,-3.62
GNO-GOMINING,0.3953,$398.21M,-0.91
ICNT-SYRUP,0.3953,$308.82M,-10.64
USDA-TEL,0.395,$270.49M,-1.6
EARNETH-USDF,0.3949,$258.78M,0.7
OZO-PEANUT,0.3949,$309.83M,-1.94
XTZ-PENGU,0.3949,$597.19M,-6.74
THETA-EURCV,0.3949,$275.53M,-2.7
NXM-ACRED,0.3948,$201.91M,0.47
SNX-RAIL,0.3948,$212.28M,-6.14
RLB-GRT,0.3947,$265.62M,-0.85
ZANO-PIEVERSE,0.3947,$313.24M,-3.98
SPX-TAG,0.3944,$447.14M,14.09
WEMIX-XPIN,0.3944,$245.32M,-6.43
APR-EIGEN,0.3943,$336.98M,-5.23
PENDLE-AKE,0.3942,$346.17M,27.71
RAY-A7A5,0.3942,$641.21M,-3.14
AIAT-A7A5,0.3942,$596.18M,1.1
GALA-BONK,0.3941,$353.56M,-8.35
AKT-BTSE,0.394,$261.50M,-13.84
GPS-BORG,0.394,$234.28M,-1.61
DEXE-PENGU,0.3939,$645.80M,21.75
META-BTT,0.3939,$354.89M,3.17
FLUID-XEC,0.3939,$205.74M,-8.41
STAC-THETA,0.3938,$228.74M,-2.74
1INCH-DYDX,0.3936,$213.68M,-5.05
DYDX-UQC,0.3935,$205.89M,-3.59
GLM-ENS,0.3935,$270.83M,-3.92
VSN-FRXUSD,0.3934,$260.81M,0.62
AWE-TRAC,0.3934,$229.49M,-4.72
ZANO-PYTH,0.3934,$452.52M,-9.19
BP-PIEVERSE,0.3933,$296.32M,2.66
STX-ANTFUN,0.3933,$532.82M,-7.09
NXM-ZAMA,0.3932,$224.68M,9.43
CVX-GPS,0.3931,$230.82M,9.38
CARDS-SYRUP,0.3931,$476.11M,1.78
AVUSD-TRAC,0.3928,$239.64M,-3.2
IMX-APXUSD,0.3927,$522.38M,-2.74
BAT-TRUMP,0.3927,$460.80M,-8.05
EDGE-PEANUT,0.3926,$320.51M,-4.32
VIRTUAL-WIF,0.3926,$515.91M,-3.52
UQC-BTSE,0.3926,$241.13M,-6.21
FLOKI-TEL,0.3926,$372.82M,-2.89
OZO-AB,0.3925,$222.14M,-11.49
MWC-VELVET,0.3924,$280.34M,-5.5
APEPE-GLM,0.3924,$296.12M,-2.14
COCO-NEX,0.3924,$274.55M,-7.77
ULTIMA-PYTH,0.3924,$503.06M,-7.91
WEMIX-BTT,0.3924,$359.90M,-8.48
FRXUSD-BTT,0.3924,$369.39M,-1.37
STAC-EDGE,0.3923,$238.62M,-2.34
REUSD-RAIL,0.3923,$257.28M,-4.07
SOSO-TRUMP,0.3923,$473.98M,8.2
UB-BTSE,0.3922,$493.95M,-0.76
OUSG-FARTCOIN,0.3921,$503.26M,0.56
META-COCO,0.3921,$279.64M,1.2
CRVUSD-AIAT,0.3921,$330.03M,1.33
EIGEN-GUSD,0.392,$290.10M,-6.39
NEO-SFP,0.3919,$236.51M,-6.28
KMNO-BORG,0.3919,$236.29M,-0.8
DASH-WFI,0.3919,$571.98M,-5.69
USAT-ONYC,0.3919,$431.43M,0.01
ZBT-EURCV,0.3919,$263.38M,1.15
JASMY-ZAMA,0.3919,$349.40M,7.94
ZBCN-SHORT,0.3918,$274.83M,-6.67
KMNO-PEANUT,0.3918,$282.56M,1.21
UQC-GRASS,0.3918,$323.89M,-3.96
RLB-RAY,0.3916,$267.28M,-0.73
USDTB-USDF,0.3916,$467.36M,-0.05
APYUSD-BAT,0.3914,$261.54M,-3.28
FARTCOIN-COMP,0.3913,$282.34M,-3.89
IMX-1INCH,0.3912,$343.14M,-6.09
TIA-GEOD,0.3912,$400.84M,0.29
ZANO-AIAT,0.3912,$249.14M,-2.34
PENDLE-CHZ,0.3912,$394.79M,-6.78
PYTH-USDZ,0.3912,$448.75M,-5.65
BTW-A7A5,0.3911,$713.00M,-2.0
AVUSD-A,0.3911,$218.27M,-2.34
KAG-XEC,0.391,$333.15M,-9.27
APR-SAND,0.3909,$321.58M,-3.17
CVX-APYUSD,0.3909,$292.94M,8.98
GOMINING-EIGEN,0.3909,$256.16M,-6.99
APXUSD-SOSO,0.3908,$411.65M,12.87
NXM-USDAT,0.3906,$226.67M,0.51
UUSD-SOSO,0.3906,$216.37M,10.99
ENS-BTSE,0.3906,$309.18M,-7.55
STAC-USDF,0.3905,$214.48M,0.03
VCNT-MX,0.3905,$315.03M,0.45
APEPE-AVUSD,0.3904,$317.34M,0.43
APXUSD-PENDLE,0.3904,$545.71M,-1.82
ICNT-FRAX,0.3904,$321.64M,-7.47
RLB-AR,0.3903,$220.33M,0.23
APYUSD-AKE,0.3902,$253.65M,33.3
BC-SYRUP,0.3899,$426.82M,2.03
SFP-AERO,0.3897,$517.10M,-2.12
CHEEMS-WEMIX,0.3896,$200.74M,-6.91
TRAC-FRAX,0.3896,$343.73M,-3.0
KAU-AERO,0.3895,$722.68M,-0.09
TKX-SUN,0.3894,$445.73M,-0.97
META-KOGE,0.3894,$309.56M,4.23
VET-USDZ,0.3894,$516.35M,-2.81
STAC-DEXE,0.3893,$376.72M,23.14
META-ONYC,0.3893,$341.62M,4.56
KMNO-KOGE,0.3893,$312.17M,2.88
JTO-TRUMP,0.3893,$626.03M,-9.9
CHEEMS-PIEVERSE,0.3892,$282.40M,0.0
APXUSD-FLOKI,0.3891,$493.57M,0.34
SNX-FET,0.3891,$428.35M,-7.16
CVX-APXUSD,0.389,$429.87M,8.87
GLM-SHFL,0.389,$216.16M,-5.88
ULTIMA-APYUSD,0.389,$339.83M,-0.53
INJ-PIEVERSE,0.3889,$641.32M,-5.77
AKT-UQC,0.3889,$236.41M,-7.76
LUNC-STAC,0.3888,$381.54M,-4.57
IMX-BTSE,0.3887,$360.43M,-10.71
CVX-SYRUP,0.3886,$342.06M,4.11
RLB-PYTH,0.3884,$425.63M,-3.34
SPX-SUN,0.3883,$644.36M,-4.31
USAT-ENS,0.3883,$361.30M,-1.46
US-REUSD,0.3882,$586.40M,-3.81
TIBBIR-NEO,0.3882,$240.26M,-1.43
STRCX-SUN,0.3882,$483.08M,0.42
STAC-SAND,0.3881,$227.83M,-4.33
VCNT-COMP,0.3881,$323.77M,-3.16
USDA-FRAX,0.3881,$316.24M,0.05
STX-FRXUSD,0.388,$360.44M,-8.76
CASH-A7A5,0.3879,$600.22M,-0.33
UQC-ONYC,0.3879,$354.22M,-0.01
RAIL-REAL,0.3879,$338.90M,-4.46
USDTB-VCNT,0.3878,$519.97M,1.22
BTSE-BSV,0.3878,$391.60M,-8.23
KAU-APEPE,0.3877,$509.67M,0.02
CVX-KAG,0.3877,$348.51M,7.05
FLUID-UUSD,0.3876,$186.07M,0.82
2Z-UUSD,0.3874,$302.12M,-2.63
1INCH-FRAX,0.3873,$335.88M,-1.27
ZBT-USDZ,0.3873,$241.34M,0.88
TIA-XTZ,0.3871,$531.96M,-8.78
RAIL-BTT,0.3871,$349.32M,-5.45
TKX-BTT,0.387,$362.92M,-0.84
GNO-TEL,0.387,$456.96M,-1.74
NEO-A7A5,0.387,$611.98M,-4.2
PENDLE-BAT,0.387,$354.07M,-8.87
USDAT-SAND,0.3869,$264.99M,-4.39
GLM-NFT,0.3869,$359.28M,-2.44
FDUSD-A,0.3869,$448.39M,-2.43
SYRUP-XPL,0.3869,$427.83M,-2.27
EURCV-USDF,0.3869,$261.27M,0.07
VIRTUAL-APXUSD,0.3868,$664.63M,-2.34
GRX-BORG,0.3868,$262.37M,-4.07
KAITO-MANA,0.3868,$440.65M,11.3
ICNT-AWE,0.3868,$207.39M,-9.18
SPCXB-JASMY,0.3868,$297.12M,-1.47
KAU-EIGEN,0.3867,$448.90M,-6.78
XEC-SUN,0.3867,$461.75M,-10.75
CHEEMS-AWE,0.3866,$206.14M,-1.23
STRK-MX,0.3866,$339.80M,-1.98
USDTB-XEC,0.3865,$474.98M,-9.33
GOMINING-PEANUT,0.3865,$300.10M,-2.51
SPX-SOON,0.3864,$392.08M,31.04
STRK-XEC,0.3864,$308.67M,-10.45
TRAC-PYTH,0.3862,$445.03M,-8.7
IMX-AVUSD,0.386,$343.30M,-4.51
BORG-A,0.386,$240.56M,-6.34
INJ-BC,0.3859,$678.81M,-0.58
ZBCN-GRX,0.3859,$301.37M,-4.04
STX-XCN,0.3859,$380.18M,-11.92
SYRUP-GRASS,0.3859,$423.12M,-6.82
SUN-EURCV,0.3859,$491.73M,-1.4
CTOC-SPCXB,0.3858,$360.54M,-0.35
ACRED-REUSD,0.3858,$282.47M,-0.03
CRVUSD-SUN,0.3856,$554.34M,-1.55
2Z-STX,0.3855,$452.85M,-11.3
GEOD-EURCV,0.3855,$243.78M,3.76
UB-PRL,0.3854,$444.91M,16.11
STX-APYUSD,0.3854,$408.64M,-6.78
CASH-XCN,0.3853,$251.68M,-3.22
CTOC-SHFL,0.3853,$396.40M,-3.2
BTSE-EURCV,0.3852,$282.55M,-6.07
TWT-CRCLON,0.3851,$241.32M,3.94
NEX-TRUMP,0.3851,$447.72M,-7.3
TAG-WFI,0.3851,$319.61M,14.06
LUNC-CARDS,0.385,$547.77M,0.11
MWC-US,0.385,$532.81M,0.81
VSN-SEI,0.3849,$437.45M,-2.39
USTBL-NEX,0.3848,$251.17M,-4.44
KITE-SUN,0.3848,$574.29M,-1.2
SN64-WFI,0.3848,$264.54M,-1.34
2Z-TAG,0.3847,$347.40M,14.35
KAG-PRL,0.3847,$297.76M,10.73
KAG-CRCLON,0.3847,$306.54M,0.73
WIF-SYRUP,0.3847,$353.59M,-2.28
DYDX-DEXE,0.3846,$371.95M,19.58
RLB-AKE,0.3845,$199.80M,33.47
TIA-GRASS,0.3845,$522.36M,-7.29
UQC-SOON,0.3845,$198.03M,33.82
OZO-SHFL,0.3842,$246.70M,-3.36
FDUSD-XPIN,0.3842,$490.99M,0.68
KAU-EURC,0.3841,$758.34M,-0.28
STRK-A7A5,0.3841,$667.42M,-1.48
UQC-BONK,0.384,$372.97M,-3.81
CTOC-CRVUSD,0.384,$487.05M,0.09
ZK-GEOD,0.3838,$178.70M,-1.69
UQC-BORG,0.3837,$246.29M,-4.01
KAU-RAIL,0.3836,$398.15M,-4.47
FLUID-XTZ,0.3836,$311.76M,-4.51
DRV-APXUSD,0.3835,$397.70M,-4.52
DEXE-PENDLE,0.3835,$524.73M,19.45
CRVUSD-USDF,0.3834,$323.89M,-0.08
FARTCOIN-BTT,0.3834,$382.48M,-0.8
APR-KMNO,0.3833,$294.41M,4.35
VIRTUAL-CHEEMS,0.3833,$469.89M,-3.93
USDAT-Q,0.3833,$359.75M,-1.67
SEI-MON,0.3832,$534.75M,-6.21
USTBL-AERO,0.3832,$575.21M,0.29
CARDS-VET,0.3832,$657.82M,2.1
XTZ-DASH,0.3831,$622.91M,-8.2
KAITO-BP,0.3831,$423.50M,14.11
WIF-GRASS,0.3831,$362.21M,-3.24
EDGE-BONK,0.383,$400.92M,-6.12
RAY-GUSD,0.383,$312.51M,-2.79
FF-AR,0.3829,$308.34M,1.81
SN64-USDZ,0.3829,$217.38M,1.33
DRV-APEPE,0.3828,$304.00M,-5.97
ULTIMA-USDZ,0.3828,$309.09M,-2.67
DASH-CARDS,0.3828,$666.30M,1.89
IMX-NEX,0.3827,$317.65M,-9.03
BC-AWE,0.3827,$325.39M,3.5
PENDLE-CRCLON,0.3827,$343.50M,-2.93
USTBL-FARTCOIN,0.3825,$283.85M,0.56
US-PENDLE,0.3824,$669.62M,-7.5
META-BONK,0.3824,$360.36M,0.75
ZANO-SN64,0.3823,$221.15M,-2.22
KAU-TIBBIR,0.3822,$414.79M,2.11
US-STX,0.3822,$669.48M,-12.56
SPX-BC,0.3821,$521.64M,2.12
FARTCOIN-MON,0.3821,$371.21M,-2.62
SNX-REUSD,0.382,$289.87M,-1.99
AIAT-FRAX,0.382,$338.05M,1.66
VIRTUAL-GPS,0.3819,$465.58M,-1.83
VSN-USTBL,0.3818,$311.74M,0.68
RLB-STRK,0.3818,$293.48M,0.93
INJ-VET,0.3818,$848.19M,-8.15
NEO-REUSD,0.3818,$301.21M,-3.85
ZRO-SOON,0.3816,$374.76M,35.33
GLIDR-USDZ,0.3816,$228.77M,-1.7
APEPE-GEOD,0.3815,$295.71M,4.07
JTO-SOON,0.3815,$358.65M,26.82
MANA-FRXUSD,0.3815,$241.31M,0.05
NEO-CRCLON,0.3812,$226.63M,-3.17
CARDS-NEX,0.3812,$359.20M,0.24
PIEVERSE-AIAT,0.3812,$300.06M,1.18
SPX-RLB,0.3811,$406.35M,-0.74
REUSD-ZBT,0.3811,$281.38M,1.12
PIEVERSE-CHZ,0.3811,$326.22M,-3.36
VSN-DASH,0.381,$548.33M,-2.16
CVX-WIF,0.3808,$281.16M,7.69
TWT-XEC,0.3808,$267.92M,-6.06
STRCX-EURC,0.3808,$590.83M,1.96
META-PRL,0.3807,$179.48M,15.23
CAKE-BTSE,0.3807,$580.30M,-6.15
GPS-TEL,0.3807,$270.32M,0.94
SHORT-PRL,0.3807,$181.62M,7.98
ETHFI-FRXUSD,0.3807,$509.81M,-4.46
COMP-ZAMA,0.3807,$297.14M,4.47
FLOKI-STX,0.3806,$449.03M,-10.21
FF-Q,0.3806,$412.24M,2.04
CVX-ICNT,0.3802,$236.39M,-0.68
ZK-JTO,0.3802,$352.99M,-12.45
BP-SHFL,0.3802,$235.64M,-0.48
STX-BTT,0.3802,$509.99M,-10.05
TEL-BSV,0.3802,$432.81M,-3.48
GRT-XPL,0.3801,$381.93M,-2.29
GOMINING-MX,0.3801,$266.15M,-1.37
INJ-SHFL,0.38,$580.64M,-8.91
GRT-ZBT,0.38,$275.29M,-1.87
AIAT-KOGE,0.38,$332.13M,1.14
LUNC-MX,0.3799,$429.49M,-5.41
NFT-FET,0.3799,$570.44M,-5.05
DEXE-RAIL,0.3798,$363.92M,19.0
NXM-RAIL,0.3797,$176.71M,-3.58
STAC-EIGEN,0.3797,$243.24M,-6.4
SEI-CVX,0.3797,$421.37M,3.99
LUNC-PIEVERSE,0.3796,$460.98M,-4.83
BTW-US,0.3796,$653.76M,-5.53
GRT-XTZ,0.3796,$386.82M,-8.33
LUNC-USDZ,0.3793,$406.29M,-4.8
DAI-DASH,0.3793,$488.48M,-2.83
DRV-USAT,0.3793,$287.87M,-6.4
OHM-ENS,0.3792,$451.88M,-1.9
CAKE-CRCLON,0.3792,$540.04M,0.71
DAI-VIRTUAL,0.3791,$460.62M,-4.17
USDTB-ZRO,0.379,$640.28M,1.4
1INCH-SUN,0.3788,$458.11M,-2.99
JTO-USDZ,0.3788,$396.03M,-7.26
INJ-AVUSD,0.3787,$575.21M,-5.49
SEI-MANA,0.3787,$417.94M,-2.96
INJ-APXUSD,0.3786,$754.29M,-3.71
TIBBIR-UQC,0.3786,$214.50M,2.4
ICNT-KOGE,0.3786,$315.72M,-7.99
FLOKI-SHORT,0.3786,$296.06M,-4.23
ETHFI-TRUMP,0.3786,$757.28M,-7.25
DYDX-JTO,0.3785,$366.50M,-10.59
INJ-ACRED,0.3784,$574.28M,-5.61
MWC-USDZ,0.3784,$241.23M,2.52
TKX-USDF,0.3784,$215.28M,0.49
FLUID-FF,0.3783,$278.57M,4.55
MANA-SHFL,0.3782,$252.78M,-3.28
STAC-RLB,0.3781,$206.92M,2.14
EARNETH-ZRO,0.378,$431.70M,2.15
USDAT-MET,0.378,$229.22M,1.36
A-BONK,0.3779,$367.24M,-6.14
ZBCN-GRASS,0.3778,$393.14M,-7.82
ZANO-TRUMP,0.3777,$488.55M,-6.58
KOGE-XPL,0.3777,$434.74M,0.39
VELVET-PYTH,0.3776,$487.86M,-13.26
VELVET-Q,0.3776,$386.45M,-9.45
GOMINING-SHORT,0.3776,$213.12M,-3.3
NEO-TRAC,0.3775,$257.44M,-7.15
AKT-BSV,0.377,$386.89M,-9.79
COCO-AWE,0.377,$290.04M,-4.76
XEC-A7A5,0.377,$597.66M,-9.59
PYTH-SFP,0.377,$424.09M,-7.83
STAC-GLM,0.3769,$197.41M,-2.48
APR-STRCX,0.3769,$337.18M,3.08
TIBBIR-PENGU,0.3769,$478.20M,1.1
STX-USDZ,0.3769,$377.91M,-8.92
VIRTUAL-UQC,0.3768,$477.59M,-4.23
SAND-TEL,0.3768,$299.50M,-5.76
SAND-ONYC,0.3768,$371.39M,-4.3
NEO-GLM,0.3767,$228.54M,-6.41
KAG-BP,0.3767,$327.93M,2.9
LUNC-USDAT,0.3766,$418.70M,-4.63
GPS-REAL,0.3766,$345.07M,1.99
NXM-USDF,0.3765,$198.71M,0.53
MX-AERO,0.3765,$564.96M,-0.55
GRX-COMP,0.3764,$283.42M,-4.54
ICNT-AIAT,0.3764,$219.55M,-6.31
ZANO-GALA,0.3763,$219.77M,-8.35
STRCX-ANTFUN,0.3763,$423.10M,3.51
LUNC-BC,0.3762,$498.47M,0.36
STAC-STRCX,0.3761,$243.44M,1.92
USDAT-REAL,0.3761,$388.86M,-0.38
WIF-EURCV,0.3761,$295.78M,0.72
1INCH-TRAC,0.376,$239.48M,-4.78
TWT-THETA,0.3759,$274.56M,0.45
IMX-APYUSD,0.3758,$385.45M,-2.63
MWC-GRT,0.3756,$275.19M,0.15
LDO-OZO,0.3756,$428.49M,-3.34
UUSD-AIAT,0.3756,$217.76M,1.36
PENDLE-BONK,0.3756,$515.60M,-7.4
BP-CRVUSD,0.3755,$326.29M,2.81
AWE-DASH,0.3755,$503.25M,-4.28
VCNT-AKE,0.3755,$259.97M,32.63
ONYC-PEANUT,0.3755,$430.74M,-1.89
EARNETH-ACRED,0.3754,$261.98M,0.64
TIBBIR-A7A5,0.3754,$584.69M,2.15
TAG-XPL,0.3754,$365.65M,17.59
GOMINING-CRCLON,0.3753,$208.42M,0.16
COCO-MON,0.3751,$432.42M,-6.46
GLM-ZBT,0.3751,$208.71M,-1.43
CTOC-MX,0.3751,$425.59M,-0.64
EIGEN-SUN,0.375,$482.88M,-7.9
LUNC-GRASS,0.3749,$494.77M,-8.49
1INCH-AKT,0.3749,$244.21M,-9.22
APR-BC,0.3749,$415.96M,6.15
SHORT-PENDLE,0.3749,$348.20M,-6.39
ZRO-CRCLON,0.3748,$377.61M,2.16
GRX-MET,0.3748,$213.51M,1.26
APXUSD-BP,0.3748,$409.29M,4.72
KAG-EURCV,0.3748,$363.13M,0.08
IMX-US,0.3747,$646.29M,-8.41
CHZ-AERO,0.3747,$558.51M,-2.86
RLB-VIRTUAL,0.3746,$473.84M,-2.06
TWT-AVUSD,0.3746,$264.44M,3.28
UB-REUSD,0.3745,$528.27M,5.43
INJ-FLOKI,0.3745,$657.74M,-7.03
APEPE-FF,0.3745,$393.65M,4.06
RAIL-AERO,0.3745,$504.22M,-3.85
EARNETH-AERO,0.3744,$561.32M,0.97
VELVET-TAG,0.3744,$311.57M,9.12
UQC-SYRUP,0.3744,$315.27M,-2.99
THBILL-SHFL,0.3744,$239.33M,-3.22
FLUID-SNX,0.3743,$208.72M,-1.16
COCO-SOON,0.3743,$274.23M,30.58
PEANUT-USDAI,0.3742,$341.98M,-1.96
USDAT-BORG,0.3741,$278.07M,-3.98
APXUSD-XEC,0.374,$414.51M,-7.45
PRL-USDZ,0.3739,$211.46M,10.52
STAC-ONYC,0.3738,$348.85M,0.09
OZO-USTBL,0.3738,$286.14M,0.03
TRUMP-FRAX,0.3738,$577.46M,-2.59
OZO-SAND,0.3736,$250.48M,-4.35
OZO-STRK,0.3735,$314.51M,-1.16
PYTH-FET,0.3735,$627.28M,-10.57
KAU-VELVET,0.3734,$474.81M,-8.17
USTBL-MON,0.3734,$409.04M,-3.14
DCR-GLM,0.3734,$297.54M,-4.57
DRV-APYUSD,0.3732,$260.77M,-4.41
TIBBIR-FDUSD,0.3731,$452.58M,2.42
KMNO-SAND,0.3731,$223.21M,-1.21
DEXE-AERO,0.373,$688.45M,23.37
RLB-PENGU,0.3728,$475.99M,0.74
DEXE-TEL,0.3728,$448.40M,21.71
USTBL-GPS,0.3728,$256.85M,2.36
1INCH-USTBL,0.3727,$276.66M,-1.5
SOON-Q,0.3727,$309.96M,32.24
CHEEMS-VET,0.3726,$489.27M,-2.37
AB-VIRTUAL,0.3725,$466.41M,-15.66
EDGE-LDO,0.3724,$439.17M,-5.72
JTO-REAL,0.3724,$517.69M,-7.41
1INCH-GUSD,0.3723,$265.32M,-1.49
UQC-GALA,0.3723,$196.63M,-4.66
BTW-ZANO,0.3722,$365.96M,-5.44
MWC-FF,0.3721,$306.13M,6.08
BONK-SHFL,0.3721,$386.35M,-7.12
LUNC-APYUSD,0.372,$437.03M,-2.67
SEI-ZRO,0.3719,$571.31M,-1.61
WEMIX-CARDS,0.3719,$369.29M,-2.44
REAL-ZAMA,0.3719,$386.87M,8.54
AVUSD-USDZ,0.3718,$243.37M,-0.15
AERO-FET,0.3718,$720.29M,-4.86
USTBL-FRAX,0.3717,$380.91M,0.27
AVUSD-CRCLON,0.3717,$208.83M,0.77
DAI-ICNT,0.3716,$192.62M,-7.72
KAU-NEX,0.3716,$398.64M,-4.82
JTO-STX,0.3716,$519.15M,-15.78
UQC-DASH,0.3715,$505.45M,-2.88
US-GLIDR,0.3714,$520.35M,-5.34
USDAT-BTT,0.3714,$399.27M,-1.36
REUSD-FRAX,0.3714,$387.50M,0.29
RLB-MX,0.3713,$254.86M,1.29
ACRED-REAL,0.3713,$364.10M,-0.42
OUSG-ZBT,0.3712,$494.20M,1.1
KMNO-GEOD,0.3712,$192.37M,6.85
SOON-AIAT,0.3712,$207.99M,35.29
RLB-TRUMP,0.3711,$461.66M,-0.73
PIEVERSE-BTT,0.3711,$441.56M,-1.57
ICNT-AERO,0.371,$515.94M,-7.45
LUNC-AWE,0.3709,$384.72M,-6.06
1INCH-XCN,0.3709,$245.48M,-4.73
VELVET-KAITO,0.3707,$475.77M,3.4
CHZ-SHFL,0.3707,$265.54M,-6.49
NXM-ICNT,0.3705,$188.44M,-7.18
APEPE-A7A5,0.3705,$679.57M,0.07
ZK-AWE,0.3705,$190.17M,-6.85
ZANO-USDZ,0.3705,$258.55M,-3.95
FARTCOIN-XEC,0.3705,$242.47M,-8.74
DEXE-IOTA,0.3704,$421.66M,19.43
CAKE-ETHFI,0.3704,$847.08M,-4.42
GUSD-FRAX,0.3703,$369.57M,0.29
BC-JTO,0.3702,$488.21M,-2.1
ENS-XEC,0.3702,$295.53M,-10.69
SOON-CRCLON,0.3702,$182.86M,34.6
EIGEN-XPL,0.3702,$361.18M,-5.77
FARTCOIN-WIF,0.3701,$269.35M,1.19
EARNETH-GOMINING,0.37,$262.51M,0.14
SEI-TRAC,0.37,$410.22M,-6.31
FDUSD-FLOKI,0.37,$544.61M,-1.53
US-GEOD,0.3698,$513.31M,-0.15
OHM-SYRUP,0.3698,$483.05M,-3.42
FARTCOIN-FRAX,0.3698,$343.08M,0.79
EURC-KOGE,0.3698,$664.18M,-0.2
OUSG-KITE,0.3697,$612.25M,0.29
UUSD-PRL,0.3697,$183.86M,10.67
TWT-GOMINING,0.3696,$264.03M,2.66
DEXE-SHORT,0.3695,$371.63M,20.37
ETHFI-AERO,0.3695,$814.26M,-4.15
STRK-AVUSD,0.3694,$305.19M,-1.12
NEX-IOTA,0.3694,$237.90M,-8.14
UQC-WEMIX,0.3693,$208.44M,-7.21
FF-BTT,0.3693,$451.76M,2.35
AXS-TRAC,0.3692,$267.35M,-7.39
CRVUSD-VCNT,0.3691,$376.49M,1.19
EDGE-DCR,0.369,$338.75M,-4.43
DRV-COCO,0.3689,$286.86M,-9.65
KAG-REUSD,0.3688,$381.13M,0.05
CTOC-WFI,0.3688,$449.55M,-2.71
DEXE-CRCLON,0.3687,$366.93M,23.83
KAU-SPCXB,0.3686,$393.84M,-0.87
SNX-USDF,0.3686,$234.27M,-2.04
KAU-LDO,0.3685,$611.50M,-3.7
GRX-SHFL,0.3682,$245.50M,-3.49
KAG-AKE,0.368,$309.22M,31.37
APR-REAL,0.3679,$445.45M,0.84
MWC-SHFL,0.3679,$235.24M,-1.52
CHEEMS-FDUSD,0.3679,$446.41M,0.2
ICNT-GRASS,0.3679,$317.44M,-11.61
TEL-JASMY,0.3678,$385.90M,-2.36
UB-USDA,0.3677,$457.01M,5.19
AKT-ZAMA,0.3677,$266.20M,1.19
KMNO-MX,0.3677,$248.61M,2.34
TAG-TEL,0.3677,$319.38M,15.53
LUNC-GUSD,0.3676,$428.40M,-4.57
SOON-THETA,0.3676,$216.10M,31.11
MWC-OHM,0.3675,$389.65M,2.32
ZRO-PENDLE,0.3675,$535.41M,-2.21
ACRED-GOMINING,0.3675,$230.60M,-0.63
MON-USDAI,0.3675,$405.63M,-3.17
INJ-VELVET,0.3674,$625.74M,-13.35
1INCH-ONYC,0.3673,$362.02M,-1.47
APR-NEO,0.3673,$330.17M,-2.7
2Z-SHORT,0.3673,$299.89M,-5.32
2Z-CHEEMS,0.3672,$302.65M,-2.34
ZRO-TKX,0.3671,$388.20M,1.94
CHEEMS-WIF,0.3671,$246.66M,0.89
DASH-APYUSD,0.367,$555.56M,-0.88
CARDS-NFT,0.367,$533.39M,4.78
SPX-ICNT,0.3669,$403.65M,-10.56
ZRO-APYUSD,0.3669,$442.88M,3.38
GRX-KITE,0.3669,$356.10M,0.15
TEL-SOSO,0.3669,$290.90M,9.64
DAI-GLIDR,0.3668,$192.43M,-1.5
GPS-SN64,0.3667,$186.00M,3.87
STX-ZBT,0.3667,$364.46M,-7.64
RLB-APXUSD,0.3666,$399.33M,3.93
INJ-GRT,0.3665,$620.58M,-8.49
LDO-OHM,0.3665,$579.00M,-3.84
2Z-MON,0.3665,$450.53M,-5.74
CHEEMS-XPL,0.3665,$320.90M,0.9
SN64-CRCLON,0.3664,$182.84M,2.25
OUSG-JASMY,0.3663,$591.84M,-0.94
USDAI-XCN,0.3663,$287.10M,-3.21
CAKE-GPS,0.3662,$543.20M,2.33
A7A5-GRASS,0.3662,$694.07M,-4.2
NEO-GUSD,0.3661,$283.28M,-3.86
AIAT-SOSO,0.3661,$234.57M,12.45
MWC-TEL,0.366,$288.16M,1.86
EARNETH-SUN,0.366,$489.23M,-0.76
BP-BSV,0.366,$372.73M,0.81
SN64-GUSD,0.366,$239.50M,1.57
BTW-RLB,0.3659,$339.07M,0.41
GRT-STRCX,0.3659,$302.14M,-1.07
UUSD-ZBT,0.3659,$213.73M,1.03
SFP-USDF,0.3659,$214.57M,-2.39
FLOKI-PYTH,0.3658,$519.87M,-6.94
CARDS-SFP,0.3658,$371.60M,2.32
DAI-GLM,0.3657,$185.81M,-2.52
BC-SNX,0.3657,$342.00M,2.93
ZRO-EIGEN,0.3657,$425.35M,-4.98
APXUSD-AKE,0.3657,$390.58M,33.19
SHORT-BTT,0.3657,$357.03M,-4.07
STAC-CAKE,0.3656,$549.84M,0.03
CTOC-XEC,0.3656,$394.46M,-9.11
LDO-FF,0.3654,$495.48M,0.34
AB-XPL,0.3653,$317.43M,-10.84
FLUID-ULTIMA,0.3653,$267.99M,-1.6
STRCX-A,0.3653,$243.08M,-0.5
ZRO-SN64,0.3652,$374.75M,2.97
USAT-PRL,0.3652,$269.30M,10.68
NXM-AWE,0.3651,$192.69M,-0.93
SEI-CARDS,0.3651,$555.42M,1.65
TKX-FET,0.3651,$409.36M,-4.63
CTOC-FRXUSD,0.3651,$384.92M,0.13
TAG-A,0.3651,$247.36M,14.54
STRK-USDAI,0.3649,$346.65M,-1.18
PENDLE-ONYC,0.3649,$496.86M,-3.6
DEXE-BAT,0.3648,$377.49M,17.89
US-COCO,0.3647,$603.19M,-7.15
OHM-PEANUT,0.3647,$460.34M,-2.44
BC-GNO,0.3646,$502.21M,4.61
DCR-FET,0.3646,$508.70M,-7.17
CRVUSD-TRUMP,0.3646,$569.44M,-2.91
APEPE-SOON,0.3645,$291.37M,34.26
SPX-USDF,0.3644,$413.91M,-2.84
CVX-XEC,0.3644,$254.27M,-2.24
FLUID-COMP,0.3644,$245.61M,-3.56
UQC-USDA,0.3644,$204.20M,-0.26
APYUSD-SOSO,0.3644,$274.72M,12.98
1INCH-GRX,0.3643,$239.91M,-1.64
OHM-SAND,0.3643,$400.99M,-4.85
DASH-MANA,0.3643,$528.82M,-2.73
USDA-SOON,0.3643,$186.19M,33.68
FLUID-A7A5,0.3642,$564.49M,0.56
US-UQC,0.3641,$526.99M,-3.91
PENGU-MON,0.364,$619.91M,-4.52
TIBBIR-COMP,0.3639,$265.81M,-1.97
VCNT-RAIL,0.3639,$254.29M,-2.85
XEC-SOSO,0.3639,$236.05M,1.76
NFT-A7A5,0.3639,$742.73M,-0.24
DAI-AVUSD,0.3638,$207.03M,0.05
APEPE-USDA,0.3638,$297.54M,0.18
APXUSD-BORG,0.3638,$433.33M,-2.12
ULTIMA-MX,0.3638,$332.29M,-3.28
CASH-META,0.3637,$217.43M,4.48
AXS-JTO,0.3637,$412.32M,-11.2
AWE-EIGEN,0.3637,$246.41M,-7.89
UUSD-BTSE,0.3636,$232.90M,-6.2
INJ-NEO,0.3635,$593.01M,-9.43
CARDS-XEC,0.3635,$388.32M,-4.57
2Z-GRASS,0.3633,$418.20M,-6.47
BTSE-A7A5,0.3633,$611.32M,-6.45
TIA-USDAT,0.3632,$446.29M,-3.43
PENGU-A,0.3632,$474.01M,-3.75
BSV-SUN,0.3632,$600.78M,-3.56
BTW-AERO,0.3631,$649.17M,-1.42
RLB-RAIL,0.3631,$194.12M,-2.01
KAU-GNO,0.3631,$590.95M,-0.7
LDO-VELVET,0.3631,$469.70M,-11.16
VELVET-KMNO,0.3631,$264.52M,-4.66
GPS-ULTIMA,0.3631,$277.71M,-0.13
CRVUSD-AVUSD,0.3631,$328.03M,-0.03
EIGEN-AERO,0.3631,$554.97M,-6.16
BTSE-AERO,0.3631,$547.48M,-5.88
VSN-VIRTUAL,0.363,$520.46M,-3.5
META-ANTFUN,0.363,$377.72M,6.13
UB-SUN,0.3629,$703.13M,3.92
CRVUSD-USDAI,0.3629,$369.49M,-0.09
ZANO-ANTFUN,0.3629,$413.47M,-2.12
AKT-SHFL,0.3628,$249.79M,-11.07
GEOD-CRCLON,0.3628,$187.20M,4.41
EDGE-NEX,0.3627,$226.30M,-6.84
1INCH-ULTIMA,0.3626,$297.52M,-3.99
OZO-TIA,0.3626,$431.79M,-3.4
DCR-SOSO,0.3626,$319.37M,8.99
META-KITE,0.3625,$327.42M,4.76
AIAT-MON,0.3624,$366.17M,-1.75
UB-AKE,0.3623,$456.36M,36.75
STX-BAT,0.3623,$353.93M,-13.93
AIAT-XCN,0.3623,$247.64M,-1.79
UB-INJ,0.3622,$820.07M,-0.15
APR-USDA,0.3622,$292.57M,1.0
USDAT-CARDS,0.3622,$408.67M,4.68
SPX-NEX,0.3621,$392.40M,-7.3
UQC-PENDLE,0.3621,$358.67M,-3.72
PIEVERSE-GUSD,0.3621,$331.59M,-0.2
US-XEC,0.362,$538.42M,-13.12
USAT-SHORT,0.362,$282.78M,-2.79
STAC-STRK,0.3619,$291.85M,-1.14
OZO-ICNT,0.3619,$226.87M,-7.71
CHEEMS-BTSE,0.3619,$233.43M,-5.91
WEMIX-USDA,0.3618,$196.60M,-7.35
DCR-CRCLON,0.3617,$295.63M,-1.33
SEI-AVUSD,0.3616,$402.53M,-3.0
VSN-DAI,0.3615,$241.94M,0.66
NXM-GPS,0.3615,$182.88M,2.87
1INCH-NEX,0.3615,$206.15M,-5.99
LDO-AKT,0.3612,$431.59M,-11.05
IMX-GRX,0.3611,$351.42M,-4.68
INJ-KOGE,0.3611,$673.38M,-5.81
TWT-ZANO,0.3611,$279.63M,-0.53
STRK-NEX,0.3611,$279.54M,-5.64
FF-EURCV,0.3611,$341.72M,3.75
US-ICNT,0.361,$520.54M,-11.56
XTZ-NEX,0.3609,$315.80M,-9.84
SFP-USDZ,0.3609,$230.12M,-2.59
FLUID-USAT,0.3608,$271.52M,0.82
DCR-FDUSD,0.3608,$548.88M,-2.09
UB-USAT,0.3607,$546.06M,5.34
AB-TIA,0.3607,$403.33M,-14.9
AB-GRASS,0.3606,$312.71M,-15.39
2Z-USDZ,0.3606,$329.73M,-2.78
EURC-XCN,0.3605,$579.69M,-3.13
GLIDR-GRASS,0.3605,$317.25M,-5.39
FLUID-ZBT,0.3604,$200.23M,1.95
USDAT-USDAI,0.3603,$297.24M,-0.04
CARDS-SN64,0.3603,$358.86M,6.24
GNO-SPCXB,0.3601,$368.18M,-0.86
CARDS-PIEVERSE,0.3601,$450.95M,4.48
PYTH-GUSD,0.36,$470.87M,-5.41
USDAT-VET,0.3599,$528.76M,-2.64
UUSD-JTO,0.3599,$368.42M,-7.11
JTO-TRAC,0.3598,$392.30M,-10.31
KAITO-CRVUSD,0.3597,$521.32M,11.13
LDO-CTOC,0.3596,$578.20M,-3.18
USDTB-GLIDR,0.3596,$456.90M,-1.54
BC-A7A5,0.3596,$697.77M,4.65
2Z-REUSD,0.3596,$369.77M,-2.54
USDA-EURC,0.3596,$546.21M,-0.13
APR-KITE,0.3595,$428.39M,1.46
SOON-REAL,0.3595,$339.07M,33.53
DEXE-NEO,0.3593,$407.86M,19.22
US-FDUSD,0.3593,$765.06M,-3.88
KAG-ENS,0.3593,$389.76M,-1.4
LDO-AVUSD,0.3592,$419.17M,-3.29
TIA-JTO,0.3592,$575.13M,-10.46
ZRO-OHM,0.3591,$560.56M,0.95
TIBBIR-NFT,0.3591,$371.01M,2.53
BC-STRCX,0.359,$360.36M,6.84
OZO-EIGEN,0.359,$265.89M,-6.42
EIGEN-BONK,0.359,$405.54M,-10.18
INJ-XPL,0.3589,$679.82M,-4.88
CASH-US,0.3589,$540.98M,-3.86
OHM-PIEVERSE,0.3589,$457.89M,-0.72
PYTH-MET,0.3589,$410.78M,-4.06
GUSD-USDAI,0.3589,$306.94M,0.03
INJ-CTOC,0.3587,$734.24M,-5.37
OZO-GLM,0.3587,$220.06M,-2.5
TKX-SPCXB,0.3587,$188.98M,-0.02
SHORT-REAL,0.3587,$346.61M,-3.09
ONYC-SOSO,0.3587,$362.79M,11.1
KAITO-BAT,0.3586,$412.68M,6.0
VCNT-EIGEN,0.3585,$305.04M,-5.17
TIBBIR-DASH,0.3584,$503.92M,-0.36
MET-XCN,0.3584,$219.07M,-1.82
MWC-THETA,0.3583,$239.93M,-0.03
SOON-BAT,0.3583,$193.42M,28.67
IMX-FLUID,0.3582,$313.61M,-3.7
DAI-DEXE,0.3581,$365.13M,23.1
DEXE-UUSD,0.3581,$373.87M,23.05
ZANO-THBILL,0.3581,$249.09M,-3.6
KAU-AR,0.358,$424.36M,-2.23
AVUSD-XPL,0.358,$336.56M,0.71
EDGE-VELVET,0.3579,$302.48M,-10.19
TKX-USDA,0.3579,$199.62M,0.29
RLB-TIA,0.3578,$410.76M,-1.3
TEL-REAL,0.3578,$423.37M,-1.75
AVUSD-THETA,0.3577,$242.07M,-2.72
EDGE-KITE,0.3576,$367.98M,-2.11
LDO-ZRO,0.3576,$587.95M,-1.9
GPS-RAY,0.3576,$259.02M,-0.49
TWT-ONYC,0.3574,$394.67M,3.28
SAND-ZANO,0.3574,$256.35M,-8.11
NXM-APR,0.3573,$283.26M,1.73
TWT-FF,0.3572,$340.75M,6.91
XTZ-TEL,0.3572,$399.79M,-6.78
UQC-THETA,0.3572,$234.11M,-2.84
STAC-FDUSD,0.357,$448.74M,-0.0
OHM-MET,0.357,$365.22M,0.89
BC-TAG,0.3569,$364.64M,21.89
GOMINING-A7A5,0.3568,$593.77M,-0.87
STAC-SFP,0.3567,$205.38M,-2.35
GRT-CRCLON,0.3567,$254.20M,-2.23
A7A5-XPIN,0.3567,$623.10M,0.4
CVX-VIRTUAL,0.3566,$504.38M,2.87
DAI-USDF,0.3565,$202.89M,-0.01
2Z-ZBT,0.3564,$316.28M,-1.5
AXS-AIAT,0.3564,$261.67M,-2.73
ZBT-AIAT,0.3564,$231.92M,2.49
A-JASMY,0.3564,$313.88M,-3.35
BC-FLUID,0.3563,$305.86M,5.83
ZANO-CRCLON,0.3563,$224.01M,-3.03
GRT-PIEVERSE,0.3562,$343.43M,-3.19
ZRO-CRVUSD,0.3562,$496.81M,1.37
OUSG-XTZ,0.3561,$605.72M,-5.36
ZBT-TRAC,0.3561,$237.61M,-2.17
AB-STRK,0.3559,$286.05M,-12.67
ZBCN-FRAX,0.3559,$397.34M,-3.68
TIBBIR-STRCX,0.3559,$247.28M,4.34
GRX-JTO,0.3558,$392.73M,-7.18
BC-AB,0.3557,$316.41M,-6.54
XTZ-WEMIX,0.3557,$325.90M,-12.53
EURC-FET,0.3555,$755.95M,-5.05
TRAC-MON,0.3555,$371.86M,-6.41
INJ-2Z,0.3554,$661.57M,-8.12
SEI-AWE,0.3553,$392.37M,-4.52
LUNC-SHFL,0.3552,$400.30M,-7.97
STAC-PYTH,0.3551,$424.00M,-5.41
TWT-STRCX,0.3551,$289.26M,5.11
IMX-MON,0.355,$475.52M,-7.72
AKT-PYTH,0.355,$449.75M,-13.15
RLB-KAU,0.3549,$412.58M,1.75
OHM-ZK,0.3549,$360.16M,-5.88
EDGE-BTT,0.3548,$395.45M,-3.71
USDTB-AB,0.3548,$452.37M,-11.54
TWT-BAT,0.3548,$251.88M,-1.99
COCO-SUN,0.3548,$526.51M,-4.77
FF-PYTH,0.3548,$513.65M,-1.76
VELVET-SOSO,0.3545,$283.09M,3.23
CAKE-FF,0.3545,$639.48M,3.68
COCO-ZAMA,0.3545,$322.03M,5.59
KITE-FET,0.3545,$537.92M,-4.86
NXM-SPCXB,0.3544,$172.41M,0.02
CVX-MON,0.3544,$383.01M,3.88
CHEEMS-GLIDR,0.3544,$201.70M,-1.26
FF-STX,0.3544,$442.80M,-5.04
JTO-FARTCOIN,0.3543,$391.65M,-6.52
SPX-OHM,0.3542,$577.88M,-3.33
STAC-TIBBIR,0.3542,$209.13M,2.49
GRT-ONYC,0.3542,$407.55M,-2.9
SEI-APYUSD,0.3542,$444.68M,-1.12
SPX-CRVUSD,0.3541,$514.13M,-2.92
SPCXB-A,0.3541,$187.82M,-2.9
INJ-STRK,0.354,$648.45M,-6.71
AB-COCO,0.354,$281.06M,-14.8
AWE-PEANUT,0.354,$290.36M,-3.41
XEC-MET,0.3539,$208.87M,-7.9
VCNT-USAT,0.3538,$349.67M,1.22
USTBL-SOON,0.3535,$250.85M,33.91
INJ-CHEEMS,0.3534,$559.55M,-5.3
PYTH-KOGE,0.3534,$535.51M,-5.72
APR-KAITO,0.3533,$505.66M,12.41
CHEEMS-TEL,0.3533,$274.63M,-1.16
BTSE-WFI,0.3532,$307.66M,-9.02
APR-PEANUT,0.3531,$380.93M,-0.75
ZBCN-OHM,0.3531,$453.08M,-4.42
APEPE-TRUMP,0.353,$558.75M,-2.46
UUSD-MON,0.353,$347.98M,-3.21
VCNT-PEANUT,0.353,$348.98M,-0.68
ZRO-USDAI,0.3529,$442.19M,1.44
ZK-GPS,0.3529,$180.36M,-3.05
ENS-SOON,0.3529,$266.08M,32.47
TEL-RAY,0.3529,$337.32M,-4.23
ACRED-SUN,0.3528,$457.33M,-1.54
WIF-EURC,0.3528,$596.38M,0.72
AIAT-BTT,0.3528,$377.45M,0.07
APR-AXS,0.3527,$340.08M,-2.94
INJ-BORG,0.3527,$597.51M,-9.49
KAU-GLM,0.3527,$403.07M,-2.87
KAU-XCN,0.3525,$437.97M,-3.56
VSN-USDAT,0.3524,$290.69M,0.64
WIF-GOMINING,0.3523,$261.91M,0.09
TRAC-VET,0.3523,$512.62M,-5.86
STAC-VCNT,0.3522,$267.09M,1.3
XTZ-USDA,0.3521,$321.65M,-5.58
STAC-VET,0.3518,$491.60M,-2.58
LDO-GUSD,0.3518,$452.70M,-3.31
MWC-RAIL,0.3517,$203.68M,-0.96
OHM-AWE,0.3516,$381.63M,-1.95
SN64-BONK,0.3516,$354.94M,-2.22
APR-US,0.3515,$615.36M,-2.65
DEXE-SOON,0.3515,$364.09M,56.99
AB-FLUID,0.3515,$183.13M,-10.63
TKX-SHORT,0.3515,$201.00M,-2.25
ENS-RAIL,0.3515,$265.92M,-5.52
BTSE-SOSO,0.3514,$249.70M,4.9
DAI-SYRUP,0.3513,$298.30M,-2.93
GRX-APYUSD,0.3512,$282.22M,1.82
VCNT-PRL,0.3511,$248.51M,11.99
SOSO-SUN,0.3511,$458.88M,9.57
SNX-CRCLON,0.351,$215.29M,-1.31
AVUSD-SUN,0.351,$458.27M,-1.41
ZBT-PIEVERSE,0.351,$296.03M,0.85
USTBL-SHFL,0.3509,$282.24M,-3.35
OUSG-CRVUSD,0.3507,$592.30M,-0.06
SPCXB-SUN,0.3507,$427.83M,-1.98
SHORT-MON,0.3507,$345.75M,-5.9
STAC-USTBL,0.3504,$263.49M,0.06
APR-JASMY,0.3504,$407.98M,0.24
BC-NFT,0.3504,$484.09M,5.03
WEMIX-CRCLON,0.3504,$193.28M,-6.43
NEO-BSV,0.3502,$392.27M,-5.98
SEI-ZANO,0.3501,$417.71M,-6.8
BTW-WIF,0.35,$381.14M,-1.04
DEXE-AXS,0.35,$417.77M,18.97
BC-NEO,0.3498,$353.34M,1.07
BC-CHEEMS,0.3498,$319.89M,5.19
US-ZBT,0.3498,$532.91M,-2.76
AKT-KAITO,0.3498,$437.66M,3.51
EIGEN-KITE,0.3498,$372.60M,-6.17
MWC-A7A5,0.3497,$592.05M,2.32
GRT-GPS,0.3496,$257.35M,-0.61
FRXUSD-SOSO,0.3496,$226.51M,11.0
BTW-SOON,0.3495,$324.81M,32.2
ICNT-EIGEN,0.3495,$242.16M,-14.14
ICNT-NFT,0.3495,$366.09M,-7.64
CVX-COMP,0.3494,$294.14M,2.61
TIA-TEL,0.3494,$480.81M,-4.8
DCR-GUSD,0.3494,$352.28M,-2.02
FDUSD-COMP,0.3494,$505.42M,-4.46
AWE-REAL,0.3493,$354.88M,-1.82
AVUSD-BTSE,0.3493,$249.09M,-6.09
US-STRK,0.3492,$608.18M,-5.02
TKX-TEL,0.3492,$277.76M,-0.9
Q-FRAX,0.349,$440.02M,-1.39
KAG-NEX,0.3487,$304.02M,-4.46
REUSD-SN64,0.3487,$257.42M,1.57
STAC-STX,0.3486,$353.16M,-8.68
GNO-SHORT,0.3486,$380.20M,-3.08
BC-FDUSD,0.3485,$565.67M,4.92
GPS-STRCX,0.3484,$236.80M,4.22
UQC-MX,0.3484,$258.61M,-0.87
ACRED-AERO,0.3484,$529.41M,0.2
RLB-BORG,0.3483,$242.54M,-1.85
BC-SAND,0.3483,$344.76M,0.6
DEXE-ZRO,0.3483,$558.83M,24.55
VELVET-STRCX,0.3482,$307.30M,-5.93
CVX-KOGE,0.3482,$348.96M,6.77
VSN-BSV,0.3481,$409.39M,-1.42
A7A5-ANTFUN,0.3481,$760.51M,1.32
OHM-ONYC,0.348,$522.01M,-0.43
USDAT-TWT,0.3479,$288.27M,3.2
DASH-AIAT,0.3479,$515.41M,-1.41
RAIL-FRAX,0.3479,$309.91M,-3.86
DRV-USDAT,0.3478,$242.44M,-6.38
APR-SPCXB,0.3477,$281.93M,0.68
GRT-CASH,0.3477,$283.36M,-2.97
COCO-ENS,0.3477,$360.29M,-4.71
AWE-WFI,0.3477,$280.36M,-4.33
ULTIMA-BONK,0.3476,$446.65M,-6.22
SYRUP-SOSO,0.3476,$323.84M,8.11
1INCH-VET,0.3474,$504.77M,-4.13
KAU-CHEEMS,0.3474,$408.62M,-0.12
INJ-BTT,0.3473,$718.71M,-6.87
OHM-UQC,0.3473,$383.82M,-0.56
ICNT-USDF,0.3473,$213.41M,-7.72
ETHFI-AR,0.3473,$515.95M,-6.29
AB-CTOC,0.3472,$371.85M,-11.33
INJ-TWT,0.3471,$607.70M,-2.32
BC-GLM,0.3471,$314.33M,2.45
COCO-AIAT,0.3469,$302.20M,-1.89
UUSD-USDA,0.3468,$195.96M,-0.25
EURC-BTT,0.3468,$709.51M,-1.26
AB-GPS,0.3467,$192.85M,-9.16
TIA-CRCLON,0.3467,$399.34M,-2.68
GNO-SUN,0.3467,$624.93M,-1.81
FF-WIF,0.3467,$338.63M,4.33
GALA-USDZ,0.3467,$216.00M,-4.8
RAIL-RAY,0.3467,$252.85M,-6.94
VSN-DRV,0.3466,$253.54M,-5.69
FLOKI-APYUSD,0.3466,$356.64M,0.44
TAG-GLIDR,0.3465,$246.45M,15.43
ICNT-JASMY,0.3464,$313.16M,-8.67
EDGE-ENS,0.3463,$312.05M,-3.78
UB-KITE,0.3462,$592.84M,5.65
ACRED-FARTCOIN,0.3462,$238.05M,0.47
AVUSD-Q,0.3462,$335.93M,-1.59
COMP-BONK,0.3462,$424.27M,-8.18
GPS-KMNO,0.3461,$194.03M,5.49
ACRED-JASMY,0.3461,$326.63M,-1.03
FDUSD-STX,0.346,$596.61M,-8.75
USAT-PIEVERSE,0.346,$367.31M,-0.28
1INCH-GEOD,0.3459,$210.16M,2.17
KAG-EIGEN,0.3459,$354.28M,-6.42
JTO-EIGEN,0.3459,$409.23M,-13.49
PENGU-NFT,0.3459,$636.24M,-1.29
TRAC-MET,0.3459,$213.08M,-1.87
AKT-CARDS,0.3458,$397.26M,-2.99
OHM-ULTIMA,0.3458,$457.51M,-2.96
META-AVUSD,0.3457,$211.39M,4.55
ZBT-BSV,0.3457,$372.44M,-1.01
AB-PENDLE,0.3456,$347.50M,-15.15
CASH-MET,0.3456,$211.43M,1.37
BORG-GEOD,0.3456,$232.62M,-0.26
DRV-XPIN,0.3455,$247.54M,-5.64
ENS-ONYC,0.3455,$422.28M,-1.35
CASH-NFT,0.3454,$386.54M,0.06
GNO-GRASS,0.3454,$498.51M,-4.24
EURC-SFP,0.3454,$552.77M,-2.31
VIRTUAL-NEX,0.3453,$459.90M,-8.63
PIEVERSE-SHFL,0.3453,$303.48M,-3.6
CTOC-XCN,0.3452,$404.66M,-3.03
ACRED-USDAI,0.3452,$272.48M,-0.08
USAT-SHFL,0.3452,$306.63M,-3.41
GRX-XPIN,0.3451,$268.99M,0.6
TRAC-FRXUSD,0.3451,$233.59M,-3.29
LDO-USDTB,0.345,$658.72M,-3.39
TWT-USDAI,0.345,$305.90M,3.21
STRK-BTSE,0.345,$322.32M,-7.32
BAT-SHFL,0.345,$224.81M,-8.58
ULTIMA-ZANO,0.3449,$312.86M,-6.22
FRXUSD-AKE,0.3449,$205.44M,31.33
USDTB-VIRTUAL,0.3447,$725.09M,-4.21
US-SPCXB,0.3447,$504.50M,-4.36
ULTIMA-FRXUSD,0.3446,$291.62M,-2.51
GOMINING-XPL,0.3446,$336.15M,0.1
SOON-BONK,0.3445,$354.96M,30.13
PENDLE-AIAT,0.3445,$368.63M,-2.24
TRAC-PEANUT,0.3444,$308.20M,-5.2
OZO-RAY,0.3443,$288.30M,-2.82
DASH-ZANO,0.3443,$528.59M,-6.57
STRK-ETHFI,0.3442,$589.10M,-5.59
PIEVERSE-XPIN,0.3442,$326.98M,0.48
USTBL-FLUID,0.3441,$247.13M,0.89
UQC-USAT,0.3441,$293.25M,-0.11
AWE-EURC,0.3441,$555.86M,-1.39
ZBT-KITE,0.3441,$345.95M,1.35
SPX-XTZ,0.3439,$527.55M,-8.22
DYDX-OZO,0.3439,$223.16M,-3.52
CHEEMS-USDZ,0.3439,$227.71M,0.03
BTSE-TRUMP,0.3439,$490.50M,-8.98
GLIDR-FRXUSD,0.3439,$211.30M,-1.53
GPS-TRAC,0.3437,$219.68M,-0.91
COMP-SUN,0.3436,$501.61M,-5.9
KAU-USDA,0.3435,$404.48M,-0.56
TRAC-SUN,0.3433,$465.96M,-4.72
USTBL-GRASS,0.3431,$376.71M,-3.87
DASH-USAT,0.3431,$582.66M,-2.86
CARDS-WFI,0.3431,$443.41M,1.84
USDA-JASMY,0.3431,$307.76M,-1.16
OZO-AKT,0.343,$253.69M,-7.69
KAITO-CTOC,0.343,$584.27M,11.38
WEMIX-GUSD,0.343,$249.93M,-7.11
KMNO-ACRED,0.3429,$213.06M,3.09
ZANO-BAT,0.3429,$234.57M,-8.96
ZRO-BAT,0.3428,$388.17M,-3.77
CHZ-FRXUSD,0.3428,$254.06M,-3.16
FF-ZAMA,0.3427,$330.10M,12.58
2Z-CRCLON,0.3426,$295.19M,-1.86
USDAT-ZK,0.3426,$224.15M,-5.41
NEO-XCN,0.3426,$263.43M,-7.09
BTW-LDO,0.3425,$538.00M,-5.04
1INCH-RAY,0.3425,$278.82M,-4.35
COCO-CTOC,0.3424,$459.22M,-3.14
TEL-PRL,0.3424,$258.39M,9.33
APYUSD-EURCV,0.3424,$307.56M,2.01
2Z-JTO,0.3423,$470.97M,-9.64
GRX-EURCV,0.3423,$273.53M,-0.05
JTO-GLIDR,0.3422,$370.02M,-8.56
ONYC-BTT,0.3422,$505.68M,-1.28
JASMY-XCN,0.3422,$341.25M,-4.16
MX-JASMY,0.342,$362.18M,-1.77
UUSD-ENS,0.3419,$275.86M,-1.46
PIEVERSE-CRCLON,0.3419,$274.93M,0.49
APEPE-PYTH,0.3417,$522.72M,-5.07
FDUSD-SN64,0.3417,$436.09M,1.49
ACRED-SHFL,0.3416,$236.44M,-3.44
USDA-ETHFI,0.3416,$496.07M,-4.62
CRVUSD-THETA,0.3415,$338.14M,-2.85
CAKE-USDF,0.3414,$559.03M,-0.01
TRAC-REAL,0.3414,$372.72M,-3.61
INJ-NFT,0.3412,$723.76M,-5.47
BC-WEMIX,0.3412,$319.99M,-2.19
NEO-AR,0.3412,$249.83M,-5.77
CRVUSD-USDZ,0.3412,$339.44M,-0.28
BONK-SUN,0.3412,$607.24M,-5.22
SEI-CRVUSD,0.3411,$498.60M,-3.13
DASH-TRAC,0.3411,$521.10M,-6.07
SHORT-MANA,0.3411,$228.94M,-2.65
TKX-TRUMP,0.341,$460.83M,-2.34
EDGE-SOON,0.3409,$225.98M,31.51
VELVET-TRUMP,0.3409,$523.89M,-10.65
SOON-MX,0.3407,$240.60M,33.07
STX-MX,0.3407,$401.11M,-9.53
OUSG-TWT,0.3405,$528.72M,3.25
DYDX-MX,0.3405,$248.45M,-4.34
DCR-ZAMA,0.3405,$340.59M,6.84
KMNO-SNX,0.3404,$220.46M,1.12
UQC-PIEVERSE,0.3404,$290.10M,-0.3
STRCX-SOSO,0.3404,$257.38M,12.92
Q-XCN,0.3404,$349.61M,-4.84
CASH-GUSD,0.3403,$271.52M,0.02
AKT-ACRED,0.3402,$243.43M,-7.77
AB-BONK,0.3401,$361.79M,-15.25
LDO-AWE,0.34,$409.02M,-4.81
AKT-AWE,0.34,$234.21M,-9.16
PENDLE-FET,0.34,$556.57M,-8.78
GRT-PENDLE,0.3399,$412.00M,-6.61
XTZ-SHORT,0.3399,$323.03M,-8.12
BTSE-XPL,0.3399,$353.70M,-5.48
SFP-TRUMP,0.3399,$460.12M,-5.22
GRT-SNX,0.3398,$283.78M,-4.99
AWE-A7A5,0.3398,$584.03M,-1.77
VCNT-AERO,0.3398,$578.82M,1.53
DRV-GEOD,0.3397,$196.99M,-2.66
APR-TIA,0.3396,$502.88M,-2.21
KAU-GRT,0.3396,$469.65M,-3.31
BC-APXUSD,0.3396,$514.63M,6.79
INJ-REUSD,0.3395,$626.67M,-5.5
UB-GRT,0.3393,$522.18M,2.43
WEMIX-SHFL,0.3392,$221.82M,-10.52
STAC-WIF,0.3391,$248.99M,0.68
KAG-MANA,0.3391,$345.08M,0.1
BORG-SHORT,0.3391,$235.82M,-6.69
TAG-GRASS,0.3391,$360.94M,13.04
KAITO-TRAC,0.339,$432.94M,7.96
LUNC-A,0.3389,$381.19M,-6.99
ZK-FRXUSD,0.3389,$194.27M,-5.42
CRVUSD-GOMINING,0.3388,$327.61M,-0.64
USDAT-GLM,0.3387,$234.56M,-2.54
PENDLE-APYUSD,0.3387,$408.78M,-1.72
2Z-VCNT,0.3386,$366.78M,-1.31
WEMIX-SFP,0.3386,$203.16M,-9.53
SPX-GRASS,0.3385,$517.94M,-6.73
AVUSD-SFP,0.3385,$218.71M,-2.33
XTZ-XEC,0.3384,$344.93M,-14.66
UUSD-FRXUSD,0.3383,$209.71M,-0.09
BC-SUN,0.3382,$561.86M,3.49
US-META,0.3382,$514.38M,0.66
VIRTUAL-GEOD,0.3382,$463.91M,-0.47
SOSO-AERO,0.3381,$530.96M,11.3
KMNO-APYUSD,0.338,$256.15M,5.09
FLOKI-FRXUSD,0.338,$308.43M,-1.53
GOMINING-BTSE,0.338,$248.67M,-6.71
FRXUSD-TRUMP,0.3379,$467.31M,-2.87
FF-GLIDR,0.3378,$293.67M,2.19
XEC-KITE,0.3378,$351.46M,-9.02
SPX-AB,0.3376,$398.92M,-14.34
GNO-ACRED,0.3376,$397.69M,-0.41
KAG-STRK,0.3375,$402.90M,-1.17
PRL-USDF,0.3375,$195.91M,10.72
USDTB-CASH,0.3374,$477.54M,-0.06
AB-CHZ,0.3372,$240.98M,-14.62
TWT-XPL,0.3371,$369.05M,3.88
CARDS-SHORT,0.3371,$366.42M,1.97
1INCH-USAT,0.337,$301.05M,-1.57
BC-AVUSD,0.337,$335.55M,5.01
AB-USDAT,0.337,$236.64M,-11.52
TEL-SYRUP,0.337,$381.56M,-4.32
PYTH-COMP,0.337,$480.69M,-9.87
AKT-WIF,0.3369,$274.74M,-7.05
INJ-SOSO,0.3368,$575.82M,5.5
MWC-FRAX,0.3368,$333.91M,2.94
GRT-NEO,0.3368,$295.12M,-6.85
CASH-PEANUT,0.3368,$306.55M,-1.96
PYTH-BTT,0.3368,$580.83M,-6.78
SPX-AIAT,0.3366,$420.05M,-1.43
VIRTUAL-MANA,0.3366,$500.95M,-4.08
SPCXB-ONYC,0.3366,$331.74M,-0.45
WFI-THBILL,0.3366,$292.48M,-2.73
NXM-SHORT,0.3365,$184.42M,-2.21
OZO-SUN,0.3365,$467.59M,-1.46
DAI-JASMY,0.3364,$302.64M,-0.97
EDGE-THETA,0.3364,$262.07M,-5.15
CASH-TWT,0.3364,$270.48M,3.21
BP-MON,0.3364,$362.43M,-0.26
TIBBIR-BONK,0.3363,$371.43M,-1.29
LUNC-BSV,0.3362,$537.39M,-6.69
FF-TRUMP,0.3362,$549.67M,0.85
DRV-OHM,0.336,$378.45M,-6.84
AXS-FRXUSD,0.3359,$253.61M,-4.17
ZK-AIAT,0.3358,$202.33M,-3.98
A7A5-JASMY,0.3358,$689.79M,-1.27
SOON-PRL,0.3357,$174.08M,44.61
CVX-ZBT,0.3356,$248.76M,8.12
REUSD-BORG,0.3356,$305.70M,-3.91
APXUSD-FDUSD,0.3355,$641.15M,1.79
XEC-APYUSD,0.3355,$277.58M,-7.34
FDUSD-AKE,0.3354,$441.62M,31.33
UB-VELVET,0.3353,$527.34M,-2.43
SNX-SHFL,0.3353,$243.83M,-5.4
SPX-CASH,0.3352,$424.09M,-2.86
APEPE-ACRED,0.3351,$316.40M,0.31
GPS-GALA,0.3351,$184.62M,-2.26
OUSG-USDA,0.3349,$476.43M,-0.18
AB-CASH,0.3349,$218.86M,-11.51
CVX-KMNO,0.3349,$232.84M,10.19
CRVUSD-FET,0.3349,$517.97M,-5.2
EARNETH-TRAC,0.3348,$270.61M,-2.55
FDUSD-EURC,0.3348,$796.13M,0.04
AIAT-MET,0.3348,$207.40M,2.79
DAI-ZANO,0.3347,$222.21M,-3.76
INJ-PYTH,0.3347,$780.60M,-10.98
KAG-PEANUT,0.3346,$398.23M,-1.94
GRT-FF,0.3345,$353.63M,0.73
CRVUSD-ZBT,0.3345,$326.00M,1.0
UB-DEXE,0.3344,$634.92M,28.49
VELVET-XPL,0.3344,$387.09M,-7.15
ZRO-KAITO,0.3344,$594.02M,12.66
TWT-CAKE,0.3343,$595.66M,3.22
DCR-XPIN,0.3342,$347.67M,-1.34
BP-NEX,0.3342,$204.56M,-1.57
PEANUT-AERO,0.3342,$598.91M,-1.68
DAI-MANA,0.3341,$222.43M,0.08
KAITO-A7A5,0.3341,$787.47M,10.9
GEOD-ETHFI,0.3341,$494.24M,-0.73
STAC-COMP,0.334,$261.97M,-4.39
KAITO-ETHFI,0.334,$709.16M,6.79
SYRUP-FRAX,0.334,$427.31M,-2.68
CAKE-CHEEMS,0.3339,$547.51M,0.23
KAU-ANTFUN,0.3338,$590.61M,1.27
BTT-SUN,0.3338,$601.76M,-2.8
STAC-SN64,0.3337,$192.64M,1.56
ICNT-PRL,0.3337,$185.64M,3.01
TIA-OHM,0.3336,$582.30M,-3.9
SNX-AIAT,0.3336,$240.41M,-0.62
RLB-AIAT,0.3335,$222.25M,3.51
SHORT-PIEVERSE,0.3335,$279.64M,-2.97
SPX-DAI,0.3334,$393.13M,-2.85
AB-SUN,0.3333,$439.13M,-12.96
UB-SFP,0.3332,$463.57M,3.0
KAG-ONYC,0.3332,$459.90M,0.06
MON-ZAMA,0.3332,$386.01M,5.74
NFT-AKE,0.3331,$360.05M,31.44
MX-AKE,0.3331,$246.11M,30.55
ICNT-ZAMA,0.333,$239.38M,1.18
TIBBIR-STRK,0.3329,$295.70M,1.29
BP-COMP,0.3329,$273.56M,-1.53
INJ-ONYC,0.3326,$705.44M,-5.48
FARTCOIN-STRCX,0.3326,$263.81M,2.42
VIRTUAL-APYUSD,0.3325,$527.70M,-2.23
META-BTSE,0.3324,$228.53M,-1.64
TIBBIR-A,0.3324,$208.77M,0.07
ULTIMA-SHFL,0.3324,$303.10M,-5.84
GEOD-XPIN,0.3324,$239.24M,4.41
VSN-GLIDR,0.3323,$252.28M,-0.83
ICNT-UUSD,0.3323,$201.36M,-7.77
WFI-GRASS,0.3323,$390.41M,-6.76
REUSD-XCN,0.3316,$297.09M,-3.16
SHORT-ANTFUN,0.3316,$379.86M,-1.11
PENDLE-PYTH,0.3316,$572.01M,-9.1
1INCH-FRXUSD,0.3315,$225.74M,-1.56
CVX-BONK,0.3315,$399.76M,3.29
CHEEMS-REUSD,0.3314,$267.75M,0.28
ICNT-A7A5,0.3314,$579.78M,-8.02
GNO-AERO,0.3312,$697.02M,-0.08
COCO-MET,0.3312,$273.64M,-1.92
CARDS-ONYC,0.3312,$515.07M,4.77
USAT-XEC,0.3312,$304.69M,-9.32
REUSD-PEANUT,0.3312,$351.97M,-1.91
VIRTUAL-CARDS,0.331,$638.44M,0.54
OHM-SPCXB,0.331,$361.34M,-1.0
TWT-KAG,0.331,$362.16M,3.23
ENS-CHZ,0.331,$320.21M,-4.53
OHM-AXS,0.3309,$419.49M,-4.63
DAI-FET,0.3308,$396.97M,-5.13
TKX-JTO,0.3308,$372.08M,-6.57
WIF-THBILL,0.3308,$264.28M,0.8
WEMIX-SHORT,0.3306,$197.98M,-9.89
GALA-GUSD,0.3306,$238.12M,-4.56
SHORT-RAY,0.3306,$260.56M,-5.57
CASH-FET,0.3305,$427.94M,-5.14
TIA-AIAT,0.3305,$424.47M,-2.0
ZK-UQC,0.3305,$192.37M,-5.45
FLUID-SOON,0.3305,$176.30M,34.75
KAU-ACRED,0.3304,$423.35M,-0.42
FDUSD-APYUSD,0.3303,$504.22M,1.9
KAU-SOSO,0.3302,$424.90M,10.68
CVX-ZANO,0.33,$265.98M,3.29
USTBL-AVUSD,0.33,$276.82M,0.08
USDAT-SN64,0.33,$229.79M,1.5
TIBBIR-XEC,0.33,$225.94M,-6.82
STX-AERO,0.33,$664.89M,-8.45
COCO-GEOD,0.3299,$278.57M,0.39
USAT-A7A5,0.3299,$663.43M,-0.36
CASH-ICNT,0.3298,$223.59M,-7.73
ULTIMA-AERO,0.3298,$596.07M,-2.2
DASH-XPIN,0.3298,$542.33M,-2.11
STRCX-PYTH,0.3298,$462.15M,-3.56
PENGU-AIAT,0.3298,$489.70M,0.05
BTSE-XCN,0.3297,$262.77M,-9.35
USTBL-AWE,0.3296,$266.66M,-1.44
BP-GLIDR,0.3296,$215.62M,1.4
OZO-BONK,0.3292,$390.24M,-3.74
KMNO-SN64,0.3292,$188.01M,4.68
BTW-GOMINING,0.329,$350.36M,-2.25
VELVET-SHORT,0.329,$264.06M,-10.55
OZO-SOON,0.329,$215.31M,33.89
VIRTUAL-USDF,0.329,$481.41M,-4.17
APR-KAU,0.3289,$504.70M,0.84
META-CAKE,0.3289,$542.61M,4.5
PYTH-ANTFUN,0.3287,$603.67M,-3.82
BTSE-BONK,0.3287,$398.06M,-9.89
APR-EARNETH,0.3286,$343.33M,1.9
TIA-CRVUSD,0.3286,$518.54M,-3.48
AIAT-COMP,0.3286,$277.30M,-3.02
AKT-XEC,0.3284,$247.85M,-16.98
DCR-JTO,0.3284,$471.41M,-9.11
IMX-XPL,0.3283,$447.91M,-3.91
EARNETH-SPCXB,0.3283,$232.48M,0.19
NEX-PEANUT,0.3283,$274.87M,-6.41
OUSG-ENS,0.3282,$556.32M,-1.39
APXUSD-GLIDR,0.3282,$396.44M,0.33
PENDLE-A7A5,0.3282,$728.86M,-3.96
RLB-BONK,0.3281,$369.22M,-1.65
AB-APXUSD,0.3281,$391.90M,-9.67
VELVET-GLIDR,0.3279,$267.89M,-9.31
XTZ-A,0.3279,$327.76M,-7.77
AB-EIGEN,0.3278,$237.44M,-17.92
EURC-COMP,0.3276,$609.36M,-4.35
INJ-FDUSD,0.3275,$805.33M,-5.58
INJ-BONK,0.3274,$724.18M,-9.29
KAU-GRX,0.3274,$432.40M,-0.47
STRCX-BTSE,0.3274,$273.91M,-4.26
BC-XTZ,0.3273,$445.04M,-0.42
OZO-TRUMP,0.3273,$482.69M,-2.83
COCO-XPIN,0.3273,$329.12M,-2.59
TRAC-SOSO,0.3273,$240.25M,7.79
DRV-UQC,0.3272,$210.66M,-6.42
TIA-GPS,0.3271,$402.50M,-1.06
TRAC-XCN,0.3271,$253.32M,-6.45
APR-FLOKI,0.327,$394.90M,-0.3
TKX-ACRED,0.3269,$218.48M,0.43
DCR-FRAX,0.3269,$422.84M,-1.8
GALA-SHORT,0.3269,$186.17M,-7.34
GEOD-REAL,0.3269,$343.40M,3.34
DAI-SEI,0.3268,$377.60M,-3.06
2Z-TIBBIR,0.3268,$308.82M,-0.12
2Z-AIAT,0.3268,$320.32M,-1.17
ZBCN-USAT,0.3268,$362.50M,-3.97
UB-GRASS,0.3267,$576.71M,1.49
MWC-NFT,0.3267,$378.36M,2.57
USDAT-RAIL,0.3267,$229.64M,-4.14
WEMIX-GOMINING,0.3267,$215.99M,-7.71
FARTCOIN-ZAMA,0.3267,$260.82M,9.43
EIGEN-USDAI,0.3267,$298.03M,-6.44
KAU-BSV,0.3262,$566.80M,-2.44
OHM-XEC,0.3262,$395.26M,-9.77
STX-TRUMP,0.3262,$607.91M,-11.55
GRX-XPL,0.3261,$344.68M,0.54
APEPE-STRCX,0.326,$342.16M,2.26
SEI-TAG,0.3259,$431.62M,13.87
SEI-XPIN,0.3258,$431.45M,-2.34
USTBL-USDZ,0.3258,$288.23M,-0.18
FDUSD-SUN,0.3257,$688.39M,-1.51
AVUSD-ENS,0.3256,$292.05M,-1.36
VSN-VCNT,0.3255,$315.34M,1.93
REUSD-PYTH,0.3254,$488.79M,-5.41
TAG-ZAMA,0.3254,$282.88M,25.82
AWE-VET,0.3253,$494.78M,-4.07
FET-XPL,0.3253,$526.51M,-4.46
OUSG-KAU,0.3251,$688.56M,-0.33
KAITO-SOSO,0.3251,$425.86M,22.25
ZANO-FARTCOIN,0.325,$254.17M,-3.21
CAKE-CARDS,0.3249,$716.06M,4.7
TEL-USDF,0.3249,$286.15M,-1.4
UB-USDF,0.3248,$472.67M,5.38
OUSG-USDAT,0.3248,$520.05M,-0.0
PRL-ONYC,0.3247,$330.28M,10.78
TIBBIR-AR,0.3246,$222.54M,0.59
CHEEMS-SYRUP,0.3246,$307.57M,-2.69
CVX-GLIDR,0.3245,$236.20M,5.54
THETA-ONYC,0.3243,$372.30M,-2.72
TWT-FET,0.3242,$454.39M,-1.9
KAG-JTO,0.3242,$482.33M,-7.05
GRT-TRAC,0.3241,$285.01M,-6.21
LDO-AIAT,0.324,$421.18M,-1.94
CASH-SYRUP,0.324,$329.27M,-2.94
ZANO-MON,0.324,$379.35M,-6.91
RAY-BONK,0.324,$427.95M,-6.58
EURC-USDF,0.3239,$561.87M,0.07
AERO-SHFL,0.3239,$535.77M,-3.1
DEXE-STRCX,0.3238,$414.87M,24.99
KMNO-WIF,0.3238,$244.36M,3.81
GEOD-SOSO,0.3238,$210.93M,14.73
SFP-BSV,0.3238,$361.22M,-4.47
CVX-MX,0.3237,$285.40M,6.23
KAITO-PIEVERSE,0.3237,$491.35M,10.98
USDAT-ONYC,0.3236,$386.01M,0.03
ACRED-XPIN,0.3236,$259.94M,0.65
USAT-BTT,0.3236,$444.70M,-1.38
ENS-SFP,0.3236,$278.80M,-3.8
CAKE-MON,0.3235,$695.39M,-3.16
BAT-USDAI,0.3235,$260.85M,-5.22
REUSD-A7A5,0.3234,$645.64M,-0.27
GOMINING-ANTFUN,0.3234,$397.87M,1.07
DYDX-NEX,0.3233,$188.20M,-7.99
TRUMP-FET,0.3233,$663.31M,-7.96
WEMIX-TAG,0.3232,$245.49M,9.78
NEX-TAG,0.3232,$235.40M,12.46
ZK-BTSE,0.3231,$217.46M,-11.53
SPX-AWE,0.323,$407.90M,-4.3
THETA-GLIDR,0.3229,$227.48M,-4.27
SYRUP-USDZ,0.3228,$334.64M,-3.13
BC-VET,0.3226,$608.53M,2.35
APXUSD-FET,0.3226,$600.97M,-3.29
GLM-AIAT,0.3226,$212.74M,-1.1
VCNT-NFT,0.3226,$428.97M,1.34
BTSE-AKE,0.3226,$228.63M,25.22
FRXUSD-BONK,0.3225,$374.87M,-3.79
INJ-SEI,0.3224,$745.79M,-8.59
2Z-NFT,0.3224,$466.86M,-2.51
OUSG-STRK,0.3223,$569.46M,-1.15
AVUSD-PEANUT,0.3223,$300.51M,-1.89
SFP-GRASS,0.3223,$318.60M,-6.28
CASH-GPS,0.3222,$218.03M,2.32
APXUSD-CTOC,0.3222,$570.06M,2.0
KMNO-TRUMP,0.3221,$455.41M,0.32
DAI-SOSO,0.322,$207.64M,11.03
EDGE-CAKE,0.322,$583.17M,-2.38
GRT-ZANO,0.322,$292.50M,-6.7
SEI-TIBBIR,0.322,$393.04M,-0.59
EARNETH-ICNT,0.3219,$248.51M,-7.01
CASH-GLM,0.3219,$216.78M,-2.53
ZBCN-UQC,0.3219,$285.29M,-3.99
CHZ-USDAI,0.3219,$301.58M,-3.13
2Z-ACRED,0.3218,$317.38M,-2.65
CHEEMS-XCN,0.3218,$229.98M,-2.97
KAITO-SOON,0.3218,$399.28M,45.1
PENGU-TAG,0.3218,$516.79M,15.57
CHEEMS-KAITO,0.3217,$409.59M,11.45
NEX-VET,0.3217,$479.29M,-7.07
CRVUSD-COMP,0.3216,$371.38M,-4.51
2Z-ZRO,0.3215,$487.09M,-1.13
PYTH-WFI,0.3214,$495.90M,-8.32
GRT-KMNO,0.3213,$259.37M,0.2
ULTIMA-GUSD,0.3213,$331.21M,-2.43
EDGE-PENDLE,0.3212,$386.63M,-6.03
APXUSD-SYRUP,0.321,$502.30M,-1.1
APXUSD-XCN,0.321,$424.72M,-1.37
COCO-EURCV,0.321,$333.66M,-3.23
DEXE-ULTIMA,0.3209,$455.78M,20.64
ZBCN-GUSD,0.3208,$326.78M,-3.89
OHM-USDF,0.3208,$387.64M,-0.49
AIAT-Q,0.3207,$337.93M,-0.23
DYDX-WFI,0.3205,$272.41M,-6.4
PIEVERSE-TRUMP,0.3204,$539.47M,-3.07
ZRO-USDAT,0.3203,$424.55M,1.42
CHEEMS-IOTA,0.3203,$247.89M,-3.44
NEX-MET,0.3203,$179.75M,-3.08
1INCH-REAL,0.3202,$364.88M,-1.88
CASH-SN64,0.3202,$212.01M,1.51
USTBL-FF,0.3202,$353.13M,3.7
DCR-KITE,0.3201,$434.78M,-1.79
DRV-USDF,0.32,$214.48M,-6.35
VELVET-WEMIX,0.32,$266.93M,-14.96
VIRTUAL-FRXUSD,0.32,$479.49M,-4.2
OZO-SN64,0.3199,$215.29M,1.54
SNX-GOMINING,0.3199,$238.00M,-2.59
VELVET-ENS,0.3198,$342.57M,-9.22
CASH-CRCLON,0.3198,$214.87M,0.7
CARDS-GLIDR,0.3198,$370.25M,3.21
1INCH-EARNETH,0.3197,$262.76M,-0.82
AB-SHORT,0.3197,$194.40M,-14.24
APXUSD-MET,0.3197,$384.47M,3.21
ZBT-GRASS,0.3197,$329.81M,-2.81
OHM-TWT,0.3196,$424.27M,2.73
FRXUSD-JASMY,0.3196,$321.51M,-1.0
IMX-UQC,0.3195,$335.34M,-4.63
VELVET-AERO,0.3195,$580.88M,-7.55
DEXE-ICNT,0.3195,$375.65M,15.39
TAG-JASMY,0.3194,$356.65M,15.97
BTW-AVUSD,0.3193,$350.78M,-1.64
LDO-SFP,0.3193,$405.93M,-5.73
ICNT-PENDLE,0.3191,$352.22M,-11.37
USAT-PYTH,0.3191,$506.59M,-5.49
UQC-REUSD,0.319,$275.45M,-0.02
INJ-GRX,0.3189,$583.33M,-5.66
UUSD-VCNT,0.3189,$264.23M,1.21
USAT-USDAI,0.3189,$342.67M,-0.05
VELVET-XCN,0.3188,$296.16M,-11.01
NEO-EURCV,0.3188,$283.21M,-3.82
IMX-TIBBIR,0.3187,$333.81M,-2.11
TEL-SHORT,0.3187,$271.87M,-4.14
TRAC-GEOD,0.3187,$218.01M,0.44
STRCX-GRASS,0.3186,$356.66M,-2.01
BTW-USAT,0.3185,$420.03M,-1.73
ZRO-SNX,0.3185,$407.19M,-0.59
MON-SUN,0.3185,$590.48M,-4.63
XPIN-SHFL,0.3185,$266.30M,-2.66
COCO-A,0.3184,$286.51M,-5.69
XEC-MON,0.3184,$367.65M,-12.44
ONYC-GUSD,0.3184,$395.71M,0.09
VIRTUAL-FDUSD,0.3183,$715.67M,-4.2
GRX-CHEEMS,0.3182,$224.42M,0.12
WEMIX-BONK,0.3181,$365.37M,-10.9
US-MET,0.318,$508.38M,-2.46
TWT-UUSD,0.3179,$248.25M,3.17
PRL-SUN,0.3179,$426.36M,9.26
STAC-AR,0.3178,$218.70M,-1.84
1INCH-XPL,0.3178,$336.40M,-0.86
INJ-ZAMA,0.3178,$597.05M,3.36
BORG-APYUSD,0.3178,$296.40M,-2.01
CTOC-JTO,0.3177,$543.64M,-6.89
AVUSD-JASMY,0.3177,$327.56M,-0.91
XEC-KOGE,0.3177,$333.61M,-9.55
APXUSD-USDZ,0.3174,$422.45M,1.63
AXS-UQC,0.3174,$251.71M,-4.2
FDUSD-XCN,0.3174,$475.76M,-3.24
DASH-MX,0.3174,$548.02M,-3.63
MON-BSV,0.3174,$506.69M,-5.24
SAND-MX,0.3172,$275.78M,-5.17
SNX-GRASS,0.3172,$338.30M,-5.92
BC-TIA,0.3171,$526.06M,1.55
USAT-AIAT,0.3171,$303.21M,1.36
AKT-USAT,0.317,$313.62M,-7.75
DASH-MON,0.317,$645.63M,-5.98
SPX-1INCH,0.3169,$417.89M,-4.37
EDGE-USDAI,0.3169,$293.41M,-2.38
AVUSD-USDAI,0.3169,$273.41M,0.04
VET-SHFL,0.3169,$510.36M,-5.98
PEANUT-TRUMP,0.3169,$541.93M,-4.78
KMNO-PENGU,0.3168,$469.74M,1.79
AVUSD-MET,0.3168,$205.39M,1.44
OZO-ULTIMA,0.3167,$307.00M,-2.46
OZO-GEOD,0.3167,$219.64M,3.7
OHM-VET,0.3166,$664.76M,-3.1
FLUID-TAG,0.3166,$231.35M,17.8
GLM-SYRUP,0.3166,$302.01M,-5.44
UQC-XCN,0.3166,$237.68M,-3.27
FDUSD-EURCV,0.3166,$495.53M,0.04
KITE-EURCV,0.3166,$381.44M,0.34
GPS-WIF,0.3165,$242.35M,2.99
INJ-CVX,0.3164,$594.05M,1.5
FLOKI-ONYC,0.3164,$444.71M,-1.43
CVX-SPCXB,0.3163,$220.35M,6.53
XTZ-SAND,0.3163,$350.66M,-9.74
RLB-FLOKI,0.3162,$302.78M,0.61
OHM-FARTCOIN,0.3162,$398.82M,0.05
A7A5-COMP,0.3162,$637.53M,-4.74
APR-CASH,0.3161,$318.41M,1.18
US-COMP,0.3161,$578.29M,-8.27
ZRO-PRL,0.3161,$368.82M,12.17
BC-CRCLON,0.316,$312.42M,5.68
APEPE-ZANO,0.316,$332.52M,-3.37
AKT-CHEEMS,0.3158,$228.71M,-7.46
FDUSD-FET,0.3158,$652.02M,-5.16
ZRO-AKE,0.3157,$380.28M,32.81
AIAT-GRASS,0.3157,$333.85M,-2.48
STAC-NEO,0.3156,$236.42M,-3.86
WEMIX-RAIL,0.3156,$190.27M,-11.26
ENS-XPL,0.3156,$396.66M,-0.75
CVX-SHFL,0.3155,$256.22M,3.67
EURCV-FET,0.3154,$455.35M,-5.05
CAKE-USDZ,0.3152,$574.58M,-0.21
DEXE-META,0.3151,$369.49M,27.61
MANA-GLIDR,0.3151,$232.77M,-1.41
DEXE-FLOKI,0.315,$472.59M,21.62
OHM-A7A5,0.315,$754.01M,-0.8
AWE-GOMINING,0.315,$221.38M,-2.02
ENS-TEL,0.315,$350.39M,-2.81
DCR-AWE,0.3149,$308.60M,-3.51
FF-MET,0.3149,$281.70M,5.06
CRCLON-JASMY,0.3149,$304.44M,-0.24
RLB-BTT,0.3148,$363.75M,0.77
OHM-CRVUSD,0.3148,$487.86M,-0.57
APEPE-TAG,0.3147,$346.43M,17.31
OUSG-EURCV,0.3146,$529.69M,0.1
BP-TRUMP,0.3145,$471.63M,0.06
KAU-TWT,0.3144,$456.77M,2.87
GLM-KITE,0.3144,$326.77M,-2.25
USAT-MON,0.3144,$433.42M,-3.2
BTSE-CRCLON,0.3143,$225.96M,-5.43
ZRO-THBILL,0.3142,$402.69M,1.59
MANA-BSV,0.3142,$389.88M,-2.0
TEL-CRCLON,0.3139,$267.17M,-0.68
AR-ZAMA,0.3139,$253.87M,7.02
APR-BONK,0.3138,$461.34M,-2.55
MWC-FET,0.3138,$419.76M,-1.91
ACRED-UUSD,0.3138,$214.83M,-0.12
SPCXB-EIGEN,0.3138,$226.13M,-6.94
COMP-GRASS,0.3138,$375.19M,-8.32
TIA-CARDS,0.3137,$575.36M,1.31
APEPE-TEL,0.3137,$375.68M,-1.02
ICNT-REUSD,0.3137,$269.00M,-7.67
FF-GOMINING,0.3137,$307.85M,3.12
NFT-XCN,0.3137,$394.18M,-3.13
APYUSD-XCN,0.3137,$287.79M,-1.27
COCO-WEMIX,0.3136,$284.64M,-10.45
ACRED-SAND,0.3136,$240.23M,-4.43
MWC-GRASS,0.3135,$329.71M,-2.19
OZO-EURCV,0.3135,$274.73M,0.08
STRK-SPCXB,0.3133,$274.75M,-1.69
META-SOON,0.3132,$185.42M,38.39
CAKE-STX,0.3132,$697.71M,-8.72
SFP-EURCV,0.3132,$252.17M,-2.31
SHORT-SN64,0.3131,$187.54M,-1.21
DRV-MON,0.313,$350.84M,-9.51
KMNO-BTSE,0.313,$231.13M,-2.99
ZANO-PEANUT,0.313,$315.70M,-5.7
NFT-Q,0.313,$484.47M,-1.57
AIAT-FET,0.3129,$423.90M,-3.71
AB-ULTIMA,0.3128,$278.54M,-13.96
UB-VCNT,0.3126,$525.28M,6.65
MWC-SUN,0.3126,$456.13M,0.94
GPS-CHEEMS,0.3126,$196.33M,2.58
GPS-SFP,0.3126,$198.74M,-0.05
COMP-FRAX,0.3126,$379.39M,-4.18
SEI-CHEEMS,0.3125,$386.87M,-2.82
USAT-ANTFUN,0.3125,$467.54M,1.58
APEPE-RAIL,0.3124,$291.20M,-3.73
1INCH-TEL,0.3123,$290.13M,-2.92
SNX-BTT,0.3123,$381.91M,-3.37
LDO-IOTA,0.3122,$450.77M,-7.02
NXM-AB,0.3121,$183.71M,-10.96
US-PYTH,0.3121,$740.33M,-9.29
BP-UUSD,0.3121,$214.02M,2.84
XEC-JASMY,0.3121,$331.04M,-10.24
GRT-CHEEMS,0.312,$261.66M,-2.72
GRT-GRASS,0.312,$377.21M,-6.84
AWE-SUN,0.312,$448.11M,-2.93
DAI-USTBL,0.3119,$251.89M,0.02
IOTA-TRAC,0.3119,$271.24M,-6.93
GRX-ZK,0.3118,$208.45M,-5.5
OZO-SYRUP,0.3116,$332.54M,-2.92
FF-EURC,0.3116,$642.32M,3.76
USDAI-THBILL,0.3116,$275.37M,0.14
1INCH-DRV,0.3115,$218.46M,-7.88
KAU-ONYC,0.3114,$554.51M,-0.3
DASH-FF,0.3114,$589.72M,0.86
SPX-OZO,0.3113,$427.37M,-2.83
STAC-RAIL,0.3113,$192.49M,-4.08
INJ-SAND,0.3113,$584.42M,-9.9
ZRO-COMP,0.3113,$444.08M,-2.98
TIBBIR-USAT,0.3113,$291.71M,2.41
TIBBIR-AERO,0.3113,$520.86M,2.73
KITE-PEANUT,0.3113,$416.54M,-1.68
TWT-KITE,0.3111,$380.47M,3.49
APR-SN64,0.311,$286.38M,2.72
BP-BONK,0.311,$379.18M,-0.86
XTZ-AR,0.3109,$341.53M,-7.25
BAT-BONK,0.3109,$368.36M,-8.97
GNO-KOGE,0.3108,$496.79M,-0.62
VCNT-EURCV,0.3108,$313.88M,1.34
TRAC-BONK,0.3108,$388.61M,-7.0
DYDX-LDO,0.3107,$401.06M,-6.88
PENDLE-SHFL,0.3106,$372.05M,-7.02
1INCH-ZRO,0.3105,$400.57M,-0.08
META-CRCLON,0.3105,$188.27M,5.22
VIRTUAL-TAG,0.3104,$514.64M,12.76
GOMINING-MANA,0.3104,$246.95M,-0.47
APXUSD-AXS,0.3103,$438.74M,-2.31
SAND-A7A5,0.3103,$603.39M,-4.67
SPCXB-VET,0.3103,$474.49M,-3.12
XTZ-MON,0.3102,$473.67M,-8.54
SPCXB-RAY,0.3102,$248.54M,-3.34
UUSD-CHZ,0.3101,$243.92M,-3.18
EIGEN-ONYC,0.3101,$386.80M,-6.37
TIA-SPCXB,0.3097,$392.03M,-3.92
RLB-FDUSD,0.3096,$450.37M,2.07
INJ-CHZ,0.3095,$603.37M,-8.66
META-ZANO,0.3095,$226.57M,0.75
JTO-BTSE,0.3095,$401.75M,-13.21
SPCXB-FET,0.3095,$391.45M,-5.63
BC-MANA,0.3094,$350.95M,5.05
AXS-TRUMP,0.3094,$501.08M,-6.97
APYUSD-FET,0.3094,$464.05M,-3.19
VELVET-AIAT,0.3093,$284.48M,-6.41
FDUSD-FARTCOIN,0.3093,$469.11M,0.5
CTOC-TRUMP,0.3092,$632.39M,-2.67
CARDS-ANTFUN,0.3092,$551.17M,6.34
2Z-ZAMA,0.3091,$340.15M,6.32
CAKE-SOSO,0.309,$563.78M,11.04
GALA-BTSE,0.309,$221.73M,-10.74
USDTB-VELVET,0.3088,$522.02M,-7.86
ZK-SHFL,0.3088,$205.75M,-8.75
UB-ANTFUN,0.3087,$643.14M,7.01
APR-RAY,0.3086,$359.40M,-1.63
OHM-CTOC,0.3085,$550.81M,-0.33
UUSD-BORG,0.3085,$238.06M,-4.0
DYDX-PYTH,0.3084,$419.23M,-8.98
AB-NEO,0.3084,$230.62M,-15.39
CRVUSD-AR,0.3084,$328.10M,-1.95
AVUSD-FARTCOIN,0.3084,$238.99M,0.59
KMNO-GALA,0.3083,$186.64M,-1.44
MX-ETHFI,0.3083,$550.48M,-5.23
THETA-XPL,0.3082,$346.68M,-2.11
KITE-MET,0.3081,$321.42M,1.65
CHEEMS-BONK,0.308,$365.26M,-3.51
UQC-SFP,0.308,$210.75M,-2.45
FF-CHZ,0.308,$336.42M,0.56
VSN-KAITO,0.3077,$460.16M,11.87
UB-STAC,0.3076,$463.48M,5.42
SHORT-KOGE,0.3076,$311.70M,-3.01
PYTH-NFT,0.3076,$585.88M,-5.37
GALA-PYTH,0.3075,$409.97M,-10.04
ENS-AIAT,0.3075,$294.05M,-0.0
AIAT-SFP,0.3075,$220.71M,-0.98
STAC-XEC,0.3074,$222.10M,-9.25
EDGE-USAT,0.3074,$321.20M,-2.42
FLUID-BSV,0.3074,$344.78M,-1.22
PENDLE-USDF,0.3074,$362.49M,-3.66
BTSE-COMP,0.3071,$292.44M,-10.57
WEMIX-USAT,0.3069,$285.65M,-7.19
GNO-KITE,0.3068,$514.65M,-0.08
DRV-NFT,0.3067,$367.17M,-6.28
ZBCN-SHFL,0.3066,$298.67M,-7.3
DCR-SOON,0.3066,$292.79M,31.83
TWT-RAIL,0.3065,$238.31M,-0.89
AXS-UUSD,0.3065,$243.47M,-4.19
WIF-KOGE,0.3065,$360.49M,0.38
RLB-REUSD,0.3063,$271.71M,2.14
SOSO-XPL,0.3063,$337.18M,11.7
DEXE-CHEEMS,0.3062,$374.40M,23.34
ZRO-ULTIMA,0.3062,$466.45M,-1.02
DEXE-AIAT,0.3061,$392.06M,24.52
CASH-USDA,0.3061,$218.20M,-0.22
BC-BORG,0.306,$357.84M,1.01
GPS-NFT,0.306,$360.53M,2.41
BP-VCNT,0.3059,$278.68M,4.16
DASH-TAG,0.3059,$542.50M,14.11
PENGU-ONYC,0.3059,$617.92M,-1.3
A7A5-AR,0.3059,$594.26M,-2.18
LUNC-VCNT,0.3058,$443.34M,-3.34
COCO-ANTFUN,0.3058,$466.53M,-1.67
STAC-MANA,0.3056,$234.03M,0.12
STAC-FET,0.3056,$408.56M,-5.09
DRV-GRX,0.3056,$226.74M,-6.47
AB-ZK,0.3054,$181.20M,-16.88
AIAT-THETA,0.3054,$244.07M,-1.37
EDGE-GRASS,0.3052,$351.84M,-6.27
OZO-FRXUSD,0.3051,$235.22M,-0.03
GLIDR-XPL,0.3051,$321.97M,-0.84
MWC-FRXUSD,0.305,$223.76M,2.6
OZO-REAL,0.305,$374.36M,-0.34
SPCXB-REAL,0.305,$334.59M,-0.87
KAU-REUSD,0.3049,$475.74M,-0.32
WIF-A7A5,0.3049,$624.55M,0.34
A-Q,0.3048,$322.24M,-4.03
GRT-TAG,0.3047,$306.41M,13.98
EARNETH-ONYC,0.3046,$393.15M,0.76
VCNT-AVUSD,0.3046,$280.42M,1.32
UUSD-SUN,0.3042,$442.08M,-1.52
DCR-SUN,0.3041,$545.07M,-3.52
KMNO-VCNT,0.3038,$262.47M,4.42
KAU-UQC,0.3036,$416.33M,-0.42
FDUSD-SFP,0.3036,$448.83M,-2.42
DAI-AERO,0.3035,$505.42M,0.26
OHM-KAG,0.3035,$489.50M,-0.49
EDGE-VCNT,0.3034,$300.42M,-1.11
WIF-XCN,0.3034,$276.00M,-2.55
BTW-XPIN,0.3033,$379.70M,-0.98
GRX-TRAC,0.3033,$247.76M,-3.37
OHM-AKE,0.3032,$371.33M,30.87
VCNT-FRAX,0.3032,$384.51M,1.51
SEI-CRCLON,0.3031,$379.41M,-2.34
OZO-AERO,0.3031,$539.67M,0.27
FLUID-STRK,0.3031,$275.50M,-0.31
CRVUSD-PENGU,0.3031,$583.77M,-1.44
AIAT-REAL,0.303,$367.04M,1.05
XTZ-PIEVERSE,0.3029,$407.56M,-5.61
SPCXB-STRCX,0.3029,$226.33M,1.37
OHM-USDAI,0.3028,$433.24M,-0.5
NEX-KOGE,0.3028,$304.48M,-4.74
JTO-SHORT,0.3028,$366.19M,-9.8
STAC-AERO,0.3027,$517.02M,0.3
OZO-CRCLON,0.3025,$218.15M,0.73
GRX-ONYC,0.3025,$370.30M,-0.06
RLB-BSV,0.3024,$362.76M,0.02
USDAT-JASMY,0.3024,$351.39M,-0.99
TIBBIR-GOMINING,0.3022,$222.05M,1.9
ACRED-COMP,0.3022,$274.37M,-4.49
SOON-APYUSD,0.3021,$248.14M,35.82
US-TKX,0.302,$522.41M,-3.35
FARTCOIN-FET,0.302,$428.93M,-4.58
STAC-2Z,0.3019,$304.98M,-2.55
TIBBIR-SOSO,0.3019,$223.07M,13.5
FDUSD-NEX,0.3019,$436.43M,-4.5
ZRO-DASH,0.3018,$682.19M,-1.37
CARDS-ETHFI,0.3017,$668.76M,0.29
SOON-PEANUT,0.3017,$274.55M,31.94
AKT-USDAI,0.3016,$285.83M,-7.71
USDAT-FRAX,0.3016,$359.87M,0.22
DASH-AVUSD,0.3016,$513.41M,-2.77
VIRTUAL-SUN,0.3015,$711.86M,-5.64
USTBL-PYTH,0.3015,$482.20M,-5.42
STAC-SYRUP,0.3013,$309.89M,-2.89
GPS-THBILL,0.3013,$213.94M,2.48
NFT-XPL,0.3013,$485.11M,0.73
DAI-AKT,0.3011,$219.44M,-7.71
GRT-GLIDR,0.3011,$262.73M,-4.45
APYUSD-WFI,0.3011,$332.67M,-0.94
SNX-CARDS,0.301,$391.30M,2.68
SOON-BSV,0.301,$348.50M,31.8
VELVET-FARTCOIN,0.3009,$289.51M,-7.27
GNO-CRVUSD,0.3009,$494.69M,-0.42
COCO-Q,0.3009,$404.17M,-4.94
A-MON,0.3009,$350.48M,-5.55
DRV-NEX,0.3007,$192.97M,-10.82
ZBCN-CHEEMS,0.3007,$277.59M,-3.69
NEO-A,0.3007,$236.06M,-6.28
RAY-WFI,0.3006,$337.55M,-5.7
ICNT-PYTH,0.3005,$422.93M,-13.16
VIRTUAL-XTZ,0.3003,$595.04M,-9.55
TAG-NFT,0.3003,$409.59M,17.0
OZO-EURC,0.3001,$575.33M,0.08
GLM-SOSO,0.3,$211.35M,8.53
ACRED-EURC,0.3,$565.08M,0.01
DEXE-EURCV,0.2999,$423.52M,23.18
INJ-MET,0.2997,$548.65M,-4.16
RLB-MWC,0.2995,$218.11M,4.54
APR-DCR,0.2995,$399.17M,-0.86
AVUSD-AR,0.2995,$232.03M,-1.82
KAITO-SFP,0.2994,$412.00M,8.83
USDTB-NEX,0.2993,$445.85M,-4.51
VELVET-GRASS,0.2993,$382.37M,-11.7
DCR-XCN,0.2993,$332.44M,-5.25
VIRTUAL-FRAX,0.2992,$589.64M,-3.92
FF-SHFL,0.2992,$313.68M,0.31
OHM-Q,0.2991,$495.76M,-2.13
TRAC-RAY,0.2991,$286.67M,-6.08
MWC-TAG,0.299,$258.91M,17.84
UQC-GLIDR,0.299,$209.40M,-1.56
DASH-CRCLON,0.299,$490.29M,-2.1
FF-PENGU,0.299,$564.00M,2.32
REUSD-TRUMP,0.299,$524.82M,-2.8
SYRUP-WFI,0.299,$381.79M,-5.8
STRK-ANTFUN,0.2989,$471.52M,0.45
CARDS-STX,0.2989,$519.38M,-4.01
AVUSD-BTT,0.2988,$375.45M,-1.28
UB-APR,0.2987,$557.23M,6.58
BTW-ZRO,0.2986,$519.55M,-0.24
SPX-COCO,0.2986,$486.30M,-6.14
XEC-Q,0.2985,$339.41M,-10.92
TKX-GOMINING,0.2984,$219.01M,-0.07
AXS-KAITO,0.2984,$452.96M,7.08
KMNO-UUSD,0.2984,$197.81M,3.1
UUSD-DASH,0.2984,$497.22M,-2.87
ICNT-ONYC,0.2983,$347.78M,-7.66
MWC-USDA,0.2982,$210.02M,1.84
APXUSD-EURCV,0.2982,$444.49M,1.9
CAKE-NEX,0.2981,$537.52M,-4.47
INJ-SNX,0.298,$581.67M,-7.57
LDO-UQC,0.298,$411.22M,-3.41
UB-GPS,0.2978,$456.85M,7.72
AKT-RAIL,0.2977,$218.24M,-11.81
DEXE-GRASS,0.2976,$489.95M,19.22
VSN-LUNC,0.2975,$429.79M,-3.94
DCR-CRVUSD,0.2975,$414.83M,-2.13
FDUSD-PRL,0.2975,$430.17M,10.69
KITE-USDZ,0.2975,$359.39M,0.06
KOGE-SOSO,0.2974,$330.74M,10.77
Q-SFP,0.2974,$322.68M,-4.03
DAI-LDO,0.2973,$394.25M,-3.35
OUSG-PENDLE,0.2973,$630.90M,-3.63
BC-USDF,0.2973,$331.41M,4.96
AVUSD-PENGU,0.2973,$487.69M,-1.31
VELVET-PENDLE,0.2972,$417.15M,-11.47
ZBCN-VCNT,0.2972,$341.72M,-2.66
OHM-JASMY,0.2972,$487.39M,-1.45
1INCH-A7A5,0.2971,$594.02M,-1.83
USDTB-TRUMP,0.2971,$712.91M,-2.88
SPX-A7A5,0.297,$780.28M,-3.15
CVX-ONYC,0.297,$381.02M,7.1
VSN-US,0.2969,$569.86M,-3.18
NXM-CRVUSD,0.2969,$298.92M,0.45
BC-VCNT,0.2968,$384.01M,6.22
APR-AKT,0.2967,$324.78M,-6.5
ZRO-FLOKI,0.2967,$483.26M,-0.05
ACRED-WIF,0.2966,$261.39M,0.58
KAU-SHORT,0.2965,$405.86M,-3.1
NFT-ONYC,0.2964,$510.73M,0.13
APYUSD-PRL,0.2964,$242.20M,12.66
WEMIX-XEC,0.2963,$219.88M,-16.43
RLB-FRXUSD,0.2962,$214.19M,2.07
APR-BORG,0.2962,$334.66M,-2.75
GPS-GOMINING,0.2961,$211.57M,1.78
KAG-KMNO,0.2961,$311.71M,3.16
FF-XPL,0.296,$412.87M,4.34
WIF-ZAMA,0.296,$284.16M,9.55
AB-GRX,0.2959,$220.94M,-11.61
GRT-TRUMP,0.2958,$518.73M,-5.79
ZANO-BTT,0.2957,$390.63M,-5.08
ENS-USDAI,0.2957,$333.51M,-1.42
EARNETH-OHM,0.2956,$422.75M,0.21
INJ-TRUMP,0.2955,$816.63M,-8.37
USDTB-PRL,0.2955,$439.59M,10.68
STAC-VELVET,0.2953,$269.15M,-7.78
FLOKI-AIAT,0.2953,$316.49M,-0.08
PENGU-TEL,0.2951,$546.03M,-2.76
1INCH-EURC,0.295,$565.85M,-1.45
GRX-A7A5,0.295,$602.30M,-0.43
GRX-FRXUSD,0.295,$234.02M,-0.16
USAT-EURC,0.295,$635.26M,0.03
1INCH-ZAMA,0.2949,$253.63M,7.37
ICNT-SNX,0.2949,$224.01M,-9.75
VSN-KITE,0.2948,$382.90M,0.93
APEPE-KOGE,0.2948,$415.51M,0.11
NEO-USDAI,0.2948,$291.21M,-3.9
IOTA-PYTH,0.2947,$468.94M,-9.12
AVUSD-PENDLE,0.2947,$366.63M,-3.6
1INCH-OHM,0.2946,$391.62M,-2.02
LDO-ULTIMA,0.2946,$484.90M,-5.81
FLUID-FET,0.2946,$392.20M,-4.25
GLM-MET,0.2946,$184.18M,-1.13
UQC-TRUMP,0.2946,$465.41M,-2.9
AIAT-PEANUT,0.2946,$302.52M,-0.54
KMNO-WFI,0.2945,$272.56M,0.28
FRXUSD-GUSD,0.2944,$259.43M,-0.0
APR-TWT,0.2943,$344.86M,4.42
EDGE-STRK,0.2943,$325.19M,-3.55
TWT-SFP,0.2943,$251.20M,0.84
AWE-A,0.2943,$208.11M,-3.85
FF-CRCLON,0.2943,$285.14M,4.4
DAI-MWC,0.2941,$204.89M,2.62
KMNO-FLOKI,0.2941,$296.53M,1.66
COMP-ANTFUN,0.294,$441.63M,-2.8
AERO-THBILL,0.294,$532.31M,0.41
UUSD-USDAI,0.2939,$257.22M,-0.06
ENS-XPIN,0.2939,$320.97M,-0.7
LDO-META,0.2938,$398.61M,1.15
GNO-GPS,0.2938,$378.65M,1.99
ACRED-KITE,0.2938,$347.04M,0.2
UUSD-ZANO,0.2938,$230.95M,-3.8
DAI-GEOD,0.2937,$185.40M,3.69
CASH-KITE,0.2937,$354.02M,0.25
PIEVERSE-BONK,0.2937,$447.03M,-3.98
AERO-XPL,0.2937,$634.96M,0.92
ZK-A,0.2935,$186.64M,-7.77
FDUSD-BTT,0.2935,$605.57M,-1.37
AWE-BONK,0.2935,$370.77M,-5.21
USDAT-BP,0.2934,$254.04M,2.87
XEC-USDAI,0.2934,$276.89M,-9.29
ONYC-SUN,0.2934,$588.50M,-1.41
Q-SOSO,0.2934,$336.54M,9.4
INJ-DASH,0.2933,$856.67M,-8.36
BP-TRAC,0.2933,$237.90M,-0.36
CHEEMS-DASH,0.2931,$497.75M,-2.58
RAIL-PIEVERSE,0.293,$271.93M,-4.34
NEO-USAT,0.2929,$319.00M,-3.94
MWC-AERO,0.2928,$528.21M,3.62
UUSD-SHFL,0.2928,$221.19M,-3.42
BTSE-ONYC,0.2928,$379.32M,-6.09
APXUSD-ZK,0.2927,$379.41M,-3.56
DCR-COMP,0.2927,$362.10M,-6.48
SNX-TAG,0.2927,$267.50M,14.9
APR-BAT,0.2925,$299.80M,-4.02
DRV-FRAX,0.2925,$322.71M,-6.1
USDA-CRCLON,0.2924,$189.03M,0.52
RLB-ETHFI,0.2923,$504.16M,-2.31
TRAC-AKE,0.292,$219.19M,28.11
RLB-NEX,0.2919,$194.60M,-2.36
MX-APYUSD,0.2919,$308.72M,1.13
UB-NEX,0.2918,$451.17M,0.92
NXM-1INCH,0.2917,$202.69M,-0.99
IMX-COCO,0.2916,$411.54M,-7.87
EARNETH-AWE,0.2915,$252.76M,-0.76
RLB-SUN,0.2913,$446.56M,0.63
META-XPL,0.2913,$316.00M,5.16
XTZ-XPL,0.2913,$446.06M,-4.72
ACRED-ZANO,0.2913,$246.20M,-3.82
SPCXB-THETA,0.2913,$211.63M,-3.29
BTSE-FET,0.2913,$439.03M,-11.27
NXM-NEX,0.2912,$177.20M,-3.93
ZRO-TEL,0.2911,$459.07M,0.05
ULTIMA-TRUMP,0.2911,$539.09M,-5.3
FARTCOIN-TAG,0.2911,$268.08M,17.47
GALA-AERO,0.291,$502.99M,-4.33
USDA-PIEVERSE,0.2909,$278.26M,-0.43
RAY-ZAMA,0.2909,$300.82M,6.07
SOSO-GUSD,0.2909,$266.09M,11.08
COCO-ACRED,0.2908,$299.26M,-3.37
VELVET-JTO,0.2907,$435.14M,-14.87
ZRO-PEANUT,0.2907,$469.29M,-0.5
GLM-CHEEMS,0.2907,$195.08M,-2.28
SAND-CRVUSD,0.2907,$337.24M,-4.44
LDO-USTBL,0.2906,$464.04M,-3.32
VCNT-SHORT,0.2906,$262.00M,-1.48
INJ-ANTFUN,0.2905,$741.54M,-3.91
REUSD-ONYC,0.2904,$413.64M,0.1
TIBBIR-FRXUSD,0.2903,$216.41M,2.42
FARTCOIN-USDF,0.2903,$234.85M,0.54
SPX-SHFL,0.2902,$423.47M,-6.21
1INCH-TIA,0.2902,$422.31M,-4.93
APXUSD-USDA,0.2901,$391.23M,1.63
USDA-A,0.29,$198.47M,-2.59
GEOD-MANA,0.29,$225.73M,3.78
INJ-USAT,0.2899,$644.46M,-5.58
UB-US,0.2898,$779.80M,1.54
COCO-ICNT,0.2898,$285.79M,-11.02
JTO-TAG,0.2897,$413.70M,9.87
SPX-ZAMA,0.2896,$439.89M,6.05
ZBCN-APXUSD,0.2896,$472.33M,-2.1
BTT-AKE,0.2896,$355.00M,30.03
OUSG-SHFL,0.2895,$501.65M,-3.35
STRCX-CRCLON,0.2895,$233.65M,2.6
APYUSD-AERO,0.2895,$572.50M,2.2
USDZ-XPL,0.2895,$347.98M,0.46
USDA-GLIDR,0.2894,$197.56M,-1.7
XEC-ONYC,0.2894,$365.66M,-9.22
BTW-FRAX,0.2893,$454.87M,-1.44
LDO-REUSD,0.2893,$470.63M,-3.31
AIAT-CRCLON,0.2893,$210.83M,2.13
NXM-OHM,0.2892,$362.68M,0.04
VCNT-THBILL,0.2892,$282.38M,1.41
ZBCN-CRCLON,0.2891,$270.13M,-3.21
APEPE-CRCLON,0.289,$294.21M,1.1
SEI-MX,0.2889,$437.14M,-3.86
OHM-WEMIX,0.2889,$376.23M,-7.64
CRVUSD-SPCXB,0.2889,$297.59M,-0.59
USDTB-GPS,0.2887,$451.53M,2.29
CAKE-SOON,0.2887,$537.20M,33.88
UQC-CTOC,0.2887,$383.02M,0.1
SPCXB-SFP,0.2887,$188.27M,-2.9
LUNC-JTO,0.2886,$547.53M,-11.66
KAITO-NEX,0.2886,$399.60M,6.75
UQC-TEL,0.2886,$282.33M,-1.46
APR-ACRED,0.2885,$311.43M,1.13
SEI-USAT,0.2885,$471.78M,-3.1
SOON-PIEVERSE,0.2885,$272.09M,33.65
GRASS-FET,0.2885,$521.79M,-9.01
OZO-GNO,0.2884,$407.94M,-0.34
WEMIX-ZBT,0.2883,$214.37M,-6.07
APR-CHZ,0.2882,$340.53M,-1.93
KAU-WFI,0.2882,$482.85M,-3.23
USTBL-BTSE,0.2882,$293.95M,-6.12
APXUSD-THBILL,0.2882,$412.99M,1.97
APYUSD-MET,0.2882,$247.54M,3.32
MWC-ZAMA,0.2881,$251.65M,9.29
AWE-PYTH,0.2881,$427.18M,-6.91
TEL-VET,0.2881,$563.27M,-4.01
AB-VCNT,0.288,$261.29M,-10.23
LDO-GALA,0.2879,$391.81M,-7.94
UQC-USDZ,0.2878,$235.41M,-0.27
TKX-SFP,0.2875,$206.17M,-1.89
KMNO-XCN,0.2875,$227.68M,-0.05
MX-XPL,0.2875,$371.18M,-0.15
DAI-THBILL,0.2874,$208.98M,0.14
DYDX-KAITO,0.2874,$407.14M,7.68
BC-EURC,0.2874,$669.60M,5.03
GLIDR-FET,0.2874,$407.30M,-6.62
VCNT-EURC,0.2872,$614.48M,1.34
AKT-GRX,0.2871,$252.49M,-7.82
CVX-CHZ,0.287,$278.95M,3.92
FLUID-USDAI,0.2869,$243.72M,0.86
RAIL-PEANUT,0.2869,$274.38M,-6.06
DEXE-THBILL,0.2868,$392.01M,23.25
BTW-RAIL,0.2867,$324.64M,-5.8
USTBL-OHM,0.2867,$436.65M,-0.47
CHEEMS-AIAT,0.2867,$218.30M,1.64
LDO-BTSE,0.2866,$436.31M,-9.49
NEO-PRL,0.2866,$217.84M,6.83
CHEEMS-MON,0.2866,$348.51M,-2.92
GALA-KITE,0.2866,$320.62M,-4.33
RLB-MANA,0.2865,$235.66M,2.19
EARNETH-JTO,0.2864,$415.58M,-6.36
2Z-PYTH,0.2863,$523.70M,-8.02
SAND-REUSD,0.2863,$292.62M,-4.32
TEL-GEOD,0.2863,$268.66M,2.29
LUNC-XPIN,0.2861,$423.80M,-3.89
NXM-FDUSD,0.2861,$432.97M,0.5
OUSG-MWC,0.2861,$494.09M,2.65
LDO-THBILL,0.2861,$421.13M,-3.2
USDTB-EURCV,0.2861,$504.96M,0.03
NEO-WFI,0.2861,$308.32M,-6.77
APR-UUSD,0.286,$296.18M,1.14
TIA-MX,0.286,$457.08M,-4.21
APXUSD-WFI,0.286,$469.60M,-1.04
DEXE-GLIDR,0.2859,$375.46M,21.61
AERO-XCN,0.2859,$544.03M,-2.94
LDO-AXS,0.2858,$446.88M,-7.48
COCO-PIEVERSE,0.2858,$366.30M,-3.53
COCO-WFI,0.2858,$358.76M,-6.17
DASH-FRXUSD,0.2858,$507.36M,-2.86
NEX-WFI,0.2858,$264.87M,-7.34
USDA-MANA,0.2857,$227.56M,-0.11
TRAC-Q,0.2857,$343.62M,-4.89
ACRED-TRUMP,0.2856,$472.43M,-2.9
APYUSD-THBILL,0.2856,$276.06M,2.08
VELVET-META,0.2855,$261.92M,-3.31
KAG-CHEEMS,0.2855,$314.01M,0.24
CASH-THETA,0.2854,$248.11M,-2.79
APEPE-BSV,0.2854,$459.85M,-1.71
IMX-AB,0.2853,$324.17M,-16.06
SPCXB-XCN,0.2853,$215.19M,-3.71
DASH-USDAI,0.2851,$554.87M,-2.83
OHM-USDA,0.285,$371.98M,-0.69
SAND-GUSD,0.285,$274.69M,-4.33
DAI-KAITO,0.2849,$400.32M,11.21
FLOKI-FF,0.2849,$390.79M,2.19
REUSD-BTSE,0.2849,$300.54M,-6.1
NFT-MET,0.2849,$353.94M,1.45
OUSG-ZAMA,0.2848,$518.06M,8.92
BC-APYUSD,0.2848,$377.70M,6.89
VCNT-FARTCOIN,0.2848,$287.46M,1.8
BORG-XPL,0.2848,$358.86M,-3.29
ANTFUN-FRAX,0.2848,$502.37M,1.88
SPX-CARDS,0.2847,$570.94M,1.87
USDTB-GRASS,0.2847,$571.39M,-3.94
PENDLE-ANTFUN,0.2847,$532.96M,-2.03
TWT-FRXUSD,0.2846,$258.39M,3.19
GRT-KAITO,0.2845,$470.61M,8.26
GLM-ANTFUN,0.2845,$377.07M,-0.89
IMX-CRCLON,0.2844,$320.17M,-3.85
KMNO-TEL,0.2844,$272.34M,1.76
BTW-PYTH,0.2843,$556.16M,-7.13
LDO-TKX,0.2843,$406.64M,-2.85
REUSD-KOGE,0.2843,$381.58M,-0.23
BORG-FRXUSD,0.2843,$248.19M,-3.99
DAI-TIA,0.2842,$397.54M,-3.41
MWC-COCO,0.2842,$298.06M,-0.83
CHEEMS-ETHFI,0.2842,$500.21M,-4.18
ONYC-COMP,0.2842,$405.53M,-4.37
USDAT-TIBBIR,0.284,$246.28M,2.43
KMNO-PYTH,0.284,$419.38M,-2.29
GRX-BTT,0.2839,$383.57M,-1.45
2Z-TEL,0.2838,$376.65M,-3.98
RAIL-WFI,0.2838,$264.39M,-6.98
MWC-CRCLON,0.2837,$206.69M,3.21
NEX-SYRUP,0.2837,$297.58M,-7.39
LDO-SHFL,0.2836,$424.60M,-6.71
VCNT-PYTH,0.2836,$485.80M,-4.18
KAITO-BTSE,0.2835,$442.38M,5.07
USDTB-CAKE,0.2834,$802.71M,-0.05
CTOC-APYUSD,0.2834,$433.13M,2.1
VELVET-GLM,0.2833,$261.26M,-10.33
OHM-TRUMP,0.2833,$633.19M,-3.33
UUSD-A,0.2833,$202.07M,-2.44
VCNT-PIEVERSE,0.2833,$346.53M,1.03
OUSG-MANA,0.2832,$511.63M,0.11
CASH-USDZ,0.2832,$249.41M,-0.22
TKX-KITE,0.2832,$335.45M,0.76
VET-CRCLON,0.2832,$481.81M,-1.89
OUSG-PRL,0.2831,$464.32M,10.75
OZO-PYTH,0.2831,$446.66M,-5.44
USTBL-MX,0.283,$311.43M,-0.79
MANA-TRUMP,0.283,$488.77M,-2.75
GRX-CTOC,0.2829,$399.10M,0.05
KMNO-NFT,0.2829,$362.54M,3.23
VSN-CARDS,0.2828,$419.76M,5.37
USAT-FRXUSD,0.2828,$295.15M,-0.08
SOON-MET,0.2828,$179.43M,35.27
MON-COMP,0.2827,$407.52M,-7.58
VELVET-ACRED,0.2826,$281.54M,-7.88
IMX-BC,0.2825,$446.89M,0.39
SPX-CRCLON,0.2825,$394.93M,-2.12
USDZ-FRAX,0.2825,$347.46M,0.05
CASH-GRASS,0.2824,$337.89M,-3.91
TIA-SHORT,0.2824,$404.04M,-6.14
DYDX-CHEEMS,0.2823,$198.18M,-3.29
USDTB-JTO,0.2823,$624.16M,-7.11
CRVUSD-USDA,0.2822,$308.23M,-0.28
CARDS-PENGU,0.2822,$640.58M,3.35
TKX-WIF,0.2821,$249.79M,1.15
FRXUSD-BAT,0.2821,$213.34M,-5.25
DAI-1INCH,0.282,$206.87M,-1.53
BC-SHORT,0.282,$317.12M,2.22
BONK-FRAX,0.282,$485.01M,-3.5
KAU-EURCV,0.2818,$457.74M,-0.28
APYUSD-GLIDR,0.2818,$259.51M,0.44
APXUSD-CHZ,0.2817,$439.20M,-1.29
SOON-BTSE,0.2817,$223.12M,27.74
OZO-KMNO,0.2816,$223.32M,3.16
TIA-A7A5,0.2816,$784.70M,-3.71
APR-XEC,0.2815,$315.85M,-8.08
USTBL-TWT,0.2815,$309.31M,3.25
TWT-MX,0.2815,$299.06M,2.41
FDUSD-BSV,0.2815,$604.59M,-2.12
OUSG-DRV,0.2814,$482.89M,-6.33
WEMIX-TRUMP,0.2814,$457.81M,-9.98
LUNC-MANA,0.2813,$410.28M,-4.51
AWE-SN64,0.2813,$195.81M,0.07
REUSD-THBILL,0.2813,$285.37M,0.18
ZRO-BTT,0.2812,$544.23M,0.11
DCR-KAG,0.2812,$416.47M,-2.05
TAG-PIEVERSE,0.2812,$327.15M,16.7
DRV-TWT,0.2811,$251.11M,-3.13
OHM-SNX,0.2811,$398.24M,-2.52
SAND-WFI,0.281,$299.73M,-7.23
USAT-CHZ,0.281,$329.37M,-3.17
BTSE-BAT,0.281,$236.53M,-11.36
REAL-BONK,0.281,$514.00M,-4.1
BTT-EURCV,0.281,$408.91M,-1.26
NXM-GEOD,0.2808,$181.22M,4.23
1INCH-FDUSD,0.2808,$461.91M,-1.56
AXS-BONK,0.2808,$408.63M,-7.89
APR-STX,0.2807,$446.91M,-7.52
KMNO-AR,0.2807,$214.08M,1.28
FLUID-JTO,0.2806,$354.92M,-6.19
IOTA-GRASS,0.2806,$363.44M,-7.57
XEC-STX,0.2806,$369.97M,-18.0
FLUID-STRCX,0.2805,$227.08M,2.75
TEL-BONK,0.2805,$439.26M,-5.15
NEO-SHORT,0.2804,$231.33M,-6.63
NEO-SUN,0.2803,$476.06M,-5.36
AWE-THBILL,0.2803,$223.75M,-1.32
FLUID-GALA,0.2798,$174.90M,-3.73
USDA-MET,0.2798,$185.59M,1.18
ZBCN-APYUSD,0.2797,$335.40M,-1.99
TKX-PYTH,0.2796,$424.80M,-4.95
ICNT-Q,0.2796,$321.52M,-9.35
GRT-PYTH,0.2794,$482.70M,-8.4
BC-US,0.2794,$638.54M,1.11
KMNO-FARTCOIN,0.2794,$221.03M,3.69
ZBT-EURC,0.2794,$563.98M,1.15
GNO-USDAT,0.2793,$422.44M,-0.37
APXUSD-KMNO,0.2791,$393.08M,4.98
USDAT-AIAT,0.2791,$257.78M,1.38
1INCH-CTOC,0.279,$390.82M,-1.36
FDUSD-MX,0.279,$496.69M,-0.85
OUSG-NEO,0.2789,$514.02M,-3.87
BC-BONK,0.2788,$484.52M,1.21
ENS-ZBT,0.2787,$290.02M,-0.33
AXS-ACRED,0.2785,$258.73M,-4.2
ACRED-RAIL,0.2785,$204.89M,-4.18
APYUSD-SYRUP,0.2785,$365.37M,-0.99
US-USDZ,0.2784,$546.36M,-4.05
KAG-AVUSD,0.2781,$329.67M,0.06
CASH-JASMY,0.2779,$333.60M,-0.98
SPX-JTO,0.2778,$570.71M,-9.9
VELVET-SOON,0.2777,$256.51M,26.07
TWT-FDUSD,0.2777,$494.56M,3.19
RAIL-SN64,0.2776,$179.84M,-2.58
APR-VET,0.2774,$585.35M,-1.41
BC-BTT,0.2774,$479.04M,3.62
TIA-ZAMA,0.2774,$444.30M,5.49
APR-META,0.2771,$291.80M,5.7
INJ-XEC,0.2771,$578.69M,-14.82
USDA-EURCV,0.277,$245.61M,-0.13
LDO-PEANUT,0.2769,$487.73M,-5.29
AKT-USDF,0.2769,$240.23M,-7.7
GPS-ETHFI,0.2769,$495.90M,-2.08
BTW-REUSD,0.2768,$402.23M,-1.65
TAG-XPIN,0.2766,$289.96M,17.64
ZK-FLUID,0.2765,$170.64M,-4.52
US-AIAT,0.2764,$536.94M,-2.44
OHM-FET,0.2764,$581.72M,-5.61
ZBCN-WIF,0.2762,$323.62M,-3.28
PRL-XCN,0.2761,$213.73M,7.52
JTO-MX,0.276,$419.23M,-7.87
AXS-APYUSD,0.2759,$301.81M,-2.2
XTZ-GLIDR,0.2759,$326.86M,-6.88
INJ-AB,0.2758,$556.08M,-17.03
AB-GEOD,0.2757,$191.19M,-7.8
A-COMP,0.2757,$261.61M,-6.82
A-USDF,0.2757,$214.13M,-2.39
BC-SN64,0.2756,$309.56M,6.49
VCNT-A,0.2756,$266.73M,-1.12
STRK-ZAMA,0.2755,$327.02M,7.72
AWE-ONYC,0.2755,$352.03M,-1.4
APR-AIAT,0.2754,$314.37M,2.6
VIRTUAL-ANTFUN,0.2753,$651.88M,-2.54
DCR-KOGE,0.2752,$416.93M,-2.32
PEANUT-ZAMA,0.2752,$322.35M,6.95
RLB-VET,0.2751,$493.23M,-0.51
FDUSD-REAL,0.2751,$595.16M,-0.39
UUSD-BSV,0.2751,$358.28M,-2.14
UB-KMNO,0.275,$458.86M,8.54
VELVET-ZAMA,0.2749,$304.31M,1.08
OZO-AVUSD,0.2749,$241.27M,0.06
DCR-RAIL,0.2749,$292.62M,-6.16
BP-XCN,0.2749,$243.89M,-0.31
UQC-FLOKI,0.2748,$306.53M,-1.56
ANTFUN-USDZ,0.2748,$409.70M,1.42
USTBL-SHORT,0.2747,$258.39M,-2.72
KAITO-WEMIX,0.2747,$409.69M,4.06
FF-SUN,0.2747,$534.57M,2.21
XEC-A,0.2747,$221.75M,-11.67
GPS-VET,0.2746,$484.97M,-0.27
UUSD-AR,0.2746,$215.84M,-1.93
EIGEN-TRUMP,0.2746,$497.98M,-9.26
KAU-USAT,0.2745,$493.54M,-0.4
SEI-GEOD,0.2745,$380.90M,0.64
SHORT-APYUSD,0.2745,$255.68M,-0.8
SEI-ONYC,0.2742,$532.76M,-3.0
KAG-PENDLE,0.2742,$464.34M,-3.65
TAG-BONK,0.2742,$410.01M,13.18
OHM-EIGEN,0.2741,$416.40M,-6.92
VCNT-WFI,0.2741,$338.99M,-1.61
BTW-KMNO,0.274,$332.82M,1.47
DAI-CVX,0.2739,$225.87M,7.03
ICNT-XPIN,0.2739,$246.47M,-7.0
TEL-XPIN,0.2739,$319.21M,-0.68
DAI-TWT,0.2738,$239.52M,3.22
ZK-MX,0.2738,$234.94M,-6.2
XTZ-RAY,0.2737,$388.48M,-8.21
ACRED-AIAT,0.2737,$233.02M,1.34
FLUID-ENS,0.2736,$262.36M,-0.54
NEX-BONK,0.2736,$355.28M,-8.21
WIF-BSV,0.2736,$404.84M,-1.44
REUSD-GRASS,0.2735,$383.30M,-3.85
PYTH-THBILL,0.2735,$439.29M,-5.3
LUNC-OUSG,0.2734,$659.15M,-4.58
EDGE-SFP,0.2734,$238.71M,-4.76
NEO-USDZ,0.2734,$261.16M,-4.09
USAT-TEL,0.2734,$359.54M,-1.44
SPX-OUSG,0.2733,$682.32M,-2.82
1INCH-A,0.2733,$218.11M,-3.91
NEO-TEL,0.2733,$308.09M,-5.29
TRAC-ZAMA,0.2733,$261.48M,5.64
OZO-GRX,0.2732,$249.39M,-0.11
WEMIX-ANTFUN,0.2732,$382.73M,-5.52
USAT-ETHFI,0.2732,$585.12M,-4.46
FDUSD-ETHFI,0.273,$745.99M,-4.46
1INCH-SHORT,0.2729,$213.37M,-4.26
GLM-Q,0.2729,$314.71M,-4.15
ZBT-SFP,0.2729,$216.68M,-1.3
BTW-ONYC,0.2728,$481.00M,-1.63
GPS-AXS,0.2728,$239.70M,-1.8
USDA-GUSD,0.2728,$245.68M,-0.16
ACRED-MON,0.2727,$363.24M,-3.22
BORG-GUSD,0.2727,$287.78M,-3.91
OUSG-MX,0.2726,$530.84M,-0.79
CAKE-FDUSD,0.2726,$793.29M,-0.04
PIEVERSE-SFP,0.2726,$284.81M,-2.62
GRT-USDTB,0.2725,$516.87M,-3.0
VELVET-USDF,0.2725,$278.34M,-7.82
TAG-STX,0.2725,$395.59M,8.21
OZO-CHEEMS,0.2724,$225.61M,0.24
AB-DCR,0.2724,$299.62M,-13.55
CASH-XTZ,0.2724,$347.49M,-5.4
EDGE-SHORT,0.2722,$233.53M,-5.11
AWE-AIAT,0.2722,$223.80M,-0.05
NXM-OZO,0.2721,$212.17M,0.54
GLM-MX,0.272,$245.35M,-3.32
BTW-XPL,0.2719,$455.39M,-1.03
VCNT-Q,0.2719,$384.40M,-0.38
IOTA-BONK,0.2719,$412.52M,-7.43
MWC-JTO,0.2718,$382.48M,-4.69
SOON-RAY,0.2718,$253.02M,31.05
LUNC-XCN,0.2717,$408.56M,-7.8
APEPE-VCNT,0.2716,$365.80M,1.64
XTZ-SNX,0.2716,$347.91M,-7.41
AIAT-BTSE,0.2716,$251.09M,-4.74
ZK-PYTH,0.2715,$405.71M,-10.83
DYDX-KITE,0.2714,$329.87M,-3.27
GALA-NFT,0.2714,$353.14M,-4.53
GOMINING-FRAX,0.2714,$335.63M,-0.31
STRK-WFI,0.2713,$363.75M,-4.05
DEXE-USTBL,0.271,$434.92M,23.13
ZANO-RAY,0.271,$294.17M,-6.58
VSN-USDA,0.2708,$247.07M,0.46
DRV-CRCLON,0.2708,$195.50M,-5.63
CHEEMS-BORG,0.2708,$238.59M,-3.71
SPCXB-WFI,0.2708,$260.08M,-3.39
EARNETH-USDAI,0.2707,$304.38M,0.7
APXUSD-VET,0.2707,$684.01M,-0.78
UB-ZAMA,0.2705,$498.65M,14.28
ACRED-MET,0.2705,$204.46M,1.31
1INCH-BAT,0.2704,$219.23M,-6.74
SUN-FRAX,0.2704,$562.36M,-1.22
DAI-US,0.2702,$510.02M,-3.85
DYDX-FLUID,0.2702,$184.15M,-2.66
LDO-FET,0.2702,$609.12M,-8.47
JTO-FRAX,0.2702,$488.70M,-6.81
ZBT-GUSD,0.2702,$263.45M,1.12
EURC-KITE,0.2702,$682.04M,0.34
LDO-ETHFI,0.27,$703.09M,-7.76
IOTA-ZAMA,0.27,$285.39M,5.22
AKE-XCN,0.27,$225.18M,28.16
OUSG-DYDX,0.2698,$478.12M,-3.51
UB-XEC,0.2696,$480.29M,-3.89
CASH-STRCX,0.2696,$262.81M,1.87
SOSO-WFI,0.2696,$291.13M,8.17
EARNETH-AB,0.2695,$243.79M,-10.79
KAITO-CARDS,0.2695,$578.14M,15.92
GOMINING-PIEVERSE,0.2695,$297.65M,-0.79
VSN-STAC,0.2694,$253.54M,0.7
KAU-TRUMP,0.2694,$665.70M,-3.19
CASH-BTT,0.2694,$381.49M,-1.35
PIEVERSE-MX,0.2694,$332.67M,-1.04
1INCH-VELVET,0.2693,$282.32M,-9.34
TWT-WFI,0.2693,$323.01M,0.35
AWE-SPCXB,0.2693,$191.36M,-1.97
BC-META,0.2692,$314.98M,9.46
WEMIX-CRVUSD,0.2692,$312.47M,-7.23
OHM-CRCLON,0.2691,$368.66M,0.23
AXS-KITE,0.2691,$375.69M,-3.87
ACRED-MANA,0.2691,$246.43M,0.02
GLM-IOTA,0.269,$242.34M,-6.19
GLM-AKE,0.269,$190.29M,28.85
STRK-RAIL,0.2689,$279.05M,-5.28
A7A5-USDZ,0.2689,$605.59M,-0.51
1INCH-UQC,0.2688,$223.84M,-1.59
STX-AR,0.2688,$366.57M,-10.59
GLM-PIEVERSE,0.2687,$276.84M,-2.75
2Z-KAITO,0.2685,$511.61M,8.63
USAT-FARTCOIN,0.2685,$308.24M,0.49
VET-BONK,0.2685,$653.90M,-6.36
META-BSV,0.2684,$353.91M,2.41
ZANO-ONYC,0.2683,$377.37M,-3.69
META-ZBT,0.2682,$209.36M,5.58
META-A,0.2682,$197.70M,2.11
GNO-VCNT,0.2681,$447.09M,0.92
SAND-AIAT,0.2681,$243.17M,-2.95
COCO-USDZ,0.268,$311.61M,-3.5
UUSD-GOMINING,0.268,$215.35M,-0.61
SEI-KMNO,0.2679,$384.57M,0.1
AB-KMNO,0.2679,$194.86M,-8.34
TKX-SOSO,0.2679,$220.03M,11.54
GLM-FRXUSD,0.2679,$204.68M,-2.55
AWE-RAY,0.2679,$268.83M,-4.29
TEL-COMP,0.2679,$333.64M,-5.82
RLB-ENS,0.2678,$280.34M,0.69
AVUSD-FET,0.2678,$421.90M,-5.07
SN64-SHFL,0.2678,$211.39M,-1.84
KAU-US,0.2677,$727.27M,-4.2
DAI-AIAT,0.2676,$209.03M,1.4
STAC-NEX,0.2676,$192.97M,-4.43
STAC-REAL,0.2676,$351.70M,-0.32
DYDX-TRUMP,0.2675,$455.26M,-6.37
EARNETH-BONK,0.2675,$411.89M,-3.05
VELVET-BSV,0.2675,$424.99M,-9.9
FDUSD-CRVUSD,0.2675,$558.15M,-0.12
SPCXB-MX,0.2675,$236.12M,-1.32
META-FET,0.2674,$401.33M,-0.62
REUSD-TAG,0.2674,$312.50M,16.97
AB-GALA,0.2673,$185.46M,-16.09
OHM-CHEEMS,0.2673,$376.12M,-0.26
SNX-A7A5,0.2673,$600.64M,-2.34
GRASS-ANTFUN,0.2672,$498.18M,-2.26
DAI-RLB,0.2671,$195.32M,2.1
CASH-FRAX,0.2671,$342.08M,0.23
US-STRCX,0.2671,$559.76M,-1.96
OHM-RAY,0.2671,$438.81M,-3.32
CHEEMS-USAT,0.2671,$285.55M,0.19
XEC-AERO,0.2671,$533.83M,-9.01
NXM-JTO,0.267,$355.51M,-6.53
1INCH-GALA,0.267,$204.43M,-6.12
APYUSD-USDZ,0.267,$285.52M,1.73
APXUSD-MX,0.2669,$445.65M,1.02
RAIL-SHORT,0.2669,$187.40M,-6.85
USDTB-BTSE,0.2668,$488.63M,-6.19
RAIL-JASMY,0.2668,$301.43M,-5.07
USDAT-FLOKI,0.2666,$338.31M,-1.52
WFI-XCN,0.2666,$304.20M,-6.07
VIRTUAL-XPIN,0.2665,$514.47M,-3.45
KAG-SHORT,0.2665,$311.24M,-2.73
KAITO-PEANUT,0.2664,$493.81M,9.26
BC-TRAC,0.2663,$343.24M,1.71
2Z-GUSD,0.2663,$351.84M,-2.54
GPS-TAG,0.2663,$241.08M,19.27
PYTH-Q,0.2663,$541.31M,-7.09
A7A5-WFI,0.2663,$652.75M,-3.18
DAI-USAT,0.2662,$276.28M,-0.05
LDO-MANA,0.2662,$434.58M,-3.26
KAITO-STX,0.2662,$559.79M,2.49
AB-BAT,0.2661,$200.26M,-16.71
GLM-JTO,0.266,$363.40M,-9.57
A-AR,0.266,$218.34M,-4.26
OHM-XTZ,0.2659,$501.28M,-5.87
AVUSD-TAG,0.2658,$261.04M,16.98
FDUSD-RAY,0.2657,$509.10M,-2.87
SAND-CARDS,0.2657,$394.06M,0.35
SAND-TAG,0.2657,$270.26M,12.57
BTW-USDAI,0.2656,$392.24M,-1.7
OUSG-GRX,0.2656,$504.35M,-0.09
THETA-CRCLON,0.2656,$218.94M,-2.05
AKT-ONYC,0.2655,$374.60M,-7.64
DRV-BC,0.2654,$322.21M,-1.39
TEL-XCN,0.2654,$303.97M,-4.6
EURC-GRASS,0.2654,$665.90M,-3.82
USAT-USDA,0.2653,$281.41M,-0.25
RLB-GEOD,0.2652,$198.62M,5.8
INJ-SYRUP,0.2652,$666.48M,-8.47
CRVUSD-EIGEN,0.2652,$352.64M,-6.51
KITE-TRAC,0.2652,$355.67M,-2.99
SPX-FRXUSD,0.2651,$412.00M,-2.88
ICNT-FRXUSD,0.2651,$211.49M,-7.75
ZBT-AR,0.265,$230.00M,-0.79
1INCH-USDF,0.2649,$227.66M,-1.53
ZRO-GALA,0.2648,$373.37M,-3.15
TIBBIR-CRVUSD,0.2648,$318.54M,2.38
PIEVERSE-USDF,0.2648,$293.92M,-0.23
BP-FDUSD,0.2647,$460.33M,2.86
GRT-ZAMA,0.2646,$299.16M,5.94
VELVET-REUSD,0.2646,$333.94M,-7.77
DAI-DYDX,0.2644,$188.92M,-3.54
INJ-XPIN,0.2644,$604.13M,-4.83
CASH-TIA,0.2643,$428.51M,-3.42
STRCX-XEC,0.2643,$260.25M,-7.4
EURCV-XCN,0.2643,$279.09M,-3.13
INJ-RAY,0.2642,$622.24M,-8.37
VIRTUAL-CRCLON,0.2642,$462.42M,-3.45
GLIDR-AERO,0.2642,$515.76M,-1.23
RLB-KAITO,0.2641,$413.54M,13.32
CASH-SHFL,0.2641,$243.42M,-3.38
BAT-GUSD,0.2641,$252.92M,-5.18
ANTFUN-EURCV,0.2641,$431.74M,1.7
AKT-ICNT,0.264,$229.96M,-15.41
KMNO-THBILL,0.2639,$215.95M,3.3
RAIL-BSV,0.2638,$348.34M,-6.2
DAI-GRX,0.2637,$215.15M,-0.12
VELVET-CRCLON,0.2637,$259.35M,-7.09
FLUID-WIF,0.2637,$232.63M,1.52
DAI-GALA,0.2636,$179.66M,-4.6
NEO-KMNO,0.2635,$231.80M,-0.74
1INCH-BTSE,0.2634,$248.93M,-7.67
GRT-FDUSD,0.2634,$507.44M,-2.99
IMX-ONYC,0.2633,$473.53M,-4.51
DEXE-SAND,0.2633,$399.27M,18.75
WIF-PENDLE,0.2633,$397.00M,-3.0
STRCX-EURCV,0.2633,$290.23M,1.96
INJ-DEXE,0.2632,$733.32M,17.57
GEOD-A7A5,0.2631,$572.55M,3.38
A-MET,0.2631,$191.71M,-1.01
UQC-SUN,0.263,$450.31M,-1.53
REUSD-WFI,0.263,$341.98M,-2.83
RLB-SYRUP,0.2629,$311.52M,-0.82
APR-CTOC,0.2629,$471.39M,1.36
AKT-SOON,0.2629,$218.40M,26.18
GLM-CRVUSD,0.2629,$306.81M,-2.59
KITE-PENDLE,0.2629,$482.65M,-3.39
TEL-NFT,0.2628,$438.84M,-1.33
STAC-KITE,0.2627,$334.65M,0.3
OZO-OHM,0.2626,$401.10M,-0.48
KOGE-BTT,0.2626,$473.62M,-1.61
DEXE-JTO,0.2625,$542.72M,16.05
ZK-APYUSD,0.2625,$242.48M,-3.45
USDA-APYUSD,0.2625,$254.30M,1.74
AB-STRCX,0.2623,$237.64M,-9.61
DAI-VET,0.2621,$480.01M,-2.62
Q-USDAI,0.2621,$377.39M,-1.65
APR-ZK,0.262,$280.74M,-4.19
ONYC-FET,0.262,$552.12M,-5.06
LUNC-SOSO,0.2618,$395.49M,6.44
NEO-CHEEMS,0.2617,$234.09M,-3.66
PEANUT-WFI,0.2617,$359.08M,-4.82
GPS-UQC,0.2616,$204.03M,2.27
BP-WFI,0.2616,$288.78M,0.02
WFI-USDAI,0.2616,$331.98M,-2.88
SOON-SYRUP,0.2615,$297.26M,30.96
DAI-AKE,0.2614,$186.57M,31.36
VIRTUAL-CRVUSD,0.2613,$581.62M,-4.25
OHM-AERO,0.2613,$690.18M,-0.23
GRT-JTO,0.2612,$429.98M,-10.01
GUSD-XCN,0.2612,$279.16M,-3.17
US-FARTCOIN,0.2611,$541.98M,-3.31
FARTCOIN-XPIN,0.2611,$267.91M,1.25
TWT-VCNT,0.261,$312.91M,4.49
XEC-PIEVERSE,0.261,$301.54M,-9.51
VSN-COCO,0.2609,$335.11M,-2.64
SPX-SOSO,0.2609,$418.66M,8.2
DAI-BONK,0.2609,$356.00M,-3.76
USDTB-WIF,0.2609,$501.87M,0.61
AB-APYUSD,0.2609,$254.97M,-9.56
REAL-USDF,0.2608,$360.90M,-0.36
OUSG-TEL,0.2606,$554.56M,-1.37
1INCH-COCO,0.2606,$300.04M,-4.83
DRV-XEC,0.2605,$222.10M,-15.63
CVX-GLM,0.2605,$229.58M,4.53
OHM-BP,0.2605,$390.04M,2.4
CRVUSD-PEANUT,0.2605,$396.59M,-2.03
OHM-REAL,0.2604,$524.86M,-0.85
DRV-SHFL,0.2603,$224.04M,-9.72
KMNO-DASH,0.2603,$495.46M,0.34
ZRO-USAT,0.2602,$469.98M,1.4
ZRO-TRUMP,0.2602,$642.14M,-1.39
ULTIMA-KOGE,0.2602,$395.85M,-2.74
FLOKI-ZANO,0.2602,$329.67M,-5.24
GRX-PENGU,0.2601,$495.82M,-1.48
KITE-Q,0.2601,$451.95M,-1.38
REUSD-GALA,0.26,$256.05M,-4.56
CHZ-ONYC,0.26,$390.34M,-3.07
TEL-PYTH,0.2599,$495.68M,-6.84
APR-TKX,0.2597,$299.83M,1.69
THETA-AERO,0.2597,$540.47M,-2.51
ACRED-PENGU,0.2596,$486.76M,-1.43
THETA-ETHFI,0.2596,$525.98M,-7.19
CRCLON-XPL,0.2596,$313.44M,1.38
CVX-FRXUSD,0.2595,$244.74M,7.0
GLM-PENDLE,0.2595,$345.41M,-6.17
KAITO-PRL,0.2595,$393.34M,21.94
THETA-USDF,0.2595,$237.93M,-2.78
UB-TEL,0.2592,$535.15M,3.99
EARNETH-KITE,0.2592,$378.94M,0.97
GRT-VCNT,0.2592,$325.79M,-1.69
TKX-KAITO,0.2592,$412.71M,11.71
APXUSD-BTSE,0.2592,$428.17M,-4.32
GLM-A7A5,0.2592,$572.97M,-2.82
NXM-AERO,0.2591,$501.24M,0.8
KAITO-IOTA,0.2591,$456.84M,7.53
OUSG-ICNT,0.259,$481.82M,-7.69
FF-COMP,0.2589,$351.61M,-0.74
APR-ETHFI,0.2588,$596.28M,-3.22
INJ-A,0.2588,$561.52M,-7.93
OHM-MX,0.2588,$426.39M,-1.3
IMX-AWE,0.2586,$333.14M,-6.03
MWC-AVUSD,0.2585,$229.82M,2.74
AVUSD-XPIN,0.2585,$260.87M,0.77
TAG-RAY,0.2585,$308.07M,14.1
OHM-PENGU,0.2584,$647.52M,-1.85
DAI-GUSD,0.2583,$240.56M,0.03
TWT-FLUID,0.2583,$234.75M,4.09
GALA-GRASS,0.2583,$304.48M,-8.49
INJ-Q,0.2582,$679.19M,-7.18
CRVUSD-RAIL,0.2582,$301.89M,-4.19
OZO-SHORT,0.2581,$222.85M,-2.73
TIBBIR-BAT,0.2581,$209.90M,-2.75
SFP-XPL,0.2581,$323.32M,-1.73
JASMY-SUN,0.2581,$553.88M,-2.43
AB-BP,0.258,$211.08M,-8.6
STAC-GRT,0.2579,$263.99M,-2.92
PENDLE-SFP,0.2579,$353.38M,-6.04
DAI-APEPE,0.2578,$292.41M,0.37
SEI-ANTFUN,0.2578,$568.86M,-1.43
LDO-USDF,0.2577,$415.04M,-3.35
OZO-A7A5,0.2577,$603.50M,-0.3
GRX-FLUID,0.2577,$210.38M,0.75
APXUSD-GRASS,0.2577,$510.93M,-2.06
KAU-FLUID,0.2576,$394.59M,0.51
DAI-USDAI,0.2575,$248.49M,-0.02
ZK-CHEEMS,0.2575,$184.67M,-5.15
DYDX-ZAMA,0.2574,$235.68M,5.36
KAU-STRK,0.2574,$497.52M,-1.53
AKT-TRUMP,0.2574,$485.78M,-10.54
CAKE-AERO,0.2574,$861.56M,0.26
APXUSD-SHORT,0.2573,$392.61M,-0.91
SOSO-CRCLON,0.2572,$209.44M,11.76
COMP-EURCV,0.2571,$308.76M,-4.35
TIA-USDF,0.257,$418.33M,-3.41
JTO-GOMINING,0.257,$384.20M,-7.62
USDTB-AR,0.2569,$471.58M,-1.92
VIRTUAL-AERO,0.2569,$783.94M,-3.9
GRX-SUN,0.2568,$466.39M,-1.59
CARDS-MON,0.2568,$517.06M,1.55
ZK-KITE,0.2567,$316.36M,-5.12
ZK-USDF,0.2567,$196.19M,-5.39
BC-COMP,0.2566,$378.89M,0.53
CHEEMS-STX,0.2565,$350.84M,-8.48
SHORT-BTSE,0.2565,$230.66M,-8.88
AB-GNO,0.2564,$379.49M,-11.84
TIBBIR-FLOKI,0.2564,$304.99M,0.97
CARDS-XCN,0.2564,$398.53M,1.51
XPIN-AERO,0.2564,$559.27M,0.98
GALA-TRUMP,0.2563,$446.00M,-7.43
APR-ZRO,0.2562,$481.14M,2.64
SEI-FF,0.2562,$478.84M,0.63
US-MANA,0.2562,$550.35M,-3.76
ZK-CRVUSD,0.2562,$296.40M,-5.46
ULTIMA-BTSE,0.2562,$314.81M,-8.61
DCR-ANTFUN,0.2561,$485.09M,-0.43
USDA-STX,0.2561,$346.69M,-8.92
IOTA-USDZ,0.2561,$274.96M,-3.88
SHORT-MX,0.2561,$248.14M,-3.55
ONYC-JASMY,0.2561,$457.79M,-0.9
VELVET-CHEEMS,0.256,$266.82M,-7.58
ACRED-SN64,0.256,$205.03M,1.46
A-BTT,0.256,$361.76M,-3.72
COCO-CRCLON,0.2559,$277.07M,-2.58
XTZ-FARTCOIN,0.2559,$348.49M,-4.84
FF-FRXUSD,0.2559,$302.21M,3.64
DRV-AWE,0.2558,$208.46M,-7.81
FDUSD-WFI,0.2557,$520.64M,-2.91
FF-RAIL,0.2557,$282.13M,-0.43
GRX-KOGE,0.2556,$338.25M,-0.39
DRV-XPL,0.2555,$323.23M,-5.69
PEANUT-XPL,0.2554,$405.12M,-1.29
UQC-FDUSD,0.2553,$454.12M,-0.1
BTW-GUSD,0.2552,$384.30M,-1.65
USTBL-USAT,0.2552,$346.07M,-0.02
SNX-GEOD,0.2552,$216.78M,1.66
GEOD-GRASS,0.2552,$310.21M,-0.2
FLUID-BAT,0.255,$189.70M,-4.35
GALA-SOSO,0.255,$205.20M,6.44
ONYC-XPL,0.255,$466.79M,0.72
BC-USDA,0.2549,$315.75M,4.76
USDAT-DCR,0.2547,$342.58M,-2.08
CAKE-XEC,0.2546,$566.65M,-9.28
FARTCOIN-BAT,0.2546,$226.43M,-4.68
MET-USDZ,0.2546,$216.81M,1.18
STRCX-WFI,0.2545,$315.34M,-0.99
KOGE-USDAI,0.2545,$371.59M,-0.28
DEXE-WFI,0.2543,$448.62M,20.23
WIF-MET,0.2543,$235.76M,2.03
DYDX-SHFL,0.2542,$219.27M,-6.9
KAITO-ZAMA,0.2542,$447.08M,20.11
SOON-USDZ,0.2542,$217.40M,33.68
TKX-UUSD,0.254,$203.23M,0.44
FLOKI-ANTFUN,0.254,$480.82M,0.14
AWE-STX,0.254,$356.34M,-10.18
SYRUP-FRXUSD,0.254,$317.17M,-2.96
TIA-SOON,0.2539,$396.50M,30.48
VCNT-TRUMP,0.2539,$521.83M,-1.57
DRV-SOON,0.2538,$192.65M,27.53
APR-FARTCOIN,0.2537,$319.40M,1.73
GLM-CARDS,0.2537,$363.63M,2.2
UUSD-COMP,0.2536,$259.11M,-4.48
GUSD-SHFL,0.2536,$270.91M,-3.33
SNX-TRUMP,0.2535,$479.82M,-4.87
SPX-XEC,0.2534,$421.53M,-12.12
APR-TRUMP,0.2533,$553.78M,-1.64
VELVET-ETHFI,0.2533,$566.39M,-12.23
IOTA-CRCLON,0.2532,$240.43M,-2.96
GLM-ACRED,0.2531,$209.80M,-2.58
USDAT-MON,0.253,$387.99M,-3.18
ZANO-COMP,0.253,$290.49M,-8.18
ZBT-CHZ,0.253,$258.08M,-2.04
FRXUSD-SUN,0.253,$452.21M,-1.51
EDGE-AWE,0.2529,$241.80M,-3.84
COCO-BP,0.2529,$298.46M,-0.41
FDUSD-MANA,0.2529,$477.48M,0.05
ENS-FRAX,0.2529,$396.14M,-1.16
DYDX-BTSE,0.2528,$230.98M,-9.67
DRV-EDGE,0.2527,$238.62M,-8.73
LDO-2Z,0.2527,$505.53M,-5.92
INJ-BTSE,0.2526,$592.35M,-11.68
GLM-BAT,0.2526,$198.18M,-7.73
USDTB-AERO,0.2525,$769.90M,0.22
KAG-USDA,0.2525,$309.87M,-0.19
SPX-GLM,0.2524,$396.84M,-5.35
STAC-WEMIX,0.2524,$203.07M,-7.11
APXUSD-Q,0.2524,$515.01M,0.19
NEO-VCNT,0.2524,$298.22M,-2.63
VELVET-SNX,0.2522,$288.94M,-9.85
CVX-PENDLE,0.2522,$385.47M,3.39
USDAT-ULTIMA,0.2522,$321.50M,-2.49
PENDLE-MX,0.2521,$401.24M,-4.46
VELVET-USDZ,0.252,$293.89M,-8.02
KITE-CHZ,0.252,$376.14M,-2.86
KITE-WFI,0.252,$406.55M,-2.61
USDAT-PYTH,0.2519,$461.16M,-5.47
ZBCN-ZBT,0.2517,$291.22M,-2.85
DASH-ANTFUN,0.2517,$679.74M,-1.19
GOMINING-RAIL,0.2517,$205.41M,-4.67
APR-WFI,0.2516,$370.93M,-1.68
WEMIX-GEOD,0.2516,$194.77M,-3.46
ACRED-USDF,0.2516,$226.88M,-0.07
KAG-NFT,0.2515,$478.21M,0.08
CRVUSD-USAT,0.2515,$397.28M,-0.12
OZO-APYUSD,0.2514,$283.42M,1.94
BTSE-MET,0.2514,$222.53M,-4.76
IMX-SHFL,0.2513,$348.72M,-7.93
GNO-ONYC,0.2511,$528.85M,-0.29
AVUSD-SN64,0.2511,$205.97M,1.58
USDAI-FRAX,0.2511,$377.50M,0.24
CVX-OHM,0.251,$410.62M,6.55
KITE-PRL,0.251,$316.07M,10.99
PYTH-THETA,0.251,$447.45M,-8.22
AWE-RAIL,0.2509,$195.66M,-5.57
GEOD-JASMY,0.2507,$305.93M,2.73
SNX-ANTFUN,0.2506,$404.74M,-0.41
US-THBILL,0.2505,$536.90M,-3.7
KAITO-MET,0.2505,$398.69M,12.59
VELVET-ZRO,0.2504,$451.26M,-6.37
DCR-USDZ,0.2504,$330.17M,-2.25
APR-ULTIMA,0.2503,$378.09M,-1.27
INJ-TIA,0.2503,$765.73M,-8.94
SNX-SOSO,0.2503,$239.02M,9.01
DEXE-ZK,0.2501,$358.43M,17.72
STRK-STX,0.2501,$439.73M,-9.89
SAND-TRAC,0.2501,$248.85M,-7.61
USTBL-USDF,0.25,$272.68M,0.02
CASH-REUSD,0.2499,$289.45M,0.02
ZRO-NEX,0.2499,$375.08M,-3.02
OHM-SUN,0.2498,$618.09M,-1.96
UUSD-JASMY,0.2498,$311.37M,-1.01
1INCH-CRCLON,0.2497,$208.67M,-0.81
DEXE-JASMY,0.2496,$485.67M,22.15
TIA-BONK,0.2496,$571.44M,-7.15
UUSD-USDZ,0.2496,$227.17M,-0.26
BTW-SOSO,0.2495,$351.39M,9.35
CVX-USDZ,0.2495,$262.21M,6.84
COCO-STRK,0.2495,$373.43M,-4.47
SEI-FDUSD,0.2494,$632.65M,-3.09
FLUID-AERO,0.2494,$500.66M,1.13
TIBBIR-JTO,0.2493,$375.12M,-4.6
OUSG-EURC,0.2492,$830.29M,0.1
AWE-JTO,0.2492,$374.46M,-8.52
PENGU-A7A5,0.2492,$849.92M,-1.67
USDZ-THBILL,0.2492,$245.32M,-0.06
IMX-DAI,0.2491,$318.37M,-4.57
GLIDR-XPIN,0.2491,$246.28M,-0.78
NEX-EIGEN,0.249,$230.92M,-10.89
DYDX-USDZ,0.2489,$225.26M,-3.73
BC-ZRO,0.2489,$504.32M,6.4
FF-JASMY,0.2489,$403.87M,2.72
LUNC-USDTB,0.2488,$634.42M,-4.65
INJ-AKT,0.2488,$587.63M,-13.24
ETHFI-KOGE,0.2488,$614.04M,-4.69
CASH-GOMINING,0.2487,$237.58M,-0.58
OHM-AIAT,0.2487,$393.78M,0.92
ZANO-IOTA,0.2487,$278.73M,-7.43
XPIN-GRASS,0.2486,$360.77M,-3.18
USAT-SPCXB,0.2485,$270.76M,-0.56
SNX-SPCXB,0.2484,$207.97M,-2.54
NEX-SOSO,0.2484,$206.92M,6.58
APYUSD-USDAI,0.2483,$315.56M,1.93
SPX-APR,0.2482,$498.47M,-1.65
GLM-XPL,0.2481,$315.35M,-1.85
AVUSD-ZAMA,0.2481,$253.79M,8.95
AIAT-MX,0.2481,$268.57M,0.6
AWE-REUSD,0.248,$273.25M,-1.42
VCNT-MET,0.248,$253.86M,2.65
STRCX-PRL,0.248,$224.86M,12.61
US-OHM,0.2479,$694.77M,-4.34
KITE-NFT,0.2477,$496.53M,0.34
GLIDR-SUN,0.2476,$443.67M,-2.96
OHM-THETA,0.2475,$401.90M,-3.26
UQC-THBILL,0.2472,$225.95M,0.08
BORG-PYTH,0.2472,$459.63M,-9.4
DEXE-USDF,0.2471,$385.92M,23.1
KMNO-ULTIMA,0.2471,$279.72M,0.69
LDO-PIEVERSE,0.247,$485.28M,-3.58
APR-THBILL,0.2469,$314.32M,1.34
VSN-OUSG,0.2468,$531.14M,0.68
GLM-WFI,0.2467,$269.31M,-5.39
AB-VET,0.2466,$485.80M,-14.1
AB-REAL,0.2466,$345.90M,-11.85
COCO-TAG,0.2466,$329.29M,13.63
KAITO-FET,0.2466,$615.19M,6.09
1INCH-SPCXB,0.2465,$201.35M,-2.04
APR-CRVUSD,0.2465,$408.44M,1.12
USDTB-KITE,0.2465,$587.52M,0.22
TAG-USDZ,0.2464,$272.46M,16.73
FARTCOIN-SFP,0.2463,$225.74M,-1.85
TRAC-TRUMP,0.2463,$481.06M,-6.09
BTW-SPCXB,0.2462,$320.33M,-2.2
APXUSD-SOON,0.2462,$385.07M,35.71
A-PRL,0.2461,$186.36M,8.34
APEPE-ICNT,0.246,$302.93M,-7.34
GOMINING-KOGE,0.2459,$329.71M,-0.83
UQC-MON,0.2458,$356.21M,-3.22
MET-USDAI,0.2458,$246.85M,1.37
VELVET-PIEVERSE,0.2457,$348.59M,-8.05
PENGU-TRAC,0.2456,$495.38M,-4.61
SHORT-TRAC,0.2456,$221.22M,-5.99
TAG-REAL,0.2455,$394.13M,16.58
GOMINING-NFT,0.2455,$380.09M,-0.49
INJ-UUSD,0.2453,$559.02M,-5.59
CASH-USAT,0.2452,$307.25M,-0.06
ZK-TRAC,0.2452,$208.02M,-8.64
TRAC-PENDLE,0.2452,$374.32M,-6.91
VIRTUAL-A7A5,0.2451,$847.77M,-4.48
KAITO-ACRED,0.2451,$424.31M,11.14
KAITO-GALA,0.245,$397.88M,6.61
BC-GEOD,0.2449,$313.91M,8.65
KAU-PRL,0.2448,$392.38M,10.37
ZBCN-COCO,0.2448,$361.49M,-7.23
USDA-TRAC,0.2448,$219.84M,-3.45
ZANO-BORG,0.2447,$269.43M,-7.7
OUSG-AKE,0.2445,$475.77M,31.39
EIGEN-USDF,0.2445,$252.43M,-6.43
GRX-REUSD,0.2443,$291.53M,-0.08
KAG-XCN,0.2443,$343.35M,-3.19
ULTIMA-SHORT,0.2443,$279.25M,-5.21
APYUSD-CHZ,0.2442,$302.27M,-1.19
STAC-TIA,0.2441,$409.13M,-3.37
STAC-FLUID,0.2441,$188.93M,0.9
CTOC-USDZ,0.244,$402.39M,-0.04
PRL-SHFL,0.244,$205.47M,7.36
2Z-SOSO,0.2439,$318.92M,8.46
KAG-TEL,0.2439,$388.01M,-1.39
CASH-XEC,0.2438,$241.47M,-9.3
SOON-KOGE,0.2438,$304.16M,33.61
PENGU-GEOD,0.2438,$466.06M,2.33
LDO-EARNETH,0.2437,$450.14M,-2.64
2Z-CARDS,0.2437,$471.20M,2.13
CHEEMS-GOMINING,0.2437,$215.88M,-0.33
NEX-ZAMA,0.2437,$228.14M,4.43
AXS-SHFL,0.2435,$265.09M,-7.5
CHZ-ANTFUN,0.2435,$426.45M,-1.5
META-JTO,0.2432,$364.05M,-2.56
1INCH-IOTA,0.2431,$263.39M,-5.2
LDO-ACRED,0.2431,$418.24M,-3.41
RLB-STX,0.243,$354.79M,-6.61
DYDX-AERO,0.243,$512.24M,-3.27
KITE-AKE,0.243,$327.53M,31.63
DEXE-BONK,0.2428,$539.03M,19.36
IOTA-AERO,0.2428,$561.95M,-3.41
RAIL-TRUMP,0.2427,$447.23M,-6.95
STAC-EARNETH,0.2424,$249.59M,0.74
GEOD-SFP,0.2424,$197.08M,1.31
LDO-APEPE,0.2423,$504.56M,-2.97
EIGEN-KOGE,0.2422,$354.74M,-6.7
OHM-BAT,0.2421,$379.22M,-5.71
SHORT-AIAT,0.2421,$215.53M,-1.33
USTBL-NFT,0.2419,$425.36M,0.09
SNX-FRAX,0.2419,$342.50M,-1.78
VCNT-RAY,0.2419,$327.45M,-1.57
XTZ-JASMY,0.2418,$437.06M,-6.34
CASH-VET,0.2415,$510.97M,-2.63
AKT-SOSO,0.2415,$244.98M,3.34
TEL-EURC,0.2415,$624.35M,-1.32
LDO-EIGEN,0.2414,$443.79M,-9.78
USTBL-USDAI,0.2414,$318.28M,0.01
NEX-A7A5,0.2414,$568.53M,-4.77
AVUSD-RAY,0.2414,$278.98M,-2.78
SOON-AKE,0.2414,$185.53M,65.25
AB-AIAT,0.2412,$214.82M,-10.09
ACRED-IOTA,0.2412,$262.62M,-3.74
ULTIMA-KAITO,0.2411,$490.97M,8.74
WEMIX-VCNT,0.2411,$264.87M,-5.88
BC-ZBCN,0.241,$396.84M,1.03
APXUSD-AERO,0.241,$709.43M,2.09
OZO-JASMY,0.2409,$336.88M,-0.95
STRK-SHFL,0.2409,$310.61M,-4.54
STAC-CRCLON,0.2408,$195.50M,0.75
USDTB-BTT,0.2408,$614.99M,-1.38
AB-FARTCOIN,0.2408,$219.85M,-10.96
SNX-ZBT,0.2408,$236.38M,-0.95
AVUSD-ONYC,0.2408,$362.18M,0.11
KMNO-AIAT,0.2407,$216.00M,4.56
BONK-THBILL,0.2407,$382.88M,-3.61
LDO-ZANO,0.2405,$434.36M,-7.1
SNX-ZANO,0.2405,$253.60M,-5.78
KMNO-NEX,0.2404,$188.35M,-1.31
AWE-FRXUSD,0.2404,$215.74M,-1.5
GRT-SOON,0.2403,$251.35M,30.93
APXUSD-PIEVERSE,0.2401,$477.14M,1.6
APXUSD-PRL,0.2401,$379.13M,12.55
FLUID-ZAMA,0.2401,$224.10M,9.76
CASH-OHM,0.24,$397.82M,-0.51
NEX-REAL,0.24,$339.39M,-4.82
STAC-ZBCN,0.2399,$279.92M,-3.89
CTOC-KITE,0.2399,$507.01M,0.43
STRCX-GUSD,0.2399,$290.30M,1.92
AB-GOMINING,0.2398,$212.41M,-12.06
ZRO-SAND,0.2398,$409.94M,-2.92
GNO-COCO,0.2398,$466.86M,-3.65
PYTH-XPIN,0.2398,$466.26M,-4.73
KOGE-AERO,0.2398,$628.52M,-0.01
ACRED-PRL,0.2397,$199.11M,10.66
RAIL-AIAT,0.2397,$207.82M,-2.7
KAG-WFI,0.2396,$388.24M,-2.87
US-GRX,0.2395,$543.06M,-3.96
USDAT-CTOC,0.2395,$414.80M,0.14
A-XPL,0.2394,$322.88M,-1.73
IMX-CHEEMS,0.2393,$327.64M,-4.33
UB-CVX,0.2392,$495.65M,12.43
INJ-ENS,0.2392,$635.31M,-6.95
BC-JASMY,0.2392,$431.16M,4.0
OHM-VCNT,0.2392,$440.25M,0.77
A-AKE,0.2392,$197.81M,28.98
DRV-ACRED,0.2391,$217.68M,-6.42
DEXE-KMNO,0.2391,$372.10M,26.26
DEXE-A7A5,0.2391,$752.29M,22.8
IMX-OZO,0.239,$352.62M,-4.56
NXM-ONYC,0.239,$333.08M,0.59
AB-ETHFI,0.239,$496.73M,-15.91
APXUSD-THETA,0.239,$421.15M,-0.94
ONYC-WFI,0.239,$420.75M,-2.82
LDO-BP,0.2389,$417.43M,-0.45
US-XPIN,0.2389,$563.86M,-3.13
FRXUSD-XPIN,0.2389,$254.82M,0.68
CTOC-AERO,0.2388,$689.38M,0.43
USTBL-KOGE,0.2386,$374.99M,-0.25
AWE-ANTFUN,0.2386,$388.13M,0.17
GNO-GEOD,0.2384,$376.99M,3.35
RAIL-SUN,0.2384,$432.13M,-5.58
EARNETH-TRUMP,0.2383,$504.33M,-2.13
APEPE-SUN,0.2383,$543.65M,-1.09
CHEEMS-STRCX,0.2383,$241.11M,2.12
SNX-MX,0.2383,$273.02M,-2.84
ZBT-GLIDR,0.2382,$215.33M,-0.41
2Z-ZANO,0.238,$333.50M,-6.33
STRK-TEL,0.238,$363.53M,-2.57
FDUSD-PENGU,0.238,$717.81M,-1.4
SNX-SHORT,0.238,$219.99M,-4.77
BTT-XPIN,0.2378,$404.37M,-0.62
KMNO-GRASS,0.2377,$313.89M,-0.74
META-SUN,0.2376,$437.70M,3.03
DAI-REUSD,0.2375,$258.48M,0.03
STAC-PIEVERSE,0.2375,$284.73M,-0.2
AXS-AERO,0.2374,$558.06M,-3.87
SNX-AERO,0.2374,$536.81M,-1.77
OZO-FDUSD,0.2373,$471.39M,-0.03
AIAT-AKE,0.2372,$213.50M,32.77
FF-ENS,0.2371,$368.36M,2.27
KITE-BSV,0.2371,$490.50M,-1.82
TRAC-A7A5,0.2371,$601.87M,-3.56
AERO-EURCV,0.2371,$563.81M,0.34
GPS-BTSE,0.2369,$229.12M,-3.81
DEXE-USDA,0.2368,$370.26M,22.91
FF-ZBT,0.2368,$306.23M,4.76
SPCXB-AERO,0.2368,$499.91M,-0.25
BP-BTSE,0.2367,$247.35M,-3.25
TAG-ETHFI,0.2367,$544.96M,12.51
OUSG-AXS,0.2366,$523.94M,-4.11
SPX-RAIL,0.2365,$391.92M,-6.95
USDTB-DASH,0.2364,$752.96M,-2.86
ZANO-ZBT,0.2364,$245.11M,-2.67
SOSO-ZAMA,0.2364,$254.40M,19.93
LUNC-NFT,0.2363,$543.42M,-4.53
MON-AR,0.2363,$364.25M,-5.03
TKX-OHM,0.2362,$379.25M,0.0
NEX-USDAI,0.2362,$247.77M,-4.47
BSV-FRAX,0.2362,$478.56M,-1.84
DAI-TEL,0.2361,$265.37M,-1.4
LDO-NEO,0.2361,$436.97M,-7.24
NEO-UQC,0.236,$241.79M,-3.96
SAND-USDAI,0.236,$282.63M,-4.37
ZANO-PENDLE,0.236,$381.81M,-7.4
CASH-FLOKI,0.2359,$320.53M,-1.51
USDA-XPIN,0.2359,$241.07M,0.51
KAU-AKE,0.2358,$403.83M,31.01
NEX-THBILL,0.2358,$208.26M,-4.32
OUSG-FRAX,0.2354,$600.32M,0.27
FLOKI-SOSO,0.2354,$315.10M,9.55
DAI-PENDLE,0.2353,$341.70M,-3.66
ENS-WIF,0.2353,$322.41M,-0.76
REUSD-PENDLE,0.2352,$418.08M,-3.61
META-FARTCOIN,0.2351,$218.43M,5.04
PENGU-SOSO,0.2351,$488.31M,9.68
JTO-RAIL,0.235,$358.48M,-11.17
XTZ-REAL,0.2349,$474.53M,-5.73
RLB-SPCXB,0.2347,$189.81M,1.59
SPX-FF,0.2346,$494.36M,0.84
GRT-TEL,0.2346,$335.66M,-4.35
KAG-BSV,0.2345,$472.18M,-2.08
FF-ETHFI,0.2345,$592.18M,-0.74
BORG-CRCLON,0.2344,$231.12M,-3.23
VELVET-TEL,0.2343,$340.82M,-9.21
CRVUSD-GUSD,0.2343,$361.56M,-0.04
XEC-GLIDR,0.2343,$220.84M,-10.77
PIEVERSE-ANTFUN,0.2342,$464.39M,1.39
MET-TRUMP,0.2342,$446.81M,-1.45
GPS-JASMY,0.2341,$307.60M,1.38
KAG-FRAX,0.2341,$433.76M,0.26
DYDX-USDAI,0.234,$255.30M,-3.54
ZBCN-UUSD,0.2339,$277.06M,-3.98
CHEEMS-GUSD,0.2339,$249.82M,0.27
APYUSD-VET,0.2339,$547.08M,-0.67
INJ-CRCLON,0.2338,$552.09M,-4.82
DEXE-CHZ,0.2338,$418.22M,19.98
AB-USDF,0.2338,$208.68M,-11.5
APR-USTBL,0.2336,$357.23M,1.22
SAND-FF,0.2336,$317.47M,-0.68
DAI-MON,0.2335,$339.24M,-3.16
1INCH-GRT,0.2335,$277.16M,-4.48
VELVET-ZANO,0.2334,$297.66M,-11.56
AKT-MX,0.2334,$278.98M,-8.51
AXS-GRASS,0.2334,$359.56M,-8.03
RLB-GPS,0.2333,$200.28M,4.44
WFI-AKE,0.2331,$270.07M,28.49
OHM-TRAC,0.233,$399.47M,-3.75
OUSG-CARDS,0.2329,$649.12M,4.73
APXUSD-SPCXB,0.2329,$380.59M,1.32
FET-USDF,0.2328,$417.76M,-5.12
USDA-ONYC,0.2327,$342.38M,-0.14
PYTH-AIAT,0.2327,$439.34M,-4.04
CARDS-USDA,0.2326,$365.04M,4.51
RLB-GLIDR,0.2325,$205.66M,0.61
LDO-MET,0.2325,$392.61M,-1.96
USAT-AERO,0.2325,$599.60M,0.22
BTW-OUSG,0.2324,$615.05M,-1.67
CRVUSD-MET,0.2324,$301.47M,1.3
DEXE-BTSE,0.2323,$407.19M,16.96
2Z-TRUMP,0.2322,$559.73M,-5.41
OHM-GOMINING,0.2322,$391.37M,-1.05
TWT-NFT,0.2322,$412.99M,3.3
DEXE-GNO,0.2321,$556.72M,22.76
CASH-AKT,0.232,$250.41M,-7.72
GRX-WFI,0.232,$298.64M,-2.99
FDUSD-ANTFUN,0.232,$628.40M,1.59
CRVUSD-PIEVERSE,0.2318,$394.13M,-0.31
STX-KOGE,0.2318,$464.67M,-8.99
JTO-KITE,0.2317,$500.64M,-6.8
NFT-GEOD,0.2317,$358.87M,3.76
ICNT-GUSD,0.2316,$251.08M,-7.68
FDUSD-KOGE,0.2316,$560.25M,-0.31
TWT-USAT,0.2315,$333.70M,3.18
NEO-AKE,0.2315,$229.30M,27.47
VIRTUAL-NFT,0.2314,$634.09M,-4.09
XEC-COMP,0.2314,$278.78M,-13.71
META-AR,0.2313,$211.47M,2.63
ZK-SHORT,0.2313,$181.91M,-8.13
LUNC-UQC,0.2312,$386.92M,-4.67
USDTB-SOON,0.2312,$445.53M,33.84
VELVET-AVUSD,0.2312,$282.48M,-7.76
REUSD-FRXUSD,0.2312,$277.35M,0.0
AKT-AVUSD,0.2309,$244.37M,-7.65
GLIDR-A7A5,0.2309,$579.59M,-1.8
SEI-VCNT,0.2308,$451.00M,-1.79
GNO-ZBT,0.2308,$396.59M,0.74
GLM-XPIN,0.2308,$239.66M,-1.8
GUSD-USDZ,0.2308,$276.90M,-0.17
USDTB-SHORT,0.2307,$453.07M,-2.79
ZANO-A,0.2307,$233.45M,-6.14
VSN-KAG,0.2306,$364.59M,0.67
GNO-ICNT,0.2306,$384.22M,-8.06
GNO-USDAI,0.2306,$440.08M,-0.35
SNX-VCNT,0.2306,$286.88M,-0.77
COCO-FARTCOIN,0.2305,$307.23M,-2.76
TIBBIR-CRCLON,0.2305,$199.34M,3.18
UUSD-XCN,0.2305,$229.44M,-3.25
SHORT-XPIN,0.2305,$242.45M,-2.03
AB-PYTH,0.2304,$418.20M,-16.94
CASH-CVX,0.2304,$256.83M,7.02
AWE-AERO,0.2304,$520.19M,-1.2
PIEVERSE-AERO,0.2304,$596.46M,0.03
EDGE-OHM,0.2303,$411.78M,-2.87
AKT-CRVUSD,0.2302,$340.44M,-7.78
OHM-SN64,0.2302,$365.80M,1.04
NEO-STRK,0.2302,$322.99M,-5.07
BP-FRXUSD,0.2302,$224.16M,2.86
FLOKI-GEOD,0.2302,$292.85M,2.2
MWC-SFP,0.2301,$216.57M,0.18
KMNO-KITE,0.2301,$330.02M,3.42
STAC-OZO,0.23,$227.94M,0.04
STAC-CVX,0.23,$237.46M,7.07
KAITO-SUN,0.2298,$651.56M,9.74
PYTH-PIEVERSE,0.2298,$503.44M,-5.68
ULTIMA-VCNT,0.2297,$346.14M,-1.2
ZBCN-ANTFUN,0.2295,$459.58M,-2.3
NEO-ONYC,0.2295,$379.98M,-3.83
ACRED-ENS,0.2295,$291.11M,-1.48
OZO-ZK,0.2294,$209.65M,-5.38
ACRED-EURCV,0.2294,$264.48M,0.0
COCO-EURC,0.2293,$634.26M,-3.23
VIRTUAL-TRUMP,0.2292,$726.96M,-7.0
OZO-COCO,0.2291,$309.52M,-3.29
APXUSD-GALA,0.229,$383.67M,-2.77
FDUSD-THETA,0.229,$472.19M,-2.81
MX-BONK,0.229,$415.53M,-4.56
USDZ-USDF,0.229,$239.23M,-0.2
RLB-SFP,0.2289,$207.00M,-0.28
VELVET-KOGE,0.2289,$380.65M,-8.09
SOON-BTT,0.2289,$349.48M,32.55
PRL-USDAI,0.2289,$241.51M,10.71
GNO-FDUSD,0.2288,$628.74M,-0.38
A7A5-XPL,0.2287,$698.79M,0.35
IMX-OUSG,0.2286,$607.57M,-4.54
META-THETA,0.2286,$221.51M,1.73
FLUID-UQC,0.2286,$194.31M,0.8
KITE-BONK,0.2286,$496.95M,-3.49
PIEVERSE-APYUSD,0.2286,$340.21M,1.7
NEO-GRASS,0.2285,$349.64M,-7.78
AXS-SHORT,0.2285,$241.24M,-6.88
SOON-ONYC,0.2285,$336.22M,33.94
ZK-BONK,0.2282,$349.30M,-9.14
BP-ONYC,0.2282,$360.44M,2.95
TWT-USDA,0.2281,$244.64M,3.02
UQC-STRCX,0.2281,$248.81M,1.82
VSN-SOON,0.228,$240.90M,34.55
TKX-TRAC,0.228,$227.11M,-2.76
CASH-FF,0.2279,$314.30M,3.67
RLB-COCO,0.2278,$288.49M,-1.2
TKX-AIAT,0.2278,$221.42M,1.9
EURC-AIAT,0.2277,$568.01M,1.48
FLUID-Q,0.2276,$306.24M,-0.77
XTZ-ZBT,0.2276,$339.42M,-4.3
FF-TAG,0.2276,$337.35M,20.61
PEANUT-GUSD,0.2276,$334.04M,-1.91
IMX-NFT,0.2274,$491.84M,-4.49
FLOKI-TRUMP,0.2274,$555.90M,-4.33
STAC-GLIDR,0.2273,$204.03M,-1.46
SEI-REUSD,0.2272,$453.99M,-3.01
ZANO-VET,0.2272,$520.12M,-6.36
SN64-A7A5,0.2271,$568.20M,1.22
GRASS-USDF,0.2271,$327.71M,-3.89
VSN-GOMINING,0.227,$266.46M,0.1
GOMINING-PENDLE,0.227,$366.21M,-4.21
AVUSD-KITE,0.2268,$347.98M,0.32
JTO-A7A5,0.2267,$746.84M,-7.37
TAG-AR,0.2267,$261.12M,15.05
US-BONK,0.2266,$683.91M,-7.6
USTBL-USDAT,0.2266,$300.64M,-0.0
1INCH-GOMINING,0.2265,$231.38M,-2.09
TIA-WFI,0.2265,$481.03M,-6.28
ZK-GRASS,0.2265,$300.22M,-9.28
UQC-SOSO,0.2265,$224.61M,10.98
ONYC-SFP,0.2265,$348.94M,-2.33
STAC-TKX,0.2264,$206.09M,0.53
MWC-XEC,0.2264,$233.30M,-6.28
GPS-NEX,0.2264,$186.34M,-2.13
EDGE-SUN,0.2263,$478.26M,-3.84
META-VCNT,0.2263,$259.86M,5.77
XEC-MX,0.2263,$270.05M,-10.09
USDAT-PENGU,0.2261,$511.52M,-1.39
CHEEMS-GALA,0.2261,$188.93M,-4.36
NXM-TAG,0.2259,$231.94M,17.46
EIGEN-AIAT,0.2259,$258.57M,-5.02
VSN-TRAC,0.2258,$274.56M,-2.59
RLB-STRCX,0.2258,$245.07M,3.99
GRX-GLM,0.2256,$218.86M,-2.63
FDUSD-TEL,0.2256,$520.41M,-1.43
AB-SYRUP,0.2254,$304.09M,-14.42
ZBCN-FF,0.2254,$369.56M,-0.25
APR-DRV,0.2253,$299.03M,-5.16
OZO-ACRED,0.2253,$240.34M,-0.06
ZRO-USTBL,0.2253,$445.60M,1.47
UUSD-STX,0.2253,$350.30M,-8.77
A-XPIN,0.2253,$247.19M,-1.68
IMX-KOGE,0.2252,$441.47M,-4.84
JTO-MET,0.2251,$358.05M,-5.68
USDTB-2Z,0.225,$557.86M,-2.62
BORG-ONYC,0.225,$384.48M,-3.89
SHORT-AKE,0.225,$193.08M,28.62
APYUSD-Q,0.225,$378.08M,0.3
COCO-XPL,0.2249,$404.81M,-2.64
UQC-CHZ,0.2249,$252.16M,-3.19
CHEEMS-Q,0.2248,$320.27M,-1.4
AXS-XEC,0.2247,$263.15M,-13.41
VCNT-REUSD,0.2247,$331.88M,1.3
VCNT-MANA,0.2247,$295.83M,1.35
DCR-NEX,0.2246,$293.11M,-6.52
KAU-DEXE,0.2245,$582.39M,22.75
2Z-GPS,0.2245,$298.35M,-0.24
TIA-RAIL,0.2245,$396.33M,-7.51
USDAT-COCO,0.2243,$324.02M,-3.33
KAITO-SNX,0.2243,$431.70M,9.18
PENGU-ZAMA,0.2243,$509.53M,7.53
BP-GEOD,0.2242,$208.58M,6.59
UUSD-PENGU,0.2242,$471.50M,-1.41
MON-FRXUSD,0.2242,$358.12M,-3.2
OUSG-SYRUP,0.2241,$587.50M,-2.9
GRX-CRCLON,0.2241,$216.95M,0.6
GPS-MON,0.2241,$344.20M,-0.82
ACRED-Q,0.224,$334.99M,-1.71
A7A5-BAT,0.224,$581.62M,-5.52
ANTFUN-THBILL,0.224,$400.24M,1.77
APXUSD-TEL,0.2239,$469.37M,0.43
XTZ-XPIN,0.2238,$370.37M,-4.67
REUSD-PENGU,0.2238,$539.15M,-1.32
TEL-FRXUSD,0.2238,$284.24M,-1.44
UB-PYTH,0.2237,$682.20M,-0.06
USDAT-THBILL,0.2237,$257.73M,0.12
EARNETH-CRVUSD,0.2236,$358.99M,0.63
OZO-APXUSD,0.2236,$420.35M,1.84
AB-IOTA,0.2235,$244.42M,-15.17
CASH-COCO,0.2234,$306.24M,-3.32
FLOKI-RAIL,0.2234,$288.35M,-5.6
SNX-SFP,0.2234,$225.17M,-4.42
KAU-XPL,0.2233,$528.89M,0.3
CASH-UQC,0.2233,$230.04M,-0.08
AVUSD-WIF,0.2233,$262.32M,0.7
BTW-APXUSD,0.2232,$529.86M,0.14
SEI-UUSD,0.2231,$386.34M,-3.11
USDTB-XCN,0.2231,$485.18M,-3.25
USDAT-AXS,0.223,$283.49M,-4.16
GPS-ZAMA,0.223,$233.82M,11.23
NEO-FARTCOIN,0.223,$256.79M,-3.35
EURC-USDZ,0.223,$577.42M,-0.13
KOGE-XCN,0.223,$343.81M,-3.47
CASH-FDUSD,0.2228,$468.11M,-0.05
TRAC-SFP,0.2228,$226.40M,-5.64
GEOD-APYUSD,0.2228,$252.47M,5.63
STAC-MON,0.2227,$350.84M,-3.12
EDGE-US,0.2227,$554.94M,-6.22
CAKE-ANTFUN,0.2227,$729.50M,1.62
COCO-KAG,0.2227,$397.91M,-3.29
INJ-TIBBIR,0.2226,$565.72M,-3.08
ACRED-ZBT,0.2225,$228.99M,1.01
NXM-BONK,0.2224,$351.82M,-3.22
COCO-USDA,0.2224,$280.40M,-3.5
DCR-ZBT,0.2224,$316.72M,-0.97
BAT-USDZ,0.2223,$230.80M,-5.42
STRK-USAT,0.2222,$374.44M,-1.22
SHORT-ZAMA,0.2222,$235.36M,6.15
KMNO-ICNT,0.2221,$199.59M,-4.56
ICNT-MANA,0.2221,$232.96M,-7.62
APYUSD-GRASS,0.2219,$374.00M,-1.95
SUN-TRUMP,0.2219,$699.68M,-4.3
FLUID-CHZ,0.2218,$230.43M,-2.25
DAI-SFP,0.2216,$193.78M,-2.39
GRX-MANA,0.2216,$255.48M,-0.03
XEC-TEL,0.2215,$293.77M,-10.68
USDTB-WFI,0.2214,$530.07M,-2.92
KMNO-PENDLE,0.2214,$348.67M,-0.5
USDA-SOSO,0.2213,$212.77M,10.84
A-ANTFUN,0.2213,$384.60M,-0.76
2Z-A7A5,0.2212,$680.54M,-2.89
USDA-ANTFUN,0.2212,$378.48M,1.43
GNO-MX,0.2211,$433.23M,-1.15
WIF-KITE,0.221,$378.35M,0.91
SEI-SHFL,0.2209,$407.95M,-6.42
AKT-A,0.2209,$230.68M,-10.09
NEO-AERO,0.2209,$548.15M,-3.63
BORG-SHFL,0.2209,$259.67M,-7.32
MWC-USDTB,0.2208,$469.36M,2.59
RAIL-A,0.2208,$192.13M,-6.5
CVX-BTT,0.2207,$394.29M,5.71
UUSD-XPL,0.2207,$320.37M,0.61
DAI-TIBBIR,0.2206,$197.54M,2.45
SAND-AVUSD,0.2205,$241.16M,-4.31
TEL-AR,0.2204,$290.37M,-3.27
MET-SOSO,0.2204,$206.00M,12.42
WEMIX-MX,0.2203,$251.01M,-7.96
AERO-ZAMA,0.2203,$552.18M,9.16
DEXE-CRVUSD,0.2202,$486.13M,23.03
GEOD-A,0.2202,$196.63M,1.3
RLB-THETA,0.2201,$230.36M,-0.67
APXUSD-GPS,0.2201,$391.07M,4.17
VCNT-SOON,0.2201,$254.45M,35.15
KOGE-USDZ,0.2201,$341.54M,-0.47
VSN-CRVUSD,0.22,$362.94M,0.58
DAI-IOTA,0.22,$238.63M,-3.68
CARDS-TEL,0.22,$443.18M,3.31
XEC-ETHFI,0.22,$519.35M,-13.7
OHM-TAG,0.2199,$420.87M,16.44
FARTCOIN-KOGE,0.2199,$337.16M,0.27
LDO-STRK,0.2198,$492.41M,-4.52
CASH-AKE,0.2198,$217.54M,31.35
ZRO-KOGE,0.2198,$498.90M,1.17
APXUSD-WEMIX,0.2198,$395.48M,-5.32
SNX-USDA,0.2197,$218.61M,-2.23
APR-SEI,0.2195,$482.94M,-1.86
KAITO-FRXUSD,0.2195,$419.19M,11.17
AWE-ETHFI,0.2193,$505.71M,-5.88
SHORT-COMP,0.2193,$256.88M,-7.17
CASH-SAND,0.2192,$247.21M,-4.38
FLUID-STX,0.2192,$336.80M,-7.85
ICNT-FARTCOIN,0.2192,$224.58M,-7.18
MWC-CARDS,0.219,$382.71M,7.4
BTW-SHFL,0.2189,$356.20M,-5.06
ZBCN-GLM,0.2189,$272.04M,-6.44
A7A5-USDF,0.2189,$590.04M,-0.31
DAI-THETA,0.2187,$217.14M,-2.78
GPS-KOGE,0.2187,$310.16M,2.07
ZBCN-KITE,0.2186,$409.28M,-3.66
GPS-SOSO,0.2186,$212.60M,13.38
EURC-AERO,0.2185,$864.41M,0.34
THETA-APYUSD,0.2185,$284.22M,-0.84
DYDX-GPS,0.2184,$193.88M,-1.19
FF-AKE,0.2183,$287.81M,35.05
IOTA-SHORT,0.2183,$245.13M,-6.42
BC-FRAX,0.2182,$439.64M,5.21
FLUID-NFT,0.2182,$350.81M,0.94
ZANO-ZAMA,0.2182,$268.97M,5.15
RAIL-Q,0.2182,$309.80M,-5.75
BAT-SOSO,0.2182,$220.00M,5.82
PENDLE-FRXUSD,0.2181,$360.57M,-3.69
USDA-GEOD,0.2179,$190.52M,3.49
UQC-Q,0.2178,$327.97M,-1.7
STAC-KOGE,0.2176,$316.79M,-0.24
APEPE-USDZ,0.2176,$328.75M,0.18
DEXE-PYTH,0.2175,$595.44M,17.66
USDAT-VCNT,0.2175,$304.24M,1.24
US-CHEEMS,0.2174,$519.28M,-3.61
META-NEX,0.2174,$185.74M,0.04
BP-PENDLE,0.2174,$364.89M,-0.76
UQC-TRAC,0.2174,$231.69M,-3.32
OUSG-AWE,0.2172,$486.07M,-1.44
IOTA-A,0.2172,$249.86M,-6.07
IOTA-TRUMP,0.2172,$504.96M,-6.51
NFT-PRL,0.2172,$348.59M,10.8
INJ-RAIL,0.2171,$549.08M,-9.65
AWE-BTSE,0.2171,$238.93M,-7.61
UB-TRAC,0.2169,$484.50M,2.13
1INCH-BONK,0.2169,$380.76M,-5.27
DYDX-ZANO,0.2169,$229.03M,-7.28
APEPE-FLUID,0.2169,$287.65M,1.25
CTOC-TEL,0.2169,$449.32M,-1.23
SHORT-VET,0.2169,$486.51M,-5.35
ZRO-XCN,0.2167,$414.41M,-1.76
ULTIMA-GRASS,0.2166,$397.57M,-6.36
STRCX-USDAI,0.2166,$298.23M,1.87
ONYC-USDF,0.2166,$358.04M,0.05
META-KAITO,0.2165,$404.68M,15.71
TIBBIR-GEOD,0.2165,$200.83M,6.15
DAI-FF,0.2164,$283.34M,3.68
OUSG-ZK,0.2164,$464.60M,-5.36
CRVUSD-IOTA,0.2164,$359.63M,-3.76
EDGE-FARTCOIN,0.2163,$258.99M,-1.84
A7A5-BONK,0.2163,$743.15M,-4.06
2Z-GLM,0.2162,$297.10M,-5.09
TKX-GEOD,0.2162,$197.79M,4.19
ICNT-BTSE,0.2162,$234.68M,-13.86
TEL-EURCV,0.2161,$323.75M,-1.33
MX-ONYC,0.2161,$396.79M,-0.75
USDTB-AIAT,0.216,$473.50M,1.36
USDTB-BSV,0.2159,$614.01M,-2.13
US-KITE,0.2159,$650.97M,-3.58
CTOC-USDAI,0.2159,$432.44M,0.16
VCNT-BONK,0.2159,$429.39M,-2.49
PYTH-ZAMA,0.2159,$459.17M,3.45
APR-JTO,0.2158,$465.03M,-5.87
BTW-UUSD,0.2157,$334.58M,-1.74
INJ-BP,0.2155,$573.47M,-2.65
SAND-ZAMA,0.2155,$263.00M,4.53
BTW-COCO,0.2154,$419.02M,-4.99
AKT-FRXUSD,0.2154,$238.31M,-7.74
FLUID-CHEEMS,0.2154,$186.60M,1.1
EDGE-AB,0.2153,$232.82M,-13.87
EDGE-MX,0.2153,$286.56M,-3.18
EURC-APYUSD,0.2153,$608.16M,2.01
LUNC-SUN,0.2152,$621.19M,-6.07
FARTCOIN-CHZ,0.2152,$267.15M,-2.58
GALA-CRCLON,0.2151,$181.47M,-3.88
WIF-SUN,0.2151,$488.63M,-0.82
ZBCN-KOGE,0.215,$391.42M,-4.2
MX-EURCV,0.215,$300.02M,-0.74
GRX-AIAT,0.2148,$242.08M,1.29
APXUSD-GEOD,0.2148,$389.40M,5.52
REUSD-APYUSD,0.2147,$325.56M,1.98
XEC-SYRUP,0.2147,$326.70M,-12.21
OUSG-GLIDR,0.2146,$481.63M,-1.47
NEX-KITE,0.2145,$322.33M,-4.2
BTW-INJ,0.2144,$694.03M,-7.23
FDUSD-VCNT,0.2143,$510.54M,1.23
LDO-MON,0.2142,$551.39M,-6.5
APR-ONYC,0.2141,$442.60M,1.25
INJ-MANA,0.214,$590.62M,-5.45
GLM-WEMIX,0.214,$195.19M,-9.66
KAG-RAIL,0.214,$303.54M,-4.1
SPCXB-PEANUT,0.214,$270.07M,-2.46
SPCXB-AR,0.214,$201.59M,-2.39
SAND-NFT,0.2139,$389.71M,-4.29
RLB-TIBBIR,0.2138,$210.76M,4.56
MWC-XTZ,0.2138,$339.31M,-2.7
USDTB-SFP,0.2138,$458.25M,-2.43
RAY-TRUMP,0.2138,$520.40M,-5.66
FRXUSD-USDZ,0.2138,$237.31M,-0.24
COCO-AXS,0.2137,$327.91M,-7.44
EURC-SOSO,0.2137,$566.62M,11.11
VELVET-CARDS,0.2136,$435.37M,-3.1
AKT-XCN,0.2135,$258.05M,-10.9
APEPE-XTZ,0.2135,$426.83M,-5.0
COCO-MANA,0.2135,$315.61M,-3.21
BTW-XEC,0.2134,$354.26M,-10.97
EDGE-ZAMA,0.2134,$273.79M,6.52
ULTIMA-REUSD,0.2134,$349.13M,-2.43
LDO-SOSO,0.2133,$419.79M,7.69
GRX-STRK,0.2133,$313.31M,-1.29
DCR-FF,0.2133,$395.06M,1.63
FF-FARTCOIN,0.2133,$315.30M,4.22
TKX-USDAI,0.2131,$260.88M,0.49
NEO-USDF,0.2131,$245.61M,-3.9
KOGE-MET,0.2131,$303.56M,1.11
WEMIX-APYUSD,0.213,$258.55M,-5.21
COCO-DCR,0.2129,$387.00M,-5.35
MANA-BTT,0.2129,$390.86M,-1.24
OUSG-UUSD,0.2128,$480.04M,-0.03
1INCH-CVX,0.2128,$250.63M,5.52
GLM-EURCV,0.2128,$244.20M,-2.44
UB-MX,0.2127,$511.42M,4.58
FLUID-BONK,0.2127,$351.23M,-2.88
BTW-ZBT,0.2126,$348.74M,-0.61
1INCH-SFP,0.2126,$218.55M,-3.91
CASH-ZK,0.2126,$206.37M,-5.4
LDO-CAKE,0.2123,$750.39M,-3.35
GRT-CARDS,0.2123,$430.21M,1.76
AKT-NEX,0.2123,$218.72M,-12.16
CTOC-UUSD,0.2123,$374.79M,0.11
GALA-APYUSD,0.2122,$246.74M,-2.66
REAL-AERO,0.2122,$663.43M,-0.09
OUSG-BP,0.2121,$494.49M,2.92
GRT-TIBBIR,0.2121,$267.83M,-0.49
KMNO-BAT,0.2121,$201.44M,-2.06
FRXUSD-THBILL,0.2119,$227.86M,0.11
AB-FF,0.2118,$289.13M,-7.81
KMNO-SOSO,0.2118,$214.61M,14.19
ICNT-VCNT,0.2118,$266.02M,-6.45
FRXUSD-FET,0.2117,$415.84M,-5.16
IMX-ZBT,0.2116,$341.27M,-3.48
DYDX-RAIL,0.2116,$187.71M,-7.64
KAITO-AKE,0.2116,$404.79M,42.58
AIAT-ANTFUN,0.2116,$400.29M,3.04
VIRTUAL-USAT,0.2115,$554.80M,-4.21
UQC-FET,0.2115,$413.94M,-5.19
NEX-PENDLE,0.2115,$340.98M,-8.12
COMP-WFI,0.2115,$333.87M,-7.3
VSN-BTT,0.2114,$410.37M,-0.67
USDAT-NEX,0.2114,$230.13M,-4.49
CVX-TEL,0.2113,$309.13M,5.64
COMP-USDF,0.2113,$271.16M,-4.43
AIAT-BSV,0.2112,$376.47M,-0.68
ETHFI-FET,0.2112,$705.81M,-9.54
ZBCN-XEC,0.2111,$296.73M,-13.21
APR-USDF,0.211,$308.23M,1.19
US-Q,0.211,$638.92M,-5.48
SN64-ZAMA,0.2109,$227.80M,10.42
IMX-GLM,0.2107,$322.08M,-7.08
UB-SOON,0.2106,$450.85M,39.27
LDO-GRT,0.2106,$464.54M,-6.3
SHORT-SUN,0.2106,$439.84M,-4.21
NEO-CRVUSD,0.2105,$345.83M,-3.97
WEMIX-AVUSD,0.2105,$216.40M,-7.09
DRV-CHEEMS,0.2104,$202.96M,-6.12
LDO-KMNO,0.2104,$401.22M,-0.19
DCR-MX,0.2104,$353.37M,-2.86
VCNT-USDF,0.2104,$276.28M,1.26
SPCXB-CRCLON,0.2104,$178.39M,0.21
1INCH-GNO,0.2103,$398.46M,-1.87
OHM-BONK,0.2103,$540.75M,-4.24
SEI-USDAI,0.21,$443.99M,-3.06
ZBCN-GEOD,0.21,$271.62M,-0.23
AKT-ZBT,0.2099,$242.34M,-6.62
TKX-BONK,0.2099,$368.39M,-3.26
ZK-ACRED,0.2099,$199.39M,-5.45
MX-SUN,0.2099,$492.88M,-2.28
1INCH-USDA,0.2098,$211.99M,-1.72
FLUID-GRASS,0.2098,$302.16M,-3.02
IOTA-SHFL,0.2097,$268.97M,-7.05
OUSG-CHEEMS,0.2096,$480.57M,0.26
INJ-KAITO,0.2096,$768.50M,5.67
ULTIMA-CRVUSD,0.2095,$393.75M,-2.55
MX-VET,0.2095,$539.55M,-3.42
ENS-GUSD,0.2094,$325.58M,-1.37
RAIL-AR,0.2094,$205.90M,-5.99
KOGE-BAT,0.2094,$317.56M,-5.49
BTW-GLM,0.2093,$329.56M,-4.2
TIA-SHFL,0.2093,$427.89M,-6.77
GRX-FLOKI,0.2093,$322.61M,-1.61
KITE-SFP,0.2093,$334.73M,-2.12
KAU-KAITO,0.2091,$617.58M,10.86
RAIL-GLIDR,0.2091,$191.23M,-5.61
AB-MON,0.209,$345.04M,-14.65
ULTIMA-SOON,0.209,$271.71M,31.42
OUSG-OHM,0.2089,$656.05M,-0.47
1INCH-SAND,0.2089,$241.00M,-5.89
RAIL-FET,0.2089,$395.76M,-9.23
CAKE-ZAMA,0.2088,$585.00M,8.89
GLIDR-TRUMP,0.2087,$458.77M,-4.33
1INCH-JASMY,0.2086,$327.40M,-2.48
OZO-TWT,0.2086,$273.76M,3.23
FLOKI-MON,0.2086,$446.70M,-4.65
TRUMP-THBILL,0.2085,$475.32M,-2.69
EARNETH-NEX,0.2084,$237.27M,-3.76
JTO-CHZ,0.2084,$412.78M,-10.18
GRT-ETHFI,0.2083,$561.24M,-7.37
GLM-EURC,0.2083,$544.80M,-2.44
UQC-AIAT,0.2083,$226.00M,1.34
SEI-FRXUSD,0.2081,$396.47M,-3.09
APR-REUSD,0.208,$363.82M,1.24
ACRED-BSV,0.208,$373.53M,-2.15
IOTA-ZBT,0.208,$261.52M,-2.6
FRXUSD-XPL,0.208,$330.51M,0.62
CASH-TAG,0.2079,$267.09M,16.91
TIA-FRXUSD,0.2078,$416.41M,-3.44
CAKE-COCO,0.2077,$631.41M,-3.31
THETA-TRUMP,0.2077,$483.48M,-5.61
GRT-SPCXB,0.2076,$246.88M,-3.47
USDAT-ICNT,0.2076,$241.37M,-7.74
VIRTUAL-BONK,0.2075,$634.52M,-7.92
REUSD-PIEVERSE,0.2075,$349.52M,-0.19
PENDLE-NFT,0.2075,$515.17M,-3.58
XTZ-USDF,0.2074,$337.31M,-5.38
1INCH-EURCV,0.2073,$265.25M,-1.45
GLM-AXS,0.2073,$238.45M,-6.65
ACRED-FF,0.2073,$307.33M,3.61
BC-BP,0.2071,$333.81M,7.85
SOON-GOMINING,0.207,$205.57M,33.32
BC-PENGU,0.2069,$591.29M,3.6
USDAT-STRK,0.2069,$329.01M,-1.2
EIGEN-GEOD,0.2069,$234.94M,-2.74
XTZ-GUSD,0.2067,$374.98M,-5.34
AR-USDAI,0.2067,$273.49M,-1.88
BC-COCO,0.2066,$403.79M,1.66
APXUSD-SFP,0.2066,$397.79M,-0.56
KMNO-SHORT,0.2066,$195.57M,0.41
OZO-KITE,0.2065,$357.30M,0.27
US-A,0.2065,$521.25M,-6.23
UQC-AVUSD,0.2065,$224.00M,-0.01
VIRTUAL-ZBT,0.2064,$483.51M,-3.09
CRVUSD-XPIN,0.2064,$356.95M,0.63
COCO-WIF,0.2063,$330.56M,-2.65
XTZ-STX,0.2063,$475.99M,-14.1
1INCH-AXS,0.2062,$259.51M,-5.66
ZRO-PIEVERSE,0.2062,$466.84M,1.21
TKX-ICNT,0.2062,$205.01M,-7.22
FLUID-MX,0.2062,$236.88M,0.06
ZANO-GEOD,0.2062,$225.51M,-0.06
AVUSD-ZBT,0.2062,$229.92M,1.14
1INCH-FARTCOIN,0.2061,$238.83M,-0.99
BC-TIBBIR,0.2061,$326.05M,7.42
APR-DASH,0.206,$593.82M,-1.62
UQC-GUSD,0.206,$257.53M,-0.03
CRVUSD-XCN,0.206,$341.71M,-3.28
DRV-FLUID,0.2059,$188.93M,-5.48
EDGE-CASH,0.2059,$257.99M,-2.39
CVX-REUSD,0.2059,$302.25M,7.08
CRVUSD-REAL,0.2059,$461.11M,-0.43
BTSE-FRAX,0.2059,$353.18M,-5.89
BC-EURCV,0.2058,$369.01M,5.03
GRT-AERO,0.2057,$575.72M,-2.69
UUSD-GLIDR,0.2057,$201.17M,-1.55
CRVUSD-SYRUP,0.2056,$419.30M,-3.01
NFT-GRASS,0.2056,$480.39M,-3.82
NXM-STAC,0.2055,$189.51M,0.57
KAU-BTSE,0.2055,$441.42M,-6.5
CHEEMS-USDF,0.2055,$212.16M,0.23
UQC-ETHFI,0.2055,$507.91M,-4.48
US-KAITO,0.2054,$728.24M,7.37
GPS-APYUSD,0.2053,$254.14M,4.28
INJ-UQC,0.205,$567.26M,-5.6
AKT-WFI,0.2049,$302.94M,-10.57
GLM-ICNT,0.2048,$196.33M,-10.23
EDGE-WFI,0.2047,$310.52M,-5.25
INJ-CASH,0.2047,$581.25M,-5.55
AB-A,0.2047,$199.13M,-13.88
APEPE-FRXUSD,0.2047,$311.28M,0.34
ZK-WFI,0.2047,$258.90M,-8.26
VIRTUAL-XPL,0.2046,$590.16M,-3.51
FDUSD-SOSO,0.2046,$462.69M,11.0
RLB-NFT,0.2045,$368.79M,2.18
DEXE-CTOC,0.2044,$549.08M,23.27
OHM-UUSD,0.2044,$375.59M,-0.54
TWT-SOSO,0.2044,$265.06M,14.26
VCNT-AR,0.2044,$280.50M,-0.61
VELVET-STX,0.2043,$417.02M,-16.53
OZO-TEL,0.2043,$299.61M,-1.39
GLIDR-ANTFUN,0.2043,$383.69M,0.13
WEMIX-SOON,0.2042,$190.43M,26.74
XEC-BTT,0.2042,$378.93M,-10.61
WFI-TRUMP,0.2042,$531.93M,-5.71
BORG-ANTFUN,0.2041,$420.58M,-2.32
REUSD-BAT,0.204,$270.85M,-5.17
STAC-BAT,0.2038,$206.06M,-5.18
CTOC-A,0.2038,$377.29M,-2.22
USDA-TAG,0.2038,$241.24M,16.73
ENS-MX,0.2038,$326.66M,-2.22
STAC-IOTA,0.2037,$250.22M,-3.64
DYDX-GLM,0.2037,$192.63M,-6.04
EDGE-BSV,0.2037,$394.47M,-4.46
AWE-SYRUP,0.2037,$313.07M,-4.39
IMX-XEC,0.2036,$346.78M,-13.85
ZRO-WEMIX,0.2034,$385.18M,-5.7
FF-SYRUP,0.2034,$399.53M,0.76
DYDX-CRCLON,0.2033,$190.72M,-2.81
TKX-ONYC,0.2033,$349.65M,0.55
SHORT-JASMY,0.2032,$309.14M,-3.7
BTT-ZAMA,0.2032,$397.28M,7.56
CAKE-A,0.2031,$549.48M,-2.39
USDAT-KAG,0.203,$353.49M,-0.02
USDAT-SUN,0.203,$482.09M,-1.5
GPS-A7A5,0.2029,$574.21M,2.03
SPX-MX,0.2028,$452.66M,-3.65
FLUID-MET,0.2028,$175.70M,2.25
SHORT-USDF,0.2028,$209.39M,-2.74
DEXE-EURC,0.2027,$724.12M,23.18
DAI-BTSE,0.2026,$224.16M,-6.15
USTBL-TIBBIR,0.2026,$267.33M,2.48
GRT-AVUSD,0.2025,$277.32M,-2.9
ZBCN-FDUSD,0.2025,$523.37M,-3.96
USAT-FET,0.2025,$491.15M,-5.17
INJ-BSV,0.2024,$717.73M,-7.63
USDTB-PIEVERSE,0.2024,$537.60M,-0.28
DEXE-FLUID,0.2024,$360.37M,23.98
Q-USDZ,0.2024,$347.34M,-1.84
AR-ANTFUN,0.2024,$398.36M,-0.25
OHM-THBILL,0.2021,$393.74M,-0.35
ENS-USDF,0.202,$287.91M,-1.41
RAY-SHFL,0.202,$284.41M,-6.2
MX-BSV,0.202,$409.08M,-2.9
OUSG-WFI,0.2019,$554.79M,-2.85
BC-UQC,0.2019,$327.59M,4.89
DEXE-BORG,0.2019,$412.35M,19.16
AERO-BONK,0.2019,$679.32M,-3.49
EDGE-ICNT,0.2018,$237.55M,-10.09
OZO-GRASS,0.2018,$341.17M,-3.88
CHEEMS-NEX,0.2018,$190.65M,-4.23
FLOKI-A,0.2018,$300.80M,-3.88
OHM-GLM,0.2017,$370.57M,-3.0
REUSD-FARTCOIN,0.2017,$290.44M,0.58
DAI-XPL,0.2016,$311.64M,0.65
TWT-GRASS,0.2016,$364.34M,-0.67
GLM-STX,0.2016,$345.28M,-11.23
SPCXB-AKE,0.2015,$181.06M,30.85
SPX-APXUSD,0.2014,$597.13M,-1.01
MX-GLIDR,0.2014,$251.97M,-2.31
SPX-STAC,0.2013,$404.72M,-2.81
US-A7A5,0.2013,$897.17M,-4.16
ICNT-TRUMP,0.2013,$458.96M,-10.55
USDAI-USDF,0.2013,$269.28M,-0.01
BC-STRK,0.2012,$408.78M,3.79
PYTH-PEANUT,0.2011,$505.90M,-7.39
US-KOGE,0.201,$633.11M,-4.12
GPS-BAT,0.201,$199.42M,-2.88
PENGU-GUSD,0.201,$521.22M,-1.32
FARTCOIN-GEOD,0.2009,$217.36M,4.23
GNO-NEX,0.2008,$372.97M,-4.81
GEOD-XCN,0.2008,$224.00M,0.49
NXM-AIAT,0.2005,$204.85M,1.94
FLUID-SHORT,0.2005,$183.84M,-1.87
STRK-GOMINING,0.2005,$304.77M,-1.74
PRL-SOSO,0.2005,$200.66M,21.76
SYRUP-USDF,0.2005,$319.09M,-2.93
OUSG-A7A5,0.2004,$858.45M,-0.29
ZANO-STRCX,0.2004,$271.95M,-1.86
AWE-CARDS,0.2003,$374.69M,3.25
USTBL-COCO,0.2002,$345.06M,-3.28
CRVUSD-EURCV,0.2002,$361.49M,-0.01
DAI-ZBCN,0.2001,$268.32M,-3.93
JTO-Q,0.2,$488.59M,-8.7
OUSG-RLB,0.1999,$484.52M,2.13
ULTIMA-SOSO,0.1998,$298.29M,8.57
WEMIX-FRAX,0.1998,$320.49M,-6.9
JTO-GEOD,0.1998,$362.98M,-3.37
USAT-GOMINING,0.1997,$300.79M,-0.61
EURC-ANTFUN,0.1997,$732.34M,1.7
RAY-SOSO,0.1997,$279.59M,8.21
BC-ZAMA,0.1996,$357.38M,13.85
FRXUSD-USDAI,0.1996,$267.36M,-0.05
APXUSD-SN64,0.1995,$385.05M,3.36
TWT-XCN,0.1995,$278.13M,0.02
CARDS-FARTCOIN,0.1995,$391.88M,5.25
CARDS-JASMY,0.1995,$480.45M,3.75
DYDX-TRAC,0.1994,$221.53M,-6.78
UB-AB,0.1993,$457.68M,-6.11
OUSG-IOTA,0.1993,$527.82M,-3.65
RLB-IOTA,0.1993,$251.85M,-1.57
GRT-SHFL,0.1993,$282.74M,-6.32
LDO-STX,0.1992,$553.71M,-12.06
VET-A7A5,0.1991,$867.16M,-2.92
KAG-UQC,0.199,$321.71M,-0.06
DEXE-TIA,0.1989,$580.57M,19.7
MX-BTSE,0.1988,$283.70M,-6.95
AB-USAT,0.1987,$282.07M,-11.54
TIBBIR-TAG,0.1987,$251.55M,19.39
WEMIX-REUSD,0.1987,$267.86M,-7.11
MWC-WIF,0.1986,$260.18M,3.49
VSN-BC,0.1985,$370.46M,5.62
XEC-AR,0.1985,$235.51M,-11.15
META-A7A5,0.1983,$573.62M,4.19
CRVUSD-GALA,0.1983,$300.66M,-4.68
REUSD-TEL,0.1983,$341.75M,-1.36
IMX-APR,0.1981,$423.71M,-3.37
OZO-PIEVERSE,0.1981,$307.38M,-0.22
USDTB-EURC,0.198,$805.56M,0.03
UB-XPL,0.1979,$581.42M,6.05
FLUID-XPIN,0.1979,$231.18M,1.58
XPIN-USDAI,0.1979,$302.33M,0.7
DRV-FDUSD,0.1978,$448.74M,-6.39
GPS-GLIDR,0.1977,$197.39M,0.84
VCNT-ONYC,0.1977,$410.65M,1.32
SPX-GPS,0.1976,$398.08M,-0.5
BTW-KITE,0.1975,$466.80M,-1.43
BC-KAG,0.1975,$433.26M,4.97
FLOKI-XEC,0.1975,$317.97M,-10.77
FF-NEX,0.1975,$282.61M,-0.78
WEMIX-PYTH,0.1974,$421.78M,-12.59
CAKE-ZBT,0.1973,$561.14M,1.08
CRVUSD-SOON,0.1972,$302.06M,33.81
LDO-UUSD,0.1971,$402.98M,-3.4
STRK-PYTH,0.1971,$510.57M,-6.62
USDA-USDAI,0.1971,$253.62M,-0.21
TWT-ZBT,0.197,$262.41M,4.3
KAITO-WIF,0.197,$455.61M,11.86
FDUSD-DASH,0.197,$743.53M,-2.86
PYTH-XPL,0.197,$541.95M,-4.79
XTZ-ETHFI,0.1969,$625.36M,-9.8
ULTIMA-USDAI,0.1969,$339.14M,-2.48
GLM-VET,0.1967,$483.72M,-5.12
USDAT-BONK,0.1966,$404.75M,-3.78
IMX-GEOD,0.1965,$321.67M,-0.87
VIRTUAL-SHORT,0.1965,$467.12M,-6.91
KAG-GRASS,0.1965,$429.56M,-3.88
AWE-SOON,0.1965,$195.83M,32.42
IMX-KITE,0.1964,$459.32M,-4.3
GEOD-FET,0.1964,$400.26M,-1.43
MWC-CRVUSD,0.1963,$325.89M,2.51
AXS-TEL,0.1963,$318.00M,-5.53
DYDX-BONK,0.1962,$362.81M,-7.28
IOTA-NFT,0.1962,$412.10M,-3.61
CRVUSD-BAT,0.196,$315.46M,-5.29
CARDS-RAY,0.1959,$431.87M,1.88
TIBBIR-USDZ,0.1958,$233.87M,2.26
UB-BP,0.1957,$475.07M,8.28
CVX-USDA,0.1957,$230.99M,6.84
USDTB-KAG,0.1955,$569.21M,-0.04
BC-CVX,0.1955,$354.39M,12.0
UQC-MET,0.1955,$197.44M,1.32
FLUID-THETA,0.1954,$212.38M,-1.91
CTOC-FF,0.1954,$467.29M,3.85
NXM-MX,0.1953,$237.46M,-0.28
GRX-AXS,0.1953,$267.79M,-4.25
WIF-TRUMP,0.1952,$503.73M,-2.18
BC-SHFL,0.1951,$340.97M,1.59
UUSD-BAT,0.1951,$203.20M,-5.27
GLIDR-SFP,0.1951,$204.11M,-3.88
KAITO-EIGEN,0.195,$449.86M,4.78
MX-PEANUT,0.195,$335.13M,-2.76
VSN-AIAT,0.1949,$268.87M,2.07
APR-LDO,0.1949,$499.59M,-2.15
FDUSD-AWE,0.1949,$451.92M,-1.5
APXUSD-USDAI,0.1948,$452.49M,1.82
OHM-CHZ,0.1946,$419.94M,-3.61
PIEVERSE-A7A5,0.1946,$660.29M,-0.54
FLUID-ETHFI,0.1944,$486.18M,-3.55
STRCX-TEL,0.1943,$315.11M,0.49
NFT-USDAI,0.1943,$421.96M,0.06
GRT-META,0.1942,$256.76M,1.55
REUSD-USDAI,0.1942,$324.87M,0.03
NXM-XTZ,0.1941,$312.34M,-4.85
DRV-AB,0.1941,$199.49M,-17.85
OHM-GALA,0.1941,$364.42M,-5.09
VSN-TRUMP,0.194,$508.28M,-2.17
GRX-FRAX,0.194,$344.16M,0.13
VELVET-MON,0.1939,$414.70M,-10.97
VIRTUAL-KAITO,0.1938,$678.84M,7.05
FDUSD-RAIL,0.1938,$435.94M,-4.15
2Z-KOGE,0.1937,$416.48M,-2.85
KAG-SPCXB,0.1937,$299.23M,-0.51
BTW-AB,0.1936,$331.64M,-13.18
STAC-GALA,0.1936,$191.26M,-4.56
KAITO-THBILL,0.1936,$427.20M,11.36
GOMINING-BONK,0.1936,$380.51M,-4.31
VELVET-FLUID,0.1935,$252.79M,-6.95
2Z-CASH,0.1935,$324.35M,-2.59
TRAC-KOGE,0.1935,$337.81M,-3.53
KOGE-AR,0.1935,$330.20M,-2.15
CHEEMS-GEOD,0.1934,$194.66M,3.93
CHEEMS-WFI,0.1934,$274.86M,-2.64
ULTIMA-FF,0.1934,$373.99M,1.21
DAI-USDZ,0.1933,$218.44M,-0.21
KAITO-Q,0.1933,$529.22M,9.57
USAT-SOON,0.1933,$275.24M,33.84
LUNC-KAITO,0.1932,$588.17M,6.61
FDUSD-SNX,0.1932,$468.53M,-2.07
NEX-XPL,0.1932,$310.92M,-3.8
AB-AERO,0.193,$511.22M,-11.23
EIGEN-PYTH,0.193,$461.95M,-11.88
AVUSD-FRAX,0.1927,$336.04M,0.3
SPCXB-PRL,0.1927,$169.61M,10.21
CASH-USDAI,0.1926,$279.46M,-0.03
ZRO-PENGU,0.1926,$656.47M,0.09
GEOD-PRL,0.1926,$178.42M,14.42
LDO-AKE,0.1924,$398.72M,28.02
US-USDAI,0.1924,$576.40M,-3.85
CASH-THBILL,0.1922,$239.95M,0.13
BP-USDZ,0.1922,$241.62M,2.69
USDTB-MET,0.1921,$444.94M,1.34
CRVUSD-SHFL,0.1921,$333.45M,-3.45
PIEVERSE-SOSO,0.1921,$298.67M,10.81
LUNC-LDO,0.1919,$582.10M,-7.95
SOON-XEC,0.1919,$209.47M,24.6
ETHFI-A7A5,0.1919,$878.10M,-4.73
BTW-CARDS,0.1918,$503.67M,3.02
DAI-XPIN,0.1918,$235.95M,0.71
OUSG-DEXE,0.1918,$654.33M,23.13
PRL-BONK,0.1918,$349.02M,6.97
GRX-UUSD,0.1917,$223.88M,-0.17
CHEEMS-USDA,0.1917,$196.50M,0.04
KITE-THETA,0.1917,$358.10M,-2.51
USDZ-ZAMA,0.1917,$265.20M,8.69
TWT-AIAT,0.1916,$266.45M,4.63
UUSD-AVUSD,0.1916,$215.76M,0.0
CVX-ZRO,0.1915,$419.57M,8.48
OUSG-PEANUT,0.1914,$564.79M,-1.92
EDGE-APXUSD,0.1914,$431.03M,-0.55
MX-USDF,0.1914,$262.43M,-0.81
STAC-ULTIMA,0.1913,$284.34M,-2.43
VELVET-COCO,0.1913,$350.72M,-11.11
GLM-UUSD,0.1912,$194.55M,-2.57
COMP-XPIN,0.1911,$304.22M,-3.71
XCN-ZAMA,0.1911,$267.47M,5.69
KAITO-WFI,0.191,$483.81M,8.34
FF-GALA,0.191,$280.90M,-0.92
LDO-VCNT,0.1909,$467.64M,-2.08
2Z-AVUSD,0.1909,$318.31M,-2.52
TWT-KOGE,0.1909,$362.62M,2.95
SHORT-EURCV,0.1909,$246.99M,-2.67
SNX-ZAMA,0.1907,$260.25M,6.86
IMX-CASH,0.1906,$349.34M,-4.58
OHM-DCR,0.1906,$478.58M,-2.54
DEXE-CARDS,0.1905,$542.95M,27.82
ICNT-CRVUSD,0.1905,$313.62M,-7.79
VCNT-PENGU,0.1903,$536.16M,-0.1
FLUID-USDA,0.1901,$182.46M,0.67
BTW-USDTB,0.19,$590.32M,-1.73
DYDX-SHORT,0.19,$195.42M,-6.27
KAITO-JASMY,0.19,$520.86M,10.25
MWC-GPS,0.1899,$209.85M,4.2
LDO-FRXUSD,0.1899,$413.12M,-3.38
KMNO-CRCLON,0.1899,$190.87M,3.87
FLOKI-XPL,0.1899,$419.10M,-0.83
REAL-ONYC,0.1899,$495.26M,-0.3
AKT-JTO,0.1898,$397.03M,-14.76
AWE-MET,0.1898,$195.24M,-0.08
IOTA-RAIL,0.1898,$237.42M,-7.79
ENS-KITE,0.1898,$408.07M,-1.15
TIA-APXUSD,0.1897,$601.55M,-1.57
SPCXB-PYTH,0.1897,$406.90M,-5.96
INJ-META,0.1896,$554.65M,-1.04
EARNETH-OZO,0.1896,$272.24M,0.71
RLB-SN64,0.1895,$194.26M,3.63
1INCH-WFI,0.1894,$290.36M,-4.4
RLB-ANTFUN,0.1894,$386.58M,3.73
ZRO-KITE,0.1894,$516.76M,1.71
KAITO-MON,0.1893,$557.46M,8.05
PENDLE-KOGE,0.1891,$464.80M,-3.92
MX-MON,0.1891,$398.78M,-3.97
CAKE-SPCXB,0.189,$532.73M,-0.52
DCR-XPL,0.189,$423.36M,-1.39
BTT-USDAI,0.189,$416.91M,-1.34
OUSG-BTSE,0.1889,$513.36M,-6.12
VELVET-FF,0.1889,$358.79M,-4.13
GLM-GLIDR,0.1889,$196.15M,-4.01
ACRED-USAT,0.1889,$300.27M,-0.11
TEL-MANA,0.1889,$305.70M,-1.31
XTZ-GRASS,0.1888,$441.34M,-9.27
AVUSD-GOMINING,0.1887,$231.54M,-0.51
EDGE-WIF,0.1886,$282.32M,-1.72
PYTH-SYRUP,0.1886,$528.61M,-8.37
PYTH-JASMY,0.1886,$532.95M,-6.4
PIEVERSE-KOGE,0.1886,$396.23M,-0.5
APYUSD-BTSE,0.1886,$291.24M,-4.21
VET-ZAMA,0.1886,$526.77M,6.29
UUSD-WFI,0.1885,$274.33M,-2.93
VCNT-REAL,0.1884,$413.50M,0.91
WFI-ZAMA,0.1884,$312.36M,6.02
IMX-TEL,0.1883,$401.64M,-5.96
DYDX-ANTFUN,0.1883,$380.17M,-1.9
VCNT-SFP,0.1883,$267.18M,-1.12
USDTB-XTZ,0.1882,$581.00M,-5.43
2Z-AERO,0.1882,$616.71M,-2.31
FLUID-APYUSD,0.1882,$244.41M,2.8
STAC-APR,0.1881,$299.03M,1.23
FRXUSD-AERO,0.1881,$524.29M,0.23
FLOKI-REUSD,0.188,$365.94M,-1.45
ACRED-ZAMA,0.1879,$252.85M,8.83
XEC-USDZ,0.1879,$246.85M,-9.48
SAND-RAIL,0.1877,$215.03M,-8.47
USAT-THETA,0.1877,$311.32M,-2.82
AB-MET,0.1876,$186.26M,-10.11
KAG-FF,0.1876,$405.98M,3.69
APYUSD-SFP,0.1875,$260.86M,-0.45
SPCXB-AIAT,0.1874,$203.51M,0.9
GEOD-BSV,0.1873,$352.84M,1.61
WEMIX-A7A5,0.1872,$578.63M,-7.46
DCR-AVUSD,0.1871,$318.76M,-2.0
PIEVERSE-FRAX,0.1871,$402.15M,0.02
STAC-SOSO,0.187,$219.23M,11.07
NEO-FF,0.187,$326.06M,-0.21
WEMIX-BTSE,0.187,$233.54M,-13.29
BTSE-Q,0.187,$353.06M,-7.78
GLM-UQC,0.1869,$202.78M,-2.58
AVUSD-EURCV,0.1869,$265.41M,0.13
VCNT-SPCXB,0.1868,$249.98M,0.75
CHZ-ZAMA,0.1868,$281.95M,5.77
IMX-ACRED,0.1867,$342.36M,-4.63
US-XTZ,0.1867,$644.44M,-9.23
FLUID-A,0.1867,$188.58M,-1.52
GPS-PRL,0.1866,$180.08M,13.06
INJ-AKE,0.1865,$554.76M,25.83
GRX-KMNO,0.1865,$222.12M,3.04
ZANO-WIF,0.1865,$277.50M,-3.1
USDAT-WFI,0.1864,$314.34M,-2.9
FLOKI-AVUSD,0.1864,$314.49M,-1.44
US-AVUSD,0.1863,$534.94M,-3.79
NXM-USDAI,0.1862,$244.31M,0.52
DAI-FARTCOIN,0.1862,$214.06M,0.53
USDTB-TAG,0.1862,$500.59M,16.88
CASH-VCNT,0.1862,$286.46M,1.25
KITE-XPL,0.1862,$452.59M,0.92
DEXE-XEC,0.1858,$393.54M,13.83
META-TRUMP,0.1858,$452.80M,1.67
USDTB-STRK,0.1856,$544.73M,-1.22
OHM-FRAX,0.1856,$495.87M,-0.24
AWE-STRCX,0.1856,$246.62M,0.42
MON-A7A5,0.1856,$726.40M,-3.47
AXS-CHEEMS,0.1855,$244.01M,-3.9
FDUSD-SAND,0.1855,$471.29M,-4.4
AVUSD-BORG,0.1854,$254.25M,-3.9
Q-ZAMA,0.1854,$357.76M,7.26
ZAMA-USDF,0.1854,$249.65M,8.89
KMNO-FRXUSD,0.1853,$207.94M,3.12
INJ-REAL,0.185,$708.29M,-5.89
AVUSD-GEOD,0.185,$210.32M,3.75
GNO-APYUSD,0.1848,$440.77M,1.59
TIBBIR-ACRED,0.1848,$221.53M,2.39
XPIN-BSV,0.1848,$403.39M,-1.37
GPS-KITE,0.1847,$328.01M,2.6
GALA-SHFL,0.1847,$210.01M,-7.97
BTT-SHFL,0.1847,$380.87M,-4.7
BTW-APYUSD,0.1845,$392.93M,0.25
UB-A7A5,0.1845,$839.04M,5.08
OUSG-SOON,0.1845,$470.26M,33.91
SEI-USDTB,0.1845,$642.08M,-3.1
CASH-BAT,0.1844,$225.43M,-5.23
CRVUSD-VET,0.1842,$601.01M,-2.69
ZBT-GEOD,0.1841,$208.29M,4.77
INJ-ZBT,0.184,$573.18M,-4.46
OZO-THBILL,0.184,$243.23M,0.15
USTBL-FRXUSD,0.184,$270.76M,-0.02
ACRED-JTO,0.184,$383.68M,-7.13
XEC-BTSE,0.184,$252.57M,-15.42
ZBT-AERO,0.184,$528.32M,1.35
OHM-KITE,0.1839,$507.81M,-0.23
NEX-SOON,0.1839,$180.34M,29.42
GRX-PRL,0.1838,$208.17M,10.61
AB-ZRO,0.1837,$381.60M,-10.05
CVX-DCR,0.1837,$337.59M,4.99
CAKE-FLUID,0.1837,$533.48M,0.86
ULTIMA-UQC,0.1837,$289.72M,-2.53
USTBL-SOSO,0.1836,$277.43M,11.06
1INCH-KAITO,0.1835,$425.09M,9.69
MWC-GLM,0.1835,$208.60M,1.01
USAT-STX,0.1834,$435.75M,-8.76
EURC-SHORT,0.1834,$547.59M,-2.67
DEXE-NEX,0.1833,$364.41M,18.64
CASH-FLUID,0.1832,$208.30M,0.85
USTBL-UQC,0.1832,$268.86M,-0.04
OHM-FF,0.1832,$468.09M,3.19
TWT-JTO,0.1832,$417.10M,-3.84
UB-FLUID,0.1831,$447.12M,6.25
DAI-KMNO,0.1831,$189.07M,3.15
REUSD-USDZ,0.1831,$294.82M,-0.16
KITE-FRAX,0.1831,$452.07M,0.51
SNX-PYTH,0.183,$443.80M,-7.48
STAC-FRAX,0.1829,$322.71M,0.28
1INCH-FF,0.1829,$308.10M,2.16
EARNETH-GEOD,0.1829,$241.29M,4.4
TWT-SHORT,0.1829,$246.02M,0.48
KAU-KMNO,0.1828,$406.33M,2.8
CVX-USAT,0.1828,$320.04M,6.99
GNO-FF,0.1828,$474.93M,3.34
APR-A,0.1827,$298.68M,-1.19
LDO-SNX,0.1827,$425.63M,-5.38
KAITO-FLOKI,0.1827,$507.78M,9.72
UQC-ZANO,0.1827,$239.18M,-3.81
STAC-AXS,0.1826,$246.33M,-4.1
GPS-IOTA,0.1826,$243.58M,-1.34
REUSD-SHFL,0.1826,$288.83M,-3.33
CASH-DCR,0.1824,$324.80M,-2.07
COCO-GLIDR,0.1824,$285.60M,-4.8
CAKE-TIBBIR,0.1823,$553.68M,2.46
SNX-BTSE,0.1823,$255.55M,-8.18
EDGE-USDAT,0.1822,$275.77M,-2.4
2Z-A,0.1821,$304.63M,-4.97
ZBCN-BTSE,0.182,$310.38M,-10.07
TIBBIR-TEL,0.182,$280.80M,1.06
DASH-REUSD,0.182,$564.87M,-2.78
EURCV-USDZ,0.182,$276.83M,-0.13
USDTB-APEPE,0.1819,$556.88M,0.33
META-XPIN,0.1819,$240.31M,5.21
GALA-SOON,0.1819,$178.62M,29.29
STAC-TAG,0.1818,$247.71M,16.96
FDUSD-ACRED,0.1818,$461.14M,-0.1
ACRED-GEOD,0.1818,$209.39M,3.62
FARTCOIN-SUN,0.1818,$465.30M,-0.93
GNO-USAT,0.1817,$467.87M,-0.39
SPCXB-APYUSD,0.1817,$243.66M,1.42
GRX-ZAMA,0.1816,$261.91M,8.78
STRCX-AKE,0.1816,$236.32M,33.25
CHZ-BSV,0.1816,$402.63M,-5.21
APEPE-JTO,0.1815,$470.00M,-6.68
VSN-ACRED,0.1814,$265.93M,0.59
LDO-Q,0.1814,$523.15M,-4.99
BTSE-MON,0.1814,$381.31M,-9.3
TIA-COCO,0.1813,$490.71M,-6.71
DAI-SAND,0.1812,$216.24M,-4.37
UUSD-ETHFI,0.1812,$499.68M,-4.47
AVUSD-PRL,0.1812,$200.05M,10.78
DEXE-AKT,0.1811,$402.47M,15.41
TWT-GPS,0.181,$244.48M,5.56
GRX-USDA,0.1809,$220.28M,-0.32
FDUSD-UUSD,0.1809,$445.88M,-0.09
EIGEN-MX,0.1809,$291.18M,-7.24
JTO-SPCXB,0.1808,$354.17M,-7.57
PRL-TRUMP,0.1808,$441.46M,7.89
OUSG-BAT,0.1807,$483.66M,-5.19
TEL-CHZ,0.1807,$318.45M,-4.52
RLB-USAT,0.1806,$289.50M,2.06
LDO-AB,0.1806,$400.04M,-14.84
KOGE-THBILL,0.1806,$332.08M,-0.13
FRAX-USDF,0.1806,$331.90M,0.25
VSN-GEOD,0.1805,$245.24M,4.35
RAIL-VET,0.1805,$478.80M,-6.72
NXM-COCO,0.1804,$271.09M,-2.77
APYUSD-GUSD,0.1804,$307.63M,1.97
DAI-2Z,0.1803,$293.39M,-2.59
COCO-NEO,0.1803,$318.00M,-7.19
AIAT-AR,0.1803,$234.03M,-0.47
CASH-JTO,0.1802,$390.65M,-7.08
SYRUP-CRCLON,0.1802,$300.10M,-2.21
GRX-IOTA,0.18,$271.67M,-3.8
SHORT-THBILL,0.1799,$215.49M,-2.6
BC-OZO,0.1798,$344.87M,4.97
ZK-TRUMP,0.1798,$441.74M,-8.22
FARTCOIN-XPL,0.1798,$343.60M,1.2
LDO-US,0.1797,$722.16M,-7.19
ZBCN-ONYC,0.1797,$423.48M,-3.87
CAKE-RAIL,0.1797,$537.04M,-4.12
BTW-USDF,0.1796,$346.64M,-1.69
DEXE-VIRTUAL,0.1796,$643.65M,18.94
CASH-NEO,0.1796,$255.79M,-3.91
CARDS-PENDLE,0.1795,$519.52M,1.06
KAG-ZBT,0.1794,$327.64M,1.09
VCNT-XPL,0.1794,$385.03M,1.92
ZK-ZANO,0.1793,$215.51M,-9.13
RLB-CHZ,0.1792,$248.41M,-1.02
MX-THBILL,0.1792,$268.52M,-0.67
COCO-ONYC,0.1791,$430.43M,-3.24
DASH-SHFL,0.1791,$518.83M,-6.19
BC-MON,0.1789,$467.76M,1.8
APXUSD-A,0.1789,$397.35M,-0.56
PIEVERSE-BTSE,0.1789,$315.19M,-6.38
DYDX-FRXUSD,0.1788,$207.79M,-3.57
CRVUSD-NFT,0.1788,$476.57M,-0.01
CRCLON-SFP,0.1788,$195.58M,-1.67
COCO-PENDLE,0.1787,$434.87M,-6.95
SPCXB-TAG,0.1787,$230.60M,16.42
KAG-SOON,0.1785,$303.70M,33.89
GLM-AWE,0.1783,$200.58M,-3.97
FLOKI-SOON,0.1783,$288.52M,32.39
USDAT-EURC,0.1782,$589.84M,0.05
FLOKI-AERO,0.1782,$612.88M,-1.23
NFT-COMP,0.1782,$423.85M,-4.35
NXM-KITE,0.178,$318.87M,0.8
AB-USTBL,0.178,$257.69M,-11.47
USAT-JASMY,0.178,$396.82M,-1.0
APEPE-GRX,0.1779,$325.46M,0.26
CHEEMS-TRAC,0.1779,$223.98M,-3.02
SNX-USAT,0.1779,$307.66M,-2.08
NXM-VCNT,0.1778,$251.31M,1.8
EARNETH-VCNT,0.1778,$311.39M,1.97
ZK-CRCLON,0.1778,$177.21M,-4.67
CHEEMS-THETA,0.1778,$226.41M,-2.54
NEX-CRCLON,0.1778,$183.18M,-3.75
CASH-ZRO,0.1777,$406.77M,1.43
DCR-ICNT,0.1777,$304.35M,-9.77
SPCXB-BORG,0.1776,$223.81M,-4.46
IMX-FDUSD,0.1775,$573.42M,-4.6
RLB-CTOC,0.1775,$379.27M,2.27
COCO-SYRUP,0.1774,$391.47M,-6.23
AR-SHFL,0.1774,$237.45M,-5.24
USTBL-TRUMP,0.1773,$518.23M,-2.81
FLOKI-KITE,0.1773,$430.51M,-1.23
MANA-XCN,0.1773,$261.04M,-3.11
USDTB-Q,0.1771,$575.47M,-1.69
APXUSD-SAND,0.1771,$420.24M,-2.53
CTOC-USDF,0.177,$386.84M,0.16
CRVUSD-SNX,0.177,$334.49M,-2.11
NEX-SN64,0.177,$180.32M,-2.94
MWC-WFI,0.1769,$288.38M,-0.55
USDAT-AVUSD,0.1769,$255.78M,0.03
1INCH-EIGEN,0.1768,$256.41M,-7.95
SYRUP-ANTFUN,0.1768,$489.55M,-1.3
GPS-CHZ,0.1767,$240.15M,-0.78
UUSD-USAT,0.1767,$285.01M,-0.1
ZANO-EIGEN,0.1767,$271.75M,-10.18
BAT-USDF,0.1767,$215.25M,-5.22
CHEEMS-CTOC,0.1766,$375.32M,0.4
SN64-APYUSD,0.1766,$248.12M,3.47
CTOC-GRASS,0.1765,$490.87M,-3.72
ENS-ANTFUN,0.1764,$458.38M,0.22
EDGE-GRX,0.1763,$260.07M,-2.49
RLB-CAKE,0.1762,$551.46M,2.1
OHM-STRK,0.176,$465.02M,-1.67
UB-AWE,0.1759,$466.66M,3.92
AB-RAY,0.1759,$259.85M,-14.32
OZO-REUSD,0.1758,$292.73M,0.05
SEI-SPCXB,0.1757,$372.09M,-3.57
ZBCN-AVUSD,0.1756,$293.25M,-3.87
STRK-CRVUSD,0.1756,$401.26M,-1.25
XEC-MANA,0.1756,$250.84M,-9.19
PYTH-FRAX,0.1756,$541.43M,-5.2
NFT-BAT,0.1755,$367.94M,-5.14
A7A5-GUSD,0.1755,$627.71M,-0.27
RLB-JTO,0.1754,$372.91M,-4.96
LDO-RAIL,0.1754,$393.04M,-7.46
EARNETH-PYTH,0.1754,$468.30M,-4.74
SAND-USAT,0.1754,$310.42M,-4.41
WIF-SPCXB,0.1754,$231.88M,0.14
PYTH-MON,0.1754,$569.55M,-8.6
FF-APYUSD,0.1753,$350.41M,5.62
ZANO-REAL,0.1753,$380.22M,-4.1
NFT-BSV,0.1752,$523.01M,-2.01
A7A5-SYRUP,0.1752,$685.45M,-3.24
FF-PEANUT,0.1751,$376.82M,1.73
RLB-AXS,0.175,$247.96M,-2.03
RLB-USDF,0.1749,$216.11M,2.1
GRX-XTZ,0.1749,$349.57M,-5.5
PRL-GRASS,0.1749,$299.94M,6.83
CVX-TRAC,0.1748,$258.48M,3.79
COMP-GUSD,0.1748,$308.83M,-4.39
AKT-A7A5,0.1747,$606.60M,-8.01
BAT-GRASS,0.1747,$319.28M,-9.11
1INCH-BP,0.1746,$230.05M,1.37
KAG-ZAMA,0.1746,$351.50M,8.9
APR-ICNT,0.1745,$297.96M,-6.52
STX-A7A5,0.1743,$728.72M,-9.03
KOGE-Q,0.1743,$434.10M,-1.91
CARDS-AR,0.174,$384.92M,2.83
LDO-THETA,0.1739,$429.29M,-6.12
IOTA-USDAI,0.1739,$305.01M,-3.69
STX-THETA,0.1739,$376.61M,-11.49
VELVET-USAT,0.1738,$351.73M,-7.86
USTBL-A7A5,0.1738,$639.05M,-0.29
JTO-NFT,0.1738,$533.16M,-6.99
APEPE-APYUSD,0.1737,$359.49M,2.31
KAU-TRAC,0.1736,$431.97M,-3.61
GRT-KOGE,0.1734,$375.49M,-3.23
TAG-AKE,0.1734,$240.59M,48.29
MX-REAL,0.1734,$399.65M,-1.16
APR-BTT,0.1733,$455.86M,-0.14
KMNO-PIEVERSE,0.1733,$280.10M,2.92
NEX-RAY,0.1732,$253.33M,-7.29
EARNETH-KAITO,0.1731,$456.21M,11.92
OZO-SNX,0.1731,$247.73M,-2.02
2Z-COCO,0.1731,$386.56M,-5.88
TAG-EURC,0.173,$595.10M,17.0
ZBCN-RAIL,0.1729,$267.12M,-8.04
COCO-APYUSD,0.1729,$342.35M,-1.37
BP-TAG,0.1729,$259.30M,19.82
AWE-GUSD,0.1729,$255.33M,-1.43
MWC-UUSD,0.1728,$213.63M,2.55
APXUSD-EURC,0.1728,$745.09M,1.9
JTO-XPIN,0.1728,$413.53M,-6.35
DRV-MX,0.1727,$253.23M,-7.16
KITE-BTT,0.1727,$491.48M,-1.07
TKX-KOGE,0.1726,$317.59M,0.22
FARTCOIN-FRXUSD,0.1726,$232.93M,0.5
VSN-ONYC,0.1724,$397.10M,0.72
DEXE-VCNT,0.1723,$438.52M,24.37
Q-BONK,0.1723,$484.90M,-5.39
REUSD-MX,0.1722,$318.02M,-0.77
NEX-SHORT,0.1722,$187.88M,-7.2
VSN-XCN,0.1721,$280.55M,-2.54
VSN-PENDLE,0.172,$401.55M,-2.99
APR-TAG,0.1719,$341.46M,18.12
UQC-STX,0.1718,$358.54M,-8.78
WIF-PYTH,0.1718,$467.70M,-4.79
TEL-THETA,0.1718,$300.41M,-4.17
ZBCN-FRXUSD,0.1717,$287.19M,-3.96
AXS-A,0.1717,$245.98M,-6.52
KAG-USDF,0.1717,$325.53M,0.0
CASH-TEL,0.1716,$296.33M,-1.41
COCO-TEL,0.1715,$358.54M,-4.7
CHEEMS-MET,0.1715,$189.73M,1.62
ACRED-KOGE,0.1715,$329.19M,-0.34
AVUSD-EIGEN,0.1715,$256.57M,-6.38
DEXE-COCO,0.1714,$458.30M,19.81
DEXE-FF,0.1714,$466.37M,26.79
DEXE-SN64,0.1714,$364.07M,24.64
FF-BAT,0.1714,$295.70M,-1.53
FRXUSD-GRASS,0.1712,$325.79M,-3.93
COCO-AKE,0.1711,$279.74M,28.06
US-APXUSD,0.171,$714.02M,-2.02
TIBBIR-GLM,0.171,$201.25M,-0.05
ZK-KAITO,0.1709,$393.62M,5.83
SOSO-GRASS,0.1709,$332.46M,7.15
US-MON,0.1708,$667.16M,-7.0
GPS-FRAX,0.1708,$316.08M,2.59
META-SFP,0.1707,$198.15M,2.11
ZBCN-ZRO,0.1705,$462.03M,-2.48
FLUID-NEX,0.1705,$176.62M,-3.6
DEXE-ZANO,0.1703,$405.24M,19.36
US-KAG,0.1703,$632.66M,-3.84
AXS-ZANO,0.1703,$274.85M,-7.88
NEX-Q,0.1703,$310.28M,-6.1
USAT-PEANUT,0.1702,$369.77M,-1.99
BTW-GEOD,0.1701,$329.14M,2.0
A-THBILL,0.1701,$220.22M,-2.24
FLOKI-USAT,0.17,$383.74M,-1.54
UB-USDAI,0.1699,$518.27M,5.38
CRVUSD-FF,0.1699,$404.34M,3.6
OZO-TIBBIR,0.1698,$231.78M,2.47
BSV-XPL,0.1698,$479.08M,-1.43
EDGE-ACRED,0.1697,$251.02M,-2.44
GRT-A7A5,0.1697,$639.55M,-3.26
AB-XCN,0.1697,$226.50M,-14.7
USDA-Q,0.1696,$316.13M,-1.84
VSN-JTO,0.1694,$419.53M,-6.4
SPCXB-FRAX,0.1694,$305.60M,-0.26
DYDX-A,0.1693,$200.15M,-5.92
EDGE-KOGE,0.1692,$350.12M,-2.65
VCNT-SUN,0.1692,$506.73M,-0.2
RLB-AKT,0.1691,$232.67M,-5.6
A-AIAT,0.1691,$220.27M,-0.98
XTZ-BP,0.1689,$339.71M,-2.49
USAT-USDF,0.1689,$297.07M,-0.05
OUSG-SOSO,0.1688,$496.84M,11.06
BC-KOGE,0.1688,$433.72M,4.69
OZO-VIRTUAL,0.1688,$494.87M,-4.16
ZK-SPCXB,0.1688,$169.89M,-5.9
ICNT-ZBT,0.1688,$215.52M,-6.63
AVUSD-TEL,0.1686,$290.29M,-1.34
BONK-XPL,0.1686,$485.53M,-3.09
US-TAG,0.1685,$564.03M,13.08
LDO-VIRTUAL,0.1684,$672.77M,-7.51
NFT-SYRUP,0.1683,$471.77M,-2.85
NFT-PEANUT,0.1683,$449.06M,-1.88
UB-RAIL,0.168,$450.68M,1.27
STRCX-USDF,0.168,$252.63M,1.88
USAT-KITE,0.1679,$417.23M,0.22
PIEVERSE-GEOD,0.1679,$276.43M,3.46
APXUSD-IOTA,0.1676,$442.63M,-1.85
ZANO-JASMY,0.1676,$342.75M,-4.71
ENS-SOSO,0.1676,$292.66M,9.63
GLIDR-CRCLON,0.1676,$194.24M,-0.78
BTW-XTZ,0.1674,$460.27M,-7.07
RLB-AVUSD,0.1674,$220.25M,2.16
ZBCN-NEX,0.1674,$267.60M,-8.39
APXUSD-BSV,0.1674,$553.55M,-0.26
XTZ-XCN,0.1674,$355.13M,-8.58
PYTH-SUN,0.1674,$663.65M,-6.91
GEOD-BTT,0.1673,$353.82M,2.36
LDO-TWT,0.1672,$451.66M,-0.12
ULTIMA-USAT,0.1671,$366.93M,-2.51
AB-BSV,0.167,$355.34M,-13.58
XTZ-MX,0.167,$376.06M,-6.19
RLB-XPIN,0.1669,$249.17M,2.82
OHM-SOON,0.1669,$365.81M,33.39
KAITO-STRK,0.1669,$498.48M,10.04
SAND-GEOD,0.1669,$219.53M,-0.67
UUSD-FARTCOIN,0.1668,$222.80M,0.49
RAIL-SFP,0.1668,$192.58M,-6.5
LDO-WEMIX,0.1666,$403.62M,-10.49
BC-FLOKI,0.1666,$418.08M,3.47
ZBT-JASMY,0.1666,$325.53M,0.12
OUSG-UQC,0.1665,$488.27M,-0.04
APR-GUSD,0.1665,$345.90M,1.23
EDGE-AERO,0.1665,$550.35M,-2.11
META-BP,0.1665,$209.65M,7.39
FLUID-GEOD,0.1665,$180.63M,4.56
CARDS-REAL,0.1665,$517.93M,4.36
AVUSD-VET,0.1665,$504.93M,-2.56
RAY-AERO,0.1665,$577.38M,-2.56
GEOD-THETA,0.1665,$220.44M,0.92
BC-Q,0.1664,$439.52M,3.32
XTZ-ZANO,0.1664,$356.63M,-9.13
MX-CRCLON,0.1663,$243.44M,-0.09
TIBBIR-SHFL,0.1662,$227.88M,-0.91
JASMY-AERO,0.1662,$625.96M,-0.69
LUNC-FF,0.1661,$471.18M,-0.92
INJ-GPS,0.1661,$555.24M,-3.2
DCR-TAG,0.1661,$347.85M,14.88
COCO-KOGE,0.166,$398.37M,-3.57
DYDX-APXUSD,0.1659,$392.92M,-1.7
STRCX-AERO,0.1659,$555.17M,2.15
GRASS-EURCV,0.1659,$365.31M,-3.82
IMX-FRXUSD,0.1658,$337.24M,-4.6
GRT-GEOD,0.1658,$255.69M,0.74
NEX-GRASS,0.1658,$306.20M,-8.36
GNO-BONK,0.1656,$547.59M,-4.1
USDTB-ENS,0.1655,$531.59M,-1.46
APXUSD-REUSD,0.1655,$462.49M,1.87
DASH-KOGE,0.1655,$611.58M,-3.09
LUNC-RAIL,0.1652,$368.74M,-8.71
OUSG-TIA,0.1652,$686.74M,-3.38
WEMIX-TRAC,0.1652,$224.09M,-10.4
NEX-AERO,0.1652,$504.70M,-4.2
TRAC-AR,0.1652,$239.72M,-5.13
DEXE-USDZ,0.1651,$401.47M,22.91
UUSD-SOON,0.1651,$189.80M,33.83
TWT-ANTFUN,0.165,$430.77M,4.85
STRK-AERO,0.165,$603.58M,-0.91
VCNT-CHZ,0.165,$308.58M,-1.86
DEXE-REAL,0.1649,$523.14M,22.75
COCO-USDAI,0.1648,$341.66M,-3.31
ICNT-FDUSD,0.1648,$447.67M,-7.75
OZO-A,0.1647,$227.59M,-2.38
USDAT-UQC,0.1647,$247.82M,-0.09
GLM-TEL,0.1647,$269.08M,-3.91
CASH-TRAC,0.1646,$245.68M,-3.27
FLUID-AWE,0.1644,$192.11M,-0.59
GEOD-FRXUSD,0.1644,$204.27M,3.65
EARNETH-SOSO,0.1643,$263.53M,11.74
US-ZAMA,0.1642,$556.78M,5.05
META-TEL,0.1642,$269.73M,3.1
GPS-XPL,0.1642,$316.60M,3.0
CARDS-FRAX,0.1641,$488.93M,4.96
FARTCOIN-NFT,0.164,$387.53M,0.61
SHORT-CHZ,0.164,$241.69M,-5.86
ANTFUN-USDF,0.164,$394.15M,1.62
OUSG-GNO,0.1639,$662.89M,-0.32
TIBBIR-AIAT,0.1639,$224.46M,3.87
VIRTUAL-USDAI,0.1636,$527.01M,-4.18
TRAC-XPIN,0.1636,$268.56M,-2.54
MWC-APXUSD,0.1635,$408.90M,4.4
IMX-DEXE,0.1632,$501.40M,18.54
TIBBIR-USDA,0.1632,$202.66M,2.26
CTOC-ZAMA,0.1632,$412.81M,9.06
TAG-ZBT,0.1632,$259.01M,18.01
COCO-VCNT,0.1631,$348.66M,-2.04
AVUSD-SOSO,0.1631,$232.57M,11.09
IMX-MX,0.163,$377.91M,-5.38
OUSG-THBILL,0.163,$498.18M,0.17
EDGE-SOSO,0.163,$252.56M,8.67
AB-KOGE,0.163,$310.99M,-11.77
KOGE-FET,0.163,$520.07M,-5.39
GRX-TAG,0.1629,$269.17M,16.81
TRAC-USDAI,0.1629,$281.10M,-3.26
STAC-GEOD,0.1628,$196.99M,3.73
US-CRCLON,0.1628,$511.82M,-3.13
ZBCN-KMNO,0.1626,$275.29M,-0.77
USDAT-GEOD,0.1626,$234.15M,3.67
LUNC-USDF,0.1625,$390.74M,-4.6
STRK-MON,0.1625,$437.41M,-4.33
ZRO-STRK,0.1624,$473.97M,0.27
EARNETH-AIAT,0.1622,$264.92M,2.11
US-JTO,0.1622,$687.60M,-10.91
REUSD-STRCX,0.1622,$308.23M,1.92
LDO-ICNT,0.1621,$404.77M,-11.06
VSN-XEC,0.162,$270.35M,-8.62
SNX-XEC,0.162,$241.89M,-11.31
SPCXB-SN64,0.1619,$175.53M,1.02
SYRUP-ZAMA,0.1619,$345.06M,5.97
1INCH-CHEEMS,0.1618,$216.13M,-1.29
1INCH-SOON,0.1618,$205.83M,32.36
USDAT-USDA,0.1618,$235.98M,-0.23
CTOC-ANTFUN,0.1618,$557.31M,1.79
SPX-VCNT,0.1617,$466.52M,-1.58
NEX-ETHFI,0.1616,$490.22M,-8.88
CRCLON-SUN,0.1616,$435.14M,-0.75
STRCX-MX,0.1615,$291.38M,1.07
VIRTUAL-XEC,0.1614,$489.03M,-13.45
NXM-DEXE,0.1613,$360.95M,23.64
VSN-FDUSD,0.1612,$496.99M,0.63
NFT-SN64,0.1611,$354.51M,1.6
EARNETH-FDUSD,0.1609,$493.04M,0.67
ZK-VCNT,0.1609,$248.80M,-4.12
KMNO-ENS,0.1609,$274.09M,1.74
FDUSD-FRAX,0.1609,$566.16M,0.21
KAU-USDZ,0.1608,$435.70M,-0.56
USDTB-IOTA,0.1608,$503.10M,-3.72
DRV-TEL,0.1607,$276.96M,-7.75
GRT-REUSD,0.1607,$328.78M,-2.91
DCR-USAT,0.1607,$388.01M,-2.1
CARDS-MANA,0.1607,$400.25M,4.8
APR-ZANO,0.1605,$327.55M,-2.55
AB-STX,0.1605,$347.36M,-20.21
META-USDA,0.1605,$191.59M,4.3
KITE-REAL,0.1605,$481.06M,-0.09
APR-XTZ,0.1604,$421.86M,-4.18
MWC-AB,0.1604,$210.68M,-9.01
STRK-KOGE,0.1603,$403.36M,-1.45
EARNETH-KOGE,0.1602,$361.09M,0.43
AKT-AERO,0.1602,$542.77M,-7.44
DCR-SHFL,0.1602,$324.18M,-5.42
LDO-TRAC,0.1601,$426.86M,-6.6
FLUID-AR,0.1601,$202.34M,-1.01
Q-TRUMP,0.1601,$577.34M,-4.47
ANTFUN-USDAI,0.1601,$439.75M,1.62
AB-CAKE,0.16,$544.03M,-11.5
CARDS-A,0.16,$371.16M,2.32
AVUSD-APYUSD,0.16,$274.10M,1.99
DRV-KITE,0.1599,$334.65M,-6.09
META-CRVUSD,0.1599,$307.46M,4.42
ULTIMA-UUSD,0.1599,$281.49M,-2.52
CVX-USDF,0.1597,$246.65M,7.04
LUNC-TRUMP,0.1596,$636.29M,-7.44
SEI-A7A5,0.1596,$764.76M,-3.36
COMP-AKE,0.1596,$254.85M,26.94
SPX-PYTH,0.1595,$623.44M,-8.29
LDO-ZK,0.1595,$387.55M,-8.73
LDO-FLOKI,0.1595,$501.71M,-4.84
GRX-UQC,0.1595,$232.12M,-0.18
TIA-ONYC,0.1594,$552.70M,-3.35
USDAT-UUSD,0.1594,$239.59M,-0.08
TAG-ANTFUN,0.1594,$427.37M,18.56
NXM-DAI,0.1593,$177.92M,0.53
CASH-ANTFUN,0.1593,$404.33M,1.61
RAIL-SYRUP,0.1593,$297.09M,-7.04
TRAC-BAT,0.1593,$227.08M,-8.47
GLIDR-FRAX,0.1593,$321.45M,-1.25
USDTB-KMNO,0.1592,$453.54M,3.11
FDUSD-USDF,0.1592,$457.94M,-0.04
OUSG-VCNT,0.1591,$544.69M,1.29
US-USAT,0.1591,$604.19M,-3.89
CHEEMS-ICNT,0.1591,$201.89M,-7.48
EDGE-APYUSD,0.1589,$294.10M,-0.44
GRASS-ZAMA,0.1589,$353.68M,5.0
OUSG-DASH,0.1588,$777.68M,-2.8
TKX-ANTFUN,0.1588,$385.75M,2.12
ICNT-GLIDR,0.1587,$202.95M,-9.21
TEL-FRAX,0.1586,$394.38M,-1.15
EDGE-UUSD,0.1584,$235.76M,-2.43
EDGE-DEXE,0.1583,$410.05M,20.73
USTBL-A,0.1583,$263.13M,-2.37
IOTA-KITE,0.1583,$379.58M,-3.41
USAT-BTSE,0.1581,$318.34M,-6.19
1INCH-BC,0.158,$335.39M,3.43
USDA-RAIL,0.158,$186.02M,-4.31
KAU-USDF,0.1579,$420.15M,-0.36
META-ICNT,0.1579,$196.99M,-3.21
BTT-SOSO,0.1579,$376.06M,9.71
USDF-XPL,0.1579,$332.43M,0.66
DYDX-CRVUSD,0.1578,$309.92M,-3.61
FLOKI-NFT,0.1578,$463.03M,-1.42
USTBL-VCNT,0.1577,$325.29M,1.29
RAIL-USDF,0.1577,$201.68M,-4.11
GRASS-THBILL,0.1577,$333.80M,-3.75
VIRTUAL-ONYC,0.1575,$615.77M,-4.11
DAI-VELVET,0.1573,$257.55M,-7.82
UUSD-SN64,0.1573,$189.78M,1.48
JTO-PYTH,0.1573,$590.00M,-12.51
GRX-AVUSD,0.1572,$240.07M,-0.06
AVUSD-CHZ,0.1572,$260.12M,-3.07
JTO-EURC,0.157,$718.67M,-6.99
GRASS-AKE,0.157,$311.39M,27.47
RLB-USDTB,0.1569,$459.79M,2.06
USDAT-AKE,0.1568,$235.32M,31.34
KITE-RAY,0.1568,$395.01M,-2.57
VSN-BONK,0.1567,$415.84M,-3.09
MON-WFI,0.1567,$422.74M,-6.03
EDGE-JTO,0.1566,$404.61M,-9.44
DCR-XEC,0.1566,$322.23M,-11.33
GPS-STX,0.1565,$346.53M,-6.38
XTZ-NFT,0.1565,$490.00M,-5.31
NFT-A,0.1565,$366.81M,-2.32
KAITO-THETA,0.1564,$435.36M,8.44
ZANO-APYUSD,0.1561,$289.29M,-1.81
TEL-SN64,0.156,$264.31M,0.13
BSV-USDF,0.156,$370.33M,-2.09
ZANO-GOMINING,0.1559,$246.72M,-4.31
WEMIX-USDF,0.1558,$212.26M,-7.15
FF-BORG,0.1558,$330.56M,-0.27
ZANO-TEL,0.1558,$305.48M,-5.15
ZBCN-REUSD,0.1557,$344.71M,-3.89
XCN-USDF,0.1557,$241.50M,-3.2
APR-COCO,0.1556,$380.61M,-2.11
XTZ-STRK,0.1555,$414.68M,-6.55
2Z-ONYC,0.1554,$448.54M,-2.52
VSN-ICNT,0.1553,$252.47M,-7.05
EDGE-CRCLON,0.1553,$228.83M,-1.66
UUSD-GEOD,0.1553,$194.13M,3.64
DEXE-BTT,0.1552,$533.55M,21.77
ULTIMA-A7A5,0.155,$659.90M,-2.78
A7A5-XCN,0.155,$607.86M,-3.51
KMNO-WEMIX,0.1549,$198.44M,-3.99
FARTCOIN-GUSD,0.1549,$272.52M,0.58
DEXE-US,0.1548,$693.05M,19.26
STAC-KAU,0.1547,$410.95M,-0.32
OZO-CVX,0.1547,$260.11M,7.05
APXUSD-FF,0.1546,$487.34M,5.51
OZO-CARDS,0.1545,$394.16M,4.72
FLUID-SN64,0.1544,$176.28M,2.4
CVX-FF,0.1543,$327.10M,10.72
KAITO-UQC,0.1542,$417.29M,11.15
AB-ZAMA,0.154,$234.66M,-2.6
FF-A,0.154,$294.57M,1.29
KOGE-PEANUT,0.1539,$398.69M,-2.22
ZRO-A,0.1538,$387.04M,-0.94
GALA-ZAMA,0.1538,$226.43M,4.3
UB-UUSD,0.1537,$460.62M,5.33
FDUSD-ZBT,0.1537,$460.04M,1.04
OHM-SFP,0.1536,$378.54M,-2.88
GALA-FRXUSD,0.1536,$198.54M,-4.64
US-ENS,0.1535,$595.04M,-5.26
APXUSD-GUSD,0.1535,$444.56M,1.87
FRXUSD-WFI,0.1535,$284.47M,-2.91
PENDLE-GUSD,0.1534,$400.16M,-3.62
DAI-DRV,0.1533,$193.69M,-6.36
GLM-ZAMA,0.1533,$232.57M,6.38
UQC-BTT,0.1532,$367.49M,-1.4
RAIL-USDZ,0.1532,$217.23M,-4.31
FLUID-SHFL,0.1531,$207.69M,-2.5
ZBCN-WFI,0.1529,$351.82M,-6.8
REAL-WFI,0.1529,$423.60M,-3.23
APR-TRAC,0.1528,$320.06M,-2.06
OZO-XPL,0.1528,$345.88M,0.67
PENGU-USDAI,0.1528,$529.16M,-1.37
XEC-ZAMA,0.1528,$257.27M,-0.38
AKT-BONK,0.1527,$393.34M,-11.45
ZBT-PYTH,0.1527,$435.31M,-4.36
MX-COMP,0.1527,$309.91M,-5.24
DAI-BP,0.1526,$205.29M,2.89
WEMIX-SOSO,0.1526,$217.01M,3.89
GOMINING-A,0.1526,$217.85M,-2.95
ICNT-AKE,0.1525,$197.09M,23.65
ENS-SHFL,0.1525,$297.47M,-4.78
ZBT-SUN,0.1525,$456.24M,-0.39
TRAC-PIEVERSE,0.1524,$305.75M,-3.49
A-WFI,0.1524,$276.83M,-5.26
SUN-ZAMA,0.1524,$480.10M,7.43
STAC-APEPE,0.1522,$304.00M,0.41
USDTB-SYRUP,0.1522,$562.77M,-2.97
CHEEMS-THBILL,0.1522,$218.25M,0.38
AWE-KITE,0.1522,$337.82M,-1.2
APXUSD-PENGU,0.1521,$666.77M,0.47
GRT-USDF,0.152,$273.18M,-2.96
ZK-KOGE,0.152,$298.50M,-5.66
VCNT-BORG,0.152,$302.71M,-2.69
VET-FRXUSD,0.152,$498.88M,-2.65
DYDX-AB,0.1519,$194.71M,-15.03
KMNO-BTT,0.1519,$357.49M,1.82
GALA-USDAI,0.1518,$246.05M,-4.61
GEOD-PEANUT,0.1517,$278.88M,1.74
DAI-GRT,0.1516,$252.39M,-2.96
GRX-BP,0.1516,$238.33M,2.78
KMNO-STRK,0.1515,$287.23M,1.98
ZBT-WFI,0.1515,$288.49M,-1.79
META-GPS,0.1514,$191.42M,6.84
VET-SOSO,0.1514,$505.55M,8.43
CAKE-VCNT,0.1513,$611.64M,1.26
1INCH-TRUMP,0.1512,$473.21M,-4.36
BC-AIAT,0.1512,$337.55M,6.37
BC-WFI,0.1511,$394.11M,2.09
KAU-AB,0.151,$405.15M,-11.85
META-MANA,0.151,$226.80M,4.59
MX-XCN,0.151,$280.25M,-4.01
A7A5-FET,0.1509,$784.12M,-5.43
GRASS-JASMY,0.1509,$427.46M,-4.85
ICNT-SHFL,0.1508,$222.97M,-11.08
CARDS-ENS,0.1508,$444.94M,3.3
NEX-MON,0.1508,$338.52M,-7.62
SHFL-USDF,0.1508,$233.24M,-3.37
COCO-SOSO,0.1507,$300.81M,7.74
BTW-FF,0.1506,$427.08M,1.99
GLM-JASMY,0.1506,$306.35M,-3.47
REUSD-ENS,0.1506,$343.50M,-1.37
STAC-KAG,0.1505,$316.34M,0.04
MWC-TRUMP,0.1505,$471.23M,-0.41
CASH-KMNO,0.1505,$220.04M,3.14
AVUSD-PIEVERSE,0.1505,$298.06M,-0.18
OUSG-FLUID,0.1504,$466.54M,0.89
BORG-XEC,0.1504,$257.73M,-13.23
DRV-ZRO,0.1503,$387.40M,-4.91
UUSD-Q,0.1503,$319.74M,-1.69
OUSG-CASH,0.1502,$502.27M,0.01
DYDX-GRX,0.1502,$221.96M,-3.65
APXUSD-ENS,0.1502,$471.13M,0.42
TAG-MX,0.1501,$295.66M,16.12
CARDS-ZANO,0.15,$400.03M,0.96
SOON-GEOD,0.15,$184.36M,37.58
EDGE-FLUID,0.1499,$222.26M,-1.51
TIBBIR-APYUSD,0.1499,$264.61M,4.4
GPS-BP,0.1499,$210.24M,5.23
KMNO-CARDS,0.1499,$366.89M,7.86
SOON-WIF,0.1498,$236.35M,34.54
KAU-CASH,0.1497,$430.32M,-0.37
GPS-SYRUP,0.1497,$303.26M,-0.59
SPX-NFT,0.1496,$566.60M,-2.77
GRT-ACRED,0.1496,$276.39M,-3.02
APXUSD-SNX,0.1496,$417.49M,-0.2
UUSD-EURC,0.1496,$549.82M,0.02
UB-OUSG,0.1495,$741.09M,5.41
DRV-AERO,0.1495,$517.02M,-6.09
BC-FRXUSD,0.1495,$329.49M,4.92
AKT-NFT,0.1494,$392.92M,-7.63
GRX-THBILL,0.1493,$242.03M,0.03
XTZ-ANTFUN,0.1493,$507.78M,-3.75
SNX-BONK,0.1493,$387.38M,-5.78
VSN-USDF,0.1492,$262.73M,0.66
USAT-NEX,0.1491,$275.56M,-4.51
PENGU-ZBT,0.1491,$485.66M,-0.28
KMNO-TAG,0.149,$243.09M,20.08
ENS-GOMINING,0.149,$291.63M,-1.97
GRT-USDAI,0.1489,$318.78M,-2.96
USAT-BORG,0.1489,$323.50M,-4.0
GALA-TRAC,0.1488,$212.28M,-7.85
LDO-NEX,0.1487,$393.53M,-7.81
USDA-AERO,0.1487,$510.55M,0.06
CVX-AIAT,0.1486,$252.79M,8.45
FF-XPIN,0.1486,$337.18M,4.4
APYUSD-ONYC,0.1486,$404.33M,1.99
BSV-ANTFUN,0.1486,$540.80M,-0.46
META-MX,0.1484,$246.00M,3.69
ZANO-STX,0.1484,$381.68M,-12.47
XEC-PRL,0.1483,$203.53M,1.44
IMX-KAITO,0.1482,$536.59M,6.65
ZANO-CHZ,0.1482,$275.30M,-6.87
BTW-WFI,0.1481,$409.34M,-4.56
STRK-TRUMP,0.1481,$546.60M,-4.01
AKT-USDAT,0.148,$268.19M,-7.73
PYTH-VET,0.148,$710.32M,-8.05
CVX-STRCX,0.1479,$275.61M,8.92
SPX-APYUSD,0.1478,$460.20M,-0.9
TRAC-BSV,0.1478,$382.16M,-5.34
PIEVERSE-ONYC,0.1478,$428.29M,-0.17
JASMY-TRUMP,0.1478,$568.98M,-3.79
GRX-FDUSD,0.1477,$470.19M,-0.15
GRX-CHZ,0.1477,$268.24M,-3.24
KOGE-REAL,0.1477,$463.21M,-0.63
TKX-ZANO,0.1476,$234.60M,-3.25
BP-ZANO,0.1476,$245.40M,-0.86
LDO-FRAX,0.1475,$523.26M,-3.1
COCO-STX,0.1475,$434.74M,-12.02
VCNT-ANTFUN,0.1475,$446.75M,2.89
AB-GLIDR,0.1474,$198.23M,-12.99
DAI-AWE,0.1473,$196.87M,-1.47
DYDX-APYUSD,0.1471,$255.99M,-1.59
BTT-AERO,0.1471,$673.85M,-1.07
GALA-A,0.1469,$190.90M,-6.99
1INCH-ZANO,0.1468,$246.98M,-5.27
BC-MET,0.1468,$308.99M,6.34
META-AERO,0.1466,$509.79M,4.77
ZK-TEL,0.1465,$258.67M,-6.78
KAITO-GLIDR,0.1465,$410.65M,9.72
FLOKI-KOGE,0.1465,$412.66M,-1.76
CHEEMS-AVUSD,0.1464,$216.29M,0.29
KOGE-GLIDR,0.1464,$315.53M,-1.77
RLB-XPL,0.1463,$324.86M,2.76
GPS-SHFL,0.1463,$217.41M,-1.03
UUSD-XPIN,0.1463,$244.68M,0.66
USDA-XEC,0.1463,$215.63M,-9.48
AVUSD-GALA,0.1463,$204.59M,-4.54
ZBCN-KAITO,0.1462,$486.54M,7.29
ICNT-ETHFI,0.1461,$501.46M,-12.13
CRVUSD-KITE,0.1461,$444.05M,0.18
EIGEN-SOSO,0.1461,$257.18M,4.61
MWC-ZANO,0.146,$245.00M,-1.0
FARTCOIN-SHFL,0.146,$244.41M,-2.83
KITE-MANA,0.146,$363.39M,0.35
USDTB-USDAI,0.1459,$512.96M,-0.06
OZO-GPS,0.1459,$221.31M,2.35
DAI-PENGU,0.1458,$462.77M,-1.37
CASH-BP,0.1457,$236.25M,2.88
AKT-ZANO,0.1457,$259.55M,-11.45
IOTA-SPCXB,0.1457,$233.11M,-4.19
TRAC-SN64,0.1456,$213.66M,-1.72
FARTCOIN-SOSO,0.1455,$239.60M,11.58
OHM-GNO,0.1454,$558.45M,-0.84
VCNT-BTT,0.1452,$423.92M,-0.07
AR-GUSD,0.1452,$265.56M,-1.84
UQC-BAT,0.1451,$211.43M,-5.28
DEXE-GUSD,0.1449,$423.59M,23.14
CVX-BTSE,0.1449,$267.93M,0.9
TEL-ZBT,0.1449,$288.26M,-0.32
DRV-DEXE,0.1448,$376.72M,16.76
VIRTUAL-WFI,0.1448,$544.11M,-7.04
UUSD-AERO,0.1448,$514.16M,0.21
REAL-USDAI,0.1448,$406.50M,-0.36
CRVUSD-ZAMA,0.1447,$349.86M,8.82
PENGU-RAIL,0.1447,$461.56M,-5.47
WEMIX-AERO,0.1446,$514.80M,-6.88
TEL-APYUSD,0.1446,$332.44M,0.54
GOMINING-SOSO,0.1446,$232.15M,10.48
SHORT-BAT,0.1446,$200.97M,-7.96
APR-ZBCN,0.1445,$373.66M,-2.73
DYDX-USDAT,0.1444,$237.67M,-3.56
APR-USDAI,0.1444,$353.83M,1.19
ZBCN-USDF,0.1444,$289.11M,-3.93
GRX-SHORT,0.1444,$221.65M,-2.86
APXUSD-AVUSD,0.1444,$411.03M,1.88
BP-PYTH,0.1444,$435.60M,-2.55
TKX-AWE,0.1443,$209.26M,-0.97
DCR-XTZ,0.1443,$428.25M,-7.43
KAU-BP,0.1442,$422.54M,2.54
CAKE-A7A5,0.1441,$925.40M,-0.31
VCNT-VET,0.1441,$553.40M,-1.34
FF-KOGE,0.1441,$406.43M,3.41
ZBT-THETA,0.144,$240.04M,-1.69
VSN-AVUSD,0.1439,$266.87M,0.72
OHM-TIBBIR,0.1439,$382.29M,1.97
SUN-SHFL,0.1439,$463.69M,-4.84
NXM-KOGE,0.1438,$301.02M,0.26
1INCH-PEANUT,0.1438,$300.35M,-3.47
1INCH-ANTFUN,0.1438,$398.12M,0.1
DYDX-OHM,0.1438,$373.67M,-4.02
KAU-FF,0.1438,$500.59M,3.33
1INCH-GPS,0.1437,$211.83M,0.81
APR-SYRUP,0.1437,$403.64M,-1.73
DYDX-GRASS,0.1436,$313.73M,-7.42
OUSG-SEI,0.1435,$666.80M,-3.03
UQC-CRVUSD,0.1435,$320.07M,-0.14
UUSD-GALA,0.1435,$188.40M,-4.65
AVUSD-BAT,0.1435,$219.39M,-5.16
BTW-TRAC,0.1434,$358.46M,-4.94
APR-TIBBIR,0.1434,$302.88M,3.66
TKX-VCNT,0.1433,$267.89M,1.76
KAG-BONK,0.1432,$478.64M,-3.74
NXM-CARDS,0.1431,$355.74M,5.24
TEL-SFP,0.1431,$277.05M,-3.78
DRV-KOGE,0.143,$316.79M,-6.62
OUSG-STX,0.1426,$630.77M,-8.69
TIA-APYUSD,0.1426,$464.62M,-1.47
UUSD-SAND,0.1426,$224.97M,-4.41
BC-ZK,0.1425,$303.92M,-0.43
ZANO-USDAI,0.1425,$288.60M,-3.76
DAI-INJ,0.1423,$550.29M,-5.55
1INCH-CAKE,0.1423,$563.01M,-1.53
US-TRUMP,0.1421,$776.36M,-6.68
USDTB-SNX,0.1419,$477.96M,-2.08
ZK-XEC,0.1419,$203.81M,-14.67
WEMIX-KOGE,0.1419,$314.57M,-7.42
CHEEMS-COMP,0.1418,$259.64M,-4.19
KOGE-GUSD,0.1418,$363.65M,-0.24
SPX-WFI,0.1417,$476.62M,-5.71
AXS-SOSO,0.1417,$260.28M,6.9
UUSD-PENDLE,0.1416,$350.44M,-3.71
FARTCOIN-SPCXB,0.1416,$208.55M,0.03
PRL-AERO,0.1416,$498.44M,10.99
LUNC-SOON,0.1415,$368.91M,29.28
VIRTUAL-KOGE,0.1415,$583.72M,-4.44
KMNO-AERO,0.1415,$512.39M,3.42
USDA-SPCXB,0.1415,$181.71M,-0.71
IOTA-APYUSD,0.1415,$305.70M,-1.74
CASH-ACRED,0.1414,$237.06M,-0.08
XTZ-USDZ,0.1414,$352.86M,-5.58
RLB-THBILL,0.1413,$222.21M,2.25
REUSD-AR,0.1413,$283.49M,-1.83
DCR-TRUMP,0.1412,$560.17M,-4.89
KAITO-RAY,0.1412,$472.28M,8.38
VCNT-DASH,0.1411,$561.88M,-1.55
APYUSD-BSV,0.1411,$416.62M,-0.15
LDO-GNO,0.141,$585.84M,-3.69
MX-GRASS,0.141,$366.46M,-4.7
DRV-KAITO,0.1409,$411.91M,4.86
FLOKI-CRCLON,0.1409,$291.36M,-0.77
AVUSD-SHFL,0.1409,$237.38M,-3.31
DRV-ZBT,0.1408,$216.59M,-5.27
UB-GLM,0.1406,$455.60M,2.87
OZO-FF,0.1406,$317.58M,3.69
ZK-COCO,0.1406,$268.57M,-8.69
FLUID-MANA,0.1406,$217.67M,0.96
SPCXB-KITE,0.1405,$317.54M,-0.25
GALA-ANTFUN,0.1404,$370.92M,-2.97
EIGEN-WFI,0.1404,$315.14M,-9.3
XTZ-USAT,0.1403,$410.70M,-5.43
TEL-RAIL,0.1403,$264.16M,-5.51
META-AWE,0.1402,$201.24M,3.04
AWE-USDF,0.1402,$217.66M,-1.46
CASH-CHZ,0.1401,$266.16M,-3.14
GLM-AR,0.1401,$210.82M,-4.39
DASH-GEOD,0.1401,$491.78M,0.87
PRL-ANTFUN,0.1401,$366.38M,12.35
BTW-ZAMA,0.1399,$372.61M,7.21
KAG-MX,0.1399,$364.28M,-0.8
2Z-FF,0.1397,$394.62M,1.1
WIF-USDF,0.1397,$258.18M,0.65
REAL-TRUMP,0.1397,$606.45M,-3.19
CASH-XPL,0.1396,$342.60M,0.64
STRK-FRXUSD,0.1395,$299.13M,-1.21
USDTB-ZANO,0.1394,$486.68M,-3.79
NXM-SOSO,0.1393,$203.46M,11.57
1INCH-SEI,0.1393,$402.37M,-4.58
FLUID-EIGEN,0.1393,$226.88M,-5.56
GLM-SNX,0.1393,$217.20M,-4.55
VELVET-A7A5,0.139,$644.71M,-8.12
OHM-IOTA,0.139,$423.38M,-4.17
VCNT-GUSD,0.139,$313.95M,1.3
SAND-SOON,0.1389,$215.20M,29.52
FDUSD-WEMIX,0.1388,$446.52M,-7.18
MANA-BONK,0.1388,$396.33M,-3.66
OHM-GEOD,0.1386,$370.15M,3.2
CAKE-FRXUSD,0.1386,$557.11M,-0.04
GRX-VCNT,0.1385,$288.54M,1.15
ZK-ZAMA,0.1385,$222.16M,3.51
TRAC-MANA,0.1384,$255.05M,-3.16
XEC-WFI,0.1383,$294.00M,-12.15
1INCH-BORG,0.1382,$254.09M,-5.47
EDGE-USDTB,0.1382,$491.50M,-2.42
OZO-AIAT,0.1382,$243.28M,1.42
NEO-WIF,0.1382,$280.12M,-3.24
EDGE-ONYC,0.1381,$382.18M,-2.32
MWC-ICNT,0.138,$215.41M,-4.23
GNO-ANTFUN,0.138,$564.95M,1.28
ETHFI-SFP,0.138,$502.62M,-6.8
TIA-PYTH,0.1379,$627.85M,-8.85
ZBT-USDF,0.1379,$225.78M,1.08
APXUSD-RAY,0.1378,$458.06M,-1.0
GPS-SUN,0.1378,$438.30M,0.87
EURC-MX,0.1376,$600.62M,-0.74
AB-ZANO,0.1375,$228.00M,-15.24
CAKE-KMNO,0.1375,$545.21M,3.15
FRXUSD-EURCV,0.1375,$259.36M,0.03
UB-CRCLON,0.1374,$453.69M,6.1
2Z-OHM,0.1374,$478.14M,-3.07
FF-ANTFUN,0.1374,$474.59M,5.31
DYDX-NFT,0.1373,$362.39M,-3.46
DAI-SUN,0.1372,$433.34M,-1.48
RAIL-BAT,0.1372,$193.26M,-9.33
IOTA-A7A5,0.1369,$625.78M,-3.99
INJ-GUSD,0.1368,$608.74M,-5.5
GLM-PRL,0.1368,$178.83M,8.21
CVX-USDAT,0.1367,$274.62M,7.01
BP-ETHFI,0.1367,$514.13M,-1.53
CRVUSD-ENS,0.1366,$388.12M,-1.49
DCR-AERO,0.1365,$617.15M,-1.79
OUSG-PIEVERSE,0.1364,$562.33M,-0.21
VELVET-GUSD,0.1364,$316.01M,-7.78
TIBBIR-KAITO,0.1362,$415.75M,13.67
STRK-KITE,0.1362,$421.21M,-0.91
XEC-PEANUT,0.1362,$303.99M,-11.23
LUNC-CHEEMS,0.1361,$379.22M,-4.37
RLB-XCN,0.1361,$233.93M,-1.1
ETHFI-USDAI,0.1361,$557.33M,-4.43
BTW-APR,0.136,$431.19M,-0.49
CVX-PYTH,0.136,$456.18M,1.59
NEO-TRUMP,0.136,$491.16M,-6.73
MET-ZAMA,0.136,$227.23M,10.28
SEI-XPL,0.1359,$507.14M,-2.39
ENS-ZAMA,0.1359,$313.88M,7.48
APR-COMP,0.1358,$355.72M,-3.23
CRVUSD-EURC,0.1358,$662.09M,-0.01
VCNT-SYRUP,0.1358,$371.69M,-1.66
TKX-XEC,0.1357,$222.90M,-8.78
GEOD-USDF,0.1357,$206.18M,3.69
FDUSD-AR,0.1356,$462.15M,-1.91
ONYC-Q,0.1356,$466.16M,-1.58
USTBL-GUSD,0.1355,$310.35M,0.06
USDAT-GALA,0.1355,$228.41M,-4.62
GLM-MANA,0.1355,$226.15M,-2.42
VSN-LDO,0.1354,$454.09M,-2.68
DASH-A7A5,0.1354,$875.64M,-3.13
TAG-MANA,0.1354,$276.45M,17.02
USDAI-ZAMA,0.1354,$295.25M,8.89
USTBL-KAITO,0.1353,$470.11M,11.23
SAND-AERO,0.1353,$539.56M,-4.1
BP-SPCXB,0.1352,$199.77M,2.38
GRT-STX,0.1351,$411.86M,-11.67
ACRED-SFP,0.1351,$217.77M,-2.45
STAC-CTOC,0.135,$377.65M,0.2
SOSO-EURCV,0.135,$266.02M,11.11
OUSG-THETA,0.1349,$506.34M,-2.75
IMX-ZRO,0.1348,$512.08M,-3.12
JTO-AKE,0.1348,$364.16M,24.3
APR-PENDLE,0.1347,$447.04M,-2.46
SAND-APYUSD,0.1347,$283.31M,-2.43
FF-PRL,0.1347,$276.35M,14.41
SPCXB-XPIN,0.1347,$230.43M,0.2
VCNT-BAT,0.1346,$267.86M,-3.95
COMP-CRCLON,0.1346,$252.18M,-3.71
OUSG-WEMIX,0.1344,$480.67M,-7.12
GLM-VCNT,0.1343,$259.21M,-1.25
TRAC-COMP,0.1341,$282.99M,-7.68
STAC-AWE,0.134,$208.46M,-1.43
UUSD-BONK,0.134,$364.73M,-3.8
TRAC-THETA,0.1336,$249.76M,-6.03
OUSG-ULTIMA,0.1334,$561.95M,-2.44
NEO-AWE,0.1334,$239.60M,-5.35
BC-GOMINING,0.1332,$335.13M,4.4
BTW-NEX,0.1331,$325.13M,-6.15
ANTFUN-BONK,0.1331,$547.25M,-2.12
DEXE-ONYC,0.1329,$520.29M,23.17
APEPE-A,0.1329,$303.65M,-2.01
ZRO-A7A5,0.1328,$762.96M,1.14
GRX-ULTIMA,0.1326,$305.80M,-2.59
USAT-SOSO,0.1326,$301.82M,10.99
RLB-DEXE,0.1325,$378.35M,25.21
APXUSD-FLUID,0.1325,$381.34M,2.7
STRK-UUSD,0.1325,$289.00M,-1.23
STX-FET,0.1325,$556.44M,-13.84
NEX-XCN,0.1324,$219.99M,-7.67
DYDX-CASH,0.1323,$219.88M,-3.55
COCO-FLOKI,0.1323,$382.73M,-4.79
BTT-TRUMP,0.1323,$616.86M,-4.17
DYDX-ZBT,0.1322,$211.81M,-2.45
KAU-XPIN,0.1322,$453.20M,0.36
SNX-APYUSD,0.1322,$280.56M,-0.1
MANA-COMP,0.1322,$290.71M,-4.34
DAI-OZO,0.1321,$216.35M,0.0
CHEEMS-MX,0.1321,$250.91M,-0.57
ACRED-WFI,0.1321,$289.59M,-2.94
AWE-USDAI,0.1321,$263.26M,-1.47
OUSG-NEX,0.132,$470.58M,-4.44
XCN-FRAX,0.132,$349.72M,-2.95
FLUID-PRL,0.1319,$170.36M,11.59
BP-KITE,0.1317,$346.24M,3.16
VCNT-JTO,0.1317,$433.08M,-5.8
TWT-GLM,0.1316,$243.23M,0.71
TEL-THBILL,0.1315,$292.25M,-1.25
TIA-GLM,0.1314,$401.25M,-5.92
A-APYUSD,0.1313,$260.42M,-0.45
GLM-PEANUT,0.1312,$279.30M,-4.46
STRCX-BONK,0.1312,$405.74M,-1.87
MWC-NEX,0.1311,$204.17M,-3.12
GLM-SAND,0.1311,$219.95M,-6.87
APXUSD-GNO,0.1307,$577.70M,1.48
COCO-SNX,0.1306,$306.66M,-5.33
SPX-ANTFUN,0.1305,$584.38M,-1.21
KAITO-DASH,0.1305,$706.70M,8.39
PENDLE-SUN,0.1305,$592.94M,-5.12
KAU-A,0.1304,$410.60M,-2.74
USDTB-THETA,0.1304,$481.61M,-2.82
META-XCN,0.1304,$225.07M,1.3
XEC-SN64,0.1304,$209.45M,-7.75
LDO-JTO,0.1303,$571.83M,-10.41
GUSD-ANTFUN,0.1303,$431.81M,1.66
RLB-NEO,0.1302,$238.05M,-1.79
JASMY-USDAI,0.1301,$369.02M,-0.97
KAU-BC,0.13,$527.88M,4.6
VELVET-TIBBIR,0.13,$272.99M,-5.35
MX-SN64,0.13,$240.58M,0.72
MON-FRAX,0.13,$468.26M,-2.91
FLOKI-GUSD,0.1299,$348.01M,-1.46
FLUID-AXS,0.1297,$229.97M,-3.27
WEMIX-FF,0.1297,$292.71M,-3.47
SOON-VET,0.1297,$478.97M,31.28
REAL-SHFL,0.1296,$370.46M,-3.72
BTSE-THBILL,0.1295,$251.05M,-6.0
USDTB-ONYC,0.1294,$601.73M,0.01
SN64-ANTFUN,0.1294,$372.30M,3.16
VSN-GRX,0.1292,$274.99M,0.54
SPX-SHORT,0.1292,$399.63M,-5.58
US-USDF,0.1292,$530.80M,-3.85
TAG-PRL,0.1292,$229.14M,27.65
DEXE-GOMINING,0.1291,$389.64M,22.55
REUSD-KITE,0.1291,$399.44M,0.3
WIF-Q,0.1291,$366.29M,-0.99
CRVUSD-ETHFI,0.129,$611.94M,-4.5
WFI-ANTFUN,0.129,$456.85M,-1.25
ETHFI-CRCLON,0.1289,$492.74M,-3.7
FLUID-EURCV,0.1288,$235.72M,0.94
AWE-PENDLE,0.1287,$356.47M,-5.11
JTO-XPL,0.1287,$489.22M,-6.4
DAI-BC,0.1286,$310.62M,4.95
AXS-CRCLON,0.1285,$236.54M,-3.42
AB-SOSO,0.1284,$213.43M,-0.46
USAT-WFI,0.1284,$359.77M,-2.92
IMX-USDTB,0.1283,$582.84M,-4.61
SAND-USDF,0.1283,$237.03M,-4.36
VCNT-PENDLE,0.1283,$415.10M,-2.39
CARDS-GUSD,0.1283,$418.37M,4.75
AB-KITE,0.1282,$328.85M,-11.23
XTZ-AKE,0.1282,$321.00M,25.98
CRVUSD-XPL,0.1282,$432.64M,0.58
1INCH-AKE,0.1281,$211.34M,29.84
ZBCN-US,0.1281,$596.24M,-7.77
SHORT-WFI,0.1281,$272.10M,-5.61
ZRO-AERO,0.128,$699.13M,1.71
AKE-SHFL,0.128,$216.92M,28.0
NXM-OUSG,0.1278,$467.12M,0.56
USDTB-GLM,0.1278,$450.28M,-2.56
REAL-SOSO,0.1278,$365.65M,10.69
1INCH-CHZ,0.1277,$259.96M,-4.65
BC-GUSD,0.1276,$369.08M,4.99
KAG-A,0.1276,$315.98M,-2.38
EDGE-GPS,0.1274,$231.98M,-0.04
KAU-CVX,0.1274,$443.12M,6.68
OUSG-AR,0.1273,$496.30M,-1.85
DYDX-COCO,0.1273,$282.09M,-6.83
FLUID-SAND,0.1273,$211.47M,-3.49
OHM-AR,0.1272,$391.86M,-2.37
ACRED-A7A5,0.1272,$593.25M,-0.38
STAC-MX,0.1271,$253.23M,-0.78
FDUSD-EIGEN,0.1271,$486.69M,-6.47
NFT-CHZ,0.1271,$408.66M,-3.05
BTW-TAG,0.127,$379.87M,15.24
TRAC-A,0.127,$225.95M,-5.64
KAU-FARTCOIN,0.1269,$431.32M,0.18
USDTB-GEOD,0.1269,$449.87M,3.65
1INCH-DASH,0.1267,$513.25M,-4.34
APXUSD-COCO,0.1267,$479.28M,-1.47
TIBBIR-AWE,0.1267,$212.31M,1.0
TIA-XEC,0.1265,$425.95M,-12.68
RLB-GLM,0.1264,$199.03M,-0.41
LDO-DASH,0.1263,$700.63M,-6.17
GRX-SFP,0.1262,$226.83M,-2.5
AWE-COMP,0.1262,$265.15M,-5.89
AVUSD-MANA,0.1262,$247.36M,0.14
DAI-CASH,0.1261,$213.07M,-0.02
DASH-XPL,0.126,$618.02M,-2.16
FARTCOIN-APYUSD,0.126,$281.14M,2.48
XEC-BAT,0.126,$222.87M,-14.49
STX-SHORT,0.1259,$348.07M,-11.46
AIAT-FRXUSD,0.1259,$227.90M,1.37
COCO-AERO,0.1258,$598.59M,-3.04
ULTIMA-NFT,0.1258,$446.22M,-2.4
FLOKI-USDAI,0.1258,$355.95M,-1.5
IMX-SOSO,0.1255,$343.91M,6.47
VELVET-USDAT,0.1255,$306.30M,-7.84
AXS-SPCXB,0.1255,$229.22M,-4.65
FLOKI-VCNT,0.1255,$362.95M,-0.23
KITE-USDF,0.1255,$343.84M,0.26
COCO-BTSE,0.1253,$317.33M,-9.45
NEX-GLIDR,0.1253,$191.71M,-5.96
COMP-TRUMP,0.1253,$516.71M,-7.26
DRV-TIBBIR,0.1251,$209.13M,-3.89
AKT-KITE,0.1251,$360.40M,-7.44
VIRTUAL-VCNT,0.125,$534.01M,-2.9
ULTIMA-A,0.125,$283.99M,-4.86
DEXE-EIGEN,0.1249,$414.67M,16.68
CHEEMS-FLOKI,0.1249,$298.83M,-1.26
XEC-AKE,0.1249,$214.98M,22.08
LUNC-ZANO,0.1248,$410.06M,-8.35
USDTB-GALA,0.1248,$444.14M,-4.64
UUSD-THBILL,0.1248,$217.72M,0.09
1INCH-REUSD,0.1245,$283.25M,-1.48
UUSD-AKE,0.1245,$195.31M,31.31
LUNC-APR,0.1244,$475.29M,-3.41
STAC-INJ,0.1244,$561.88M,-5.51
OZO-XTZ,0.1243,$350.77M,-5.37
GNO-JTO,0.1242,$551.28M,-7.41
USDAT-FF,0.1242,$332.08M,3.66
CRVUSD-MANA,0.1242,$343.43M,0.01
NFT-THBILL,0.1242,$382.46M,0.22
DEXE-ZBCN,0.1241,$451.35M,19.18
APXUSD-KAITO,0.1239,$604.33M,13.04
SAND-VCNT,0.1239,$289.63M,-3.1
RAIL-USDAI,0.1239,$247.28M,-4.12
TIA-ZANO,0.1238,$437.65M,-7.15
AKT-SHORT,0.1238,$225.95M,-10.44
ACRED-BAT,0.1238,$218.46M,-5.28
STAC-SOON,0.1237,$192.65M,33.92
TIA-VCNT,0.1236,$470.93M,-2.14
CAKE-KOGE,0.1236,$661.34M,-0.28
TIBBIR-GRASS,0.1236,$322.35M,-1.43
FLOKI-SHFL,0.1236,$319.91M,-4.86
ENS-APYUSD,0.1236,$334.20M,0.53
WIF-GLIDR,0.1236,$247.73M,-0.84
INJ-OZO,0.1234,$584.53M,-5.53
ZANO-Q,0.1234,$351.11M,-5.39
SPX-INJ,0.1233,$761.31M,-8.38
DEXE-VET,0.1233,$663.04M,20.5
AXS-ZAMA,0.1233,$281.50M,4.76
KAU-AWE,0.1232,$414.13M,-1.82
UB-OZO,0.1231,$486.13M,5.39
NEX-XPIN,0.1231,$235.23M,-3.75
SPCXB-PIEVERSE,0.1231,$267.62M,-0.74
RAY-KOGE,0.1231,$377.15M,-3.1
DYDX-USDTB,0.123,$453.39M,-3.58
ZBCN-TRAC,0.123,$300.94M,-7.18
US-SHORT,0.123,$516.52M,-6.59
DAI-SN64,0.1229,$181.04M,1.52
FLUID-WFI,0.1229,$260.83M,-2.0
KAG-WIF,0.1229,$360.04M,0.66
CHEEMS-UUSD,0.1228,$200.10M,0.18
UB-MANA,0.1227,$492.22M,5.48
DEXE-KAG,0.1226,$487.77M,23.11
GRT-AIAT,0.1225,$279.32M,-1.55
UUSD-SHORT,0.1224,$197.34M,-2.79
ZBCN-AWE,0.1223,$283.09M,-5.39
DASH-ZBT,0.1223,$511.38M,-1.74
CHZ-XCN,0.1223,$273.80M,-6.32
STAC-Q,0.1222,$322.59M,-1.61
BC-CTOC,0.1222,$494.57M,5.13
ZRO-UQC,0.1222,$392.77M,1.38
GRX-BONK,0.1222,$389.04M,-3.87
SEI-GUSD,0.1221,$436.06M,-3.02
WIF-ANTFUN,0.1221,$428.65M,2.28
USDTB-TRAC,0.122,$479.19M,-3.3
RLB-CVX,0.1219,$239.09M,9.14
USDTB-ZBCN,0.1219,$532.80M,-3.97
GEOD-BTSE,0.1218,$227.46M,-2.45
INJ-PEANUT,0.1217,$643.77M,-7.49
CRVUSD-GLIDR,0.1217,$313.43M,-1.57
SEI-KAITO,0.1216,$595.82M,8.16
CRVUSD-Q,0.1216,$432.00M,-1.72
FF-PENDLE,0.1216,$442.94M,0.03
AKT-CRCLON,0.1214,$221.25M,-6.98
GEOD-AR,0.1214,$210.40M,1.82
AIAT-PRL,0.1214,$202.05M,12.13
GPS-MET,0.1213,$185.43M,3.72
FARTCOIN-ANTFUN,0.1213,$405.32M,2.17
EARNETH-ZANO,0.1212,$278.10M,-3.04
TKX-SHFL,0.1211,$224.84M,-2.87
RAIL-THBILL,0.1211,$207.78M,-3.97
GEOD-COMP,0.1211,$253.67M,-0.73
OUSG-US,0.121,$799.22M,-3.82
AWE-FARTCOIN,0.121,$228.83M,-0.92
IMX-SOON,0.1209,$317.33M,29.32
CRVUSD-SOSO,0.1209,$328.64M,10.96
CASH-STRK,0.1208,$311.23M,-1.19
ZRO-RAIL,0.1208,$374.60M,-2.67
ACRED-THETA,0.1208,$241.13M,-2.84
UUSD-RAY,0.1208,$262.79M,-2.88
PEANUT-USDF,0.1208,$296.38M,-1.95
MWC-DEXE,0.1207,$387.92M,28.61
CARDS-EURCV,0.1205,$418.30M,4.78
GRT-COCO,0.1203,$345.57M,-6.26
STAC-MWC,0.1202,$216.48M,2.66
USDAT-SHORT,0.1202,$237.35M,-2.77
UB-WFI,0.1201,$535.38M,2.51
DRV-TRUMP,0.1201,$460.03M,-9.19
COMP-AERO,0.1201,$573.70M,-4.16
LDO-SYRUP,0.1199,$510.44M,-6.27
SEI-TRUMP,0.1199,$643.94M,-5.89
GNO-TRUMP,0.1199,$640.03M,-3.18
UB-FF,0.1198,$553.12M,9.07
APXUSD-ZANO,0.1198,$426.22M,-1.92
DCR-BONK,0.1198,$467.72M,-5.8
USDTB-CRVUSD,0.1197,$567.57M,-0.12
DEXE-MON,0.1197,$522.27M,19.95
USDAT-IOTA,0.1196,$287.37M,-3.7
IMX-VCNT,0.1194,$391.77M,-3.3
CVX-KAITO,0.1194,$444.08M,18.25
XPIN-WFI,0.1194,$319.44M,-2.16
FLUID-SYRUP,0.1193,$293.53M,-2.06
ICNT-MON,0.1193,$349.77M,-10.87
ACRED-ONYC,0.1192,$361.25M,-0.01
STAC-ZK,0.1191,$187.00M,-5.35
TIBBIR-ANTFUN,0.1191,$388.79M,4.09
KAG-AWE,0.1191,$319.51M,-1.45
ULTIMA-TRAC,0.119,$305.37M,-5.72
NEX-USDF,0.119,$202.17M,-4.47
INJ-USDTB,0.1189,$814.76M,-5.58
APEPE-ONYC,0.1189,$447.57M,0.44
TEL-AIAT,0.1189,$292.29M,0.01
MANA-WFI,0.1189,$305.93M,-2.78
TWT-APYUSD,0.1188,$306.59M,5.16
CTOC-USAT,0.1188,$460.23M,0.12
PIEVERSE-FRXUSD,0.1188,$292.00M,-0.27
ZK-ONYC,0.1186,$330.56M,-5.33
FLUID-EURC,0.1186,$536.32M,0.94
BTW-VCNT,0.1185,$399.24M,-0.42
CAKE-PYTH,0.1185,$768.55M,-5.45
VCNT-IOTA,0.1185,$312.02M,-2.41
APR-ENS,0.1184,$372.46M,-0.21
ZANO-SHFL,0.1184,$252.56M,-7.12
IOTA-AVUSD,0.1184,$263.55M,-3.62
SPX-FLUID,0.1183,$388.36M,-1.97
OUSG-DCR,0.1183,$583.03M,-2.03
GRT-GUSD,0.1183,$310.85M,-2.92
2Z-USAT,0.1183,$387.56M,-2.62
USDTB-WEMIX,0.1181,$455.95M,-7.19
2Z-GRX,0.1181,$326.43M,-2.7
US-RAIL,0.1181,$508.81M,-7.96
UB-XPIN,0.118,$505.73M,6.1
USTBL-SPCXB,0.1179,$246.38M,-0.49
EARNETH-TAG,0.1177,$292.01M,17.63
TKX-FDUSD,0.1177,$449.54M,0.46
VELVET-GPS,0.1176,$262.51M,-5.47
2Z-RAIL,0.1176,$292.18M,-6.69
BC-UUSD,0.1175,$319.35M,4.91
ZRO-USDZ,0.1175,$412.14M,1.24
USDAT-FDUSD,0.1175,$485.90M,-0.06
WIF-MON,0.1174,$394.54M,-2.51
COMP-XPL,0.1174,$379.91M,-3.77
FDUSD-SOON,0.1173,$436.11M,33.85
TIBBIR-VCNT,0.1172,$270.93M,3.72
OUSG-CAKE,0.1171,$827.44M,0.02
OHM-WIF,0.1171,$422.15M,0.16
GALA-ZBT,0.1171,$202.56M,-3.52
WIF-APYUSD,0.1171,$304.47M,2.59
NXM-FRXUSD,0.117,$196.79M,0.5
STAC-NFT,0.117,$367.17M,0.11
AKT-APXUSD,0.1169,$423.45M,-5.87
PENGU-APYUSD,0.1169,$529.84M,0.58
NFT-JASMY,0.1168,$476.11M,-0.89
LDO-GLIDR,0.1166,$404.58M,-4.84
DASH-GUSD,0.1166,$546.94M,-2.78
FF-MX,0.1166,$342.87M,2.87
STX-BONK,0.1166,$515.46M,-12.47
ACRED-SNX,0.1164,$237.48M,-2.1
FARTCOIN-TRAC,0.1163,$246.68M,-2.71
VSN-FF,0.1162,$343.18M,4.34
TIBBIR-BTSE,0.1162,$239.60M,-3.68
GPS-MX,0.1162,$246.60M,1.53
INJ-VIRTUAL,0.1161,$828.80M,-9.71
ACRED-XCN,0.1161,$244.70M,-3.27
GRT-OHM,0.116,$437.15M,-3.45
SPCXB-MANA,0.116,$216.92M,-0.42
ZRO-CHEEMS,0.1159,$385.07M,1.68
USTBL-GRX,0.1159,$284.94M,-0.1
WIF-STRCX,0.1159,$287.14M,2.54
RLB-ZANO,0.1158,$235.43M,-1.65
ZRO-ENS,0.1158,$460.83M,0.04
REUSD-WIF,0.1158,$313.78M,0.69
STRK-ZBT,0.1157,$303.16M,-0.09
CRVUSD-BSV,0.1157,$470.54M,-2.17
2Z-FLUID,0.1156,$288.62M,-1.71
JTO-SOSO,0.1156,$385.22M,3.98
KITE-GUSD,0.1156,$381.51M,0.3
AB-SPCXB,0.1155,$182.38M,-12.01
STRK-VCNT,0.1154,$353.66M,0.09
SNX-FRXUSD,0.1154,$232.36M,-2.07
ZBCN-TRUMP,0.1153,$534.66M,-6.76
APEPE-APXUSD,0.1153,$496.42M,2.21
CHZ-SOSO,0.1153,$260.73M,7.92
CARDS-SOSO,0.1152,$385.46M,15.75
KITE-ETHFI,0.1152,$631.89M,-4.15
CRCLON-FET,0.1152,$398.77M,-4.4
EIGEN-ZBT,0.1151,$254.54M,-5.35
USDTB-BORG,0.115,$493.79M,-4.0
FLUID-GOMINING,0.115,$201.85M,0.31
ZBCN-NFT,0.1149,$441.80M,-3.86
STAC-SHFL,0.1148,$224.04M,-3.34
META-STRK,0.1148,$284.63M,3.33
JTO-AERO,0.1148,$683.01M,-6.8
MWC-APYUSD,0.1147,$271.97M,4.51
STAC-UQC,0.1146,$210.66M,-0.03
APR-FF,0.1146,$388.68M,4.88
NXM-LDO,0.1145,$390.07M,-2.81
OUSG-USDTB,0.1145,$735.77M,-0.02
BC-SFP,0.1145,$322.30M,2.57
STAC-SNX,0.1144,$225.08M,-2.0
CAKE-KITE,0.1144,$679.19M,0.26
ANTFUN-XCN,0.1144,$411.97M,-1.57
GLIDR-ZAMA,0.1143,$239.19M,7.4
SPX-AERO,0.1142,$716.45M,-2.58
VSN-ETHFI,0.1141,$550.78M,-3.76
KAITO-KOGE,0.1141,$523.42M,10.94
CTOC-ZBT,0.1141,$388.95M,1.25
AB-SHFL,0.114,$218.24M,-14.86
CRVUSD-A7A5,0.114,$690.26M,-0.39
FARTCOIN-WFI,0.1138,$297.55M,-2.33
ULTIMA-ACRED,0.1137,$296.74M,-2.53
KAITO-APYUSD,0.1137,$467.40M,13.15
GRX-AR,0.1136,$240.15M,-1.99
ICNT-TRAC,0.1136,$225.24M,-10.97
PENDLE-MANA,0.1136,$382.04M,-3.56
USDTB-TWT,0.1135,$503.99M,3.18
INJ-FARTCOIN,0.1134,$582.25M,-5.0
2Z-USDF,0.1133,$314.17M,-2.58
ICNT-EURC,0.1133,$551.61M,-7.64
RAIL-MET,0.1133,$179.26M,-2.73
LUNC-CVX,0.1132,$413.71M,2.44
APXUSD-PEANUT,0.1132,$479.59M,-0.12
FLUID-PEANUT,0.1132,$270.82M,-1.08
KAITO-EURCV,0.1132,$458.71M,11.28
RLB-GOMINING,0.1131,$219.84M,1.54
OZO-ZANO,0.113,$256.46M,-3.74
TIA-UUSD,0.113,$406.28M,-3.46
TAG-BTSE,0.113,$278.18M,10.78
COCO-IOTA,0.1129,$331.80M,-6.98
KITE-SOSO,0.1129,$348.59M,11.3
VSN-META,0.1128,$246.31M,5.16
GRT-MON,0.1128,$409.54M,-6.11
OZO-STRCX,0.1128,$266.09M,1.89
COCO-SN64,0.1127,$274.21M,-1.77
ICNT-XEC,0.1127,$221.03M,-16.99
AWE-FF,0.1127,$298.11M,2.22
REUSD-ANTFUN,0.1127,$449.74M,1.67
GOMINING-USDZ,0.1127,$242.95M,-0.76
EIGEN-NFT,0.1125,$405.11M,-6.36
1INCH-PRL,0.1124,$199.89M,9.2
LDO-SAND,0.1124,$428.38M,-7.71
BTW-OZO,0.1122,$360.10M,-1.68
SPCXB-A7A5,0.1122,$563.74M,-0.82
TAG-EURCV,0.1122,$294.50M,17.0
TRAC-AERO,0.1122,$538.04M,-2.99
GNO-SOSO,0.1121,$399.23M,10.7
USAT-PENGU,0.1121,$556.95M,-1.41
SOON-GRASS,0.1121,$305.88M,29.99
TIBBIR-THETA,0.112,$232.58M,-0.31
BC-CARDS,0.1119,$488.44M,9.67
ZANO-EURCV,0.1119,$280.60M,-3.68
DYDX-SOSO,0.1118,$214.45M,7.51
AB-NFT,0.1118,$361.37M,-11.42
USDTB-PENGU,0.1117,$727.24M,-1.41
AXS-ONYC,0.1117,$389.89M,-4.08
KMNO-COMP,0.1117,$257.35M,-1.27
WFI-SHFL,0.1117,$295.94M,-6.24
KMNO-SFP,0.1116,$200.75M,0.77
DAI-ONYC,0.1115,$337.26M,0.05
GRX-GUSD,0.1115,$273.60M,-0.08
DAI-PIEVERSE,0.1114,$273.13M,-0.24
OUSG-VELVET,0.1114,$546.75M,-7.79
LDO-VET,0.1112,$692.15M,-5.96
DEXE-FDUSD,0.1111,$620.18M,23.07
USDAT-ZANO,0.1111,$270.96M,-3.78
AVUSD-GLIDR,0.1111,$217.36M,-1.44
RLB-META,0.111,$199.69M,6.6
VELVET-XEC,0.111,$285.96M,-17.09
PYTH-PRL,0.111,$405.43M,5.28
NFT-AERO,0.111,$678.90M,0.34
KAU-COCO,0.1109,$492.53M,-3.66
GLM-NEX,0.1109,$185.09M,-6.98
A7A5-BTT,0.1109,$737.68M,-1.64
NXM-SHFL,0.1108,$208.27M,-2.84
SPX-USDTB,0.1108,$657.60M,-2.89
CASH-BONK,0.1108,$386.96M,-3.77
ZRO-XPL,0.1108,$505.34M,2.1
CASH-XPIN,0.1107,$266.91M,0.7
OHM-AVUSD,0.1107,$391.78M,-0.44
CRVUSD-PENDLE,0.1107,$462.70M,-3.73
DAI-REAL,0.1106,$340.11M,-0.36
OUSG-2Z,0.1106,$582.59M,-2.56
US-APYUSD,0.1106,$577.09M,-1.91
US-FRXUSD,0.1106,$528.89M,-3.88
CHEEMS-ZANO,0.1106,$231.48M,-3.51
VELVET-ONYC,0.1105,$412.71M,-7.76
GNO-PYTH,0.1105,$604.00M,-5.79
DAI-USDA,0.1104,$187.23M,-0.21
A-THETA,0.1104,$228.38M,-5.16
AB-WFI,0.1102,$271.39M,-14.37
STRCX-TRAC,0.1102,$264.46M,-1.37
OUSG-GALA,0.1101,$468.86M,-4.58
STRK-GEOD,0.1101,$283.56M,2.52
DAI-GRASS,0.11,$306.92M,-3.9
FF-PIEVERSE,0.11,$374.37M,3.45
SOON-AR,0.11,$206.06M,32.01
SPCXB-ZBT,0.11,$199.48M,0.57
BP-STRCX,0.1099,$255.03M,4.78
CRCLON-THBILL,0.1099,$210.79M,0.86
AKT-GPS,0.1098,$224.40M,-5.36
VSN-BTSE,0.1097,$284.00M,-5.48
AB-WEMIX,0.1097,$197.27M,-18.64
XTZ-PEANUT,0.1097,$410.01M,-7.33
LUNC-KOGE,0.1096,$493.05M,-4.87
DYDX-SPCXB,0.1096,$183.40M,-4.04
MX-A7A5,0.1095,$628.79M,-1.12
US-BSV,0.1094,$677.46M,-5.93
USDAT-BAT,0.1094,$243.21M,-5.24
CVX-VCNT,0.1093,$299.26M,8.3
NXM-TRUMP,0.1091,$444.26M,-2.3
RLB-DRV,0.1091,$206.92M,-4.25
INJ-ZRO,0.1091,$743.99M,-4.09
BC-BAT,0.109,$322.98M,-0.26
SOON-THBILL,0.109,$207.94M,34.03
DYDX-USDF,0.1088,$209.70M,-3.53
VIRTUAL-FLUID,0.1088,$455.86M,-3.3
GPS-XTZ,0.1088,$321.48M,-3.04
SAND-FRXUSD,0.1088,$235.11M,-4.4
AIAT-XPIN,0.1088,$262.88M,2.12
VSN-STX,0.1087,$401.41M,-8.06
ENS-NFT,0.1087,$440.59M,-1.34
TIBBIR-FET,0.1086,$412.40M,-2.66
AXS-KOGE,0.1085,$357.84M,-4.41
GUSD-SUN,0.1085,$491.80M,-1.43
2Z-SOON,0.1084,$292.35M,31.31
AKT-TEL,0.1084,$302.71M,-9.1
GPS-VCNT,0.1083,$260.45M,3.6
NXM-FF,0.1082,$279.16M,4.22
IOTA-TEL,0.1081,$321.89M,-5.08
KOGE-USDF,0.108,$325.99M,-0.27
APXUSD-CAKE,0.1079,$742.25M,1.82
BP-AERO,0.1077,$528.61M,3.16
ONYC-AKE,0.1075,$341.73M,31.42
EARNETH-DEXE,0.1074,$421.02M,23.81
DASH-SPCXB,0.1074,$482.97M,-3.33
DAI-EURCV,0.1073,$240.49M,0.07
GLM-BORG,0.1073,$233.03M,-6.46
GLM-BP,0.1072,$209.00M,0.38
VCNT-AIAT,0.1072,$282.42M,2.67
CARDS-AKE,0.1072,$364.39M,36.07
OZO-WEMIX,0.1071,$225.72M,-7.14
KAITO-VCNT,0.1071,$473.71M,12.48
GLM-DASH,0.1069,$492.20M,-5.33
BTT-USDF,0.1069,$371.31M,-1.34
VSN-1INCH,0.1068,$266.71M,-0.86
KAU-AVUSD,0.1067,$424.28M,-0.3
ZANO-MANA,0.1067,$262.54M,-3.66
NFT-AIAT,0.1067,$382.50M,1.48
USDTB-GNO,0.1066,$638.17M,-0.39
BC-CRVUSD,0.1065,$431.62M,4.88
AKT-OHM,0.1065,$404.20M,-8.19
AXS-USDF,0.1065,$255.53M,-4.14
CTOC-SOSO,0.1065,$391.59M,11.21
USAT-SN64,0.1065,$275.22M,1.48
WIF-XPL,0.1064,$366.93M,1.31
STRK-FDUSD,0.1063,$535.31M,-1.21
TKX-FF,0.1062,$295.73M,4.18
BORG-A7A5,0.1062,$616.47M,-4.26
TEL-MET,0.1062,$263.73M,-0.02
MX-MET,0.1061,$240.00M,0.57
AR-USDF,0.1061,$227.89M,-1.88
APXUSD-TIBBIR,0.106,$401.54M,4.29
APXUSD-ONYC,0.106,$541.26M,1.89
TIBBIR-ICNT,0.106,$208.06M,-5.25
UUSD-REUSD,0.106,$267.22M,-0.01
COCO-BORG,0.1059,$322.49M,-7.25
DEXE-TWT,0.1058,$422.55M,26.33
CVX-ETHFI,0.1058,$534.71M,2.62
BP-STX,0.1058,$364.75M,-5.82
IMX-SPCXB,0.1057,$312.86M,-5.08
NFT-BTSE,0.1055,$397.63M,-6.07
TRUMP-SHFL,0.1055,$478.79M,-6.2
KAG-TRAC,0.1053,$337.36M,-3.25
DAI-JTO,0.1052,$359.69M,-7.07
ZK-AERO,0.1052,$498.73M,-5.12
OUSG-VET,0.1051,$769.21M,-2.59
CTOC-AVUSD,0.1051,$390.98M,0.22
MET-BONK,0.1051,$354.36M,-2.37
STAC-BP,0.105,$216.88M,2.93
GRX-AKE,0.105,$219.62M,31.25
USDA-ZBT,0.105,$210.12M,0.88
CTOC-NFT,0.1048,$539.52M,0.24
META-ZAMA,0.1046,$233.23M,13.4
CAKE-KAITO,0.1046,$756.46M,11.21
INJ-USDZ,0.1045,$586.63M,-5.74
US-SUN,0.1045,$761.26M,-5.31
FLUID-TRUMP,0.1045,$443.68M,-1.97
SNX-WFI,0.1045,$296.98M,-4.91
A-SUN,0.1045,$444.58M,-3.86
SEI-KOGE,0.1044,$500.70M,-3.33
CHEEMS-SUN,0.1044,$442.61M,-1.23
DASH-RAIL,0.1044,$487.28M,-6.93
META-UQC,0.1043,$203.43M,4.44
CTOC-ONYC,0.1043,$521.21M,0.22
BTSE-SUN,0.1043,$475.40M,-7.61
FRXUSD-FRAX,0.1043,$329.99M,0.21
MWC-KITE,0.1042,$345.84M,2.74
KMNO-THETA,0.1042,$224.11M,0.38
CVX-GOMINING,0.1041,$250.38M,6.48
GPS-EURC,0.104,$546.04M,2.41
BONK-ZAMA,0.104,$402.76M,5.14
ICNT-XPL,0.1039,$322.16M,-7.06
VCNT-XPIN,0.1039,$309.34M,1.98
RAIL-THETA,0.1039,$215.94M,-6.88
1INCH-AVUSD,0.1037,$231.79M,-1.47
GLM-GALA,0.1037,$183.38M,-7.11
STAC-CHEEMS,0.1036,$202.96M,0.27
AXS-ZBT,0.1036,$257.63M,-3.05
A-SHFL,0.1036,$223.69M,-5.76
DAI-SNX,0.1035,$213.49M,-2.04
US-XCN,0.1033,$548.62M,-7.05
ZRO-ICNT,0.1032,$386.33M,-6.27
VSN-COMP,0.1031,$310.22M,-3.77
CVX-XTZ,0.1031,$360.29M,1.66
CVX-SOON,0.1031,$224.83M,40.92
SHORT-Q,0.1031,$317.50M,-4.38
OHM-GUSD,0.103,$425.31M,-0.46
TIBBIR-BTT,0.103,$365.96M,1.13
GLM-ETHFI,0.1029,$494.65M,-6.93
GLM-BTSE,0.1029,$227.87M,-8.66
SAND-SOSO,0.1029,$241.78M,6.68
UUSD-IOTA,0.1028,$247.36M,-3.73
WEMIX-WIF,0.1027,$246.77M,-6.5
AVUSD-A7A5,0.1027,$594.18M,-0.26
STAC-GNO,0.1026,$385.29M,-0.31
NEO-BP,0.1026,$248.01M,-1.0
SUN-USDZ,0.1026,$469.68M,-1.67
ACRED-AR,0.1025,$231.10M,-1.94
PENGU-XEC,0.1025,$491.17M,-10.64
FF-MANA,0.1024,$323.67M,3.77
PENDLE-FRAX,0.1024,$470.72M,-3.4
LDO-APYUSD,0.1023,$461.32M,-1.41
META-UUSD,0.1023,$195.20M,4.45
FDUSD-ENS,0.1023,$522.17M,-1.45
GNO-TAG,0.102,$427.71M,16.58
DYDX-VCNT,0.1019,$262.31M,-2.27
DRV-SPCXB,0.1019,$188.18M,-6.86
MX-SYRUP,0.1019,$357.84M,-3.74
KOGE-BTSE,0.1019,$347.26M,-6.42
OZO-SPCXB,0.1017,$210.83M,-0.5
CVX-UUSD,0.1017,$234.60M,6.99
TWT-GEOD,0.1017,$242.81M,6.92
WIF-AIAT,0.1016,$264.32M,2.06
BC-FF,0.1015,$411.85M,8.64
CARDS-BSV,0.1015,$527.36M,2.62
OZO-STX,0.1014,$375.81M,-8.71
ZBT-Q,0.1014,$333.90M,-0.56
EURC-FRXUSD,0.1014,$559.96M,0.04
ZANO-MET,0.1013,$220.58M,-2.37
OUSG-1INCH,0.1012,$496.07M,-1.5
FDUSD-USDA,0.1012,$442.27M,-0.24
MANA-AERO,0.1012,$545.76M,0.35
KAU-SOON,0.101,$398.32M,33.53
CASH-ZAMA,0.101,$259.83M,8.88
CRVUSD-STX,0.101,$462.57M,-8.8
JASMY-SHFL,0.101,$332.99M,-4.33
EDGE-INJ,0.1009,$595.21M,-7.91
MWC-LDO,0.1009,$417.04M,0.32
CAKE-GUSD,0.1009,$596.70M,0.03
MON-USDZ,0.1009,$375.58M,-3.36
USTBL-ACRED,0.1008,$275.88M,-0.05
GLM-COMP,0.1008,$254.09M,-6.94
XTZ-EURC,0.1008,$675.51M,-5.31
DASH-AERO,0.1008,$811.81M,-2.55
RAY-MX,0.1007,$313.59M,-3.64
FLUID-CRCLON,0.1006,$179.14M,1.59
ONYC-SYRUP,0.1006,$453.45M,-2.87
DRV-ONYC,0.1005,$348.85M,-6.29
COCO-THETA,0.1005,$310.31M,-6.07
ZK-SOON,0.1004,$174.36M,28.5
SYRUP-USDAI,0.1004,$364.69M,-2.94
UUSD-CRCLON,0.1003,$192.64M,0.67
AVUSD-AERO,0.1002,$530.35M,0.32
USDTB-ICNT,0.1001,$457.09M,-7.76
BTW-MX,0.0999,$385.39M,-2.5
IMX-TRUMP,0.0999,$584.71M,-7.4
RLB-ZK,0.0999,$188.63M,-3.28
GLM-THBILL,0.0999,$212.70M,-2.37
DASH-TRUMP,0.0999,$754.82M,-5.65
RAY-USDF,0.0998,$274.84M,-2.83
MET-AERO,0.0997,$503.79M,1.65
XPIN-USDZ,0.0995,$272.29M,0.51
EARNETH-MX,0.0994,$297.53M,-0.11
ACRED-SHORT,0.0993,$212.59M,-2.81
GOMINING-ZBT,0.0993,$229.51M,0.52
DEXE-PEANUT,0.0992,$458.62M,21.16
TIBBIR-KOGE,0.0992,$320.63M,2.19
ZBCN-CRVUSD,0.0991,$389.32M,-4.01
WIF-ETHFI,0.0991,$546.23M,-3.77
CAKE-APYUSD,0.0989,$605.32M,1.93
AIAT-USDZ,0.0989,$245.37M,1.21
BORG-USDAI,0.0988,$295.71M,-3.96
VCNT-XCN,0.0987,$294.10M,-1.94
TRAC-USDZ,0.0986,$251.06M,-3.46
VIRTUAL-RAIL,0.0985,$459.41M,-8.28
ZRO-GRASS,0.0984,$500.62M,-2.45
SOSO-THBILL,0.0984,$234.52M,11.18
NEO-KAITO,0.0983,$443.04M,7.32
VELVET-SHFL,0.0982,$287.90M,-11.18
CVX-TAG,0.0982,$279.88M,23.97
VIRTUAL-AWE,0.0982,$475.39M,-5.63
ZK-RAIL,0.0982,$174.20M,-9.5
RAY-APYUSD,0.0981,$321.13M,-0.89
OUSG-INJ,0.098,$839.49M,-5.52
OUSG-BTT,0.098,$639.72M,-1.31
ENS-SPCXB,0.098,$261.61M,-1.92
BC-PRL,0.0979,$303.64M,15.68
OZO-RAIL,0.0979,$215.14M,-4.1
RLB-USDAT,0.0978,$244.07M,2.08
CASH-CARDS,0.0976,$390.88M,4.69
US-ONYC,0.0976,$665.17M,-3.79
FDUSD-PIEVERSE,0.0976,$528.18M,-0.27
WEMIX-KITE,0.0975,$332.43M,-6.88
OUSG-ZBCN,0.0974,$557.52M,-3.9
DCR-USDAI,0.0974,$360.22M,-2.06
AB-META,0.0973,$192.26M,-6.99
ZANO-GLIDR,0.0973,$232.54M,-5.24
SOON-MANA,0.0973,$221.39M,33.97
USDA-REUSD,0.0972,$263.61M,-0.16
TWT-ICNT,0.0971,$250.04M,-4.49
APEPE-KITE,0.097,$433.36M,0.64
ZRO-CAKE,0.0969,$731.95M,1.44
TAG-TRAC,0.0969,$268.73M,13.68
AWE-Q,0.0967,$325.77M,-3.1
VSN-UUSD,0.0966,$250.68M,0.61
AB-SN64,0.0966,$186.84M,-9.97
GPS-Q,0.0966,$315.96M,0.7
UQC-COMP,0.0966,$267.34M,-4.49
SPCXB-USDAI,0.0966,$242.97M,-0.52
ZK-GLM,0.0965,$179.12M,-7.9
USAT-THBILL,0.0964,$303.16M,0.1
FARTCOIN-MX,0.0963,$273.60M,-0.27
RAY-USDAI,0.0963,$320.44M,-2.84
CVX-GRX,0.0962,$258.91M,6.92
CRVUSD-RAY,0.0961,$375.06M,-2.91
IMX-GUSD,0.096,$376.83M,-4.53
CARDS-GRASS,0.096,$484.74M,0.82
CVX-A,0.0959,$237.10M,4.65
BC-FET,0.0958,$525.49M,-0.16
DEXE-DASH,0.0958,$671.51M,20.29
AXS-USDAI,0.0958,$301.13M,-4.14
XTZ-MANA,0.0958,$356.86M,-5.29
BORG-KOGE,0.0958,$352.42M,-4.22
ETHFI-SUN,0.0958,$742.18M,-5.89
BTSE-FRXUSD,0.0958,$243.03M,-6.18
LUNC-BONK,0.0957,$543.84M,-8.35
ZANO-NEX,0.0957,$221.49M,-8.21
NXM-ZBT,0.0955,$200.82M,1.61
GRX-GALA,0.0955,$212.71M,-4.72
IMX-RLB,0.0954,$331.59M,-2.46
FLUID-PENGU,0.0954,$458.00M,-0.49
NEX-STX,0.0953,$340.85M,-13.18
AB-CARDS,0.0952,$365.71M,-6.79
CAKE-REUSD,0.0952,$614.62M,0.04
USDA-PYTH,0.0951,$417.54M,-5.65
LDO-REAL,0.0949,$552.26M,-3.7
CVX-TRUMP,0.0949,$492.21M,4.2
AB-AKT,0.0948,$225.24M,-19.19
ZRO-UUSD,0.0948,$384.54M,1.39
TKX-GLM,0.0948,$198.20M,-2.02
GRX-CRVUSD,0.0948,$336.15M,-0.2
DCR-SHORT,0.0948,$300.33M,-4.79
ZBT-SHORT,0.0948,$211.50M,-1.66
WFI-JASMY,0.0947,$386.13M,-3.83
BC-AKT,0.0946,$347.96M,-2.74
XTZ-ENS,0.0946,$401.54M,-6.79
USTBL-ZAMA,0.0945,$298.65M,8.92
META-RAIL,0.0945,$185.26M,0.39
GOMINING-GRASS,0.0945,$331.43M,-4.45
GEOD-MX,0.0945,$244.93M,2.88
USDTB-FLOKI,0.0944,$554.03M,-1.54
VIRTUAL-AVUSD,0.0944,$485.55M,-4.11
ULTIMA-RAIL,0.0944,$271.54M,-6.58
FARTCOIN-ZBT,0.0944,$236.96M,1.62
SEI-CASH,0.0943,$408.57M,-3.07
APR-TEL,0.0942,$370.71M,-0.2
OHM-EURCV,0.0941,$425.24M,-0.42
NEX-NFT,0.0941,$354.85M,-4.39
PYTH-SOSO,0.094,$437.95M,5.59
SEI-NFT,0.0939,$551.08M,-2.98
USAT-WIF,0.0939,$331.57M,0.61
ACRED-GALA,0.0937,$203.66M,-4.67
NEX-SUN,0.0937,$432.62M,-5.93
SOON-ANTFUN,0.0937,$372.32M,35.51
EARNETH-XTZ,0.0936,$372.42M,-4.68
FLUID-AKE,0.0935,$181.81M,32.23
TIBBIR-XCN,0.0935,$236.14M,-0.74
VCNT-USDZ,0.0934,$291.83M,1.06
BONK-AKE,0.0933,$360.47M,27.61
LUNC-INJ,0.0932,$738.13M,-10.14
ZK-USDAI,0.0932,$241.79M,-5.39
ACRED-PIEVERSE,0.0932,$297.12M,-0.3
GEOD-ZAMA,0.0932,$232.16M,12.59
AIAT-BONK,0.0932,$382.93M,-2.34
USTBL-RAIL,0.0931,$250.69M,-4.09
UB-KAITO,0.093,$670.11M,16.6
DAI-DCR,0.093,$293.83M,-2.06
VIRTUAL-COCO,0.093,$553.79M,-7.47
USDAT-THETA,0.093,$265.89M,-2.8
SOSO-PEANUT,0.093,$301.13M,9.09
DRV-GLM,0.0929,$197.41M,-8.86
AKT-KOGE,0.0929,$342.54M,-7.97
USAT-IOTA,0.0929,$332.80M,-3.72
XEC-THETA,0.0929,$245.55M,-12.05
PYTH-BTSE,0.0929,$454.47M,-11.59
OUSG-SAND,0.0928,$505.44M,-4.34
SNX-KOGE,0.0927,$336.58M,-2.31
DYDX-ACRED,0.0926,$212.91M,-3.6
IOTA-FRXUSD,0.0926,$257.50M,-3.72
ULTIMA-XEC,0.0924,$301.16M,-11.75
XCN-SHFL,0.0924,$251.06M,-6.57
USAT-CRCLON,0.0921,$278.08M,0.67
USDAI-AKE,0.0921,$252.96M,31.35
KAU-BONK,0.092,$573.25M,-4.11
AB-AKE,0.092,$192.37M,19.87
NFT-RAY,0.092,$427.53M,-2.76
JTO-MANA,0.0918,$400.02M,-6.97
NFT-BTT,0.0918,$524.00M,-1.26
APR-EDGE,0.0917,$332.36M,-1.18
AB-SNX,0.0917,$219.28M,-13.53
2Z-APXUSD,0.0917,$497.39M,-0.75
SAND-TRUMP,0.0917,$482.58M,-7.2
TEL-GUSD,0.0917,$323.82M,-1.36
BTW-DEXE,0.0916,$508.88M,21.42
1INCH-ACRED,0.0916,$230.86M,-1.59
ZK-UUSD,0.0916,$184.14M,-5.44
GLM-STRCX,0.0916,$235.56M,-0.63
THETA-FRXUSD,0.0916,$236.01M,-2.81
CVX-META,0.0915,$230.23M,11.54
TRAC-FET,0.0915,$429.58M,-8.38
SPX-AVUSD,0.0914,$418.05M,-2.79
LDO-STRCX,0.0914,$443.99M,-1.46
ZANO-AKE,0.0914,$226.68M,27.61
UQC-GOMINING,0.0913,$223.58M,-0.63
SOON-COMP,0.0913,$249.33M,29.46
XEC-RAY,0.0913,$282.46M,-12.11
STAC-CARDS,0.0912,$371.51M,4.74
ZBT-BONK,0.0912,$378.89M,-2.67
RAY-ONYC,0.0911,$409.21M,-2.77
GRX-COCO,0.091,$308.32M,-3.42
META-CHEEMS,0.091,$195.73M,4.74
GLM-ULTIMA,0.0909,$276.46M,-4.98
CHEEMS-SFP,0.0909,$203.05M,-2.15
KOGE-ONYC,0.0909,$460.35M,-0.21
UB-WIF,0.0908,$507.18M,6.04
AB-TIBBIR,0.0906,$203.33M,-9.03
EARNETH-COCO,0.0905,$331.16M,-2.6
REUSD-A,0.0905,$269.72M,-2.35
AVUSD-MX,0.0905,$266.57M,-0.76
NXM-INJ,0.0904,$546.11M,-5.01
USTBL-ZBT,0.0904,$274.79M,1.1
AWE-PIEVERSE,0.0904,$287.90M,-1.69
STRK-CARDS,0.0903,$458.08M,3.54
ONYC-BAT,0.0903,$349.62M,-5.16
USAT-NFT,0.0902,$449.75M,0.03
1INCH-2Z,0.09,$318.15M,-4.1
1INCH-PENGU,0.0898,$487.53M,-2.88
APR-GLIDR,0.0898,$297.77M,-0.3
CAKE-TRUMP,0.0898,$804.58M,-2.84
REUSD-NEX,0.0897,$257.76M,-4.42
STX-KITE,0.0897,$482.52M,-8.45
APR-NEX,0.0896,$286.72M,-3.27
FLUID-FRXUSD,0.0896,$196.21M,0.83
PENGU-PYTH,0.0896,$693.08M,-6.81
ONYC-MET,0.0895,$335.62M,1.44
AB-REUSD,0.0894,$264.28M,-11.45
USDAT-WIF,0.0894,$286.14M,0.62
TIBBIR-KITE,0.0894,$338.49M,2.72
EURC-TRUMP,0.0894,$807.43M,-2.76
LDO-BORG,0.0893,$441.47M,-7.3
BORG-KITE,0.0892,$370.27M,-3.69
TRAC-AIAT,0.0892,$241.64M,-1.85
TEL-PIEVERSE,0.0891,$356.40M,-1.63
CASH-DASH,0.0887,$519.45M,-2.84
WEMIX-SPCXB,0.0887,$185.96M,-7.66
SHFL-XPL,0.0887,$341.99M,-2.71
APEPE-SHORT,0.0886,$298.91M,-2.36
CHEEMS-ACRED,0.0886,$215.36M,0.17
RLB-USTBL,0.0884,$265.11M,2.13
DEXE-USDAI,0.0883,$431.52M,23.1
DAI-STRK,0.0881,$280.26M,-1.18
UB-RLB,0.088,$465.11M,7.49
MWC-MX,0.088,$264.43M,1.89
CARDS-TRAC,0.0878,$392.53M,1.46
DEXE-BSV,0.0877,$532.57M,21.02
VCNT-THETA,0.0877,$290.54M,-1.51
PYTH-RAY,0.0876,$484.37M,-8.28
APR-BSV,0.0875,$454.88M,-0.89
ACRED-AWE,0.0875,$220.86M,-1.53
SAND-XEC,0.0875,$244.64M,-13.64
FF-SN64,0.0875,$282.28M,5.21
MON-GRASS,0.0875,$464.06M,-7.05
VSN-UB,0.0874,$511.73M,6.05
DRV-SOSO,0.0874,$219.23M,4.69
GNO-AVUSD,0.0874,$398.62M,-0.29
WEMIX-ZAMA,0.0874,$238.24M,1.75
Q-WFI,0.0874,$394.49M,-4.51
AB-GUSD,0.0873,$246.35M,-11.46
A7A5-SUN,0.0873,$820.49M,-1.78
BC-NEX,0.0872,$309.90M,0.49
OZO-ZRO,0.0872,$410.05M,1.45
OZO-BSV,0.0872,$383.79M,-2.08
SOSO-XCN,0.0872,$246.25M,7.84
VCNT-MON,0.0871,$412.64M,-1.89
DASH-NFT,0.0871,$661.96M,-2.75
JTO-ANTFUN,0.087,$550.94M,-5.43
LUNC-XPL,0.0868,$499.49M,-3.94
AKT-VCNT,0.0865,$292.84M,-6.44
MANA-GRASS,0.0865,$347.25M,-3.8
THETA-USDAI,0.0863,$283.53M,-2.78
BC-AR,0.0862,$335.62M,3.08
GRX-GEOD,0.0862,$218.44M,3.57
OUSG-PENGU,0.0861,$751.97M,-1.34
GEOD-ANTFUN,0.0861,$376.65M,5.32
USDTB-GOMINING,0.086,$471.09M,-0.61
USDAT-XEC,0.086,$259.26M,-9.31
KAITO-SAND,0.086,$434.46M,6.85
DEXE-XTZ,0.0859,$499.55M,17.73
US-XPL,0.0859,$639.55M,-3.19
USAT-GLIDR,0.0859,$286.61M,-1.54
USDTB-TIBBIR,0.0858,$462.01M,2.41
AB-TRUMP,0.0858,$454.23M,-14.33
ULTIMA-AVUSD,0.0857,$297.68M,-2.41
UUSD-EURCV,0.0856,$249.22M,0.02
USAT-Q,0.0856,$405.18M,-1.68
2Z-XEC,0.0855,$321.79M,-11.86
CHEEMS-JTO,0.0855,$368.95M,-6.82
KMNO-SUN,0.0855,$440.31M,1.69
1INCH-BTT,0.0853,$375.29M,-2.86
APR-SOON,0.0853,$286.40M,35.08
USDAT-TRAC,0.0853,$263.47M,-3.28
UQC-NEX,0.0853,$198.35M,-4.53
APR-FLUID,0.0852,$282.68M,2.06
XTZ-WIF,0.0852,$371.82M,-4.73
A-FRAX,0.0852,$322.36M,-2.14
CHZ-USDF,0.0852,$255.98M,-3.13
PENGU-KOGE,0.0851,$585.87M,-1.63
SEI-FLUID,0.085,$372.84M,-2.19
APXUSD-DCR,0.085,$497.83M,-0.22
MON-BTT,0.085,$507.67M,-4.49
AB-TKX,0.0849,$200.29M,-11.0
STX-RAIL,0.0849,$340.36M,-12.83
SPX-UUSD,0.0848,$401.86M,-2.89
USDAT-FET,0.0848,$445.72M,-5.15
RAIL-PENDLE,0.0848,$340.50M,-7.76
APR-MET,0.0847,$285.81M,2.58
AKT-FLUID,0.0847,$214.68M,-6.83
SNX-TEL,0.0847,$296.75M,-3.43
USDTB-FARTCOIN,0.0846,$478.53M,0.49
JTO-PRL,0.0846,$352.71M,3.66
CASH-GEOD,0.0842,$216.36M,3.68
AVUSD-EURC,0.0842,$566.01M,0.13
USDZ-SHFL,0.0842,$248.79M,-3.57
RLB-ICNT,0.0841,$205.84M,-5.61
VCNT-ZANO,0.0841,$295.60M,-2.48
AVUSD-REAL,0.0841,$365.04M,-0.3
GLM-SUN,0.084,$437.05M,-3.98
ACRED-AVUSD,0.084,$231.02M,-0.01
DASH-PYTH,0.084,$718.79M,-8.26
XPIN-USDF,0.084,$256.74M,0.71
EDGE-RAIL,0.0839,$225.82M,-6.49
SOON-SN64,0.0838,$180.00M,35.41
DRV-CASH,0.0837,$224.66M,-6.37
EARNETH-ANTFUN,0.0837,$429.25M,2.33
SEI-PYTH,0.0837,$607.91M,-8.5
USDA-A7A5,0.0836,$574.38M,-0.51
VIRTUAL-FF,0.0835,$561.85M,-0.48
ZBT-REAL,0.0835,$363.00M,0.73
UB-ZANO,0.0834,$492.00M,1.64
USDAT-AR,0.0834,$255.85M,-1.9
IOTA-SOSO,0.0834,$264.16M,7.36
SPCXB-KOGE,0.0834,$299.68M,-0.78
PYTH-ETHFI,0.0834,$721.25M,-9.86
SYRUP-BONK,0.0832,$472.19M,-6.68
US-ZANO,0.0831,$550.13M,-7.59
USTBL-XEC,0.0831,$280.30M,-9.26
KAITO-ANTFUN,0.0831,$591.58M,12.84
BORG-TRUMP,0.0831,$495.66M,-6.79
UB-ONYC,0.083,$607.04M,5.44
VIRTUAL-ZANO,0.083,$500.73M,-7.92
STAC-EURCV,0.0829,$252.08M,0.11
MWC-ZBT,0.0829,$227.79M,3.47
WEMIX-WFI,0.0829,$274.97M,-10.02
WIF-A,0.0829,$248.63M,-1.74
VCNT-XEC,0.0828,$283.90M,-8.02
ZBT-FET,0.0828,$419.86M,-4.04
LDO-RAY,0.0827,$466.20M,-6.18
USDTB-ZK,0.0827,$439.88M,-5.43
ZRO-USDA,0.0827,$380.93M,1.24
USDTB-BONK,0.0826,$620.47M,-3.8
GPS-NEO,0.0826,$229.78M,-1.55
TAG-BSV,0.0826,$403.56M,14.84
AKT-APYUSD,0.0825,$286.52M,-5.76
BTW-DAI,0.0824,$325.85M,-1.7
KAG-CRVUSD,0.0823,$425.74M,-0.07
KITE-MON,0.0822,$480.20M,-2.89
STAC-THBILL,0.0821,$220.58M,0.18
RLB-GALA,0.0821,$192.89M,-2.49
VIRTUAL-KITE,0.0821,$601.57M,-3.9
CTOC-KOGE,0.0821,$489.15M,-0.11
USDTB-GUSD,0.0818,$505.03M,-0.01
TIA-SOSO,0.0818,$423.08M,7.64
AXS-NFT,0.0818,$408.21M,-4.06
UUSD-FF,0.0818,$292.07M,3.63
SN64-TRUMP,0.0818,$447.38M,-1.31
APR-BTSE,0.0815,$329.50M,-4.95
LDO-CRVUSD,0.0815,$515.25M,-3.43
SPX-BONK,0.0814,$567.02M,-6.59
ZBT-MET,0.0813,$203.36M,2.46
GRASS-SUN,0.0813,$558.16M,-5.36
MX-GUSD,0.0812,$300.09M,-0.77
SPX-KAITO,0.0811,$611.34M,8.37
COCO-REAL,0.0811,$433.28M,-3.66
THBILL-ZAMA,0.0811,$255.75M,9.04
ZBCN-A7A5,0.081,$655.48M,-4.24
STX-SUN,0.081,$592.81M,-10.19
NEO-MX,0.0809,$284.36M,-4.7
DYDX-USAT,0.0808,$283.09M,-3.58
LDO-BTT,0.0808,$562.67M,-4.68
MANA-USDAI,0.0808,$288.82M,0.08
TKX-TAG,0.0807,$248.51M,17.42
THETA-MON,0.0806,$374.29M,-5.93
TIBBIR-ZBT,0.0805,$220.43M,3.54
KOGE-JASMY,0.0805,$425.74M,-1.23
APXUSD-GLM,0.0804,$389.82M,-0.68
GALA-RAIL,0.0804,$178.46M,-8.71
STX-ONYC,0.0804,$496.72M,-8.66
SEI-ZBT,0.0803,$400.50M,-1.97
FF-THBILL,0.0803,$310.22M,3.83
TRUMP-ZAMA,0.0802,$495.20M,6.06
ZANO-PRL,0.0801,$215.23M,6.98
CHEEMS-CHZ,0.08,$244.46M,-2.89
ZANO-KOGE,0.08,$345.31M,-4.02
DAI-RAY,0.0799,$254.06M,-2.84
APR-WEMIX,0.0798,$296.81M,-5.95
DCR-UUSD,0.0795,$302.56M,-2.11
APXUSD-UUSD,0.0794,$394.84M,1.78
KAITO-BORG,0.0794,$447.54M,7.26
VCNT-NEX,0.0794,$254.77M,-3.2
ACRED-CARDS,0.0793,$383.91M,4.64
FRXUSD-AR,0.0793,$225.98M,-1.91
DAI-EARNETH,0.0792,$237.99M,0.7
NEO-BONK,0.0792,$398.72M,-7.64
BORG-NFT,0.0792,$402.79M,-3.88
TIBBIR-UUSD,0.0791,$206.27M,2.41
VSN-USDAI,0.079,$308.33M,0.65
UB-SHORT,0.079,$458.39M,2.65
ONYC-THBILL,0.079,$364.14M,0.2
BTW-FLUID,0.0788,$321.09M,-0.82
STX-MANA,0.0788,$381.90M,-8.63
XEC-XPL,0.0786,$340.04M,-8.62
SPX-USAT,0.0785,$487.30M,-2.89
ZRO-AWE,0.0785,$390.58M,-0.02
DYDX-A7A5,0.0784,$576.07M,-3.84
EARNETH-GLM,0.0784,$241.70M,-1.81
US-GUSD,0.0784,$568.47M,-3.81
XTZ-BTSE,0.0784,$358.59M,-11.52
XTZ-PRL,0.0783,$309.54M,5.34
AWE-GEOD,0.0783,$200.17M,2.23
UQC-GEOD,0.0782,$202.36M,3.63
TIA-ZBT,0.0781,$420.44M,-2.32
BP-ACRED,0.0781,$229.28M,2.83
AB-UQC,0.078,$204.86M,-11.56
GRX-NEX,0.078,$214.43M,-4.58
APR-MWC,0.0778,$310.23M,3.64
APXUSD-FARTCOIN,0.0778,$418.07M,2.37
AWE-GLIDR,0.0778,$207.20M,-2.96
ETHFI-MANA,0.0778,$531.28M,-4.33
CHZ-BONK,0.0778,$409.09M,-6.87
INJ-MX,0.0777,$609.82M,-6.35
COCO-ETHFI,0.0777,$584.11M,-7.72
CRVUSD-AERO,0.0777,$626.42M,0.19
EURC-PYTH,0.0777,$771.40M,-5.37
AIAT-MANA,0.0777,$249.36M,1.5
NEX-AVUSD,0.0776,$206.31M,-4.41
LDO-ZBCN,0.0775,$480.47M,-7.27
FF-AIAT,0.0775,$310.26M,5.09
MON-TRUMP,0.0775,$605.58M,-5.99
DEXE-RAY,0.0774,$437.09M,20.28
STRCX-XPL,0.0774,$361.38M,2.54
CAKE-USDAI,0.0773,$604.63M,-0.01
DRV-ZAMA,0.0772,$240.45M,2.54
OUSG-WIF,0.0771,$526.59M,0.67
KMNO-A,0.0771,$200.31M,0.77
WEMIX-ONYC,0.0771,$346.63M,-7.09
IOTA-ANTFUN,0.0771,$429.88M,-2.05
XEC-EIGEN,0.0771,$260.05M,-15.71
APEPE-XCN,0.0769,$331.02M,-2.82
USAT-BAT,0.0769,$288.64M,-5.26
KITE-PIEVERSE,0.0768,$414.09M,0.03
BTSE-XPIN,0.0768,$278.01M,-5.43
VSN-GLM,0.0767,$245.66M,-1.85
RLB-BAT,0.0767,$207.69M,-3.11
AB-ENS,0.0767,$272.91M,-12.91
REAL-ANTFUN,0.0767,$531.37M,1.27
OZO-MON,0.0766,$373.49M,-3.15
GLM-THETA,0.0765,$220.85M,-5.29
NFT-EURCV,0.0764,$413.96M,0.14
AIAT-EURCV,0.0763,$267.42M,1.48
USDAT-XTZ,0.0762,$365.27M,-5.41
IMX-USDF,0.0761,$339.16M,-4.57
APR-AB,0.076,$293.23M,-10.3
GNO-FLUID,0.076,$368.93M,0.52
IOTA-KOGE,0.076,$361.72M,-3.95
RAIL-BTSE,0.076,$222.96M,-10.26
OZO-TKX,0.0759,$228.74M,0.5
CRVUSD-GEOD,0.0759,$306.40M,3.61
GALA-ONYC,0.0759,$334.82M,-4.54
SOSO-BSV,0.0759,$375.08M,8.95
1INCH-ICNT,0.0758,$217.39M,-9.24
APR-AERO,0.0758,$610.76M,1.46
CASH-COMP,0.0758,$281.34M,-4.44
FLUID-GLIDR,0.0757,$187.67M,-0.63
KAU-MX,0.0756,$458.90M,-1.17
CARDS-BTSE,0.0756,$401.98M,-1.44
GLM-FLOKI,0.0755,$293.27M,-4.0
KMNO-FET,0.0755,$403.94M,-1.97
BTW-AWE,0.0754,$340.62M,-3.15
AB-SOON,0.0754,$186.85M,22.39
UUSD-A7A5,0.0753,$577.99M,-0.36
MON-FET,0.0753,$554.11M,-8.28
INJ-USDAT,0.0752,$599.04M,-5.57
STRK-AIAT,0.0752,$307.19M,0.23
INJ-APEPE,0.0751,$660.60M,-5.16
XEC-PENDLE,0.0751,$370.11M,-12.93
CARDS-XPL,0.075,$489.45M,5.37
USDAT-EURCV,0.0748,$289.24M,0.05
MWC-BONK,0.0747,$378.79M,-1.15
DEXE-PIEVERSE,0.0747,$456.16M,22.88
OHM-MON,0.0747,$524.00M,-3.65
GLM-SFP,0.0747,$197.49M,-4.9
USDTB-FET,0.0745,$661.44M,-5.17
SNX-NEX,0.0745,$212.76M,-6.5
TEL-FET,0.0745,$480.23M,-6.52
EDGE-UQC,0.0744,$243.99M,-2.44
CRVUSD-KOGE,0.0744,$426.20M,-0.35
SOSO-USDAI,0.0744,$274.03M,11.03
WFI-FRAX,0.0743,$394.61M,-2.62
NFT-REAL,0.0742,$513.58M,-0.28
KOGE-BSV,0.0742,$472.64M,-2.36
OUSG-APR,0.0741,$576.64M,1.22
DYDX-XEC,0.074,$217.32M,-12.81
CAKE-USAT,0.074,$632.42M,-0.05
DEXE-MET,0.0739,$363.50M,24.49
VIRTUAL-GLM,0.0739,$464.33M,-6.68
CHEEMS-CRVUSD,0.0739,$312.37M,0.16
GRT-ZRO,0.0738,$446.10M,-1.51
CASH-ONYC,0.0738,$368.22M,0.04
VCNT-ETHFI,0.0738,$564.34M,-3.15
OUSG-OZO,0.0737,$505.55M,0.03
APR-GOMINING,0.0737,$311.95M,0.63
KAU-GPS,0.0736,$404.32M,1.98
ACRED-AKE,0.0736,$210.56M,31.3
CTOC-SOON,0.0735,$365.01M,34.05
OHM-KMNO,0.0734,$373.83M,2.66
SNX-NFT,0.0734,$386.96M,-1.96
SNX-ONYC,0.0734,$368.64M,-1.98
AVUSD-STRCX,0.0733,$256.77M,1.94
STAC-A7A5,0.0732,$580.85M,-0.28
KAITO-REAL,0.0732,$558.33M,10.86
AB-ZBCN,0.0731,$274.12M,-15.42
ZBCN-SOON,0.0731,$267.28M,29.96
CVX-STX,0.0731,$385.33M,-1.68
DAI-WIF,0.073,$237.39M,0.64
ACRED-GUSD,0.073,$264.55M,-0.03
USDTB-MON,0.0729,$603.72M,-3.2
TKX-MX,0.0729,$254.03M,-0.32
OHM-PYTH,0.0729,$597.17M,-5.94
AVUSD-RAIL,0.0729,$205.82M,-4.06
VSN-NEO,0.0728,$284.67M,-3.23
SPX-DEXE,0.0728,$576.16M,20.27
SOON-FRAX,0.0728,$310.08M,34.13
KAITO-RAIL,0.0726,$399.11M,7.1
US-TIBBIR,0.0725,$525.45M,-1.39
GLM-APYUSD,0.0724,$252.89M,-0.58
DEXE-AVUSD,0.0723,$390.06M,23.16
CASH-CAKE,0.0723,$569.21M,-0.02
US-USDAT,0.0723,$558.77M,-3.87
NXM-ZANO,0.0722,$218.03M,-3.22
KAITO-ICNT,0.0722,$410.84M,3.5
BC-ZANO,0.0721,$350.73M,1.21
FLUID-BTT,0.072,$345.76M,-0.47
LDO-APXUSD,0.0719,$598.25M,-1.52
DEXE-ENS,0.0719,$450.15M,21.7
GPS-ANTFUN,0.0719,$378.32M,3.97
GLM-RAIL,0.0719,$184.61M,-6.62
PYTH-EURCV,0.0719,$470.80M,-5.37
KMNO-STRCX,0.0718,$238.82M,5.04
SFP-SHFL,0.0717,$224.13M,-5.75
USDAT-A7A5,0.0716,$618.00M,-0.34
GPS-XPIN,0.0716,$240.91M,3.05
WIF-PIEVERSE,0.0716,$328.43M,0.42
OUSG-ANTFUN,0.0715,$662.56M,1.65
BC-2Z,0.0715,$421.91M,2.38
FLUID-FDUSD,0.0714,$432.38M,0.83
STAC-CHZ,0.0713,$246.78M,-3.09
OZO-TAG,0.0713,$270.36M,16.94
USTBL-CRCLON,0.0713,$253.69M,0.74
USDAT-CHZ,0.0713,$283.94M,-3.15
ULTIMA-ONYC,0.0713,$427.91M,-2.41
BP-GRASS,0.0713,$330.10M,-1.0
MON-XCN,0.0713,$377.85M,-6.36
OZO-ETHFI,0.0712,$525.19M,-4.41
APEPE-BONK,0.0712,$466.31M,-3.37
FLUID-PENDLE,0.0712,$336.94M,-2.78
NEX-AIAT,0.0712,$208.31M,-3.06
VET-USDF,0.0711,$500.79M,-2.61
LUNC-AERO,0.071,$693.27M,-4.34
IMX-ZAMA,0.071,$365.13M,4.33
KITE-ANTFUN,0.071,$514.31M,1.89
RLB-FET,0.0709,$410.19M,-3.02
XEC-FRAX,0.0709,$339.52M,-9.03
EARNETH-CARDS,0.0708,$415.81M,5.41
ZRO-XPIN,0.0708,$429.65M,2.16
STX-CRCLON,0.0708,$343.37M,-8.0
EARNETH-SHFL,0.0707,$268.34M,-2.66
AWE-USDZ,0.0707,$233.21M,-1.66
REUSD-COMP,0.0707,$326.76M,-4.39
XPIN-XCN,0.0707,$274.56M,-2.49
GLIDR-BONK,0.0706,$366.33M,-5.25
A7A5-THBILL,0.0706,$596.14M,-0.16
APR-SNX,0.0705,$318.83M,-0.84
GNO-AIAT,0.0705,$400.62M,1.06
SHORT-MET,0.0705,$186.97M,-1.36
AIAT-GUSD,0.0705,$267.48M,1.44
CAKE-ONYC,0.0704,$693.40M,0.05
BP-XEC,0.0704,$233.69M,-6.39
CARDS-PEANUT,0.0704,$453.40M,2.76
SN64-SOSO,0.0704,$206.58M,12.57
VSN-USDZ,0.0703,$278.28M,0.46
OUSG-APYUSD,0.0703,$538.38M,1.96
APXUSD-MON,0.0703,$543.25M,-1.33
APEPE-CARDS,0.0702,$470.23M,5.09
APXUSD-CRVUSD,0.0702,$507.11M,1.75
MX-FRXUSD,0.0702,$260.51M,-0.85
CAKE-ACRED,0.0701,$562.23M,-0.07
CARDS-PRL,0.0701,$352.94M,15.43
VSN-STRCX,0.07,$291.69M,2.55
TIA-KAITO,0.07,$615.76M,7.81
CARDS-MX,0.07,$419.46M,3.9
JTO-WIF,0.07,$414.98M,-6.41
USDTB-AKT,0.0699,$483.92M,-7.75
KAITO-AR,0.0698,$425.32M,9.34
USDTB-REUSD,0.0697,$522.96M,-0.01
BP-AIAT,0.0697,$232.21M,4.3
ZBT-BTT,0.0697,$373.42M,-0.25
GRX-FF,0.0696,$316.38M,3.56
TIBBIR-WIF,0.0696,$252.83M,3.11
DCR-ONYC,0.0696,$448.98M,-1.99
STAC-1INCH,0.0692,$218.46M,-1.49
EDGE-BC,0.0691,$355.54M,2.58
MWC-ANTFUN,0.0691,$396.15M,3.93
TIBBIR-ONYC,0.0691,$352.69M,2.52
DAI-WEMIX,0.069,$191.47M,-7.15
UQC-FF,0.069,$300.30M,3.62
EDGE-ZBT,0.0689,$249.92M,-1.29
AR-TRUMP,0.0689,$473.44M,-4.71
MWC-KAITO,0.0688,$423.11M,9.82
SPCXB-USDZ,0.0688,$212.92M,-0.71
OUSG-AIAT,0.0687,$498.23M,1.43
RLB-COMP,0.0686,$263.60M,-2.32
AB-GLM,0.0685,$191.61M,-14.01
TRAC-XPL,0.0685,$344.25M,-2.59
CHZ-CRCLON,0.0685,$236.99M,-2.4
APXUSD-REAL,0.0684,$544.12M,1.48
UUSD-USDF,0.0684,$211.62M,-0.06
CRCLON-WFI,0.0683,$267.40M,-2.15
WEMIX-ACRED,0.0682,$215.47M,-7.22
SPCXB-ZAMA,0.0682,$223.35M,8.38
LDO-SEI,0.0681,$589.75M,-6.4
BP-CARDS,0.0681,$383.10M,7.6
USDAT-KMNO,0.068,$237.82M,3.13
USAT-RAY,0.068,$348.23M,-2.87
US-AERO,0.0679,$833.34M,-3.58
FDUSD-WIF,0.0679,$492.44M,0.61
BORG-ZAMA,0.0679,$276.08M,4.94
FRXUSD-SFP,0.0679,$212.65M,-2.42
CASH-AIAT,0.0678,$240.00M,1.39
COCO-AR,0.0678,$300.27M,-5.18
CARDS-SPCXB,0.0678,$354.40M,4.2
ENS-TRAC,0.0678,$299.74M,-4.66
FLOKI-ZBT,0.0677,$312.45M,-0.41
TEL-SHFL,0.0677,$295.71M,-4.77
ZK-USAT,0.0674,$269.58M,-5.43
FLUID-TIBBIR,0.0674,$192.77M,3.33
VSN-CASH,0.0673,$272.91M,0.65
DAI-STAC,0.0673,$193.69M,0.03
TKX-WFI,0.0673,$277.99M,-2.38
TWT-KAITO,0.0673,$457.74M,14.44
COCO-STRCX,0.0673,$325.02M,-1.42
STRCX-SHORT,0.0673,$238.35M,-0.86
STAC-CASH,0.0672,$224.66M,0.02
ETHFI-ZAMA,0.0672,$537.70M,4.48
APR-AVUSD,0.0671,$312.37M,1.25
APXUSD-WIF,0.067,$441.40M,2.48
STX-XPL,0.067,$471.10M,-8.06
IMX-USDAI,0.0669,$384.76M,-4.58
DEXE-TAG,0.0667,$419.15M,40.04
CRVUSD-FARTCOIN,0.0667,$335.06M,0.46
DAI-FRAX,0.0666,$311.12M,0.24
OUSG-STRCX,0.0666,$521.04M,1.91
BP-USDAI,0.0666,$271.67M,2.88
VCNT-FET,0.0666,$470.36M,-3.86
FF-A7A5,0.0666,$670.49M,3.37
STRCX-ONYC,0.0666,$387.00M,1.94
SN64-USDAI,0.0665,$247.43M,1.52
SEI-DEXE,0.0664,$560.63M,20.05
KAITO-BTT,0.0664,$568.74M,9.88
IOTA-XEC,0.0664,$267.03M,-12.96
PENDLE-ZAMA,0.0664,$388.46M,5.24
AKE-TRUMP,0.0663,$452.91M,28.53
MWC-AWE,0.0662,$219.66M,1.77
CASH-AR,0.0662,$238.07M,-1.89
VELVET-ANTFUN,0.0661,$448.81M,-6.19
SNX-FF,0.0661,$314.72M,1.65
USAT-SFP,0.0661,$287.96M,-2.43
VELVET-APXUSD,0.066,$461.56M,-5.98
TIA-AERO,0.066,$720.86M,-3.14
APEPE-OHM,0.0659,$477.17M,-0.11
BC-AXS,0.0658,$363.26M,0.82
TIBBIR-SHORT,0.0658,$204.04M,-0.28
JTO-MON,0.0658,$516.83M,-10.22
XEC-VET,0.0658,$508.41M,-11.89
STAC-MET,0.0657,$192.06M,1.42
KAU-CRVUSD,0.0657,$520.36M,-0.43
INJ-MON,0.0656,$707.43M,-8.7
CASH-KOGE,0.0655,$336.17M,-0.29
AXS-ANTFUN,0.0654,$426.00M,-2.51
SOON-FRXUSD,0.0654,$199.93M,33.85
TAG-PEANUT,0.0654,$329.60M,14.98
KAU-GRASS,0.0653,$524.18M,-4.25
ZRO-ZBT,0.0653,$398.70M,2.53
SPCXB-XPL,0.0652,$306.12M,0.15
EDGE-BTSE,0.065,$269.09M,-8.52
USTBL-GLM,0.065,$255.60M,-2.49
ANTFUN-AERO,0.065,$696.68M,1.89
FLUID-USDZ,0.0649,$213.68M,0.67
COCO-PEANUT,0.0649,$368.76M,-5.25
XTZ-REUSD,0.0649,$392.91M,-5.34
BC-REUSD,0.0648,$387.00M,5.0
DASH-USDF,0.0648,$509.27M,-2.82
FDUSD-PEANUT,0.0647,$530.63M,-1.98
COCO-FET,0.0646,$490.14M,-8.42
RLB-ZRO,0.0644,$389.03M,3.55
AWE-TEL,0.0644,$280.14M,-2.86
GALA-USDF,0.0644,$200.45M,-4.6
REUSD-AERO,0.0643,$581.81M,0.3
SPX-ZBT,0.0642,$416.02M,-1.76
CVX-WFI,0.0642,$309.36M,4.17
UB-TRUMP,0.0641,$718.23M,2.55
AB-PIEVERSE,0.0641,$278.93M,-11.73
KOGE-SUN,0.0641,$556.44M,-1.74
SPX-ONYC,0.0639,$548.28M,-2.78
OUSG-REAL,0.0639,$629.31M,-0.33
OZO-META,0.0639,$220.71M,4.51
GOMINING-ZAMA,0.0637,$253.37M,8.33
BC-XEC,0.0636,$339.03M,-4.32
GRX-XEC,0.0636,$243.55M,-9.4
UUSD-PEANUT,0.0636,$284.32M,-2.0
TEL-WFI,0.0636,$348.86M,-4.27
ZRO-BP,0.0635,$398.99M,4.34
FLUID-IOTA,0.0635,$233.86M,-2.81
VSN-GPS,0.0634,$246.90M,3.0
AB-MANA,0.0634,$228.23M,-11.41
CASH-SHORT,0.0634,$219.57M,-2.76
USDA-FRXUSD,0.0634,$206.10M,-0.24
TIA-USDAI,0.0632,$463.93M,-3.41
WEMIX-NEX,0.0632,$190.75M,-11.61
APXUSD-BONK,0.0631,$560.00M,-1.92
KAITO-USDA,0.0631,$405.45M,11.01
USDAT-SFP,0.063,$242.53M,-2.41
WEMIX-NFT,0.063,$364.95M,-7.08
OZO-USDAI,0.0629,$282.73M,-0.0
CHEEMS-SPCXB,0.0629,$185.85M,-0.28
VCNT-JASMY,0.0628,$376.03M,0.3
UB-CRVUSD,0.0627,$572.89M,5.31
CHEEMS-SOSO,0.0627,$216.91M,11.28
STX-SFP,0.0627,$353.25M,-11.1
VIRTUAL-ZAMA,0.0626,$507.38M,4.73
KAITO-STRCX,0.0626,$450.06M,13.1
OZO-GUSD,0.0625,$274.80M,0.04
PENGU-ANTFUN,0.0625,$654.02M,0.27
AB-JTO,0.0624,$365.48M,-18.56
NEX-BSV,0.0624,$348.82M,-6.55
1INCH-KMNO,0.0623,$213.84M,1.63
RLB-OHM,0.0623,$380.08M,1.61
KAU-MANA,0.0622,$439.69M,-0.27
EARNETH-FF,0.0622,$339.23M,4.39
TIBBIR-NEX,0.0622,$196.81M,-2.0
NEO-AVUSD,0.0622,$249.75M,-3.84
ACRED-FRAX,0.0622,$335.11M,0.18
PENGU-USDF,0.0622,$483.56M,-1.36
ICNT-ANTFUN,0.0621,$383.88M,-6.09
VSN-SPCXB,0.062,$236.43M,0.15
BORG-AERO,0.062,$552.64M,-3.69
FET-SHFL,0.062,$427.32M,-8.49
ZBT-ONYC,0.0619,$360.15M,1.14
TIBBIR-TRUMP,0.0618,$463.87M,-0.38
CVX-JTO,0.0617,$403.45M,-0.02
GLM-KOGE,0.0617,$308.91M,-2.78
USDTB-USDA,0.0616,$451.70M,-0.25
EDGE-A7A5,0.0614,$614.18M,-2.68
AB-KAG,0.0613,$310.54M,-11.49
APYUSD-SUN,0.0613,$500.42M,0.47
LUNC-GPS,0.0612,$374.91M,-2.26
CRVUSD-SHORT,0.0612,$309.60M,-2.82
USDAI-EURCV,0.0612,$306.87M,0.06
ZK-AVUSD,0.0611,$200.33M,-5.33
FF-TEL,0.0611,$366.60M,2.28
JTO-USDAI,0.0611,$426.07M,-7.07
WIF-XEC,0.061,$265.80M,-8.63
SAND-SPCXB,0.0609,$210.72M,-4.87
XTZ-EIGEN,0.0608,$366.07M,-11.81
REUSD-BTT,0.0607,$426.91M,-1.29
SAND-SHFL,0.0606,$246.59M,-7.73
AWE-XEC,0.0606,$225.28M,-10.74
TEL-MX,0.0606,$324.90M,-2.21
UUSD-STRCX,0.0605,$240.58M,1.83
CRVUSD-STRCX,0.0605,$352.84M,1.81
VCNT-SN64,0.0605,$254.44M,2.79
IMX-KMNO,0.0604,$325.34M,-1.41
CASH-PRL,0.0603,$206.09M,10.71
USAT-MET,0.0602,$274.64M,1.34
INJ-AWE,0.0601,$565.06M,-7.0
EDGE-USDZ,0.06,$263.36M,-2.58
SOON-XPL,0.06,$310.60M,34.54
PYTH-REAL,0.06,$570.42M,-5.8
APYUSD-PEANUT,0.06,$342.66M,-0.01
KMNO-ANTFUN,0.0599,$380.33M,4.78
TAG-EIGEN,0.0599,$285.66M,10.5
BTT-CRCLON,0.0598,$352.33M,-0.62
LDO-ANTFUN,0.0597,$585.50M,-1.72
SAND-KITE,0.0597,$357.19M,-4.1
ZBT-THBILL,0.0597,$231.88M,1.23
USTBL-ANTFUN,0.0596,$443.15M,1.65
CARDS-WIF,0.0596,$415.21M,5.36
OUSG-APXUSD,0.0595,$675.31M,1.85
FLUID-SFP,0.0595,$189.02M,-1.52
GPS-CARDS,0.0595,$364.88M,7.05
TAG-SOSO,0.0594,$261.66M,27.97
APR-KAG,0.0593,$410.08M,1.2
AB-Q,0.0592,$316.79M,-13.13
USTBL-REUSD,0.0592,$328.27M,0.06
GNO-NFT,0.0592,$547.17M,-0.27
TWT-TAG,0.0592,$293.53M,20.15
ZANO-AERO,0.0592,$545.53M,-3.48
GPS-CTOC,0.0591,$371.01M,2.51
XTZ-BONK,0.0591,$490.42M,-9.13
SNX-WIF,0.0591,$268.78M,-1.38
ZANO-KITE,0.0591,$363.16M,-3.49
KOGE-TRUMP,0.0591,$571.54M,-3.11
BC-IOTA,0.059,$367.14M,1.28
LDO-PRL,0.0589,$387.27M,7.38
DEXE-REUSD,0.0589,$441.51M,23.15
COCO-THBILL,0.0589,$302.15M,-3.16
GLM-RAY,0.0589,$257.77M,-5.34
XTZ-AWE,0.0589,$331.29M,-6.84
1INCH-STRK,0.0588,$305.03M,-2.7
NEX-AKE,0.0588,$185.85M,26.9
EURCV-SHFL,0.0588,$270.84M,-3.3
SEI-AERO,0.0587,$700.93M,-2.79
USDTB-PYTH,0.0587,$676.88M,-5.49
APYUSD-BONK,0.0587,$423.07M,-1.81
EDGE-CHEEMS,0.0586,$236.29M,-2.14
DEXE-GLM,0.0586,$368.84M,20.59
PIEVERSE-ZAMA,0.0586,$319.89M,8.66
CHZ-GRASS,0.0586,$360.01M,-7.01
VELVET-BC,0.0585,$386.07M,-2.85
TKX-AVUSD,0.0585,$219.42M,0.55
AWE-MON,0.0585,$354.02M,-4.62
WFI-EURCV,0.0585,$323.98M,-2.8
DEXE-XCN,0.0584,$403.74M,19.91
VCNT-GALA,0.0584,$253.06M,-3.33
VET-ANTFUN,0.0584,$671.26M,-0.98
DRV-UUSD,0.0583,$202.43M,-6.4
EURC-SHFL,0.0583,$571.44M,-3.3
LDO-SN64,0.0582,$393.19M,-1.82
GALA-SPCXB,0.0582,$174.15M,-5.11
A7A5-Q,0.0582,$698.16M,-1.95
AXS-SOON,0.0581,$233.70M,29.75
STRK-APYUSD,0.0581,$347.34M,0.76
AVUSD-THBILL,0.0581,$233.91M,0.2
GRX-FET,0.058,$430.02M,-5.24
COCO-VET,0.058,$573.18M,-5.91
PRL-WFI,0.058,$258.61M,7.85
TKX-APYUSD,0.0579,$261.57M,2.43
TEL-Q,0.0579,$394.27M,-3.04
DEXE-GPS,0.0578,$370.09M,25.45
GLM-SN64,0.0578,$184.75M,-0.98
KAITO-SPCXB,0.0576,$394.80M,10.7
NXM-XEC,0.0575,$206.33M,-8.75
BC-WIF,0.0574,$365.91M,5.61
AB-CVX,0.0574,$231.66M,-4.46
FLUID-ONYC,0.0574,$332.49M,0.93
AWE-GRASS,0.0573,$321.69M,-5.35
SOSO-JASMY,0.0573,$328.18M,10.08
INJ-SHORT,0.0572,$556.79M,-8.28
CVX-COCO,0.0572,$319.04M,3.74
INJ-STX,0.0571,$709.75M,-14.26
OZO-XEC,0.0571,$244.75M,-9.27
JTO-TEL,0.0571,$442.95M,-8.46
APEPE-AIAT,0.057,$319.34M,1.79
CARDS-AVUSD,0.057,$384.84M,4.76
FF-STRCX,0.057,$333.08M,5.57
DAI-A,0.0569,$193.34M,-2.4
STAC-SUN,0.0569,$444.93M,-1.44
RAIL-SOSO,0.0569,$206.43M,6.93
OHM-REUSD,0.0567,$443.24M,-0.45
ZK-A7A5,0.0567,$562.56M,-5.7
1INCH-AERO,0.0566,$530.19M,-1.26
COCO-EIGEN,0.0566,$324.81M,-9.73
DAI-PEANUT,0.0565,$275.59M,-1.95
ONYC-ZAMA,0.0565,$384.02M,8.95
GRX-CAKE,0.0564,$571.29M,-0.12
KAU-WIF,0.0562,$454.65M,0.3
ICNT-GEOD,0.0562,$195.92M,-4.02
TWT-SUN,0.0561,$490.76M,1.75
VSN-AERO,0.056,$565.27M,0.93
EARNETH-FRXUSD,0.056,$256.86M,0.67
CHEEMS-ULTIMA,0.056,$282.02M,-2.23
VCNT-STX,0.056,$414.96M,-7.45
USDTB-ULTIMA,0.0557,$537.22M,-2.51
OZO-ENS,0.0557,$301.37M,-1.4
META-USDZ,0.0557,$222.80M,4.3
STX-WFI,0.0557,$425.06M,-11.59
AXS-FF,0.0556,$335.97M,-0.45
UUSD-GUSD,0.0556,$249.29M,-0.02
INJ-TKX,0.0555,$562.68M,-5.04
XTZ-UUSD,0.0555,$325.26M,-5.43
ACRED-FET,0.0555,$420.96M,-5.19
CRVUSD-AKE,0.0554,$307.57M,31.28
MANA-USDF,0.0554,$243.22M,0.09
GLIDR-WFI,0.0554,$275.93M,-4.37
ZANO-ETHFI,0.0553,$531.05M,-8.17
KITE-SN64,0.0553,$321.99M,1.79
APXUSD-JASMY,0.0552,$506.64M,0.87
USAT-AR,0.0552,$301.28M,-1.92
BSV-SHFL,0.0551,$379.89M,-5.45
OHM-COCO,0.055,$460.03M,-3.79
DAI-EURC,0.0549,$541.09M,0.07
CVX-USDAI,0.0549,$292.25M,7.03
AKT-GRASS,0.0549,$344.26M,-11.59
GPS-RAIL,0.0549,$185.85M,-1.77
GPS-EURCV,0.0549,$245.45M,2.41
OHM-SHORT,0.0548,$373.36M,-3.23
ULTIMA-ZBT,0.0548,$295.65M,-1.39
FF-BTSE,0.0548,$325.40M,-2.46
TIA-FF,0.0547,$498.78M,0.28
MX-USDAI,0.0547,$308.03M,-0.82
APYUSD-USDF,0.0547,$269.97M,1.93
EDGE-AIAT,0.0546,$253.95M,-0.97
USDTB-CTOC,0.0546,$630.52M,0.12
OZO-FARTCOIN,0.0546,$248.31M,0.55
TIBBIR-CARDS,0.0546,$375.35M,7.17
SFP-GUSD,0.0546,$252.24M,-2.35
FET-ZAMA,0.0546,$443.73M,3.77
GRT-USAT,0.0545,$346.57M,-3.0
SEI-SOSO,0.0545,$403.14M,7.99
APR-Q,0.0544,$416.34M,-0.44
FF-FRAX,0.0544,$412.35M,3.93
FARTCOIN-GOMINING,0.0544,$238.57M,-0.02
BORG-USDF,0.0543,$250.11M,-3.95
MWC-FLUID,0.0542,$200.13M,4.37
RLB-DYDX,0.0541,$202.14M,-1.43
NXM-APXUSD,0.054,$381.93M,2.36
CTOC-BONK,0.054,$539.95M,-3.58
CARDS-FF,0.054,$461.15M,8.39
VELVET-GRX,0.0539,$290.60M,-7.93
ACRED-PYTH,0.0539,$436.40M,-5.51
LUNC-ZBT,0.0538,$392.84M,-3.52
OUSG-SFP,0.0537,$482.98M,-2.36
INJ-US,0.0537,$878.20M,-9.38
GPS-ACRED,0.0537,$211.05M,2.27
OUSG-EIGEN,0.0536,$520.84M,-6.41
GRT-BC,0.0536,$380.91M,2.0
IMX-ANTFUN,0.0535,$509.63M,-2.94
KAU-OZO,0.0535,$433.60M,-0.35
CASH-AVUSD,0.0535,$237.99M,0.04
USTBL-KMNO,0.0534,$258.86M,3.18
USDA-TRUMP,0.0534,$453.57M,-3.04
VCNT-GOMINING,0.0533,$280.01M,0.7
KOGE-SYRUP,0.0532,$421.40M,-3.2
DAI-BSV,0.0531,$349.54M,-2.09
SFP-ZAMA,0.0531,$240.54M,6.51
1INCH-XEC,0.053,$235.27M,-10.8
UQC-ACRED,0.053,$223.06M,-0.13
ZANO-TAG,0.053,$276.23M,13.18
NEX-SHFL,0.053,$211.73M,-7.83
IOTA-SOON,0.053,$237.58M,30.21
OUSG-RAIL,0.0529,$470.09M,-4.09
LDO-TIBBIR,0.0529,$409.68M,-0.89
SOON-XCN,0.0529,$219.67M,30.68
STAC-ZRO,0.0528,$387.40M,1.48
USDAT-GOMINING,0.0528,$255.36M,-0.59
IMX-LDO,0.0527,$530.52M,-7.91
OUSG-FET,0.0527,$686.17M,-5.1
GRT-USDAT,0.0527,$301.14M,-2.98
APXUSD-TRAC,0.0527,$418.72M,-1.42
ZANO-MX,0.0527,$281.75M,-4.56
SEI-RAIL,0.0526,$376.40M,-7.17
AKT-USDZ,0.0526,$255.78M,-7.9
SOON-PENGU,0.0526,$461.73M,32.52
VET-USDAI,0.0526,$546.39M,-2.62
LUNC-CASH,0.0524,$400.92M,-4.62
1INCH-THETA,0.0524,$241.91M,-4.3
EARNETH-UUSD,0.0524,$246.73M,0.65
OZO-MET,0.0524,$214.71M,1.39
STRK-TAG,0.0524,$334.28M,15.76
CASH-SUN,0.0523,$464.31M,-1.48
WEMIX-FRXUSD,0.0523,$210.35M,-7.19
KITE-XCN,0.0523,$361.66M,-2.94
RAIL-ETHFI,0.0523,$489.73M,-8.53
US-SOSO,0.0522,$535.55M,7.19
CARDS-BONK,0.0522,$533.81M,0.96
NXM-WFI,0.0521,$261.41M,-2.34
NEX-A,0.0521,$192.62M,-6.85
2Z-APYUSD,0.052,$360.46M,-0.64
GRT-A,0.0518,$263.63M,-5.34
OZO-ANTFUN,0.0518,$407.60M,1.64
FDUSD-JTO,0.0518,$614.73M,-7.1
A7A5-SFP,0.0518,$580.94M,-2.7
ZRO-BSV,0.0517,$543.25M,-0.64
META-FLUID,0.0517,$181.70M,5.37
DAI-SOON,0.0516,$181.06M,33.88
ICNT-STX,0.0516,$352.09M,-16.43
UUSD-TAG,0.0516,$244.85M,16.88
STRK-GUSD,0.0515,$338.72M,-1.14
KAITO-SYRUP,0.0514,$516.52M,8.29
MON-ANTFUN,0.0514,$530.50M,-1.53
2Z-SPCXB,0.0513,$287.87M,-3.09
RLB-EDGE,0.0512,$240.25M,-0.27
SEI-COCO,0.0512,$470.77M,-6.36
LDO-USDA,0.0511,$399.37M,-3.55
BTSE-GUSD,0.0511,$282.62M,-6.11
VSN-INJ,0.051,$610.13M,-4.88
US-WEMIX,0.051,$519.39M,-10.99
EIGEN-APYUSD,0.0508,$298.72M,-4.49
REAL-FRXUSD,0.0508,$358.98M,-0.39
CVX-AVUSD,0.0507,$250.79M,7.09
AWE-AVUSD,0.0507,$221.80M,-1.41
STX-FRAX,0.0507,$470.58M,-8.47
OZO-Q,0.0506,$345.25M,-1.63
CTOC-VCNT,0.0506,$439.45M,1.43
APR-INJ,0.0505,$655.63M,-4.34
TKX-XTZ,0.0505,$328.92M,-4.88
SPCXB-COMP,0.0505,$244.86M,-4.94
PEANUT-ANTFUN,0.0505,$466.84M,-0.32
COCO-XTZ,0.0504,$409.69M,-8.68
USAT-VET,0.0503,$574.19M,-2.65
NEO-UUSD,0.0502,$233.56M,-3.95
ZRO-VCNT,0.05,$449.20M,2.71
OHM-CAKE,0.05,$723.00M,-0.5
USDA-KITE,0.05,$328.18M,0.06
GALA-KOGE,0.0499,$302.76M,-4.87
NFT-USDZ,0.0499,$391.91M,-0.13
KOGE-BONK,0.0499,$479.09M,-4.02
DAI-GPS,0.0498,$187.06M,2.33
A-MANA,0.0498,$233.67M,-2.3
FLUID-RAY,0.0497,$249.29M,-1.96
XTZ-PENDLE,0.0497,$476.13M,-9.03
VSN-XTZ,0.0496,$376.37M,-4.72
RLB-CASH,0.0496,$226.29M,2.09
CAKE-UUSD,0.0496,$546.98M,-0.06
MX-ANTFUN,0.0496,$432.90M,0.82
FRXUSD-XCN,0.0496,$239.58M,-3.24
NEO-ZANO,0.0495,$264.94M,-7.64
COCO-BTT,0.0494,$443.69M,-4.64
CHZ-USDZ,0.0494,$271.53M,-3.33
SOSO-AKE,0.0494,$212.11M,42.4
AVUSD-STX,0.0493,$366.49M,-8.66
MWC-USAT,0.0491,$299.07M,2.58
TWT-CARDS,0.0491,$417.33M,7.93
ICNT-TEL,0.0491,$275.89M,-9.11
CVX-AERO,0.049,$549.19M,7.3
TIBBIR-SUN,0.049,$448.78M,0.99
SPCXB-TRUMP,0.049,$442.92M,-3.35
SPX-LDO,0.0489,$605.27M,-6.19
AB-EURCV,0.0489,$246.28M,-11.42
KAITO-SHFL,0.0488,$430.67M,7.84
BTSE-SHFL,0.0488,$254.51M,-9.51
US-NFT,0.0487,$683.49M,-3.77
GLM-PENGU,0.0487,$466.48M,-3.87
XPIN-BONK,0.0487,$409.84M,-3.04
DAI-WFI,0.0485,$265.59M,-2.88
EDGE-ANTFUN,0.0485,$418.28M,-0.75
FDUSD-PENDLE,0.0485,$596.75M,-3.69
VSN-NEX,0.0484,$241.22M,-3.8
IMX-CRVUSD,0.0484,$439.37M,-4.64
WIF-GEOD,0.0484,$240.69M,4.34
TWT-XTZ,0.0483,$373.94M,-2.16
KITE-JASMY,0.0483,$443.59M,-0.7
WFI-USDZ,0.0483,$301.93M,-3.08
INJ-EURCV,0.0482,$608.67M,-5.47
USDTB-JASMY,0.0482,$567.11M,-1.01
ZANO-SYRUP,0.0482,$338.41M,-6.68
KITE-VET,0.0482,$620.96M,-2.35
KMNO-ONYC,0.0481,$344.23M,3.21
IOTA-ONYC,0.0481,$393.78M,-3.62
RAIL-BONK,0.0481,$354.79M,-7.86
SPX-KITE,0.048,$534.08M,-2.58
GRT-ANTFUN,0.048,$443.65M,-1.33
VELVET-OHM,0.048,$442.31M,-8.31
TIBBIR-PYTH,0.048,$427.85M,-2.99
STAC-UUSD,0.0479,$202.43M,-0.02
XTZ-AVUSD,0.0478,$341.45M,-5.33
AWE-TAG,0.0478,$250.89M,15.47
LUNC-A7A5,0.0477,$757.10M,-4.91
RLB-ULTIMA,0.0477,$285.97M,-0.36
OZO-JTO,0.0477,$393.93M,-7.05
ZBT-BAT,0.0476,$217.36M,-4.13
1INCH-FLOKI,0.0475,$314.33M,-3.02
LDO-WIF,0.0475,$449.54M,-2.7
STAC-AKE,0.0474,$198.17M,31.4
ZRO-SFP,0.0473,$387.49M,-0.94
FLUID-BP,0.0473,$200.52M,3.76
GLM-EIGEN,0.0473,$235.35M,-8.94
GNO-XTZ,0.0472,$508.12M,-5.72
VSN-A,0.0471,$253.18M,-1.73
STAC-AKT,0.0471,$231.04M,-7.67
MWC-VCNT,0.0471,$278.29M,4.41
XTZ-SOSO,0.0471,$342.06M,5.66
LDO-FLUID,0.047,$389.48M,-2.48
US-CARDS,0.047,$687.83M,0.86
RAIL-TRAC,0.047,$213.51M,-7.36
MANA-ONYC,0.047,$377.59M,0.15
CAKE-CRVUSD,0.0469,$659.24M,-0.08
INJ-GLIDR,0.0468,$560.62M,-7.03
BP-FF,0.0468,$306.52M,6.58
DEXE-TIBBIR,0.0467,$380.57M,25.57
NEO-XPL,0.0467,$354.36M,-3.23
PENDLE-XPL,0.0467,$471.24M,-2.99
1INCH-APEPE,0.0466,$317.18M,-1.15
APYUSD-MON,0.0466,$406.32M,-1.22
GRASS-SHFL,0.0465,$337.27M,-7.26
OHM-FDUSD,0.0464,$621.90M,-0.53
ZK-ANTFUN,0.0464,$366.66M,-3.76
NEX-FARTCOIN,0.0464,$213.34M,-3.93
A-SFP,0.0464,$205.02M,-4.78
LDO-ZAMA,0.0463,$441.01M,5.55
AB-CRCLON,0.0463,$189.70M,-10.78
ULTIMA-CRCLON,0.0463,$274.55M,-1.75
ICNT-EURCV,0.0463,$251.01M,-7.64
SPX-ZANO,0.0461,$433.24M,-6.59
VSN-PYTH,0.046,$472.25M,-4.78
BTW-FDUSD,0.046,$580.90M,-1.73
USDA-ZAMA,0.046,$233.99M,8.69
DAI-PRL,0.0459,$175.12M,10.72
DEXE-AB,0.0458,$370.92M,11.61
USAT-GALA,0.0457,$273.84M,-4.64
ONYC-FRXUSD,0.0457,$356.13M,0.02
CASH-AXS,0.0456,$265.71M,-4.15
USDAT-FLUID,0.0456,$226.09M,0.84
GUSD-AERO,0.0456,$563.88M,0.3
JASMY-BONK,0.0456,$476.53M,-4.71
IMX-AERO,0.0455,$641.69M,-4.3
KAU-UUSD,0.0455,$408.09M,-0.41
KAG-SOSO,0.0454,$330.28M,11.05
USDTB-PEANUT,0.0453,$540.06M,-1.99
AWE-SNX,0.0453,$228.26M,-3.49
BORG-RAIL,0.0453,$228.11M,-8.06
PYTH-MANA,0.0453,$452.74M,-5.36
TWT-PYTH,0.0452,$469.83M,-2.22
CTOC-CRCLON,0.0452,$367.85M,0.89
FF-REAL,0.0452,$441.34M,3.33
INJ-WIF,0.0451,$605.58M,-4.89
ZRO-SUN,0.0451,$627.04M,-0.02
KITE-AR,0.0451,$348.06M,-1.61
GRT-GRX,0.045,$285.44M,-3.07
TKX-FLUID,0.045,$189.73M,1.36
NEX-GEOD,0.045,$184.67M,-0.77
SPCXB-PENGU,0.045,$457.25M,-1.87
BSV-ZAMA,0.045,$396.30M,6.81
APR-PYTH,0.0449,$517.75M,-4.25
USDAT-TAG,0.0449,$284.87M,16.9
KITE-SYRUP,0.0449,$439.25M,-2.66
GLM-USDF,0.0448,$206.60M,-2.52
WIF-GUSD,0.0448,$295.85M,0.69
PYTH-AR,0.0448,$437.41M,-7.32
INJ-EARNETH,0.0447,$606.18M,-4.83
FRXUSD-BSV,0.0446,$368.41M,-2.12
CASH-CTOC,0.0445,$397.02M,0.15
STX-USDAI,0.0445,$407.96M,-8.73
TRAC-SHFL,0.0445,$245.07M,-6.62
WFI-XPL,0.0445,$395.13M,-2.21
FLUID-CTOC,0.0444,$361.29M,1.03
NXM-KAITO,0.0443,$396.14M,11.75
GLM-SOON,0.0443,$184.77M,31.37
USDTB-AVUSD,0.0442,$471.50M,0.01
APXUSD-TWT,0.0442,$443.52M,5.05
CAKE-TRAC,0.0442,$570.86M,-3.26
DASH-XEC,0.0442,$516.89M,-12.1
COCO-PENGU,0.0441,$555.94M,-4.66
OUSG-AB,0.044,$477.09M,-11.47
CARDS-USDZ,0.044,$396.26M,4.51
JTO-CRCLON,0.044,$361.49M,-6.34
UB-UQC,0.0439,$468.86M,5.32
NEO-SOON,0.0439,$223.78M,29.99
DRV-VCNT,0.0438,$267.09M,-5.09
USDAT-CRCLON,0.0438,$232.65M,0.69
UUSD-GRASS,0.0438,$315.65M,-3.94
TEL-BAT,0.0437,$277.73M,-6.61
INJ-PRL,0.0436,$543.31M,5.19
LDO-TIA,0.0435,$609.69M,-6.75
KAG-FARTCOIN,0.0435,$336.70M,0.55
ENS-TAG,0.0435,$321.14M,15.52
BC-APEPE,0.0434,$420.93M,5.34
EARNETH-XEC,0.0433,$266.40M,-8.58
VSN-ZANO,0.0432,$282.05M,-3.09
VSN-TEL,0.0432,$325.21M,-0.74
VELVET-SPCXB,0.0432,$252.04M,-8.33
DEXE-SNX,0.0432,$396.52M,21.07
GNO-GLM,0.0432,$377.41M,-2.86
AVUSD-COMP,0.0431,$275.30M,-4.37
NEX-PIEVERSE,0.043,$272.41M,-4.7
TEL-ZAMA,0.043,$312.13M,7.5
EURC-NFT,0.043,$714.56M,0.15
CARDS-USDF,0.0429,$380.71M,4.71
REUSD-SUN,0.0429,$509.72M,-1.43
GPS-CRVUSD,0.0428,$308.06M,2.26
GNO-WFI,0.0427,$457.19M,-3.22
AIAT-TRUMP,0.0427,$475.37M,-1.43
KAU-ZANO,0.0426,$439.47M,-4.1
APEPE-GPS,0.0426,$297.37M,2.72
GRT-KITE,0.0425,$393.35M,-2.69
AKE-USDF,0.0425,$207.36M,31.36
OUSG-BORG,0.0424,$518.52M,-3.93
GRX-CARDS,0.0424,$392.96M,4.59
KAITO-AIAT,0.0424,$427.25M,12.62
GLIDR-ONYC,0.0424,$347.59M,-1.44
ZRO-FET,0.0423,$590.67M,-3.68
LDO-KOGE,0.0422,$517.34M,-3.62
2Z-USDAI,0.0422,$359.77M,-2.59
ZBCN-ACRED,0.0422,$292.31M,-3.99
KMNO-SHFL,0.0422,$219.42M,-0.21
DASH-SOON,0.042,$487.44M,31.07
APR-GEOD,0.0418,$290.74M,4.89
GRT-APXUSD,0.0417,$456.40M,-1.12
CASH-BTSE,0.0417,$255.13M,-6.16
LUNC-KITE,0.0415,$510.90M,-4.34
DRV-CRVUSD,0.0414,$314.69M,-6.43
Q-ANTFUN,0.0414,$502.26M,-0.01
THETA-ZAMA,0.0413,$263.90M,6.12
USDTB-BAT,0.0412,$458.94M,-5.26
NXM-USAT,0.0411,$272.10M,0.49
KAITO-EURC,0.0411,$759.30M,11.29
SAND-ANTFUN,0.0411,$407.50M,-2.73
VSN-FLUID,0.041,$237.18M,1.53
KITE-GLIDR,0.041,$333.39M,-1.23
STRK-USDF,0.0409,$301.05M,-1.18
ZBCN-TEL,0.0408,$351.59M,-5.32
NXM-ANTFUN,0.0407,$369.18M,2.16
COCO-A7A5,0.0407,$662.43M,-3.61
BTT-GUSD,0.0407,$408.98M,-1.3
USDTB-VET,0.0406,$744.48M,-2.66
USDA-XPL,0.0406,$316.76M,0.46
RLB-SNX,0.0405,$226.71M,0.07
SHORT-SYRUP,0.0405,$304.80M,-5.67
EARNETH-ZBT,0.0404,$260.89M,1.79
FLUID-AIAT,0.0404,$204.27M,2.28
FF-AERO,0.0403,$606.66M,3.95
USDTB-TIA,0.0402,$662.01M,-3.45
ZRO-FARTCOIN,0.0402,$407.77M,1.98
KAITO-SN64,0.0402,$399.26M,12.74
CRVUSD-TAG,0.0402,$357.12M,16.85
CRVUSD-A,0.0402,$314.34M,-2.47
REUSD-CRCLON,0.0402,$260.29M,0.76
SPCXB-BSV,0.0402,$344.03M,-2.6
KAITO-VET,0.0401,$698.23M,8.6
UQC-JTO,0.04,$376.66M,-7.13
BTW-NFT,0.0399,$499.32M,-1.62
UUSD-NFT,0.0399,$364.31M,0.02
OUSG-ETHFI,0.0398,$780.14M,-4.4
APR-USDZ,0.0398,$323.78M,0.99
EARNETH-USDTB,0.0398,$502.46M,0.66
AVUSD-ETHFI,0.0398,$515.87M,-4.36
WIF-FRXUSD,0.0398,$256.27M,0.61
CVX-US,0.0397,$553.78M,3.19
ACRED-MX,0.0397,$265.63M,-0.88
CRCLON-GUSD,0.0397,$242.36M,0.76
INJ-EURC,0.0395,$909.27M,-5.47
STAC-DYDX,0.0394,$200.51M,-3.5
BC-KMNO,0.0394,$317.59M,8.11
ZBCN-PYTH,0.0394,$498.63M,-9.37
STAC-EURC,0.0393,$552.68M,0.11
USDTB-FDUSD,0.0393,$701.62M,-0.08
US-GPS,0.0393,$514.98M,-1.51
IOTA-USDF,0.0393,$259.41M,-3.68
SPCXB-BAT,0.0393,$188.95M,-5.73
CHZ-A7A5,0.0392,$622.34M,-3.43
SPCXB-RAIL,0.0391,$175.38M,-4.62
NXM-GLM,0.039,$181.63M,-1.98
TWT-BONK,0.039,$413.41M,-0.53
SOON-SHFL,0.039,$211.41M,30.52
WEMIX-AWE,0.0389,$206.24M,-8.61
APEPE-SHFL,0.0388,$322.76M,-2.99
RAIL-GEOD,0.0388,$184.19M,-0.42
BTW-FRXUSD,0.0387,$344.72M,-1.73
TKX-CRVUSD,0.0387,$315.49M,0.42
COCO-RAY,0.0386,$347.23M,-6.13
AVUSD-SYRUP,0.0386,$323.22M,-2.87
CASH-USTBL,0.0385,$282.86M,0.01
KAG-ANTFUN,0.0385,$496.00M,1.63
USDA-KOGE,0.0385,$310.33M,-0.47
OUSG-VIRTUAL,0.0384,$749.82M,-4.14
OHM-ZANO,0.0382,$406.97M,-4.24
AR-AERO,0.0382,$530.43M,-1.61
DRV-LDO,0.0381,$405.84M,-9.7
Q-CRCLON,0.0381,$312.80M,-0.92
APEPE-USDAI,0.038,$358.80M,0.37
1INCH-TWT,0.0379,$264.28M,1.7
USDTB-SN64,0.0379,$445.51M,1.48
THETA-KOGE,0.0379,$340.24M,-3.05
KMNO-XTZ,0.0378,$323.49M,-2.23
VET-AERO,0.0378,$803.33M,-2.34
CVX-KITE,0.0377,$366.82M,7.3
KMNO-USDZ,0.0377,$225.41M,2.95
UQC-USDF,0.0377,$219.86M,-0.07
CARDS-REUSD,0.0377,$436.30M,4.75
A-CHZ,0.0377,$246.43M,-5.51
LDO-PENGU,0.0376,$674.91M,-4.71
WEMIX-USDAI,0.0376,$257.86M,-7.16
XEC-AIAT,0.0376,$237.44M,-7.87
ZRO-MX,0.0375,$435.34M,0.63
BP-AVUSD,0.0375,$230.21M,2.95
USDAT-CAKE,0.0374,$586.99M,-0.03
CRVUSD-CARDS,0.0374,$480.92M,4.63
XEC-EURCV,0.0374,$268.89M,-9.21
INJ-FRXUSD,0.0373,$569.16M,-5.58
BC-ICNT,0.0373,$321.14M,-2.76
DEXE-GEOD,0.0373,$368.43M,26.8
TIBBIR-XTZ,0.0373,$331.96M,-2.92
GPS-AIAT,0.0373,$213.99M,3.75
USDTB-COCO,0.0372,$539.74M,-3.35
DEXE-FARTCOIN,0.0372,$397.09M,23.65
USTBL-CHEEMS,0.0372,$261.16M,0.26
DASH-ZAMA,0.0372,$535.25M,6.08
OUSG-CVX,0.0371,$515.07M,7.06
MWC-SHORT,0.0371,$211.39M,0.73
A-GUSD,0.037,$251.79M,-2.35
INJ-EIGEN,0.0369,$599.83M,-11.97
GPS-UUSD,0.0369,$195.79M,2.29
AB-EURC,0.0368,$546.88M,-11.42
TKX-CARDS,0.0368,$372.31M,5.2
KAG-BTSE,0.0368,$346.80M,-6.14
EIGEN-FRXUSD,0.0368,$250.51M,-6.47
REUSD-FET,0.0367,$473.35M,-5.08
STX-PYTH,0.0366,$571.88M,-14.16
2Z-FRXUSD,0.0365,$312.26M,-2.62
OZO-PENDLE,0.0364,$375.95M,-3.64
NXM-PYTH,0.0363,$408.23M,-4.91
APR-GLM,0.0363,$291.15M,-1.32
UUSD-REAL,0.0363,$348.84M,-0.41
TAG-FRAX,0.0363,$365.13M,17.18
ONYC-EURCV,0.0363,$395.64M,0.13
OZO-GLIDR,0.0362,$226.68M,-1.49
APEPE-SOSO,0.0362,$317.95M,11.42
UQC-SPCXB,0.0362,$193.55M,-0.58
SNX-TRAC,0.0362,$246.10M,-5.29
CARDS-XPIN,0.0362,$413.76M,5.42
USDAT-CRVUSD,0.036,$351.85M,-0.11
KAITO-PENGU,0.0359,$680.99M,9.85
TKX-USAT,0.0358,$288.67M,0.45
MET-ANTFUN,0.0358,$371.72M,3.01
PENGU-FRXUSD,0.0356,$481.64M,-1.4
MET-GRASS,0.0356,$305.29M,-2.51
BTSE-ZAMA,0.0355,$270.92M,2.75
SFP-ANTFUN,0.0355,$385.04M,-0.76
ULTIMA-SPCXB,0.0354,$267.24M,-2.98
NFT-VET,0.0354,$653.48M,-2.54
USDTB-TKX,0.0353,$458.96M,0.45
CAKE-SHFL,0.0353,$568.59M,-3.37
ZK-SOSO,0.0353,$200.94M,5.65
COCO-DASH,0.0353,$581.65M,-6.12
PENGU-AERO,0.0352,$786.09M,-1.09
STAC-SPCXB,0.0351,$188.18M,-0.48
OZO-ONYC,0.0351,$371.50M,0.07
DYDX-ONYC,0.035,$344.07M,-3.47
VELVET-KITE,0.035,$398.51M,-7.55
TIA-KOGE,0.035,$520.64M,-3.68
US-SNX,0.035,$541.40M,-5.88
DCR-FRXUSD,0.0349,$312.70M,-2.09
SPX-KOGE,0.0348,$516.22M,-3.11
AB-THBILL,0.0348,$214.78M,-11.35
DCR-NFT,0.0348,$467.30M,-1.98
FDUSD-BTSE,0.0348,$479.21M,-6.18
STX-ZAMA,0.0348,$388.33M,0.18
UUSD-KOGE,0.0347,$313.93M,-0.33
DRV-USDTB,0.0346,$458.16M,-6.4
META-WFI,0.0346,$269.96M,1.63
FLOKI-USDF,0.0346,$310.35M,-1.49
DAI-MX,0.0344,$241.64M,-0.82
BAT-ZAMA,0.0344,$241.23M,3.68
XCN-XPL,0.0344,$350.25M,-2.54
OUSG-USTBL,0.0343,$541.09M,0.05
UUSD-MANA,0.0343,$231.17M,0.04
COCO-BAT,0.0341,$287.64M,-8.52
FLUID-RAIL,0.034,$176.13M,-3.24
DCR-USDF,0.034,$314.62M,-2.05
GLM-FET,0.034,$400.68M,-7.64
TRAC-GRASS,0.034,$339.53M,-7.14
1INCH-RAIL,0.0339,$205.66M,-5.64
EARNETH-APYUSD,0.0339,$305.07M,2.64
2Z-USDAT,0.0338,$342.14M,-2.6
UUSD-SPCXB,0.0338,$185.32M,-0.56
SNX-KITE,0.0338,$354.44M,-1.77
BTT-XPL,0.0338,$480.06M,-0.67
INJ-ETHFI,0.0337,$859.13M,-9.96
GRX-ICNT,0.0337,$225.67M,-7.83
OUSG-KOGE,0.0336,$594.40M,-0.25
COCO-SAND,0.0336,$309.41M,-7.66
CRVUSD-MON,0.0336,$460.24M,-3.24
GEOD-KOGE,0.0336,$308.49M,3.42
ANTFUN-TRUMP,0.0336,$639.70M,-1.21
APR-XCN,0.0335,$326.05M,-2.01
DCR-PYTH,0.0335,$524.14M,-7.5
ENS-KOGE,0.0334,$390.22M,-1.68
KMNO-USDA,0.0333,$194.20M,2.95
WEMIX-TEL,0.0333,$274.74M,-8.55
UUSD-SYRUP,0.0333,$307.03M,-2.98
DRV-PYTH,0.0332,$424.00M,-11.8
BP-TEL,0.0331,$288.55M,1.5
THBILL-USDF,0.0331,$229.77M,0.14
REUSD-AIAT,0.033,$285.41M,1.45
A-FRXUSD,0.0329,$212.21M,-2.43
MWC-USDAI,0.0328,$271.28M,2.62
MON-CRCLON,0.0327,$341.05M,-2.44
BAT-CRCLON,0.0327,$196.27M,-4.5
VSN-AB,0.0326,$247.74M,-10.83
UB-FRAX,0.0326,$580.90M,5.64
CTOC-RAIL,0.0326,$364.85M,-3.94
GPS-SOON,0.0325,$186.02M,36.22
BC-RAIL,0.0324,$309.41M,0.85
SPX-USDAI,0.0323,$459.51M,-2.85
GRT-GLM,0.0323,$256.11M,-5.47
APXUSD-STRK,0.0323,$484.27M,0.66
NEX-SPCXB,0.0323,$175.86M,-4.98
EURC-USDAI,0.0323,$607.47M,0.06
1INCH-GRASS,0.0322,$331.69M,-5.42
LDO-DCR,0.0322,$505.97M,-5.4
VELVET-APYUSD,0.0322,$324.63M,-5.88
ZBCN-ZAMA,0.0322,$315.09M,4.97
USTBL-TEL,0.0321,$335.16M,-1.38
GEOD-FRAX,0.0321,$314.41M,3.94
1INCH-XPIN,0.0319,$260.71M,-0.81
FLUID-USDF,0.0319,$198.12M,0.87
UUSD-APYUSD,0.0319,$257.91M,1.88
BORG-SOSO,0.0319,$254.86M,7.09
Q-AERO,0.0319,$634.32M,-1.37
ZRO-MANA,0.0318,$416.14M,1.54
SOON-STRCX,0.0317,$230.80M,35.77
SHORT-GLIDR,0.0317,$198.94M,-4.24
APEPE-NFT,0.0315,$465.88M,0.45
THETA-SHFL,0.0315,$247.49M,-6.14
STAC-TRAC,0.0314,$226.31M,-3.22
ZBT-PEANUT,0.0314,$298.48M,-0.87
SOON-SHORT,0.0313,$187.56M,31.14
NXM-UUSD,0.0312,$186.66M,0.48
RLB-XEC,0.0312,$223.73M,-7.18
INJ-GNO,0.0312,$741.88M,-5.88
ULTIMA-ANTFUN,0.0312,$464.01M,-0.84
EURC-WFI,0.0312,$624.58M,-2.8
ULTIMA-ZAMA,0.0311,$319.51M,6.43
PIEVERSE-WFI,0.031,$356.63M,-3.11
COCO-CARDS,0.0309,$453.09M,1.41
COCO-SHFL,0.0309,$305.62M,-6.67
CRVUSD-THBILL,0.0309,$329.98M,0.07
ZBT-SYRUP,0.0308,$321.19M,-1.85
LUNC-USDAI,0.0307,$436.34M,-4.61
UB-BONK,0.0307,$625.78M,1.64
REUSD-BSV,0.0307,$425.93M,-2.05
DYDX-AVUSD,0.0306,$213.84M,-3.48
AB-FDUSD,0.0306,$442.94M,-11.53
AB-A7A5,0.0306,$575.05M,-11.8
ETHFI-ONYC,0.0306,$646.10M,-4.36
DRV-KMNO,0.0305,$200.66M,-3.2
GLM-REAL,0.0305,$343.82M,-2.87
UB-COCO,0.0304,$545.06M,2.08
CASH-IOTA,0.0304,$269.59M,-3.69
TIA-ANTFUN,0.0304,$588.80M,-1.78
FLUID-MON,0.0304,$334.48M,-2.29
STAC-JASMY,0.0303,$314.23M,-0.93
DEXE-SYRUP,0.0303,$481.33M,20.18
ZBCN-AERO,0.0303,$591.65M,-3.66
USDAT-GUSD,0.0303,$289.31M,0.01
DCR-APYUSD,0.0302,$360.90M,-0.12
ZBT-USDAI,0.0299,$271.38M,1.07
RLB-ZBCN,0.0298,$281.55M,-1.82
RLB-FF,0.0297,$296.56M,5.79
GNO-SHFL,0.0297,$404.04M,-3.71
PENGU-TRUMP,0.0297,$729.11M,-4.2
APYUSD-TRUMP,0.0297,$515.52M,-0.9
DEXE-COMP,0.0296,$433.41M,18.68
NFT-TRUMP,0.0296,$621.91M,-2.76
USDTB-DCR,0.0295,$558.30M,-2.1
XEC-XPIN,0.0295,$264.35M,-8.57
GRT-RAIL,0.0294,$251.19M,-7.06
SAND-KOGE,0.0294,$339.34M,-4.63
THETA-ANTFUN,0.0294,$408.40M,-1.15
SEI-XEC,0.0293,$406.01M,-12.33
CASH-KAG,0.0293,$335.71M,-0.01
CHEEMS-FET,0.0293,$406.24M,-4.89
ENS-FRXUSD,0.0293,$285.99M,-1.45
GRX-ZANO,0.0292,$255.26M,-3.87
IMX-A7A5,0.0291,$705.53M,-4.88
GRT-FRXUSD,0.0291,$271.27M,-2.99
GLM-BTT,0.0291,$354.24M,-3.85
NEO-FRAX,0.029,$353.84M,-3.64
JTO-ONYC,0.029,$514.84M,-7.0
XEC-THBILL,0.029,$237.39M,-9.13
DRV-GUSD,0.0289,$252.15M,-6.31
GNO-CARDS,0.0289,$551.51M,4.36
LDO-AR,0.0287,$419.25M,-5.22
EURC-BONK,0.0287,$714.98M,-3.68
PIEVERSE-USDAI,0.0287,$339.52M,-0.24
1INCH-DCR,0.0285,$318.60M,-3.58
RLB-Q,0.0285,$324.22M,0.46
DYDX-FF,0.0285,$290.15M,0.15
LDO-SPCXB,0.0285,$388.73M,-3.86
USDTB-THBILL,0.0285,$473.46M,0.1
KAG-ACRED,0.0285,$328.73M,-0.06
GALA-TEL,0.0285,$262.93M,-6.0
TIA-TRUMP,0.0284,$663.88M,-6.24
AVUSD-ANTFUN,0.0283,$398.28M,1.68
STAC-PRL,0.0282,$186.71M,10.76
INJ-GLM,0.0282,$554.00M,-8.05
CHEEMS-BAT,0.0282,$203.73M,-4.98
ZANO-EURC,0.0282,$581.20M,-3.68
ZBT-RAY,0.0282,$276.95M,-1.75
ZBCN-USDAI,0.0281,$334.71M,-3.94
SOON-ZBT,0.0281,$203.96M,34.97
EARNETH-AVUSD,0.028,$262.92M,0.76
SAND-ZBT,0.028,$239.13M,-3.28
VSN-ZRO,0.0279,$435.65M,2.11
USDTB-CHZ,0.0278,$499.66M,-3.17
GRX-KAG,0.0278,$337.79M,-0.11
TAG-USDF,0.0278,$256.91M,16.93
ACRED-CRCLON,0.0277,$207.89M,0.65
AWE-XCN,0.0277,$235.48M,-4.66
SEI-SOON,0.0276,$376.56M,30.83
APYUSD-AR,0.0276,$274.18M,0.06
ONYC-ANTFUN,0.0276,$528.51M,1.68
LDO-COMP,0.0275,$462.52M,-7.77
ZRO-JTO,0.0274,$553.39M,-5.62
COCO-KITE,0.0274,$416.22M,-3.04
RAY-ANTFUN,0.0274,$445.31M,-1.2
KOGE-MON,0.0274,$462.34M,-3.43
RAIL-XCN,0.0273,$219.50M,-7.31
TIBBIR-GPS,0.0272,$202.49M,4.8
USDAI-FET,0.0272,$463.36M,-5.13
STRCX-FRAX,0.0271,$360.86M,2.13
KITE-XPIN,0.0271,$376.90M,0.98
USDTB-US,0.027,$774.49M,-3.89
IMX-PYTH,0.0269,$548.68M,-10.01
ZK-ZBT,0.0269,$198.30M,-4.3
XEC-ZBT,0.0269,$233.40M,-8.2
IMX-TRAC,0.0268,$350.99M,-7.82
GUSD-BSV,0.0268,$408.00M,-2.05
US-FF,0.0267,$611.25M,-0.16
SN64-FRXUSD,0.0267,$199.91M,1.49
OUSG-EARNETH,0.0265,$527.19M,0.73
DYDX-UUSD,0.0265,$197.65M,-3.58
2Z-ANTFUN,0.0265,$484.64M,-0.95
GRT-FLUID,0.0264,$247.63M,-2.09
CASH-GALA,0.0264,$210.63M,-4.61
TKX-FRXUSD,0.0264,$213.36M,0.46
UQC-WFI,0.0264,$282.56M,-2.94
USAT-TAG,0.0264,$330.30M,16.88
LUNC-ZAMA,0.0263,$416.71M,4.29
INJ-NEX,0.0263,$549.56M,-10.0
USTBL-ONYC,0.0263,$407.05M,0.08
FLUID-BORG,0.0262,$224.56M,-3.08
XEC-REAL,0.0262,$368.52M,-9.63
VSN-KAU,0.0261,$459.20M,0.31
OUSG-RAY,0.026,$543.26M,-2.81
ZBCN-SOSO,0.0259,$293.86M,7.11
META-USAT,0.0259,$280.64M,4.46
XTZ-TRAC,0.0259,$349.14M,-8.63
SN64-AERO,0.0259,$504.36M,1.79
1INCH-AR,0.0258,$231.87M,-3.4
CAKE-TEL,0.0258,$621.51M,-1.4
DRV-REUSD,0.0257,$270.08M,-6.31
GNO-XEC,0.0256,$402.10M,-9.62
DASH-SOSO,0.0255,$514.02M,8.22
STAC-FRXUSD,0.0254,$212.57M,-0.0
EURCV-TRUMP,0.0254,$506.83M,-2.76
VSN-WFI,0.0253,$325.44M,-2.21
GNO-KAITO,0.0253,$591.91M,10.87
EARNETH-NFT,0.0252,$411.46M,0.78
SEI-USDF,0.0252,$398.39M,-3.06
AB-CHEEMS,0.0252,$197.16M,-11.26
FLUID-KAITO,0.0252,$395.56M,12.08
MANA-USDZ,0.0252,$258.77M,-0.11
APEPE-WFI,0.025,$375.90M,-2.5
CVX-CRVUSD,0.0249,$346.87M,6.96
APXUSD-SUN,0.0248,$637.35M,0.36
AVUSD-KOGE,0.0248,$330.13M,-0.22
DAI-ENS,0.0247,$267.12M,-1.42
DEXE-TRAC,0.0247,$397.75M,19.85
PYTH-SN64,0.0247,$411.35M,-3.92
ETHFI-XPL,0.0246,$620.48M,-3.76
GLM-FRAX,0.0245,$314.83M,-2.26
ZBT-VET,0.0245,$502.90M,-1.53
PENDLE-GEOD,0.0245,$345.00M,0.04
LUNC-1INCH,0.0244,$394.72M,-6.13
NEO-MANA,0.0244,$265.16M,-3.8
KAG-USAT,0.0244,$398.92M,-0.04
CVX-FDUSD,0.0242,$480.91M,7.0
COCO-CHEEMS,0.0242,$284.54M,-3.07
FLOKI-A7A5,0.0242,$676.71M,-1.8
FLOKI-ZAMA,0.0242,$336.32M,7.4
OUSG-SUN,0.0241,$722.54M,-1.45
APR-VIRTUAL,0.0241,$565.96M,-2.97
CARDS-EURC,0.0241,$718.90M,4.78
LUNC-ONYC,0.024,$525.10M,-4.54
ULTIMA-TEL,0.0239,$356.02M,-3.87
IMX-REUSD,0.0238,$394.75M,-4.53
BC-THBILL,0.0237,$337.50M,5.1
CVX-CARDS,0.0237,$403.68M,11.75
GPS-AWE,0.0237,$201.83M,0.88
APEPE-ANTFUN,0.0236,$483.67M,2.0
META-WIF,0.0234,$241.76M,5.15
NEX-ZBT,0.0234,$204.27M,-3.38
EARNETH-USAT,0.0233,$332.17M,0.66
FARTCOIN-AIAT,0.0233,$240.99M,1.95
GRX-GOMINING,0.0232,$239.66M,-0.68
SEI-KITE,0.0231,$518.56M,-2.79
NXM-AVUSD,0.023,$202.85M,0.59
OUSG-FLOKI,0.023,$578.76M,-1.47
LDO-JASMY,0.0229,$514.78M,-4.31
TIBBIR-MX,0.0229,$257.07M,1.65
UB-CHEEMS,0.0228,$461.15M,5.62
OZO-NEO,0.0228,$259.07M,-3.88
A-KOGE,0.0227,$316.44M,-2.66
APYUSD-REAL,0.0227,$407.19M,1.58
OZO-COMP,0.0226,$284.62M,-4.42
STRK-TRAC,0.0226,$312.88M,-4.43
UB-LDO,0.0225,$664.03M,2.04
BP-USDF,0.0225,$226.07M,2.89
OZO-KAG,0.0224,$338.99M,0.02
BORG-ZBT,0.0222,$252.22M,-2.87
MON-AERO,0.0222,$662.57M,-2.89
DEXE-Q,0.0221,$494.03M,21.47
AWE-ZANO,0.0221,$236.98M,-5.21
ZANO-FRAX,0.0221,$351.23M,-3.5
DAI-EIGEN,0.022,$231.64M,-6.44
KOGE-SFP,0.022,$316.88M,-2.66
CASH-APEPE,0.0218,$323.38M,0.36
TRAC-APYUSD,0.0218,$281.79M,-1.32
2Z-SHFL,0.0217,$323.74M,-5.95
ZRO-THETA,0.0217,$410.85M,-1.33
JASMY-ANTFUN,0.0217,$493.89M,0.67
MWC-OZO,0.0216,$239.14M,2.57
ZBCN-MX,0.0216,$327.86M,-4.74
PYTH-AKE,0.0216,$416.88M,25.92
UB-AVUSD,0.0215,$476.81M,5.44
DRV-FRXUSD,0.0215,$212.56M,-6.39
USTBL-UUSD,0.0215,$260.63M,-0.03
CAKE-GLM,0.0215,$541.95M,-2.52
CASH-MANA,0.0214,$253.40M,0.07
VCNT-FF,0.0214,$356.73M,4.95
USDA-MON,0.0212,$344.37M,-3.36
SN64-KOGE,0.0212,$304.14M,1.26
1INCH-MANA,0.0211,$247.20M,-1.43
VCNT-BSV,0.021,$422.94M,-0.82
ZBCN-SPCXB,0.0209,$262.81M,-4.44
ZANO-XPIN,0.0209,$276.06M,-3.04
COMP-SOSO,0.0208,$275.91M,6.61
BTSE-MANA,0.0206,$264.50M,-6.05
DAI-GNO,0.0204,$373.69M,-0.35
BC-GALA,0.0204,$308.18M,0.36
VCNT-ENS,0.0204,$340.52M,-0.15
PEANUT-SHFL,0.0204,$305.94M,-5.32
VSN-GRASS,0.0203,$366.76M,-3.23
BTW-KOGE,0.0203,$448.95M,-1.96
DAI-XCN,0.0203,$220.71M,-3.21
1INCH-GLM,0.0203,$210.58M,-4.04
BONK-EURCV,0.0203,$414.38M,-3.68
DCR-ZANO,0.0202,$333.94M,-5.8
RLB-WFI,0.0201,$278.82M,-0.77
AB-XTZ,0.0201,$322.32M,-16.88
XTZ-EURCV,0.0201,$374.91M,-5.31
NXM-USDTB,0.02,$442.39M,0.49
EARNETH-WFI,0.02,$321.49M,-2.17
TKX-ZBT,0.0199,$217.39M,1.58
OHM-WFI,0.0199,$450.35M,-3.36
USDTB-SAND,0.0198,$480.71M,-4.41
VELVET-RAIL,0.0198,$256.35M,-11.92
AXS-RAIL,0.0198,$233.53M,-8.25
SOSO-USDZ,0.0196,$243.98M,10.84
ZRO-FRAX,0.0195,$504.82M,1.69
XTZ-CRVUSD,0.0195,$437.52M,-5.46
KOGE-WFI,0.0195,$388.69M,-3.15
FRXUSD-PEANUT,0.0195,$294.46M,-1.99
DAI-AR,0.0194,$207.10M,-1.88
GPS-KAG,0.0194,$309.70M,2.35
GALA-A7A5,0.0194,$566.82M,-4.91
RLB-WEMIX,0.0193,$204.70M,-5.04
RLB-SOSO,0.0193,$220.86M,13.14
ICNT-ACRED,0.0192,$216.61M,-7.78
USAT-EIGEN,0.0192,$325.82M,-6.47
APR-GRASS,0.0191,$412.26M,-2.7
STRCX-TRUMP,0.0191,$498.18M,-0.95
MWC-ONYC,0.0189,$360.05M,2.68
CRVUSD-WFI,0.0189,$386.59M,-2.95
REUSD-THETA,0.0189,$293.53M,-2.73
OUSG-SNX,0.0188,$502.68M,-2.01
BC-USTBL,0.0186,$380.41M,4.98
UUSD-EIGEN,0.0186,$240.38M,-6.48
INJ-FRAX,0.0185,$679.30M,-5.29
GNO-UUSD,0.0185,$382.43M,-0.4
WIF-AERO,0.0185,$560.72M,0.92
DRV-A7A5,0.0184,$580.85M,-6.66
USTBL-CRVUSD,0.0183,$372.89M,-0.06
SNX-USDAI,0.0183,$279.87M,-2.04
DCR-CARDS,0.0182,$471.65M,2.66
STRCX-XPIN,0.0182,$285.69M,2.6
EDGE-TEL,0.0181,$310.29M,-3.77
GOMINING-XCN,0.0181,$245.22M,-3.76
CASH-PENGU,0.018,$493.74M,-1.38
BP-JTO,0.018,$382.87M,-4.17
AWE-BSV,0.018,$364.31M,-3.55
BTSE-USDF,0.018,$244.95M,-6.15
DAI-FLUID,0.0179,$177.34M,0.86
DRV-TRAC,0.0179,$226.31M,-9.6
CVX-GRASS,0.0179,$350.68M,3.15
XTZ-ACRED,0.0179,$340.52M,-5.45
TRAC-CRCLON,0.0179,$216.52M,-2.53
TRAC-ONYC,0.0178,$369.87M,-3.2
KMNO-BSV,0.0177,$356.51M,1.07
CASH-ULTIMA,0.0176,$303.72M,-2.48
STRK-ACRED,0.0176,$304.25M,-1.24
ICNT-A,0.0176,$203.86M,-10.1
GUSD-FET,0.0176,$455.42M,-5.09
STAC-CRVUSD,0.0175,$314.69M,-0.05
EARNETH-APXUSD,0.0175,$442.00M,2.53
AXS-VCNT,0.0175,$308.13M,-2.87
CTOC-A7A5,0.0175,$753.21M,-0.14
ENS-WFI,0.0175,$350.61M,-4.28
USDAT-KITE,0.0174,$371.80M,0.24
GPS-AKE,0.0173,$191.53M,33.7
ENS-GEOD,0.0173,$270.42M,2.28
RAIL-CHZ,0.0173,$233.98M,-7.23
PENDLE-WFI,0.0173,$425.20M,-6.53
NXM-FLUID,0.0172,$173.16M,1.4
XTZ-FRAX,0.0172,$445.54M,-5.13
FF-VET,0.0172,$581.24M,1.07
WIF-STX,0.0172,$396.86M,-8.07
DRV-ANTFUN,0.0171,$384.95M,-4.72
LUNC-USAT,0.017,$464.13M,-4.65
TIA-NFT,0.017,$571.01M,-3.33
ZRO-AR,0.017,$400.81M,-0.43
ZRO-WFI,0.017,$459.30M,-1.43
CRVUSD-BONK,0.017,$477.00M,-3.83
KOGE-GRASS,0.017,$430.02M,-4.16
DYDX-BC,0.0169,$317.44M,1.43
GRX-WIF,0.0169,$270.44M,0.53
RAIL-GRASS,0.0169,$305.71M,-8.0
GRASS-FRAX,0.0168,$435.94M,-3.64
APR-FDUSD,0.0167,$542.49M,1.16
AB-KAITO,0.0167,$406.11M,-0.28
ZANO-A7A5,0.0167,$609.36M,-4.06
NEO-XPIN,0.0166,$278.67M,-3.18
TAG-PENDLE,0.0166,$395.72M,13.28
TIA-AVUSD,0.0165,$422.47M,-3.35
OZO-XCN,0.0164,$254.96M,-3.19
SPCXB-GRASS,0.0164,$301.40M,-4.4
DEXE-KITE,0.0163,$506.08M,23.37
TEL-AKE,0.0163,$269.84M,29.97
USDZ-AKE,0.0163,$222.91M,31.16
TWT-SHFL,0.0161,$269.87M,-0.14
GPS-MANA,0.0161,$227.39M,2.43
LUNC-DEXE,0.016,$552.98M,18.51
SN64-ONYC,0.016,$336.20M,1.59
STRK-SOON,0.0158,$279.22M,32.71
COMP-USDAI,0.0158,$316.76M,-4.44
CASH-BORG,0.0157,$260.29M,-3.97
ZRO-ZAMA,0.0157,$422.57M,10.34
GPS-FRXUSD,0.0157,$205.93M,2.3
TKX-APXUSD,0.0156,$398.50M,2.32
KAG-ZANO,0.0156,$344.85M,-3.74
DRV-USDAI,0.0155,$260.08M,-6.36
STAC-GOMINING,0.0154,$218.21M,-0.53
USDTB-REAL,0.0154,$604.58M,-0.4
FLUID-PYTH,0.0154,$407.65M,-4.58
FLUID-VET,0.0154,$475.24M,-1.74
ETHFI-WFI,0.0154,$574.43M,-7.29
SPX-TRUMP,0.0153,$659.46M,-5.68
DAI-TKX,0.0153,$194.49M,0.49
FLUID-AVUSD,0.0153,$202.26M,0.92
EIGEN-ANTFUN,0.0153,$422.90M,-4.8
APR-PIEVERSE,0.0152,$378.47M,0.96
USDTB-EIGEN,0.0152,$496.11M,-6.48
AB-XPIN,0.0152,$241.74M,-10.78
CHEEMS-BTT,0.0151,$359.79M,-1.1
USDAT-CHEEMS,0.015,$240.12M,0.21
CTOC-ZANO,0.015,$406.16M,-3.58
FLUID-GUSD,0.0149,$235.79M,0.9
NEX-EURCV,0.0149,$239.77M,-4.39
TRUMP-USDF,0.0149,$469.23M,-2.84
DYDX-TEL,0.0148,$272.18M,-4.93
TRAC-WFI,0.0147,$298.21M,-6.13
SFP-USDAI,0.0147,$260.17M,-2.4
DEXE-TKX,0.0146,$377.52M,23.6
COCO-ULTIMA,0.0146,$365.92M,-5.77
GLM-WIF,0.0146,$241.11M,-1.86
MX-Q,0.0146,$370.54M,-2.45
DCR-KAITO,0.0145,$512.05M,9.16
VCNT-SOSO,0.0145,$281.03M,12.3
NEX-MANA,0.0145,$221.71M,-4.37
USDTB-AXS,0.0144,$499.21M,-4.18
LUNC-CRCLON,0.0142,$371.75M,-3.88
APXUSD-TRUMP,0.0141,$652.45M,-1.01
TIBBIR-SFP,0.014,$209.22M,0.07
WIF-RAIL,0.014,$236.19M,-3.46
META-FRAX,0.0139,$315.48M,4.75
TIBBIR-USDAI,0.0139,$263.92M,2.45
AB-TAG,0.0138,$241.91M,5.43
KAITO-NFT,0.0138,$573.79M,11.28
MX-USDZ,0.0138,$277.98M,-1.01
1INCH-FET,0.0136,$421.74M,-6.65
BC-CAKE,0.0136,$666.76M,4.95
DEXE-WEMIX,0.0136,$374.50M,15.96
SPCXB-BTT,0.0136,$345.01M,-1.85
ANTFUN-FET,0.0136,$588.23M,-3.5
USDTB-FF,0.0135,$547.81M,3.64
FF-IOTA,0.0135,$339.86M,0.0
ZBT-BTSE,0.0134,$247.06M,-5.06
BP-SOON,0.0133,$204.25M,36.78
THETA-GUSD,0.0133,$275.60M,-2.74
GRX-THETA,0.0132,$250.19M,-2.89
INJ-OHM,0.0128,$735.04M,-6.03
CASH-FRXUSD,0.0128,$231.94M,-0.05
XEC-EURC,0.0128,$569.49M,-9.21
PIEVERSE-NFT,0.0128,$446.60M,-0.16
IMX-UUSD,0.0127,$327.11M,-4.62
OHM-PRL,0.0127,$359.87M,10.23
SHORT-XPL,0.0127,$318.14M,-2.08
SAND-PYTH,0.0126,$446.55M,-9.81
OUSG-ACRED,0.0125,$495.29M,-0.04
NEX-EURC,0.0125,$540.36M,-4.39
SYRUP-TRUMP,0.0125,$564.64M,-5.76
DEXE-DCR,0.0124,$476.86M,21.06
US-SHFL,0.0124,$540.37M,-7.21
AVUSD-AKE,0.0124,$211.50M,31.42
OUSG-GRT,0.0123,$541.59M,-2.93
CVX-NEO,0.0123,$268.59M,3.15
GRT-XEC,0.0122,$280.80M,-12.23
DYDX-KOGE,0.0121,$312.01M,-3.8
KAU-FRAX,0.0121,$528.37M,-0.11
COCO-RAIL,0.0121,$274.06M,-7.41
VELVET-A,0.012,$268.79M,-10.2
GPS-DCR,0.012,$298.79M,0.29
USDA-SHFL,0.012,$217.58M,-3.57
DRV-RAIL,0.0119,$192.49M,-10.46
TIA-FLUID,0.0119,$392.78M,-2.54
FF-KITE,0.0118,$424.29M,3.95
ZBT-MON,0.0117,$362.14M,-2.08
EARNETH-FLUID,0.0116,$233.23M,1.57
WIF-TAG,0.0116,$291.41M,17.58
MET-WFI,0.0116,$263.96M,-1.49
SPCXB-THBILL,0.0115,$203.47M,-0.37
STRCX-MANA,0.0115,$272.18M,1.97
GOMINING-USDF,0.0114,$227.40M,-0.56
TRAC-THBILL,0.0113,$241.60M,-3.11
US-SOON,0.0112,$508.98M,30.04
ETHFI-BONK,0.0112,$664.84M,-8.17
A7A5-SOSO,0.0111,$594.79M,10.73
XEC-FET,0.011,$425.38M,-14.4
GLM-USDA,0.0109,$190.94M,-2.71
APR-MON,0.0108,$444.58M,-1.96
OZO-ZBCN,0.0108,$302.57M,-3.92
NEX-JTO,0.0108,$358.97M,-11.53
KOGE-CHZ,0.0108,$358.29M,-3.4
CASH-APYUSD,0.0106,$280.14M,1.92
UUSD-MET,0.0106,$189.20M,1.33
1INCH-LDO,0.0105,$419.01M,-4.87
TKX-NEX,0.0103,$193.77M,-3.97
INJ-GRASS,0.0101,$675.10M,-9.43
USTBL-TRAC,0.0101,$284.51M,-3.23
UB-AERO,0.0097,$775.21M,5.65
AKT-UUSD,0.0097,$228.18M,-7.75
REUSD-SFP,0.0097,$270.17M,-2.35
OZO-USDZ,0.0096,$252.69M,-0.19
AB-AVUSD,0.0096,$212.82M,-11.44
CVX-GEOD,0.0096,$229.16M,10.73
FLUID-FRAX,0.0096,$306.35M,1.12
ETHFI-FRAX,0.0096,$619.96M,-4.17
LDO-NFT,0.0095,$567.72M,-3.27
VELVET-FRXUSD,0.0095,$276.42M,-7.85
APEPE-AERO,0.0095,$615.73M,0.64
STAC-XTZ,0.0094,$328.12M,-5.35
IMX-RAIL,0.0093,$317.17M,-8.68
NEX-GUSD,0.0093,$239.83M,-4.43
LDO-EURCV,0.0092,$452.63M,-3.27
COCO-GALA,0.0091,$272.84M,-7.9
RAIL-MX,0.0091,$240.43M,-4.92
VIRTUAL-MX,0.009,$520.16M,-4.98
BTW-CRVUSD,0.0088,$446.85M,-1.77
ACRED-BONK,0.0088,$379.99M,-3.82
USDAT-REUSD,0.0085,$307.23M,0.01
SHORT-ETHFI,0.0084,$497.44M,-7.16
TAG-XCN,0.0083,$274.73M,13.73
PYTH-GLIDR,0.0083,$422.74M,-6.94
RAY-FRXUSD,0.0083,$272.93M,-2.87
Q-GRASS,0.0083,$435.82M,-5.53
ETHFI-XPIN,0.0082,$544.79M,-3.71
KAU-TEL,0.0081,$482.62M,-1.75
FLUID-DASH,0.0081,$483.72M,-1.95
OUSG-TKX,0.008,$483.69M,0.52
GRX-BAT,0.008,$227.51M,-5.33
ACRED-TAG,0.008,$260.11M,16.86
GRT-APYUSD,0.0079,$319.47M,-1.02
NXM-NFT,0.0078,$351.39M,0.61
SNX-AVUSD,0.0078,$238.41M,-1.98
ONYC-XPIN,0.0078,$391.10M,0.77
1INCH-PYTH,0.0077,$437.18M,-6.97
TEL-MON,0.0077,$422.51M,-4.56
VET-TRUMP,0.0077,$746.35M,-5.44
CRCLON-USDF,0.0077,$204.69M,0.72
FF-RAY,0.0076,$355.29M,0.85
AERO-FRAX,0.0076,$634.44M,0.51
BTW-ANTFUN,0.0075,$517.11M,-0.06
SOON-BORG,0.0075,$228.28M,29.93
AIAT-XPL,0.0075,$338.57M,2.07
ICNT-CRCLON,0.0074,$194.42M,-7.0
PENDLE-XPIN,0.0074,$395.55M,-2.94
AXS-USAT,0.0073,$328.92M,-4.18
XTZ-SPCXB,0.0073,$311.01M,-5.89
FF-EIGEN,0.0073,$332.88M,-2.75
TIA-KITE,0.0071,$538.49M,-3.14
APEPE-USDAT,0.0071,$341.16M,0.35
USAT-SUN,0.0071,$527.52M,-1.51
PENGU-SHFL,0.0071,$493.12M,-4.73
A-ZAMA,0.0071,$240.10M,6.51
SOON-CHZ,0.007,$234.15M,30.76
EDGE-XCN,0.0069,$265.63M,-5.58
OHM-FLUID,0.0069,$362.09M,0.38
APXUSD-USDF,0.0068,$406.89M,1.83
KAITO-COMP,0.0068,$468.59M,6.79
CRVUSD-GRASS,0.0068,$427.92M,-3.97
AB-ZBT,0.0067,$210.79M,-10.41
GNO-FRXUSD,0.0066,$392.57M,-0.38
UUSD-KITE,0.0066,$331.79M,0.21
RLB-GUSD,0.0065,$253.78M,2.14
AIAT-JASMY,0.0065,$329.57M,0.45
CVX-NEX,0.0064,$225.14M,2.58
KAITO-USDF,0.0064,$421.11M,11.21
NEX-ENS,0.0063,$266.40M,-5.87
PYTH-USDF,0.0063,$433.20M,-5.45
STAC-META,0.0062,$198.06M,4.53
EIGEN-SHFL,0.0062,$261.99M,-9.8
RAIL-ONYC,0.0062,$336.05M,-4.05
DASH-KITE,0.0061,$629.44M,-2.56
TEL-KOGE,0.006,$388.46M,-1.67
TIA-USAT,0.0059,$491.72M,-3.45
INJ-JASMY,0.0058,$670.82M,-6.5
FLUID-REAL,0.0058,$335.34M,0.51
UUSD-ZAMA,0.0057,$237.60M,8.84
FLOKI-SPCXB,0.0057,$284.04M,-2.0
VIRTUAL-UUSD,0.0056,$469.35M,-4.22
OUSG-COMP,0.0054,$539.57M,-4.4
EDGE-A,0.0054,$238.26M,-4.76
BC-CHZ,0.0054,$363.71M,1.84
UUSD-CARDS,0.0054,$368.65M,4.66
ZBT-SN64,0.0054,$203.94M,2.61
RLB-PIEVERSE,0.0053,$286.36M,1.87
MWC-PYTH,0.0053,$435.20M,-2.18
XTZ-FF,0.0053,$417.76M,-1.7
GALA-XEC,0.0053,$208.07M,-13.88
INJ-PENDLE,0.0051,$709.89M,-9.19
KAG-UUSD,0.0051,$313.48M,-0.05
OUSG-SN64,0.005,$470.24M,1.55
BC-AKE,0.005,$315.09M,36.32
GPS-USDF,0.005,$207.85M,2.34
KAG-USDZ,0.005,$341.08M,-0.2
KITE-MX,0.005,$382.59M,-0.55
UQC-UUSD,0.0049,$207.80M,-0.12
VCNT-GEOD,0.0049,$258.79M,4.96
APR-GPS,0.0048,$292.40M,3.53
2Z-KITE,0.0048,$434.34M,-2.31
APXUSD-EIGEN,0.0048,$435.65M,-4.6
ACRED-THBILL,0.0048,$232.98M,0.08
BAT-ANTFUN,0.0048,$385.72M,-3.59
EURC-ONYC,0.0047,$696.24M,0.13
1INCH-USDZ,0.0046,$243.21M,-1.73
ZK-NFT,0.0046,$348.88M,-5.31
COCO-COMP,0.0046,$343.55M,-7.73
CARDS-EIGEN,0.0046,$409.46M,-1.72
KMNO-USDAI,0.0045,$255.46M,3.15
THETA-A7A5,0.0045,$604.30M,-3.08
COCO-SFP,0.0044,$286.95M,-5.69
EDGE-USDA,0.0043,$232.15M,-2.57
USDTB-UUSD,0.0043,$455.31M,-0.1
ZANO-RAIL,0.0043,$221.00M,-7.86
BC-ULTIMA,0.0041,$401.27M,2.49
XTZ-BSV,0.0041,$483.97M,-7.47
KOGE-VET,0.0041,$603.10M,-2.88
LDO-EURC,0.004,$753.23M,-3.27
TKX-COCO,0.004,$287.66M,-2.81
TWT-TRUMP,0.0039,$505.86M,0.39
ULTIMA-USDF,0.0039,$293.54M,-2.47
GNO-ZANO,0.0038,$413.80M,-4.09
LUNC-SHORT,0.0037,$376.45M,-7.34
DYDX-SOON,0.0037,$187.88M,30.35
INJ-MWC,0.0037,$573.08M,-2.92
CRVUSD-CRCLON,0.0037,$304.90M,0.64
USDTB-USTBL,0.0036,$516.36M,-0.02
US-PIEVERSE,0.0036,$601.05M,-4.08
PRL-FRXUSD,0.0036,$193.99M,10.69
USDTB-FLUID,0.0035,$441.81M,0.82
AWE-ENS,0.0035,$281.89M,-2.87
VCNT-GLIDR,0.0034,$265.83M,-0.23
JTO-JASMY,0.0034,$480.22M,-8.02
PENGU-KITE,0.0034,$603.72M,-1.1
DAI-CAKE,0.0033,$538.24M,-0.01
AXS-AVUSD,0.0033,$259.67M,-4.08
STRK-REUSD,0.0033,$356.64M,-1.13
FDUSD-ZAMA,0.0033,$483.91M,8.86
CASH-ZANO,0.0032,$253.18M,-3.77
BP-A,0.0032,$216.52M,0.5
USAT-REAL,0.0032,$434.29M,-0.4
INJ-DCR,0.003,$662.01M,-7.59
VELVET-USDAI,0.003,$323.94M,-7.82
VIRTUAL-PYTH,0.003,$690.93M,-9.61
SEI-GLM,0.0029,$381.32M,-5.57
ZK-FF,0.0028,$276.64M,-1.7
JTO-EURCV,0.0028,$418.07M,-6.99
SOON-XPIN,0.0028,$234.91M,34.6
SN64-USDF,0.0028,$201.83M,1.53
APEPE-GRASS,0.0027,$417.23M,-3.51
USAT-SYRUP,0.0027,$392.48M,-2.97
COCO-UQC,0.0026,$292.24M,-3.37
MET-CRCLON,0.0026,$182.27M,2.1
LUNC-AVUSD,0.0025,$394.88M,-4.55
ICNT-USDAI,0.0025,$259.01M,-7.72
A-BAT,0.0025,$205.70M,-7.6
WFI-BSV,0.0025,$433.04M,-4.96
AXS-A7A5,0.0024,$621.89M,-4.44
A-FET,0.0024,$408.21M,-7.51
APXUSD-AR,0.0023,$411.11M,-0.05
RLB-MON,0.0021,$352.47M,-1.05
FLUID-FARTCOIN,0.0021,$209.30M,1.41
APYUSD-JASMY,0.0021,$369.71M,0.98
MWC-KOGE,0.002,$327.99M,2.36
FLUID-NEO,0.002,$220.06M,-3.02
JTO-FRXUSD,0.0019,$378.56M,-7.1
EDGE-OZO,0.0018,$261.27M,-2.37
CASH-APXUSD,0.0018,$417.07M,1.81
META-GRASS,0.0018,$311.28M,0.61
CHEEMS-FF,0.0018,$292.60M,3.92
UQC-ICNT,0.0018,$209.59M,-7.78
NXM-APYUSD,0.0017,$245.00M,2.47
USDTB-RAY,0.0017,$518.53M,-2.88
VET-ONYC,0.0017,$635.16M,-2.55
SEI-ZAMA,0.0016,$424.37M,5.84
MON-SFP,0.0016,$350.93M,-5.54
SYRUP-AERO,0.0016,$621.62M,-2.66
CRVUSD-SN64,0.0015,$302.04M,1.45
GRX-RAIL,0.0012,$213.94M,-4.23
VSN-TAG,0.0009,$295.96M,17.59
STAC-TWT,0.0009,$251.11M,3.26
ZRO-WIF,0.0009,$431.10M,2.1
FLUID-JASMY,0.0008,$297.87M,-0.09
LDO-CVX,0.0007,$438.01M,3.69
OHM-EURC,0.0007,$725.84M,-0.42
GPS-WFI,0.0007,$270.55M,-0.53
UUSD-VET,0.0007,$488.74M,-2.66
TEL-GOMINING,0.0007,$289.88M,-1.96
AERO-AKE,0.0007,$509.90M,31.63
BC-THETA,0.0006,$345.66M,2.19
AKT-ANTFUN,0.0006,$410.70M,-6.07
TKX-NFT,0.0006,$367.96M,0.57
CTOC-SHORT,0.0006,$372.56M,-2.57
ZANO-BTSE,0.0006,$264.27M,-9.89
A7A5-MET,0.0006,$567.62M,1.07
FLUID-FLOKI,0.0005,$284.80M,-0.62
CRVUSD-APYUSD,0.0004,$370.18M,1.86
XEC-SFP,0.0004,$222.19M,-11.67
STX-XPIN,0.0003,$395.41M,-8.0
GOMINING-BSV,0.0003,$374.06M,-2.65
RLB-MET,0.0002,$193.69M,3.49
USDAT-PRL,0.0002,$223.87M,10.7
ZANO-XPL,0.0002,$351.75M,-3.09
GLIDR-USDAI,0.0,$258.82M,-1.5
VSN-PC0000015,,$261.12M,0.66
VSN-BCN,,$416.66M,1.1
VSN-ALFW,,$265.22M,0.66
VSN-PC0000033,,$313.39M,0.66
VSN-PC0000097,,$284.89M,0.66
VSN-PC0000031,,$353.39M,0.66
VSN-PC0000077,,$250.89M,0.66
VSN-VBILL,,$342.94M,0.66
VSN-PC0000023,,$251.74M,0.66
VSN-PC0000085,,$257.39M,0.66
LUNC-PC0000015,,$389.12M,-4.6
LUNC-BCN,,$544.66M,-2.33
LUNC-ALFW,,$393.23M,-4.6
LUNC-PC0000033,,$441.40M,-4.6
LUNC-PC0000097,,$412.90M,-4.6
LUNC-PC0000031,,$481.40M,-4.6
LUNC-PC0000077,,$378.90M,-4.6
LUNC-VBILL,,$470.94M,-4.6
LUNC-PC0000023,,$379.74M,-4.6
LUNC-PC0000085,,$385.40M,-4.6
BTW-PC0000015,,$345.03M,-1.69
BTW-BCN,,$500.56M,-0.45
BTW-ALFW,,$349.13M,-1.69
BTW-PC0000033,,$397.30M,-1.69
BTW-PC0000097,,$368.80M,-1.69
BTW-PC0000031,,$437.30M,-1.69
BTW-PC0000077,,$334.80M,-1.69
BTW-VBILL,,$426.84M,-1.69
BTW-PC0000023,,$335.65M,-1.69
BTW-PC0000085,,$341.30M,-1.69
PC0000015-IMX,,$337.55M,-4.57
PC0000015-NXM,,$197.10M,0.53
PC0000015-SPX,,$412.30M,-2.84
PC0000015-UB,,$471.06M,5.39
PC0000015-DAI,,$201.28M,-0.01
PC0000015-OUSG,,$490.48M,0.02
PC0000015-STAC,,$212.87M,0.03
PC0000015-1INCH,,$226.04M,-1.52
PC0000015-RLB,,$214.50M,2.1
PC0000015-DYDX,,$208.09M,-3.53
PC0000015-APR,,$306.62M,1.2
PC0000015-DRV,,$212.87M,-6.35
PC0000015-EDGE,,$246.20M,-2.37
PC0000015-INJ,,$569.46M,-5.54
PC0000015-MWC,,$224.07M,2.62
PC0000015-KAU,,$418.53M,-0.36
PC0000015-LDO,,$413.42M,-3.35
PC0000015-EARNETH,,$257.17M,0.7
PC0000015-GRT,,$271.57M,-2.95
PC0000015-SEI,,$396.78M,-3.05
PC0000015-USDTB,,$465.75M,-0.05
PC0000015-BCN,,$375.99M,0.0
PC0000015-VELVET,,$276.73M,-7.81
PC0000015-BC,,$329.80M,4.96
PC0000015-DEXE,,$384.31M,23.11
PC0000015-OZO,,$235.52M,0.01
PC0000015-AB,,$207.07M,-11.49
PC0000015-2Z,,$312.56M,-2.58
PC0000015-CASH,,$232.24M,-0.02
PC0000015-ZBCN,,$287.50M,-3.93
PC0000015-CVX,,$245.04M,7.04
PC0000015-TIA,,$416.72M,-3.4
PC0000015-US,,$529.19M,-3.85
PC0000015-VIRTUAL,,$479.80M,-4.17
PC0000015-ZRO,,$394.98M,1.45
PC0000015-AKT,,$238.62M,-7.7
PC0000015-TKX,,$213.67M,0.5
PC0000015-APEPE,,$311.59M,0.38
PC0000015-USTBL,,$271.07M,0.02
PC0000015-ALFW,,$224.56M,0.0
PC0000015-OHM,,$386.03M,-0.49
PC0000015-GRX,,$234.32M,-0.12
PC0000015-META,,$205.64M,4.5
PC0000015-APXUSD,,$405.28M,1.83
PC0000015-GNO,,$392.87M,-0.34
PC0000015-USDAT,,$250.03M,-0.03
PC0000015-TWT,,$258.69M,3.22
PC0000015-CAKE,,$557.42M,-0.0
PC0000015-ZK,,$194.58M,-5.39
PC0000015-FLUID,,$196.51M,0.87
PC0000015-COCO,,$294.45M,-3.3
PC0000015-TIBBIR,,$216.71M,2.46
PC0000015-GPS,,$206.24M,2.34
PC0000015-DCR,,$313.00M,-2.05
PC0000015-NEO,,$244.00M,-3.89
PC0000015-GLM,,$204.99M,-2.51
PC0000015-AXS,,$253.91M,-4.13
PC0000015-KAG,,$323.92M,0.01
PC0000015-CHEEMS,,$210.54M,0.24
PC0000015-KMNO,,$208.25M,3.15
PC0000015-XTZ,,$335.70M,-5.38
PC0000015-ULTIMA,,$291.93M,-2.47
PC0000015-KAITO,,$419.50M,11.21
PC0000015-BP,,$224.46M,2.89
PC0000015-UQC,,$218.25M,-0.06
PC0000015-STRK,,$299.44M,-1.17
PC0000015-CTOC,,$385.23M,0.17
PC0000015-PC0000033,,$272.73M,0.0
PC0000015-ICNT,,$211.80M,-7.71
PC0000015-FDUSD,,$456.32M,-0.04
PC0000015-PC0000097,,$244.23M,0.0
PC0000015-WEMIX,,$210.65M,-7.15
PC0000015-ACRED,,$225.27M,-0.07
PC0000015-UUSD,,$210.01M,-0.05
PC0000015-FLOKI,,$308.73M,-1.49
PC0000015-SAND,,$235.41M,-4.36
PC0000015-AWE,,$216.05M,-1.46
PC0000015-CRVUSD,,$322.28M,-0.08
PC0000015-SNX,,$232.66M,-2.03
PC0000015-VCNT,,$274.67M,1.26
PC0000015-DASH,,$507.66M,-2.82
PC0000015-CARDS,,$379.09M,4.71
PC0000015-USAT,,$295.45M,-0.05
PC0000015-FF,,$302.51M,3.68
PC0000015-USDA,,$206.40M,-0.2
PC0000015-ZANO,,$241.39M,-3.75
PC0000015-REUSD,,$277.66M,0.04
PC0000015-NEX,,$200.56M,-4.46
PC0000015-JTO,,$378.86M,-7.06
PC0000015-IOTA,,$257.80M,-3.68
PC0000015-AVUSD,,$226.20M,0.05
PC0000015-FARTCOIN,,$233.24M,0.54
PC0000015-GALA,,$198.84M,-4.6
PC0000015-ENS,,$286.30M,-1.41
PC0000015-SOON,,$200.24M,33.88
PC0000015-WIF,,$256.57M,0.65
PC0000015-SPCXB,,$195.76M,-0.51
PC0000015-STRCX,,$251.02M,1.88
PC0000015-PENGU,,$481.94M,-1.36
PC0000015-BORG,,$248.50M,-3.95
PC0000015-TAG,,$255.29M,16.93
PC0000015-XEC,,$229.68M,-9.28
PC0000015-STX,,$360.74M,-8.72
PC0000015-TEL,,$284.54M,-1.4
PC0000015-GOMINING,,$225.79M,-0.56
PC0000015-EIGEN,,$250.82M,-6.43
PC0000015-ZBT,,$224.17M,1.08
PC0000015-EURC,,$560.26M,0.07
PC0000015-KITE,,$342.23M,0.26
PC0000015-RAIL,,$200.07M,-4.11
PC0000015-SHORT,,$207.78M,-2.74
PC0000015-TRAC,,$233.89M,-3.25
PC0000015-PENDLE,,$360.88M,-3.65
PC0000015-PYTH,,$431.59M,-5.45
PC0000015-PIEVERSE,,$292.31M,-0.23
PC0000015-NFT,,$374.75M,0.07
PC0000015-RAY,,$273.23M,-2.83
PC0000015-PC0000031,,$312.73M,0.0
PC0000015-GEOD,,$204.57M,3.69
PC0000015-PC0000077,,$210.23M,0.0
PC0000015-A,,$212.52M,-2.39
PC0000015-AIAT,,$228.21M,1.41
PC0000015-MX,,$260.81M,-0.81
PC0000015-THETA,,$236.32M,-2.77
PC0000015-SN64,,$200.22M,1.53
PC0000015-ETHFI,,$510.12M,-4.42
PC0000015-APYUSD,,$268.35M,1.94
PC0000015-KOGE,,$324.37M,-0.27
PC0000015-BTSE,,$243.34M,-6.14
PC0000015-VET,,$499.18M,-2.61
PC0000015-CHZ,,$254.37M,-3.12
PC0000015-REAL,,$359.28M,-0.35
PC0000015-MON,,$358.42M,-3.16
PC0000015-MANA,,$241.61M,0.09
PC0000015-PRL,,$194.30M,10.72
PC0000015-GLIDR,,$211.61M,-1.5
PC0000015-ONYC,,$356.43M,0.06
PC0000015-A7A5,,$588.43M,-0.31
PC0000015-MET,,$199.64M,1.38
PC0000015-Q,,$330.18M,-1.64
PC0000015-COMP,,$269.55M,-4.43
PC0000015-SYRUP,,$317.47M,-2.93
PC0000015-FRXUSD,,$220.15M,-0.04
PC0000015-BTT,,$369.70M,-1.33
PC0000015-BAT,,$213.64M,-5.21
PC0000015-XPIN,,$255.12M,0.71
PC0000015-SOSO,,$226.81M,11.04
PC0000015-VBILL,,$302.27M,0.0
PC0000015-CRCLON,,$203.08M,0.72
PC0000015-PEANUT,,$294.76M,-1.95
PC0000015-AR,,$226.28M,-1.87
PC0000015-SFP,,$212.96M,-2.39
PC0000015-PC0000023,,$211.07M,0.0
PC0000015-GUSD,,$259.73M,0.04
PC0000015-WFI,,$284.77M,-2.87
PC0000015-GRASS,,$326.10M,-3.89
PC0000015-PC0000085,,$216.73M,0.0
PC0000015-BSV,,$368.72M,-2.09
PC0000015-JASMY,,$321.81M,-0.96
PC0000015-ANTFUN,,$392.53M,1.63
PC0000015-USDAI,,$267.66M,-0.01
PC0000015-AERO,,$524.60M,0.27
PC0000015-BONK,,$375.17M,-3.75
PC0000015-SUN,,$452.52M,-1.47
PC0000015-EURCV,,$259.66M,0.07
PC0000015-USDZ,,$237.62M,-0.2
PC0000015-AKE,,$205.75M,31.36
PC0000015-XCN,,$239.88M,-3.2
PC0000015-TRUMP,,$467.62M,-2.84
PC0000015-FET,,$416.14M,-5.12
PC0000015-FRAX,,$330.29M,0.25
PC0000015-THBILL,,$228.16M,0.14
PC0000015-ZAMA,,$248.04M,8.89
PC0000015-SHFL,,$231.63M,-3.37
PC0000015-USDF,,$222.06M,-0.0
PC0000015-XPL,,$330.81M,0.66
IMX-BCN,,$493.09M,-3.73
IMX-ALFW,,$341.65M,-4.57
IMX-PC0000033,,$389.82M,-4.57
IMX-PC0000097,,$361.32M,-4.57
IMX-PC0000031,,$429.82M,-4.57
IMX-PC0000077,,$327.32M,-4.57
IMX-VBILL,,$419.36M,-4.57
IMX-PC0000023,,$328.17M,-4.57
IMX-PC0000085,,$333.82M,-4.57
NXM-BCN,,$352.63M,1.07
NXM-ALFW,,$201.20M,0.53
NXM-PC0000033,,$249.37M,0.53
NXM-PC0000097,,$220.87M,0.53
NXM-PC0000031,,$289.37M,0.53
NXM-PC0000077,,$186.87M,0.53
NXM-VBILL,,$278.91M,0.53
NXM-PC0000023,,$187.72M,0.53
NXM-PC0000085,,$193.37M,0.53
SPX-BCN,,$567.84M,-0.8
SPX-ALFW,,$416.40M,-2.84
SPX-PC0000033,,$464.57M,-2.84
SPX-PC0000097,,$436.07M,-2.84
SPX-PC0000031,,$504.57M,-2.84
SPX-PC0000077,,$402.07M,-2.84
SPX-VBILL,,$494.12M,-2.84
SPX-PC0000023,,$402.92M,-2.84
SPX-PC0000085,,$408.57M,-2.84
UB-BCN,,$626.60M,10.94
UB-ALFW,,$475.17M,5.39
UB-PC0000033,,$523.34M,5.39
UB-PC0000097,,$494.84M,5.39
UB-PC0000031,,$563.34M,5.39
UB-PC0000077,,$460.84M,5.39
UB-VBILL,,$552.88M,5.39
UB-PC0000023,,$461.68M,5.39
UB-PC0000085,,$467.34M,5.39
DAI-BCN,,$356.81M,-0.0
DAI-ALFW,,$205.38M,-0.01
DAI-PC0000033,,$253.55M,-0.01
DAI-PC0000097,,$225.05M,-0.01
DAI-PC0000031,,$293.55M,-0.01
DAI-PC0000077,,$191.05M,-0.01
DAI-VBILL,,$283.09M,-0.01
DAI-PC0000023,,$191.90M,-0.01
DAI-PC0000085,,$197.55M,-0.01
OUSG-BCN,,$646.01M,0.02
OUSG-ALFW,,$494.58M,0.02
OUSG-PC0000033,,$542.75M,0.02
OUSG-PC0000097,,$514.25M,0.02
OUSG-PC0000031,,$582.75M,0.02
OUSG-PC0000077,,$480.25M,0.02
OUSG-VBILL,,$572.29M,0.02
OUSG-PC0000023,,$481.10M,0.02
OUSG-PC0000085,,$486.75M,0.02
STAC-BCN,,$368.41M,0.02
STAC-ALFW,,$216.97M,0.03
STAC-PC0000033,,$265.14M,0.03
STAC-PC0000097,,$236.64M,0.03
STAC-PC0000031,,$305.14M,0.03
STAC-PC0000077,,$202.64M,0.03
STAC-VBILL,,$294.69M,0.03
STAC-PC0000023,,$203.49M,0.03
STAC-PC0000085,,$209.14M,0.03
1INCH-BCN,,$381.58M,-1.63
1INCH-ALFW,,$230.15M,-1.52
1INCH-PC0000033,,$278.32M,-1.52
1INCH-PC0000097,,$249.82M,-1.52
1INCH-PC0000031,,$318.32M,-1.52
1INCH-PC0000077,,$215.82M,-1.52
1INCH-VBILL,,$307.86M,-1.52
1INCH-PC0000023,,$216.66M,-1.52
1INCH-PC0000085,,$222.32M,-1.52
RLB-BCN,,$370.04M,3.21
RLB-ALFW,,$218.60M,2.1
RLB-PC0000033,,$266.77M,2.1
RLB-PC0000097,,$238.27M,2.1
RLB-PC0000031,,$306.77M,2.1
RLB-PC0000077,,$204.27M,2.1
RLB-VBILL,,$296.32M,2.1
RLB-PC0000023,,$205.12M,2.1
RLB-PC0000085,,$210.77M,2.1
DYDX-BCN,,$363.63M,-3.46
DYDX-ALFW,,$212.20M,-3.53
DYDX-PC0000033,,$260.37M,-3.53
DYDX-PC0000097,,$231.87M,-3.53
DYDX-PC0000031,,$300.37M,-3.53
DYDX-PC0000077,,$197.87M,-3.53
DYDX-VBILL,,$289.91M,-3.53
DYDX-PC0000023,,$198.71M,-3.53
DYDX-PC0000085,,$204.37M,-3.53
APR-BCN,,$462.15M,-0.26
APR-ALFW,,$310.72M,1.2
APR-PC0000033,,$358.89M,1.2
APR-PC0000097,,$330.39M,1.2
APR-PC0000031,,$398.89M,1.2
APR-PC0000077,,$296.39M,1.2
APR-VBILL,,$388.43M,1.2
APR-PC0000023,,$297.24M,1.2
APR-PC0000085,,$302.89M,1.2
DRV-BCN,,$368.41M,-5.13
DRV-ALFW,,$216.97M,-6.35
DRV-PC0000033,,$265.14M,-6.35
DRV-PC0000097,,$236.64M,-6.35
DRV-PC0000031,,$305.14M,-6.35
DRV-PC0000077,,$202.64M,-6.35
DRV-VBILL,,$294.69M,-6.35
DRV-PC0000023,,$203.49M,-6.35
DRV-PC0000085,,$209.14M,-6.35
EDGE-BCN,,$401.74M,-2.16
EDGE-ALFW,,$250.30M,-2.37
EDGE-PC0000033,,$298.47M,-2.37
EDGE-PC0000097,,$269.97M,-2.37
EDGE-PC0000031,,$338.47M,-2.37
EDGE-PC0000077,,$235.97M,-2.37
EDGE-VBILL,,$328.02M,-2.37
EDGE-PC0000023,,$236.82M,-2.37
EDGE-PC0000085,,$242.47M,-2.37
INJ-BCN,,$725.00M,-5.67
INJ-ALFW,,$573.57M,-5.54
INJ-PC0000033,,$621.74M,-5.54
INJ-PC0000097,,$593.24M,-5.54
INJ-PC0000031,,$661.74M,-5.54
INJ-PC0000077,,$559.24M,-5.54
INJ-VBILL,,$651.28M,-5.54
INJ-PC0000023,,$560.08M,-5.54
INJ-PC0000085,,$565.74M,-5.54
MWC-ALFW,,$228.17M,2.62
MWC-PC0000033,,$276.34M,2.62
MWC-PC0000097,,$247.84M,2.62
MWC-PC0000031,,$316.34M,2.62
MWC-PC0000077,,$213.84M,2.62
MWC-VBILL,,$305.88M,2.62
MWC-PC0000023,,$214.69M,2.62
MWC-PC0000085,,$220.34M,2.62
KAU-BCN,,$574.07M,-0.5
KAU-ALFW,,$422.64M,-0.36
KAU-PC0000033,,$470.81M,-0.36
KAU-PC0000097,,$442.31M,-0.36
KAU-PC0000031,,$510.81M,-0.36
KAU-PC0000077,,$408.31M,-0.36
KAU-VBILL,,$500.35M,-0.36
KAU-PC0000023,,$409.15M,-0.36
KAU-PC0000085,,$414.81M,-0.36
LDO-BCN,,$568.96M,-1.71
LDO-ALFW,,$417.53M,-3.35
LDO-PC0000033,,$465.70M,-3.35
LDO-PC0000097,,$437.20M,-3.35
LDO-PC0000031,,$505.70M,-3.35
LDO-PC0000077,,$403.20M,-3.35
LDO-VBILL,,$495.24M,-3.35
LDO-PC0000023,,$404.04M,-3.35
LDO-PC0000085,,$409.70M,-3.35
EARNETH-BCN,,$412.71M,1.34
EARNETH-ALFW,,$261.27M,0.7
EARNETH-PC0000033,,$309.44M,0.7
EARNETH-PC0000097,,$280.94M,0.7
EARNETH-PC0000031,,$349.44M,0.7
EARNETH-PC0000077,,$246.94M,0.7
EARNETH-VBILL,,$338.99M,0.7
EARNETH-PC0000023,,$247.79M,0.7
EARNETH-PC0000085,,$253.44M,0.7
GRT-BCN,,$427.11M,-2.65
GRT-ALFW,,$275.67M,-2.95
GRT-PC0000033,,$323.84M,-2.95
GRT-PC0000097,,$295.34M,-2.95
GRT-PC0000031,,$363.84M,-2.95
GRT-PC0000077,,$261.34M,-2.95
GRT-VBILL,,$353.39M,-2.95
GRT-PC0000023,,$262.19M,-2.95
GRT-PC0000085,,$267.84M,-2.95
SEI-BCN,,$552.32M,-1.75
SEI-ALFW,,$400.88M,-3.05
SEI-PC0000033,,$449.05M,-3.05
SEI-PC0000097,,$420.55M,-3.05
SEI-PC0000031,,$489.05M,-3.05
SEI-PC0000077,,$386.55M,-3.05
SEI-VBILL,,$478.60M,-3.05
SEI-PC0000023,,$387.40M,-3.05
SEI-PC0000085,,$393.05M,-3.05
USDTB-BCN,,$621.29M,-0.01
USDTB-ALFW,,$469.85M,-0.05
USDTB-PC0000033,,$518.02M,-0.05
USDTB-PC0000097,,$489.52M,-0.05
USDTB-PC0000031,,$558.02M,-0.05
USDTB-PC0000077,,$455.52M,-0.05
USDTB-VBILL,,$547.56M,-0.05
USDTB-PC0000023,,$456.37M,-0.05
USDTB-PC0000085,,$462.02M,-0.05
BCN-VELVET,,$432.27M,-6.25
BCN-BC,,$485.33M,0.74
BCN-DEXE,,$539.84M,-9.8
BCN-OZO,,$391.06M,0.02
BCN-AB,,$362.61M,-12.06
BCN-2Z,,$468.10M,-1.88
BCN-CASH,,$387.78M,0.0
BCN-ZBCN,,$443.04M,-3.59
BCN-CVX,,$400.58M,2.96
BCN-TIA,,$572.25M,-2.04
BCN-US,,$684.73M,-5.83
BCN-VIRTUAL,,$635.33M,-2.12
BCN-ZRO,,$550.52M,-1.83
BCN-AKT,,$394.16M,-6.0
BCN-TKX,,$369.21M,0.83
BCN-APEPE,,$467.12M,0.42
BCN-USTBL,,$426.61M,0.02
BCN-ALFW,,$380.09M,0.0
BCN-OHM,,$541.57M,0.02
BCN-GRX,,$389.86M,-7.36
BCN-META,,$361.18M,0.52
BCN-APXUSD,,$560.82M,0.86
BCN-GNO,,$548.41M,0.24
BCN-USDAT,,$405.56M,-0.01
BCN-TWT,,$414.23M,3.91
BCN-CAKE,,$712.96M,-0.13
BCN-ZK,,$350.12M,-4.56
BCN-FLUID,,$352.05M,-2.18
BCN-COCO,,$449.98M,-3.0
BCN-TIBBIR,,$372.25M,2.61
BCN-GPS,,$361.77M,1.73
BCN-DCR,,$468.54M,-0.13
BCN-NEO,,$399.54M,-2.15
BCN-GLM,,$360.53M,-2.31
BCN-AXS,,$409.45M,-3.39
BCN-KAG,,$479.46M,0.64
BCN-CHEEMS,,$366.08M,0.34
BCN-KMNO,,$363.78M,3.33
BCN-XTZ,,$491.24M,-5.34
BCN-ULTIMA,,$447.46M,-2.34
BCN-KAITO,,$575.03M,15.3
BCN-BP,,$380.00M,1.16
BCN-UQC,,$373.78M,-0.05
BCN-STRK,,$454.97M,-1.4
BCN-CTOC,,$540.77M,0.29
BCN-PC0000033,,$428.26M,0.0
BCN-ICNT,,$367.34M,-7.11
BCN-FDUSD,,$611.86M,-0.02
BCN-PC0000097,,$399.76M,0.0
BCN-WEMIX,,$366.19M,-6.19
BCN-ACRED,,$380.81M,-0.0
BCN-UUSD,,$365.55M,-0.06
BCN-FLOKI,,$464.27M,-0.52
BCN-SAND,,$390.95M,-3.2
BCN-AWE,,$371.58M,-1.86
BCN-CRVUSD,,$477.81M,-0.1
BCN-SNX,,$388.20M,-1.6
BCN-VCNT,,$430.21M,-0.05
BCN-DASH,,$663.20M,-1.65
BCN-CARDS,,$534.63M,4.86
BCN-USAT,,$450.99M,-0.03
BCN-FF,,$458.05M,3.47
BCN-USDA,,$361.94M,0.2
BCN-ZANO,,$396.92M,-3.43
BCN-REUSD,,$433.20M,0.03
BCN-NEX,,$356.09M,-5.34
BCN-JTO,,$534.40M,-5.61
BCN-IOTA,,$413.34M,-3.0
BCN-AVUSD,,$381.74M,0.03
BCN-FARTCOIN,,$388.77M,1.4
BCN-GALA,,$354.38M,-4.28
BCN-ENS,,$441.83M,-0.38
BCN-SOON,,$355.77M,33.83
BCN-WIF,,$412.11M,1.22
BCN-SPCXB,,$351.30M,0.96
BCN-STRCX,,$406.56M,0.82
BCN-PENGU,,$637.48M,-0.87
BCN-BORG,,$404.03M,-2.73
BCN-TAG,,$410.83M,16.27
BCN-XEC,,$385.22M,-8.9
BCN-STX,,$516.28M,-3.24
BCN-TEL,,$440.08M,2.22
BCN-GOMINING,,$381.33M,-0.36
BCN-EIGEN,,$406.36M,-4.05
BCN-ZBT,,$379.71M,2.08
BCN-EURC,,$715.80M,0.1
BCN-KITE,,$497.77M,4.94
BCN-RAIL,,$355.61M,-4.48
BCN-SHORT,,$363.32M,-2.57
BCN-TRAC,,$389.43M,-0.31
BCN-PENDLE,,$516.42M,-0.67
BCN-PYTH,,$587.12M,-3.98
BCN-PIEVERSE,,$447.85M,-0.07
BCN-NFT,,$530.29M,-0.19
BCN-RAY,,$428.77M,-1.34
BCN-PC0000031,,$468.26M,0.0
BCN-GEOD,,$360.11M,2.74
BCN-PC0000077,,$365.76M,0.0
BCN-A,,$368.05M,-0.38
BCN-AIAT,,$383.74M,1.06
BCN-MX,,$416.35M,-0.6
BCN-THETA,,$391.86M,-2.59
BCN-SN64,,$355.76M,1.65
BCN-ETHFI,,$665.65M,-0.66
BCN-APYUSD,,$423.89M,1.12
BCN-KOGE,,$479.91M,-0.27
BCN-BTSE,,$398.88M,-7.54
BCN-VET,,$654.72M,-1.73
BCN-CHZ,,$409.90M,-1.79
BCN-REAL,,$514.82M,0.16
BCN-MON,,$513.96M,-1.94
BCN-MANA,,$397.15M,-0.97
BCN-PRL,,$349.83M,9.3
BCN-GLIDR,,$367.15M,-0.62
BCN-ONYC,,$511.97M,0.05
BCN-A7A5,,$743.97M,-0.41
BCN-MET,,$355.18M,1.55
BCN-Q,,$485.71M,-1.48
BCN-COMP,,$425.09M,-3.46
BCN-SYRUP,,$473.01M,-1.51
BCN-FRXUSD,,$375.69M,-0.02
BCN-BTT,,$525.24M,-0.49
BCN-BAT,,$369.18M,-4.76
BCN-XPIN,,$410.66M,-0.61
BCN-SOSO,,$382.35M,3.88
BCN-VBILL,,$457.81M,0.0
BCN-CRCLON,,$358.62M,0.75
BCN-PEANUT,,$450.30M,-0.46
BCN-AR,,$381.82M,-1.72
BCN-SFP,,$368.50M,-2.21
BCN-PC0000023,,$366.61M,0.0
BCN-GUSD,,$415.27M,0.03
BCN-WFI,,$440.31M,-2.39
BCN-GRASS,,$481.63M,-0.6
BCN-PC0000085,,$372.26M,0.0
BCN-BSV,,$524.26M,-1.29
BCN-JASMY,,$477.35M,-0.42
BCN-ANTFUN,,$548.07M,2.1
BCN-USDAI,,$423.20M,-0.0
BCN-AERO,,$680.14M,1.6
BCN-BONK,,$530.71M,-3.14
BCN-SUN,,$608.05M,-1.68
BCN-EURCV,,$415.20M,0.08
BCN-USDZ,,$393.15M,-0.06
BCN-AKE,,$361.29M,25.61
BCN-XCN,,$395.42M,-2.51
BCN-TRUMP,,$623.15M,-0.77
BCN-FET,,$571.68M,-5.1
BCN-FRAX,,$485.83M,0.14
BCN-THBILL,,$383.70M,0.18
BCN-ZAMA,,$403.58M,8.37
BCN-SHFL,,$387.16M,-1.42
BCN-USDF,,$377.60M,0.02
BCN-XPL,,$486.35M,-2.12
VELVET-ALFW,,$280.83M,-7.81
VELVET-PC0000033,,$329.00M,-7.81
VELVET-PC0000097,,$300.50M,-7.81
VELVET-PC0000031,,$369.00M,-7.81
VELVET-PC0000077,,$266.50M,-7.81
VELVET-VBILL,,$358.55M,-7.81
VELVET-PC0000023,,$267.35M,-7.81
VELVET-PC0000085,,$273.00M,-7.81
BC-ALFW,,$333.90M,4.96
BC-PC0000033,,$382.07M,4.96
BC-PC0000097,,$353.57M,4.96
BC-PC0000031,,$422.07M,4.96
BC-PC0000077,,$319.57M,4.96
BC-VBILL,,$411.61M,4.96
BC-PC0000023,,$320.42M,4.96
BC-PC0000085,,$326.07M,4.96
DEXE-ALFW,,$388.41M,23.11
DEXE-PC0000033,,$436.58M,23.11
DEXE-PC0000097,,$408.08M,23.11
DEXE-PC0000031,,$476.58M,23.11
DEXE-PC0000077,,$374.08M,23.11
DEXE-VBILL,,$466.12M,23.11
DEXE-PC0000023,,$374.93M,23.11
DEXE-PC0000085,,$380.58M,23.11
OZO-ALFW,,$239.63M,0.01
OZO-PC0000033,,$287.80M,0.01
OZO-PC0000097,,$259.30M,0.01
OZO-PC0000031,,$327.80M,0.01
OZO-PC0000077,,$225.30M,0.01
OZO-VBILL,,$317.34M,0.01
OZO-PC0000023,,$226.14M,0.01
OZO-PC0000085,,$231.80M,0.01
AB-ALFW,,$211.17M,-11.49
AB-PC0000033,,$259.34M,-11.49
AB-PC0000097,,$230.84M,-11.49
AB-PC0000031,,$299.34M,-11.49
AB-PC0000077,,$196.84M,-11.49
AB-VBILL,,$288.89M,-11.49
AB-PC0000023,,$197.69M,-11.49
AB-PC0000085,,$203.34M,-11.49
2Z-ALFW,,$316.67M,-2.58
2Z-PC0000033,,$364.84M,-2.58
2Z-PC0000097,,$336.34M,-2.58
2Z-PC0000031,,$404.84M,-2.58
2Z-PC0000077,,$302.34M,-2.58
2Z-VBILL,,$394.38M,-2.58
2Z-PC0000023,,$303.18M,-2.58
2Z-PC0000085,,$308.84M,-2.58
CASH-ALFW,,$236.35M,-0.02
CASH-PC0000033,,$284.52M,-0.02
CASH-PC0000097,,$256.02M,-0.02
CASH-PC0000031,,$324.52M,-0.02
CASH-PC0000077,,$222.02M,-0.02
CASH-VBILL,,$314.06M,-0.02
CASH-PC0000023,,$222.86M,-0.02
CASH-PC0000085,,$228.52M,-0.02
ZBCN-ALFW,,$291.60M,-3.93
ZBCN-PC0000033,,$339.77M,-3.93
ZBCN-PC0000097,,$311.27M,-3.93
ZBCN-PC0000031,,$379.77M,-3.93
ZBCN-PC0000077,,$277.27M,-3.93
ZBCN-VBILL,,$369.32M,-3.93
ZBCN-PC0000023,,$278.12M,-3.93
ZBCN-PC0000085,,$283.77M,-3.93
CVX-ALFW,,$249.15M,7.04
CVX-PC0000033,,$297.32M,7.04
CVX-PC0000097,,$268.82M,7.04
CVX-PC0000031,,$337.32M,7.04
CVX-PC0000077,,$234.82M,7.04
CVX-VBILL,,$326.86M,7.04
CVX-PC0000023,,$235.66M,7.04
CVX-PC0000085,,$241.32M,7.04
TIA-ALFW,,$420.82M,-3.4
TIA-PC0000033,,$468.99M,-3.4
TIA-PC0000097,,$440.49M,-3.4
TIA-PC0000031,,$508.99M,-3.4
TIA-PC0000077,,$406.49M,-3.4
TIA-VBILL,,$498.53M,-3.4
TIA-PC0000023,,$407.34M,-3.4
TIA-PC0000085,,$412.99M,-3.4
US-ALFW,,$533.30M,-3.85
US-PC0000033,,$581.47M,-3.85
US-PC0000097,,$552.97M,-3.85
US-PC0000031,,$621.47M,-3.85
US-PC0000077,,$518.97M,-3.85
US-VBILL,,$611.01M,-3.85
US-PC0000023,,$519.81M,-3.85
US-PC0000085,,$525.47M,-3.85
VIRTUAL-ALFW,,$483.90M,-4.17
VIRTUAL-PC0000033,,$532.07M,-4.17
VIRTUAL-PC0000097,,$503.57M,-4.17
VIRTUAL-PC0000031,,$572.07M,-4.17
VIRTUAL-PC0000077,,$469.57M,-4.17
VIRTUAL-VBILL,,$561.61M,-4.17
VIRTUAL-PC0000023,,$470.42M,-4.17
VIRTUAL-PC0000085,,$476.07M,-4.17
ZRO-ALFW,,$399.08M,1.45
ZRO-PC0000033,,$447.25M,1.45
ZRO-PC0000097,,$418.75M,1.45
ZRO-PC0000031,,$487.25M,1.45
ZRO-PC0000077,,$384.75M,1.45
ZRO-VBILL,,$476.80M,1.45
ZRO-PC0000023,,$385.60M,1.45
ZRO-PC0000085,,$391.25M,1.45
AKT-ALFW,,$242.72M,-7.7
AKT-PC0000033,,$290.89M,-7.7
AKT-PC0000097,,$262.39M,-7.7
AKT-PC0000031,,$330.89M,-7.7
AKT-PC0000077,,$228.39M,-7.7
AKT-VBILL,,$320.44M,-7.7
AKT-PC0000023,,$229.24M,-7.7
AKT-PC0000085,,$234.89M,-7.7
TKX-ALFW,,$217.77M,0.5
TKX-PC0000033,,$265.94M,0.5
TKX-PC0000097,,$237.44M,0.5
TKX-PC0000031,,$305.94M,0.5
TKX-PC0000077,,$203.44M,0.5
TKX-VBILL,,$295.49M,0.5
TKX-PC0000023,,$204.29M,0.5
TKX-PC0000085,,$209.94M,0.5
APEPE-ALFW,,$315.69M,0.38
APEPE-PC0000033,,$363.86M,0.38
APEPE-PC0000097,,$335.36M,0.38
APEPE-PC0000031,,$403.86M,0.38
APEPE-PC0000077,,$301.36M,0.38
APEPE-VBILL,,$393.40M,0.38
APEPE-PC0000023,,$302.21M,0.38
APEPE-PC0000085,,$307.86M,0.38
USTBL-ALFW,,$275.17M,0.02
USTBL-PC0000033,,$323.34M,0.02
USTBL-PC0000097,,$294.84M,0.02
USTBL-PC0000031,,$363.34M,0.02
USTBL-PC0000077,,$260.84M,0.02
USTBL-VBILL,,$352.88M,0.02
USTBL-PC0000023,,$261.69M,0.02
USTBL-PC0000085,,$267.34M,0.02
ALFW-OHM,,$390.13M,-0.49
ALFW-GRX,,$238.43M,-0.12
ALFW-META,,$209.74M,4.5
ALFW-APXUSD,,$409.39M,1.83
ALFW-GNO,,$396.97M,-0.34
ALFW-USDAT,,$254.13M,-0.03
ALFW-TWT,,$262.80M,3.22
ALFW-CAKE,,$561.52M,-0.0
ALFW-ZK,,$198.68M,-5.39
ALFW-FLUID,,$200.62M,0.87
ALFW-COCO,,$298.55M,-3.3
ALFW-TIBBIR,,$220.81M,2.46
ALFW-GPS,,$210.34M,2.34
ALFW-DCR,,$317.11M,-2.05
ALFW-NEO,,$248.10M,-3.89
ALFW-GLM,,$209.09M,-2.51
ALFW-AXS,,$258.02M,-4.13
ALFW-KAG,,$328.02M,0.01
ALFW-CHEEMS,,$214.65M,0.24
ALFW-KMNO,,$212.35M,3.15
ALFW-XTZ,,$339.80M,-5.38
ALFW-ULTIMA,,$296.03M,-2.47
ALFW-KAITO,,$423.60M,11.21
ALFW-BP,,$228.57M,2.89
ALFW-UQC,,$222.35M,-0.06
ALFW-STRK,,$303.54M,-1.17
ALFW-CTOC,,$389.33M,0.17
ALFW-PC0000033,,$276.83M,0.0
ALFW-ICNT,,$215.90M,-7.71
ALFW-FDUSD,,$460.43M,-0.04
ALFW-PC0000097,,$248.33M,0.0
ALFW-WEMIX,,$214.75M,-7.15
ALFW-ACRED,,$229.37M,-0.07
ALFW-UUSD,,$214.12M,-0.05
ALFW-FLOKI,,$312.84M,-1.49
ALFW-SAND,,$239.52M,-4.36
ALFW-AWE,,$220.15M,-1.46
ALFW-CRVUSD,,$326.38M,-0.08
ALFW-SNX,,$236.76M,-2.03
ALFW-VCNT,,$278.77M,1.26
ALFW-DASH,,$511.76M,-2.82
ALFW-CARDS,,$383.20M,4.71
ALFW-USAT,,$299.56M,-0.05
ALFW-FF,,$306.61M,3.68
ALFW-USDA,,$210.51M,-0.2
ALFW-ZANO,,$245.49M,-3.75
ALFW-REUSD,,$281.76M,0.04
ALFW-NEX,,$204.66M,-4.46
ALFW-JTO,,$382.97M,-7.06
ALFW-IOTA,,$261.90M,-3.68
ALFW-AVUSD,,$230.31M,0.05
ALFW-FARTCOIN,,$237.34M,0.54
ALFW-GALA,,$202.94M,-4.6
ALFW-ENS,,$290.40M,-1.41
ALFW-SOON,,$204.34M,33.88
ALFW-WIF,,$260.67M,0.65
ALFW-SPCXB,,$199.87M,-0.51
ALFW-STRCX,,$255.12M,1.88
ALFW-PENGU,,$486.05M,-1.36
ALFW-BORG,,$252.60M,-3.95
ALFW-TAG,,$259.40M,16.93
ALFW-XEC,,$233.79M,-9.28
ALFW-STX,,$364.85M,-8.72
ALFW-TEL,,$288.64M,-1.4
ALFW-GOMINING,,$229.89M,-0.56
ALFW-EIGEN,,$254.92M,-6.43
ALFW-ZBT,,$228.28M,1.08
ALFW-EURC,,$564.37M,0.07
ALFW-KITE,,$346.33M,0.26
ALFW-RAIL,,$204.17M,-4.11
ALFW-SHORT,,$211.88M,-2.74
ALFW-TRAC,,$238.00M,-3.25
ALFW-PENDLE,,$364.98M,-3.65
ALFW-PYTH,,$435.69M,-5.45
ALFW-PIEVERSE,,$296.41M,-0.23
ALFW-NFT,,$378.85M,0.07
ALFW-RAY,,$277.34M,-2.83
ALFW-PC0000031,,$316.83M,0.0
ALFW-GEOD,,$208.68M,3.69
ALFW-PC0000077,,$214.33M,0.0
ALFW-A,,$216.62M,-2.39
ALFW-AIAT,,$232.31M,1.41
ALFW-MX,,$264.92M,-0.81
ALFW-THETA,,$240.42M,-2.77
ALFW-SN64,,$204.32M,1.53
ALFW-ETHFI,,$514.22M,-4.42
ALFW-APYUSD,,$272.46M,1.94
ALFW-KOGE,,$328.48M,-0.27
ALFW-BTSE,,$247.44M,-6.14
ALFW-VET,,$503.29M,-2.61
ALFW-CHZ,,$258.47M,-3.12
ALFW-REAL,,$363.39M,-0.35
ALFW-MON,,$362.52M,-3.16
ALFW-MANA,,$245.71M,0.09
ALFW-PRL,,$198.40M,10.72
ALFW-GLIDR,,$215.71M,-1.5
ALFW-ONYC,,$360.54M,0.06
ALFW-A7A5,,$592.53M,-0.31
ALFW-MET,,$203.75M,1.38
ALFW-Q,,$334.28M,-1.64
ALFW-COMP,,$273.65M,-4.43
ALFW-SYRUP,,$321.58M,-2.93
ALFW-FRXUSD,,$224.25M,-0.04
ALFW-BTT,,$373.80M,-1.33
ALFW-BAT,,$217.74M,-5.21
ALFW-XPIN,,$259.23M,0.71
ALFW-SOSO,,$230.92M,11.04
ALFW-VBILL,,$306.37M,0.0
ALFW-CRCLON,,$207.18M,0.72
ALFW-PEANUT,,$298.87M,-1.95
ALFW-AR,,$230.38M,-1.87
ALFW-SFP,,$217.06M,-2.39
ALFW-PC0000023,,$215.18M,0.0
ALFW-GUSD,,$263.84M,0.04
ALFW-WFI,,$288.87M,-2.87
ALFW-GRASS,,$330.20M,-3.89
ALFW-PC0000085,,$220.83M,0.0
ALFW-BSV,,$372.82M,-2.09
ALFW-JASMY,,$325.92M,-0.96
ALFW-ANTFUN,,$396.64M,1.63
ALFW-USDAI,,$271.77M,-0.01
ALFW-AERO,,$528.70M,0.27
ALFW-BONK,,$379.28M,-3.75
ALFW-SUN,,$456.62M,-1.47
ALFW-EURCV,,$263.77M,0.07
ALFW-USDZ,,$241.72M,-0.2
ALFW-AKE,,$209.85M,31.36
ALFW-XCN,,$243.99M,-3.2
ALFW-TRUMP,,$471.72M,-2.84
ALFW-FET,,$420.25M,-5.12
ALFW-FRAX,,$334.40M,0.25
ALFW-THBILL,,$232.26M,0.14
ALFW-ZAMA,,$252.14M,8.89
ALFW-SHFL,,$235.73M,-3.37
ALFW-USDF,,$226.17M,-0.0
ALFW-XPL,,$334.92M,0.66
OHM-PC0000033,,$438.30M,-0.49
OHM-PC0000097,,$409.80M,-0.49
OHM-PC0000031,,$478.30M,-0.49
OHM-PC0000077,,$375.80M,-0.49
OHM-VBILL,,$467.85M,-0.49
OHM-PC0000023,,$376.65M,-0.49
OHM-PC0000085,,$382.30M,-0.49
GRX-PC0000033,,$286.60M,-0.12
GRX-PC0000097,,$258.10M,-0.12
GRX-PC0000031,,$326.60M,-0.12
GRX-PC0000077,,$224.10M,-0.12
GRX-VBILL,,$316.14M,-0.12
GRX-PC0000023,,$224.94M,-0.12
GRX-PC0000085,,$230.60M,-0.12
META-PC0000033,,$257.91M,4.5
META-PC0000097,,$229.41M,4.5
META-PC0000031,,$297.91M,4.5
META-PC0000077,,$195.41M,4.5
META-VBILL,,$287.46M,4.5
META-PC0000023,,$196.26M,4.5
META-PC0000085,,$201.91M,4.5
APXUSD-PC0000033,,$457.56M,1.83
APXUSD-PC0000097,,$429.06M,1.83
APXUSD-PC0000031,,$497.56M,1.83
APXUSD-PC0000077,,$395.06M,1.83
APXUSD-VBILL,,$487.10M,1.83
APXUSD-PC0000023,,$395.90M,1.83
APXUSD-PC0000085,,$401.56M,1.83
GNO-PC0000033,,$445.14M,-0.34
GNO-PC0000097,,$416.64M,-0.34
GNO-PC0000031,,$485.14M,-0.34
GNO-PC0000077,,$382.64M,-0.34
GNO-VBILL,,$474.69M,-0.34
GNO-PC0000023,,$383.49M,-0.34
GNO-PC0000085,,$389.14M,-0.34
USDAT-PC0000033,,$302.30M,-0.03
USDAT-PC0000097,,$273.80M,-0.03
USDAT-PC0000031,,$342.30M,-0.03
USDAT-PC0000077,,$239.80M,-0.03
USDAT-VBILL,,$331.84M,-0.03
USDAT-PC0000023,,$240.65M,-0.03
USDAT-PC0000085,,$246.30M,-0.03
TWT-PC0000033,,$310.97M,3.22
TWT-PC0000097,,$282.47M,3.22
TWT-PC0000031,,$350.97M,3.22
TWT-PC0000077,,$248.47M,3.22
TWT-VBILL,,$340.51M,3.22
TWT-PC0000023,,$249.31M,3.22
TWT-PC0000085,,$254.97M,3.22
CAKE-PC0000033,,$609.69M,-0.0
CAKE-PC0000097,,$581.19M,-0.0
CAKE-PC0000031,,$649.69M,-0.0
CAKE-PC0000077,,$547.19M,-0.0
CAKE-VBILL,,$639.23M,-0.0
CAKE-PC0000023,,$548.04M,-0.0
CAKE-PC0000085,,$553.69M,-0.0
ZK-PC0000033,,$246.85M,-5.39
ZK-PC0000097,,$218.35M,-5.39
ZK-PC0000031,,$286.85M,-5.39
ZK-PC0000077,,$184.35M,-5.39
ZK-VBILL,,$276.40M,-5.39
ZK-PC0000023,,$185.20M,-5.39
ZK-PC0000085,,$190.85M,-5.39
FLUID-PC0000033,,$248.79M,0.87
FLUID-PC0000097,,$220.29M,0.87
FLUID-PC0000031,,$288.79M,0.87
FLUID-PC0000077,,$186.29M,0.87
FLUID-VBILL,,$278.33M,0.87
FLUID-PC0000023,,$187.13M,0.87
FLUID-PC0000085,,$192.79M,0.87
COCO-PC0000033,,$346.72M,-3.3
COCO-PC0000097,,$318.22M,-3.3
COCO-PC0000031,,$386.72M,-3.3
COCO-PC0000077,,$284.22M,-3.3
COCO-VBILL,,$376.26M,-3.3
COCO-PC0000023,,$285.07M,-3.3
COCO-PC0000085,,$290.72M,-3.3
TIBBIR-PC0000033,,$268.98M,2.46
TIBBIR-PC0000097,,$240.48M,2.46
TIBBIR-PC0000031,,$308.98M,2.46
TIBBIR-PC0000077,,$206.48M,2.46
TIBBIR-VBILL,,$298.53M,2.46
TIBBIR-PC0000023,,$207.33M,2.46
TIBBIR-PC0000085,,$212.98M,2.46
GPS-PC0000033,,$258.51M,2.34
GPS-PC0000097,,$230.01M,2.34
GPS-PC0000031,,$298.51M,2.34
GPS-PC0000077,,$196.01M,2.34
GPS-VBILL,,$288.05M,2.34
GPS-PC0000023,,$196.86M,2.34
GPS-PC0000085,,$202.51M,2.34
DCR-PC0000033,,$365.28M,-2.05
DCR-PC0000097,,$336.78M,-2.05
DCR-PC0000031,,$405.28M,-2.05
DCR-PC0000077,,$302.78M,-2.05
DCR-VBILL,,$394.82M,-2.05
DCR-PC0000023,,$303.62M,-2.05
DCR-PC0000085,,$309.28M,-2.05
NEO-PC0000033,,$296.27M,-3.89
NEO-PC0000097,,$267.77M,-3.89
NEO-PC0000031,,$336.27M,-3.89
NEO-PC0000077,,$233.77M,-3.89
NEO-VBILL,,$325.82M,-3.89
NEO-PC0000023,,$234.62M,-3.89
NEO-PC0000085,,$240.27M,-3.89
GLM-PC0000033,,$257.26M,-2.51
GLM-PC0000097,,$228.76M,-2.51
GLM-PC0000031,,$297.26M,-2.51
GLM-PC0000077,,$194.76M,-2.51
GLM-VBILL,,$286.81M,-2.51
GLM-PC0000023,,$195.61M,-2.51
GLM-PC0000085,,$201.26M,-2.51
AXS-PC0000033,,$306.19M,-4.13
AXS-PC0000097,,$277.69M,-4.13
AXS-PC0000031,,$346.19M,-4.13
AXS-PC0000077,,$243.69M,-4.13
AXS-VBILL,,$335.73M,-4.13
AXS-PC0000023,,$244.53M,-4.13
AXS-PC0000085,,$250.19M,-4.13
KAG-PC0000033,,$376.19M,0.01
KAG-PC0000097,,$347.69M,0.01
KAG-PC0000031,,$416.19M,0.01
KAG-PC0000077,,$313.69M,0.01
KAG-VBILL,,$405.73M,0.01
KAG-PC0000023,,$314.54M,0.01
KAG-PC0000085,,$320.19M,0.01
CHEEMS-PC0000033,,$262.82M,0.24
CHEEMS-PC0000097,,$234.32M,0.24
CHEEMS-PC0000031,,$302.82M,0.24
CHEEMS-PC0000077,,$200.32M,0.24
CHEEMS-VBILL,,$292.36M,0.24
CHEEMS-PC0000023,,$201.16M,0.24
CHEEMS-PC0000085,,$206.82M,0.24
KMNO-PC0000033,,$260.52M,3.15
KMNO-PC0000097,,$232.02M,3.15
KMNO-PC0000031,,$300.52M,3.15
KMNO-PC0000077,,$198.02M,3.15
KMNO-VBILL,,$290.06M,3.15
KMNO-PC0000023,,$198.87M,3.15
KMNO-PC0000085,,$204.52M,3.15
XTZ-PC0000033,,$387.97M,-5.38
XTZ-PC0000097,,$359.47M,-5.38
XTZ-PC0000031,,$427.97M,-5.38
XTZ-PC0000077,,$325.47M,-5.38
XTZ-VBILL,,$417.52M,-5.38
XTZ-PC0000023,,$326.32M,-5.38
XTZ-PC0000085,,$331.97M,-5.38
ULTIMA-PC0000033,,$344.20M,-2.47
ULTIMA-PC0000097,,$315.70M,-2.47
ULTIMA-PC0000031,,$384.20M,-2.47
ULTIMA-PC0000077,,$281.70M,-2.47
ULTIMA-VBILL,,$373.74M,-2.47
ULTIMA-PC0000023,,$282.55M,-2.47
ULTIMA-PC0000085,,$288.20M,-2.47
KAITO-PC0000033,,$471.77M,11.21
KAITO-PC0000097,,$443.27M,11.21
KAITO-PC0000031,,$511.77M,11.21
KAITO-PC0000077,,$409.27M,11.21
KAITO-VBILL,,$501.31M,11.21
KAITO-PC0000023,,$410.12M,11.21
KAITO-PC0000085,,$415.77M,11.21
BP-PC0000033,,$276.74M,2.89
BP-PC0000097,,$248.24M,2.89
BP-PC0000031,,$316.74M,2.89
BP-PC0000077,,$214.24M,2.89
BP-VBILL,,$306.28M,2.89
BP-PC0000023,,$215.08M,2.89
BP-PC0000085,,$220.74M,2.89
UQC-PC0000033,,$270.52M,-0.06
UQC-PC0000097,,$242.02M,-0.06
UQC-PC0000031,,$310.52M,-0.06
UQC-PC0000077,,$208.02M,-0.06
UQC-VBILL,,$300.06M,-0.06
UQC-PC0000023,,$208.87M,-0.06
UQC-PC0000085,,$214.52M,-0.06
STRK-PC0000033,,$351.71M,-1.17
STRK-PC0000097,,$323.21M,-1.17
STRK-PC0000031,,$391.71M,-1.17
STRK-PC0000077,,$289.21M,-1.17
STRK-VBILL,,$381.25M,-1.17
STRK-PC0000023,,$290.06M,-1.17
STRK-PC0000085,,$295.71M,-1.17
CTOC-PC0000033,,$437.50M,0.17
CTOC-PC0000097,,$409.00M,0.17
CTOC-PC0000031,,$477.50M,0.17
CTOC-PC0000077,,$375.00M,0.17
CTOC-VBILL,,$467.05M,0.17
CTOC-PC0000023,,$375.85M,0.17
CTOC-PC0000085,,$381.50M,0.17
PC0000033-ICNT,,$264.07M,-7.71
PC0000033-FDUSD,,$508.60M,-0.04
PC0000033-PC0000097,,$296.50M,0.0
PC0000033-WEMIX,,$262.92M,-7.15
PC0000033-ACRED,,$277.54M,-0.07
PC0000033-UUSD,,$262.29M,-0.05
PC0000033-FLOKI,,$361.01M,-1.49
PC0000033-SAND,,$287.69M,-4.36
PC0000033-AWE,,$268.32M,-1.46
PC0000033-CRVUSD,,$374.55M,-0.08
PC0000033-SNX,,$284.93M,-2.03
PC0000033-VCNT,,$326.94M,1.26
PC0000033-DASH,,$559.93M,-2.82
PC0000033-CARDS,,$431.37M,4.71
PC0000033-USAT,,$347.73M,-0.05
PC0000033-FF,,$354.78M,3.68
PC0000033-USDA,,$258.68M,-0.2
PC0000033-ZANO,,$293.66M,-3.75
PC0000033-REUSD,,$329.93M,0.04
PC0000033-NEX,,$252.83M,-4.46
PC0000033-JTO,,$431.14M,-7.06
PC0000033-IOTA,,$310.07M,-3.68
PC0000033-AVUSD,,$278.48M,0.05
PC0000033-FARTCOIN,,$285.51M,0.54
PC0000033-GALA,,$251.11M,-4.6
PC0000033-ENS,,$338.57M,-1.41
PC0000033-SOON,,$252.51M,33.88
PC0000033-WIF,,$308.84M,0.65
PC0000033-SPCXB,,$248.04M,-0.51
PC0000033-STRCX,,$303.29M,1.88
PC0000033-PENGU,,$534.22M,-1.36
PC0000033-BORG,,$300.77M,-3.95
PC0000033-TAG,,$307.57M,16.93
PC0000033-XEC,,$281.96M,-9.28
PC0000033-STX,,$413.02M,-8.72
PC0000033-TEL,,$336.81M,-1.4
PC0000033-GOMINING,,$278.06M,-0.56
PC0000033-EIGEN,,$303.09M,-6.43
PC0000033-ZBT,,$276.45M,1.08
PC0000033-EURC,,$612.54M,0.07
PC0000033-KITE,,$394.50M,0.26
PC0000033-RAIL,,$252.34M,-4.11
PC0000033-SHORT,,$260.05M,-2.74
PC0000033-TRAC,,$286.17M,-3.25
PC0000033-PENDLE,,$413.15M,-3.65
PC0000033-PYTH,,$483.86M,-5.45
PC0000033-PIEVERSE,,$344.58M,-0.23
PC0000033-NFT,,$427.02M,0.07
PC0000033-RAY,,$325.51M,-2.83
PC0000033-PC0000031,,$365.00M,0.0
PC0000033-GEOD,,$256.85M,3.69
PC0000033-PC0000077,,$262.50M,0.0
PC0000033-A,,$264.79M,-2.39
PC0000033-AIAT,,$280.48M,1.41
PC0000033-MX,,$313.09M,-0.81
PC0000033-THETA,,$288.59M,-2.77
PC0000033-SN64,,$252.49M,1.53
PC0000033-ETHFI,,$562.39M,-4.42
PC0000033-APYUSD,,$320.63M,1.94
PC0000033-KOGE,,$376.65M,-0.27
PC0000033-BTSE,,$295.61M,-6.14
PC0000033-VET,,$551.46M,-2.61
PC0000033-CHZ,,$306.64M,-3.12
PC0000033-REAL,,$411.56M,-0.35
PC0000033-MON,,$410.69M,-3.16
PC0000033-MANA,,$293.88M,0.09
PC0000033-PRL,,$246.57M,10.72
PC0000033-GLIDR,,$263.88M,-1.5
PC0000033-ONYC,,$408.71M,0.06
PC0000033-A7A5,,$640.70M,-0.31
PC0000033-MET,,$251.92M,1.38
PC0000033-Q,,$382.45M,-1.64
PC0000033-COMP,,$321.82M,-4.43
PC0000033-SYRUP,,$369.75M,-2.93
PC0000033-FRXUSD,,$272.42M,-0.04
PC0000033-BTT,,$421.97M,-1.33
PC0000033-BAT,,$265.91M,-5.21
PC0000033-XPIN,,$307.40M,0.71
PC0000033-SOSO,,$279.09M,11.04
PC0000033-VBILL,,$354.54M,0.0
PC0000033-CRCLON,,$255.35M,0.72
PC0000033-PEANUT,,$347.04M,-1.95
PC0000033-AR,,$278.55M,-1.87
PC0000033-SFP,,$265.23M,-2.39
PC0000033-PC0000023,,$263.35M,0.0
PC0000033-GUSD,,$312.01M,0.04
PC0000033-WFI,,$337.04M,-2.87
PC0000033-GRASS,,$378.37M,-3.89
PC0000033-PC0000085,,$269.00M,0.0
PC0000033-BSV,,$420.99M,-2.09
PC0000033-JASMY,,$374.09M,-0.96
PC0000033-ANTFUN,,$444.81M,1.63
PC0000033-USDAI,,$319.94M,-0.01
PC0000033-AERO,,$576.87M,0.27
PC0000033-BONK,,$427.45M,-3.75
PC0000033-SUN,,$504.79M,-1.47
PC0000033-EURCV,,$311.94M,0.07
PC0000033-USDZ,,$289.89M,-0.2
PC0000033-AKE,,$258.02M,31.36
PC0000033-XCN,,$292.16M,-3.2
PC0000033-TRUMP,,$519.89M,-2.84
PC0000033-FET,,$468.42M,-5.12
PC0000033-FRAX,,$382.57M,0.25
PC0000033-THBILL,,$280.43M,0.14
PC0000033-ZAMA,,$300.31M,8.89
PC0000033-SHFL,,$283.90M,-3.37
PC0000033-USDF,,$274.34M,-0.0
PC0000033-XPL,,$383.09M,0.66
ICNT-PC0000097,,$235.57M,-7.71
ICNT-PC0000031,,$304.07M,-7.71
ICNT-PC0000077,,$201.57M,-7.71
ICNT-VBILL,,$293.61M,-7.71
ICNT-PC0000023,,$202.42M,-7.71
ICNT-PC0000085,,$208.07M,-7.71
FDUSD-PC0000097,,$480.10M,-0.04
FDUSD-PC0000031,,$548.60M,-0.04
FDUSD-PC0000077,,$446.10M,-0.04
FDUSD-VBILL,,$538.14M,-0.04
FDUSD-PC0000023,,$446.94M,-0.04
FDUSD-PC0000085,,$452.60M,-0.04
PC0000097-WEMIX,,$234.42M,-7.15
PC0000097-ACRED,,$249.04M,-0.07
PC0000097-UUSD,,$233.79M,-0.05
PC0000097-FLOKI,,$332.51M,-1.49
PC0000097-SAND,,$259.19M,-4.36
PC0000097-AWE,,$239.82M,-1.46
PC0000097-CRVUSD,,$346.05M,-0.08
PC0000097-SNX,,$256.43M,-2.03
PC0000097-VCNT,,$298.44M,1.26
PC0000097-DASH,,$531.43M,-2.82
PC0000097-CARDS,,$402.87M,4.71
PC0000097-USAT,,$319.23M,-0.05
PC0000097-FF,,$326.28M,3.68
PC0000097-USDA,,$230.18M,-0.2
PC0000097-ZANO,,$265.16M,-3.75
PC0000097-REUSD,,$301.43M,0.04
PC0000097-NEX,,$224.33M,-4.46
PC0000097-JTO,,$402.64M,-7.06
PC0000097-IOTA,,$281.57M,-3.68
PC0000097-AVUSD,,$249.98M,0.05
PC0000097-FARTCOIN,,$257.01M,0.54
PC0000097-GALA,,$222.61M,-4.6
PC0000097-ENS,,$310.07M,-1.41
PC0000097-SOON,,$224.01M,33.88
PC0000097-WIF,,$280.34M,0.65
PC0000097-SPCXB,,$219.54M,-0.51
PC0000097-STRCX,,$274.79M,1.88
PC0000097-PENGU,,$505.72M,-1.36
PC0000097-BORG,,$272.27M,-3.95
PC0000097-TAG,,$279.07M,16.93
PC0000097-XEC,,$253.46M,-9.28
PC0000097-STX,,$384.52M,-8.72
PC0000097-TEL,,$308.31M,-1.4
PC0000097-GOMINING,,$249.56M,-0.56
PC0000097-EIGEN,,$274.59M,-6.43
PC0000097-ZBT,,$247.95M,1.08
PC0000097-EURC,,$584.04M,0.07
PC0000097-KITE,,$366.00M,0.26
PC0000097-RAIL,,$223.84M,-4.11
PC0000097-SHORT,,$231.55M,-2.74
PC0000097-TRAC,,$257.67M,-3.25
PC0000097-PENDLE,,$384.65M,-3.65
PC0000097-PYTH,,$455.36M,-5.45
PC0000097-PIEVERSE,,$316.08M,-0.23
PC0000097-NFT,,$398.52M,0.07
PC0000097-RAY,,$297.01M,-2.83
PC0000097-PC0000031,,$336.50M,0.0
PC0000097-GEOD,,$228.35M,3.69
PC0000097-PC0000077,,$234.00M,0.0
PC0000097-A,,$236.29M,-2.39
PC0000097-AIAT,,$251.98M,1.41
PC0000097-MX,,$284.59M,-0.81
PC0000097-THETA,,$260.09M,-2.77
PC0000097-SN64,,$223.99M,1.53
PC0000097-ETHFI,,$533.89M,-4.42
PC0000097-APYUSD,,$292.13M,1.94
PC0000097-KOGE,,$348.15M,-0.27
PC0000097-BTSE,,$267.11M,-6.14
PC0000097-VET,,$522.96M,-2.61
PC0000097-CHZ,,$278.14M,-3.12
PC0000097-REAL,,$383.06M,-0.35
PC0000097-MON,,$382.19M,-3.16
PC0000097-MANA,,$265.38M,0.09
PC0000097-PRL,,$218.07M,10.72
PC0000097-GLIDR,,$235.38M,-1.5
PC0000097-ONYC,,$380.21M,0.06
PC0000097-A7A5,,$612.20M,-0.31
PC0000097-MET,,$223.42M,1.38
PC0000097-Q,,$353.95M,-1.64
PC0000097-COMP,,$293.32M,-4.43
PC0000097-SYRUP,,$341.25M,-2.93
PC0000097-FRXUSD,,$243.92M,-0.04
PC0000097-BTT,,$393.47M,-1.33
PC0000097-BAT,,$237.41M,-5.21
PC0000097-XPIN,,$278.90M,0.71
PC0000097-SOSO,,$250.59M,11.04
PC0000097-VBILL,,$326.04M,0.0
PC0000097-CRCLON,,$226.85M,0.72
PC0000097-PEANUT,,$318.54M,-1.95
PC0000097-AR,,$250.05M,-1.87
PC0000097-SFP,,$236.73M,-2.39
PC0000097-PC0000023,,$234.85M,0.0
PC0000097-GUSD,,$283.51M,0.04
PC0000097-WFI,,$308.54M,-2.87
PC0000097-GRASS,,$349.87M,-3.89
PC0000097-PC0000085,,$240.50M,0.0
PC0000097-BSV,,$392.49M,-2.09
PC0000097-JASMY,,$345.59M,-0.96
PC0000097-ANTFUN,,$416.31M,1.63
PC0000097-USDAI,,$291.44M,-0.01
PC0000097-AERO,,$548.37M,0.27
PC0000097-BONK,,$398.95M,-3.75
PC0000097-SUN,,$476.29M,-1.47
PC0000097-EURCV,,$283.44M,0.07
PC0000097-USDZ,,$261.39M,-0.2
PC0000097-AKE,,$229.52M,31.36
PC0000097-XCN,,$263.66M,-3.2
PC0000097-TRUMP,,$491.39M,-2.84
PC0000097-FET,,$439.92M,-5.12
PC0000097-FRAX,,$354.07M,0.25
PC0000097-THBILL,,$251.93M,0.14
PC0000097-ZAMA,,$271.81M,8.89
PC0000097-SHFL,,$255.40M,-3.37
PC0000097-USDF,,$245.84M,-0.0
PC0000097-XPL,,$354.59M,0.66
WEMIX-PC0000031,,$302.92M,-7.15
WEMIX-PC0000077,,$200.42M,-7.15
WEMIX-VBILL,,$292.47M,-7.15
WEMIX-PC0000023,,$201.27M,-7.15
WEMIX-PC0000085,,$206.92M,-7.15
ACRED-PC0000031,,$317.54M,-0.07
ACRED-PC0000077,,$215.04M,-0.07
ACRED-VBILL,,$307.08M,-0.07
ACRED-PC0000023,,$215.89M,-0.07
ACRED-PC0000085,,$221.54M,-0.07
UUSD-PC0000031,,$302.29M,-0.05
UUSD-PC0000077,,$199.79M,-0.05
UUSD-VBILL,,$291.83M,-0.05
UUSD-PC0000023,,$200.63M,-0.05
UUSD-PC0000085,,$206.29M,-0.05
FLOKI-PC0000031,,$401.01M,-1.49
FLOKI-PC0000077,,$298.51M,-1.49
FLOKI-VBILL,,$390.55M,-1.49
FLOKI-PC0000023,,$299.36M,-1.49
FLOKI-PC0000085,,$305.01M,-1.49
SAND-PC0000031,,$327.69M,-4.36
SAND-PC0000077,,$225.19M,-4.36
SAND-VBILL,,$317.23M,-4.36
SAND-PC0000023,,$226.03M,-4.36
SAND-PC0000085,,$231.69M,-4.36
AWE-PC0000031,,$308.32M,-1.46
AWE-PC0000077,,$205.82M,-1.46
AWE-VBILL,,$297.86M,-1.46
AWE-PC0000023,,$206.67M,-1.46
AWE-PC0000085,,$212.32M,-1.46
CRVUSD-PC0000031,,$414.55M,-0.08
CRVUSD-PC0000077,,$312.05M,-0.08
CRVUSD-VBILL,,$404.09M,-0.08
CRVUSD-PC0000023,,$312.90M,-0.08
CRVUSD-PC0000085,,$318.55M,-0.08
SNX-PC0000031,,$324.93M,-2.03
SNX-PC0000077,,$222.43M,-2.03
SNX-VBILL,,$314.48M,-2.03
SNX-PC0000023,,$223.28M,-2.03
SNX-PC0000085,,$228.93M,-2.03
VCNT-PC0000031,,$366.94M,1.26
VCNT-PC0000077,,$264.44M,1.26
VCNT-VBILL,,$356.49M,1.26
VCNT-PC0000023,,$265.29M,1.26
VCNT-PC0000085,,$270.94M,1.26
DASH-PC0000031,,$599.93M,-2.82
DASH-PC0000077,,$497.43M,-2.82
DASH-VBILL,,$589.48M,-2.82
DASH-PC0000023,,$498.28M,-2.82
DASH-PC0000085,,$503.93M,-2.82
CARDS-PC0000031,,$471.37M,4.71
CARDS-PC0000077,,$368.87M,4.71
CARDS-VBILL,,$460.91M,4.71
CARDS-PC0000023,,$369.71M,4.71
CARDS-PC0000085,,$375.37M,4.71
USAT-PC0000031,,$387.73M,-0.05
USAT-PC0000077,,$285.23M,-0.05
USAT-VBILL,,$377.27M,-0.05
USAT-PC0000023,,$286.07M,-0.05
USAT-PC0000085,,$291.73M,-0.05
FF-PC0000031,,$394.78M,3.68
FF-PC0000077,,$292.28M,3.68
FF-VBILL,,$384.33M,3.68
FF-PC0000023,,$293.13M,3.68
FF-PC0000085,,$298.78M,3.68
USDA-PC0000031,,$298.68M,-0.2
USDA-PC0000077,,$196.18M,-0.2
USDA-VBILL,,$288.22M,-0.2
USDA-PC0000023,,$197.02M,-0.2
USDA-PC0000085,,$202.68M,-0.2
ZANO-PC0000031,,$333.66M,-3.75
ZANO-PC0000077,,$231.16M,-3.75
ZANO-VBILL,,$323.20M,-3.75
ZANO-PC0000023,,$232.01M,-3.75
ZANO-PC0000085,,$237.66M,-3.75
REUSD-PC0000031,,$369.93M,0.04
REUSD-PC0000077,,$267.43M,0.04
REUSD-VBILL,,$359.48M,0.04
REUSD-PC0000023,,$268.28M,0.04
REUSD-PC0000085,,$273.93M,0.04
NEX-PC0000031,,$292.83M,-4.46
NEX-PC0000077,,$190.33M,-4.46
NEX-VBILL,,$282.37M,-4.46
NEX-PC0000023,,$191.18M,-4.46
NEX-PC0000085,,$196.83M,-4.46
JTO-PC0000031,,$471.14M,-7.06
JTO-PC0000077,,$368.64M,-7.06
JTO-VBILL,,$460.68M,-7.06
JTO-PC0000023,,$369.48M,-7.06
JTO-PC0000085,,$375.14M,-7.06
IOTA-PC0000031,,$350.07M,-3.68
IOTA-PC0000077,,$247.57M,-3.68
IOTA-VBILL,,$339.62M,-3.68
IOTA-PC0000023,,$248.42M,-3.68
IOTA-PC0000085,,$254.07M,-3.68
AVUSD-PC0000031,,$318.48M,0.05
AVUSD-PC0000077,,$215.98M,0.05
AVUSD-VBILL,,$308.02M,0.05
AVUSD-PC0000023,,$216.82M,0.05
AVUSD-PC0000085,,$222.48M,0.05
FARTCOIN-PC0000031,,$325.51M,0.54
FARTCOIN-PC0000077,,$223.01M,0.54
FARTCOIN-VBILL,,$315.05M,0.54
FARTCOIN-PC0000023,,$223.86M,0.54
FARTCOIN-PC0000085,,$229.51M,0.54
GALA-PC0000031,,$291.11M,-4.6
GALA-PC0000077,,$188.61M,-4.6
GALA-VBILL,,$280.66M,-4.6
GALA-PC0000023,,$189.46M,-4.6
GALA-PC0000085,,$195.11M,-4.6
ENS-PC0000031,,$378.57M,-1.41
ENS-PC0000077,,$276.07M,-1.41
ENS-VBILL,,$368.11M,-1.41
ENS-PC0000023,,$276.92M,-1.41
ENS-PC0000085,,$282.57M,-1.41
SOON-PC0000031,,$292.51M,33.88
SOON-PC0000077,,$190.01M,33.88
SOON-VBILL,,$282.05M,33.88
SOON-PC0000023,,$190.86M,33.88
SOON-PC0000085,,$196.51M,33.88
WIF-PC0000031,,$348.84M,0.65
WIF-PC0000077,,$246.34M,0.65
WIF-VBILL,,$338.39M,0.65
WIF-PC0000023,,$247.19M,0.65
WIF-PC0000085,,$252.84M,0.65
SPCXB-PC0000031,,$288.04M,-0.51
SPCXB-PC0000077,,$185.54M,-0.51
SPCXB-VBILL,,$277.58M,-0.51
SPCXB-PC0000023,,$186.38M,-0.51
SPCXB-PC0000085,,$192.04M,-0.51
STRCX-PC0000031,,$343.29M,1.88
STRCX-PC0000077,,$240.79M,1.88
STRCX-VBILL,,$332.84M,1.88
STRCX-PC0000023,,$241.64M,1.88
STRCX-PC0000085,,$247.29M,1.88
PENGU-PC0000031,,$574.22M,-1.36
PENGU-PC0000077,,$471.72M,-1.36
PENGU-VBILL,,$563.76M,-1.36
PENGU-PC0000023,,$472.56M,-1.36
PENGU-PC0000085,,$478.22M,-1.36
BORG-PC0000031,,$340.77M,-3.95
BORG-PC0000077,,$238.27M,-3.95
BORG-VBILL,,$330.31M,-3.95
BORG-PC0000023,,$239.12M,-3.95
BORG-PC0000085,,$244.77M,-3.95
TAG-PC0000031,,$347.57M,16.93
TAG-PC0000077,,$245.07M,16.93
TAG-VBILL,,$337.11M,16.93
TAG-PC0000023,,$245.91M,16.93
TAG-PC0000085,,$251.57M,16.93
XEC-PC0000031,,$321.96M,-9.28
XEC-PC0000077,,$219.46M,-9.28
XEC-VBILL,,$311.50M,-9.28
XEC-PC0000023,,$220.30M,-9.28
XEC-PC0000085,,$225.96M,-9.28
STX-PC0000031,,$453.02M,-8.72
STX-PC0000077,,$350.52M,-8.72
STX-VBILL,,$442.56M,-8.72
STX-PC0000023,,$351.36M,-8.72
STX-PC0000085,,$357.02M,-8.72
TEL-PC0000031,,$376.81M,-1.4
TEL-PC0000077,,$274.31M,-1.4
TEL-VBILL,,$366.36M,-1.4
TEL-PC0000023,,$275.16M,-1.4
TEL-PC0000085,,$280.81M,-1.4
GOMINING-PC0000031,,$318.06M,-0.56
GOMINING-PC0000077,,$215.56M,-0.56
GOMINING-VBILL,,$307.61M,-0.56
GOMINING-PC0000023,,$216.41M,-0.56
GOMINING-PC0000085,,$222.06M,-0.56
EIGEN-PC0000031,,$343.09M,-6.43
EIGEN-PC0000077,,$240.59M,-6.43
EIGEN-VBILL,,$332.64M,-6.43
EIGEN-PC0000023,,$241.44M,-6.43
EIGEN-PC0000085,,$247.09M,-6.43
ZBT-PC0000031,,$316.45M,1.08
ZBT-PC0000077,,$213.95M,1.08
ZBT-VBILL,,$305.99M,1.08
ZBT-PC0000023,,$214.79M,1.08
ZBT-PC0000085,,$220.45M,1.08
EURC-PC0000031,,$652.54M,0.07
EURC-PC0000077,,$550.04M,0.07
EURC-VBILL,,$642.08M,0.07
EURC-PC0000023,,$550.88M,0.07
EURC-PC0000085,,$556.54M,0.07
KITE-PC0000031,,$434.50M,0.26
KITE-PC0000077,,$332.00M,0.26
KITE-VBILL,,$424.05M,0.26
KITE-PC0000023,,$332.85M,0.26
KITE-PC0000085,,$338.50M,0.26
RAIL-PC0000031,,$292.34M,-4.11
RAIL-PC0000077,,$189.84M,-4.11
RAIL-VBILL,,$281.89M,-4.11
RAIL-PC0000023,,$190.69M,-4.11
RAIL-PC0000085,,$196.34M,-4.11
SHORT-PC0000031,,$300.05M,-2.74
SHORT-PC0000077,,$197.55M,-2.74
SHORT-VBILL,,$289.60M,-2.74
SHORT-PC0000023,,$198.40M,-2.74
SHORT-PC0000085,,$204.05M,-2.74
TRAC-PC0000031,,$326.17M,-3.25
TRAC-PC0000077,,$223.67M,-3.25
TRAC-VBILL,,$315.71M,-3.25
TRAC-PC0000023,,$224.51M,-3.25
TRAC-PC0000085,,$230.17M,-3.25
PENDLE-PC0000031,,$453.15M,-3.65
PENDLE-PC0000077,,$350.65M,-3.65
PENDLE-VBILL,,$442.69M,-3.65
PENDLE-PC0000023,,$351.50M,-3.65
PENDLE-PC0000085,,$357.15M,-3.65
PYTH-PC0000031,,$523.86M,-5.45
PYTH-PC0000077,,$421.36M,-5.45
PYTH-VBILL,,$513.40M,-5.45
PYTH-PC0000023,,$422.21M,-5.45
PYTH-PC0000085,,$427.86M,-5.45
PIEVERSE-PC0000031,,$384.58M,-0.23
PIEVERSE-PC0000077,,$282.08M,-0.23
PIEVERSE-VBILL,,$374.13M,-0.23
PIEVERSE-PC0000023,,$282.93M,-0.23
PIEVERSE-PC0000085,,$288.58M,-0.23
NFT-PC0000031,,$467.02M,0.07
NFT-PC0000077,,$364.52M,0.07
NFT-VBILL,,$456.57M,0.07
NFT-PC0000023,,$365.37M,0.07
NFT-PC0000085,,$371.02M,0.07
RAY-PC0000031,,$365.51M,-2.83
RAY-PC0000077,,$263.01M,-2.83
RAY-VBILL,,$355.05M,-2.83
RAY-PC0000023,,$263.85M,-2.83
RAY-PC0000085,,$269.51M,-2.83
PC0000031-GEOD,,$296.85M,3.69
PC0000031-PC0000077,,$302.50M,0.0
PC0000031-A,,$304.79M,-2.39
PC0000031-AIAT,,$320.48M,1.41
PC0000031-MX,,$353.09M,-0.81
PC0000031-THETA,,$328.59M,-2.77
PC0000031-SN64,,$292.49M,1.53
PC0000031-ETHFI,,$602.39M,-4.42
PC0000031-APYUSD,,$360.63M,1.94
PC0000031-KOGE,,$416.65M,-0.27
PC0000031-BTSE,,$335.61M,-6.14
PC0000031-VET,,$591.46M,-2.61
PC0000031-CHZ,,$346.64M,-3.12
PC0000031-REAL,,$451.56M,-0.35
PC0000031-MON,,$450.69M,-3.16
PC0000031-MANA,,$333.88M,0.09
PC0000031-PRL,,$286.57M,10.72
PC0000031-GLIDR,,$303.88M,-1.5
PC0000031-ONYC,,$448.71M,0.06
PC0000031-A7A5,,$680.70M,-0.31
PC0000031-MET,,$291.92M,1.38
PC0000031-Q,,$422.45M,-1.64
PC0000031-COMP,,$361.82M,-4.43
PC0000031-SYRUP,,$409.75M,-2.93
PC0000031-FRXUSD,,$312.42M,-0.04
PC0000031-BTT,,$461.97M,-1.33
PC0000031-BAT,,$305.91M,-5.21
PC0000031-XPIN,,$347.40M,0.71
PC0000031-SOSO,,$319.09M,11.04
PC0000031-VBILL,,$394.54M,0.0
PC0000031-CRCLON,,$295.35M,0.72
PC0000031-PEANUT,,$387.04M,-1.95
PC0000031-AR,,$318.55M,-1.87
PC0000031-SFP,,$305.23M,-2.39
PC0000031-PC0000023,,$303.35M,0.0
PC0000031-GUSD,,$352.01M,0.04
PC0000031-WFI,,$377.04M,-2.87
PC0000031-GRASS,,$418.37M,-3.89
PC0000031-PC0000085,,$309.00M,0.0
PC0000031-BSV,,$460.99M,-2.09
PC0000031-JASMY,,$414.09M,-0.96
PC0000031-ANTFUN,,$484.81M,1.63
PC0000031-USDAI,,$359.94M,-0.01
PC0000031-AERO,,$616.87M,0.27
PC0000031-BONK,,$467.45M,-3.75
PC0000031-SUN,,$544.79M,-1.47
PC0000031-EURCV,,$351.94M,0.07
PC0000031-USDZ,,$329.89M,-0.2
PC0000031-AKE,,$298.02M,31.36
PC0000031-XCN,,$332.16M,-3.2
PC0000031-TRUMP,,$559.89M,-2.84
PC0000031-FET,,$508.42M,-5.12
PC0000031-FRAX,,$422.57M,0.25
PC0000031-THBILL,,$320.43M,0.14
PC0000031-ZAMA,,$340.31M,8.89
PC0000031-SHFL,,$323.90M,-3.37
PC0000031-USDF,,$314.34M,-0.0
PC0000031-XPL,,$423.09M,0.66
GEOD-PC0000077,,$194.35M,3.69
GEOD-VBILL,,$286.39M,3.69
GEOD-PC0000023,,$195.19M,3.69
GEOD-PC0000085,,$200.85M,3.69
PC0000077-A,,$202.29M,-2.39
PC0000077-AIAT,,$217.98M,1.41
PC0000077-MX,,$250.59M,-0.81
PC0000077-THETA,,$226.09M,-2.77
PC0000077-SN64,,$189.99M,1.53
PC0000077-ETHFI,,$499.89M,-4.42
PC0000077-APYUSD,,$258.13M,1.94
PC0000077-KOGE,,$314.15M,-0.27
PC0000077-BTSE,,$233.11M,-6.14
PC0000077-VET,,$488.96M,-2.61
PC0000077-CHZ,,$244.14M,-3.12
PC0000077-REAL,,$349.06M,-0.35
PC0000077-MON,,$348.19M,-3.16
PC0000077-MANA,,$231.38M,0.09
PC0000077-PRL,,$184.07M,10.72
PC0000077-GLIDR,,$201.38M,-1.5
PC0000077-ONYC,,$346.21M,0.06
PC0000077-A7A5,,$578.20M,-0.31
PC0000077-MET,,$189.42M,1.38
PC0000077-Q,,$319.95M,-1.64
PC0000077-COMP,,$259.32M,-4.43
PC0000077-SYRUP,,$307.25M,-2.93
PC0000077-FRXUSD,,$209.92M,-0.04
PC0000077-BTT,,$359.47M,-1.33
PC0000077-BAT,,$203.41M,-5.21
PC0000077-XPIN,,$244.90M,0.71
PC0000077-SOSO,,$216.59M,11.04
PC0000077-VBILL,,$292.04M,0.0
PC0000077-CRCLON,,$192.85M,0.72
PC0000077-PEANUT,,$284.54M,-1.95
PC0000077-AR,,$216.05M,-1.87
PC0000077-SFP,,$202.73M,-2.39
PC0000077-PC0000023,,$200.85M,0.0
PC0000077-GUSD,,$249.51M,0.04
PC0000077-WFI,,$274.54M,-2.87
PC0000077-GRASS,,$315.87M,-3.89
PC0000077-PC0000085,,$206.50M,0.0
PC0000077-BSV,,$358.49M,-2.09
PC0000077-JASMY,,$311.59M,-0.96
PC0000077-ANTFUN,,$382.31M,1.63
PC0000077-USDAI,,$257.44M,-0.01
PC0000077-AERO,,$514.37M,0.27
PC0000077-BONK,,$364.95M,-3.75
PC0000077-SUN,,$442.29M,-1.47
PC0000077-EURCV,,$249.44M,0.07
PC0000077-USDZ,,$227.39M,-0.2
PC0000077-AKE,,$195.52M,31.36
PC0000077-XCN,,$229.66M,-3.2
PC0000077-TRUMP,,$457.39M,-2.84
PC0000077-FET,,$405.92M,-5.12
PC0000077-FRAX,,$320.07M,0.25
PC0000077-THBILL,,$217.93M,0.14
PC0000077-ZAMA,,$237.81M,8.89
PC0000077-SHFL,,$221.40M,-3.37
PC0000077-USDF,,$211.84M,-0.0
PC0000077-XPL,,$320.59M,0.66
A-VBILL,,$294.33M,-2.39
A-PC0000023,,$203.14M,-2.39
A-PC0000085,,$208.79M,-2.39
AIAT-VBILL,,$310.02M,1.41
AIAT-PC0000023,,$218.83M,1.41
AIAT-PC0000085,,$224.48M,1.41
MX-VBILL,,$342.63M,-0.81
MX-PC0000023,,$251.43M,-0.81
MX-PC0000085,,$257.09M,-0.81
THETA-VBILL,,$318.14M,-2.77
THETA-PC0000023,,$226.94M,-2.77
THETA-PC0000085,,$232.59M,-2.77
SN64-VBILL,,$282.03M,1.53
SN64-PC0000023,,$190.84M,1.53
SN64-PC0000085,,$196.49M,1.53
ETHFI-VBILL,,$591.93M,-4.42
ETHFI-PC0000023,,$500.74M,-4.42
ETHFI-PC0000085,,$506.39M,-4.42
APYUSD-VBILL,,$350.17M,1.94
APYUSD-PC0000023,,$258.97M,1.94
APYUSD-PC0000085,,$264.63M,1.94
KOGE-VBILL,,$406.19M,-0.27
KOGE-PC0000023,,$314.99M,-0.27
KOGE-PC0000085,,$320.65M,-0.27
BTSE-VBILL,,$325.15M,-6.14
BTSE-PC0000023,,$233.96M,-6.14
BTSE-PC0000085,,$239.61M,-6.14
VET-VBILL,,$581.00M,-2.61
VET-PC0000023,,$489.80M,-2.61
VET-PC0000085,,$495.46M,-2.61
CHZ-VBILL,,$336.18M,-3.12
CHZ-PC0000023,,$244.99M,-3.12
CHZ-PC0000085,,$250.64M,-3.12
REAL-VBILL,,$441.10M,-0.35
REAL-PC0000023,,$349.90M,-0.35
REAL-PC0000085,,$355.56M,-0.35
MON-VBILL,,$440.24M,-3.16
MON-PC0000023,,$349.04M,-3.16
MON-PC0000085,,$354.69M,-3.16
MANA-VBILL,,$323.43M,0.09
MANA-PC0000023,,$232.23M,0.09
MANA-PC0000085,,$237.88M,0.09
PRL-VBILL,,$276.11M,10.72
PRL-PC0000023,,$184.92M,10.72
PRL-PC0000085,,$190.57M,10.72
GLIDR-VBILL,,$293.43M,-1.5
GLIDR-PC0000023,,$202.23M,-1.5
GLIDR-PC0000085,,$207.88M,-1.5
ONYC-VBILL,,$438.25M,0.06
ONYC-PC0000023,,$347.05M,0.06
ONYC-PC0000085,,$352.71M,0.06
A7A5-VBILL,,$670.25M,-0.31
A7A5-PC0000023,,$579.05M,-0.31
A7A5-PC0000085,,$584.70M,-0.31
MET-VBILL,,$281.46M,1.38
MET-PC0000023,,$190.26M,1.38
MET-PC0000085,,$195.92M,1.38
Q-VBILL,,$411.99M,-1.64
Q-PC0000023,,$320.80M,-1.64
Q-PC0000085,,$326.45M,-1.64
COMP-VBILL,,$351.37M,-4.43
COMP-PC0000023,,$260.17M,-4.43
COMP-PC0000085,,$265.82M,-4.43
SYRUP-VBILL,,$399.29M,-2.93
SYRUP-PC0000023,,$308.09M,-2.93
SYRUP-PC0000085,,$313.75M,-2.93
FRXUSD-VBILL,,$301.96M,-0.04
FRXUSD-PC0000023,,$210.77M,-0.04
FRXUSD-PC0000085,,$216.42M,-0.04
BTT-VBILL,,$451.52M,-1.33
BTT-PC0000023,,$360.32M,-1.33
BTT-PC0000085,,$365.97M,-1.33
BAT-VBILL,,$295.46M,-5.21
BAT-PC0000023,,$204.26M,-5.21
BAT-PC0000085,,$209.91M,-5.21
XPIN-VBILL,,$336.94M,0.71
XPIN-PC0000023,,$245.74M,0.71
XPIN-PC0000085,,$251.40M,0.71
SOSO-VBILL,,$308.63M,11.04
SOSO-PC0000023,,$217.43M,11.04
SOSO-PC0000085,,$223.09M,11.04
VBILL-CRCLON,,$284.90M,0.72
VBILL-PEANUT,,$376.58M,-1.95
VBILL-AR,,$308.10M,-1.87
VBILL-SFP,,$294.77M,-2.39
VBILL-PC0000023,,$292.89M,0.0
VBILL-GUSD,,$341.55M,0.04
VBILL-WFI,,$366.59M,-2.87
VBILL-GRASS,,$407.91M,-3.89
VBILL-PC0000085,,$298.54M,0.0
VBILL-BSV,,$450.54M,-2.09
VBILL-JASMY,,$403.63M,-0.96
VBILL-ANTFUN,,$474.35M,1.63
VBILL-USDAI,,$349.48M,-0.01
VBILL-AERO,,$606.42M,0.27
VBILL-BONK,,$456.99M,-3.75
VBILL-SUN,,$534.33M,-1.47
VBILL-EURCV,,$341.48M,0.07
VBILL-USDZ,,$319.43M,-0.2
VBILL-AKE,,$287.57M,31.36
VBILL-XCN,,$321.70M,-3.2
VBILL-TRUMP,,$549.43M,-2.84
VBILL-FET,,$497.96M,-5.12
VBILL-FRAX,,$412.11M,0.25
VBILL-THBILL,,$309.98M,0.14
VBILL-ZAMA,,$329.85M,8.89
VBILL-SHFL,,$313.44M,-3.37
VBILL-USDF,,$303.88M,-0.0
VBILL-XPL,,$412.63M,0.66
CRCLON-PC0000023,,$193.70M,0.72
CRCLON-PC0000085,,$199.35M,0.72
PEANUT-PC0000023,,$285.38M,-1.95
PEANUT-PC0000085,,$291.04M,-1.95
AR-PC0000023,,$216.90M,-1.87
AR-PC0000085,,$222.55M,-1.87
SFP-PC0000023,,$203.58M,-2.39
SFP-PC0000085,,$209.23M,-2.39
PC0000023-GUSD,,$250.35M,0.04
PC0000023-WFI,,$275.39M,-2.87
PC0000023-GRASS,,$316.72M,-3.89
PC0000023-PC0000085,,$207.35M,0.0
PC0000023-BSV,,$359.34M,-2.09
PC0000023-JASMY,,$312.43M,-0.96
PC0000023-ANTFUN,,$383.15M,1.63
PC0000023-USDAI,,$258.28M,-0.01
PC0000023-AERO,,$515.22M,0.27
PC0000023-BONK,,$365.79M,-3.75
PC0000023-SUN,,$443.14M,-1.47
PC0000023-EURCV,,$250.28M,0.07
PC0000023-USDZ,,$228.24M,-0.2
PC0000023-AKE,,$196.37M,31.36
PC0000023-XCN,,$230.51M,-3.2
PC0000023-TRUMP,,$458.24M,-2.84
PC0000023-FET,,$406.76M,-5.12
PC0000023-FRAX,,$320.91M,0.25
PC0000023-THBILL,,$218.78M,0.14
PC0000023-ZAMA,,$238.66M,8.89
PC0000023-SHFL,,$222.25M,-3.37
PC0000023-USDF,,$212.68M,-0.0
PC0000023-XPL,,$321.43M,0.66
GUSD-PC0000085,,$256.01M,0.04
WFI-PC0000085,,$281.04M,-2.87
GRASS-PC0000085,,$322.37M,-3.89
PC0000085-BSV,,$364.99M,-2.09
PC0000085-JASMY,,$318.09M,-0.96
PC0000085-ANTFUN,,$388.81M,1.63
PC0000085-USDAI,,$263.94M,-0.01
PC0000085-AERO,,$520.87M,0.27
PC0000085-BONK,,$371.45M,-3.75
PC0000085-SUN,,$448.79M,-1.47
PC0000085-EURCV,,$255.94M,0.07
PC0000085-USDZ,,$233.89M,-0.2
PC0000085-AKE,,$202.02M,31.36
PC0000085-XCN,,$236.16M,-3.2
PC0000085-TRUMP,,$463.89M,-2.84
PC0000085-FET,,$412.42M,-5.12
PC0000085-FRAX,,$326.57M,0.25
PC0000085-THBILL,,$224.43M,0.14
PC0000085-ZAMA,,$244.31M,8.89
PC0000085-SHFL,,$227.90M,-3.37
PC0000085-USDF,,$218.34M,-0.0
PC0000085-XPL,,$327.09M,0.66
VSN-WM,err:WM_insufficient_data(70/6),$237.25M,
LUNC-WM,err:WM_insufficient_data(70/6),$365.26M,
BTW-WM,err:WM_insufficient_data(70/6),$321.16M,
PC0000015-WM,err:WM_insufficient_data(70/6),$196.59M,
IMX-WM,err:WM_insufficient_data(70/6),$313.68M,
NXM-WM,err:WM_insufficient_data(70/6),$173.23M,
SPX-WM,err:WM_insufficient_data(70/6),$388.44M,
UB-WM,err:WM_insufficient_data(70/6),$447.20M,
DAI-WM,err:WM_insufficient_data(70/6),$177.41M,
OUSG-WM,err:WM_insufficient_data(70/6),$466.61M,
STAC-WM,err:WM_insufficient_data(70/6),$189.00M,
1INCH-WM,err:WM_insufficient_data(70/6),$202.18M,
RLB-WM,err:WM_insufficient_data(70/6),$190.63M,
DYDX-WM,err:WM_insufficient_data(70/6),$184.23M,
APR-WM,err:WM_insufficient_data(70/6),$282.75M,
DRV-WM,err:WM_insufficient_data(70/6),$189.00M,
EDGE-WM,err:WM_insufficient_data(70/6),$222.33M,
INJ-WM,err:WM_insufficient_data(70/6),$545.60M,
MWC-WM,err:WM_insufficient_data(70/6),$200.20M,
KAU-WM,err:WM_insufficient_data(70/6),$394.67M,
LDO-WM,err:WM_insufficient_data(70/6),$389.56M,
EARNETH-WM,err:WM_insufficient_data(70/6),$233.30M,
GRT-WM,err:WM_insufficient_data(70/6),$247.70M,
SEI-WM,err:WM_insufficient_data(70/6),$372.91M,
USDTB-WM,err:WM_insufficient_data(70/6),$441.88M,
BCN-WM,err:WM_insufficient_data(70/6),$352.12M,
VELVET-WM,err:WM_insufficient_data(70/6),$252.86M,
BC-WM,err:WM_insufficient_data(70/6),$305.93M,
DEXE-WM,err:WM_insufficient_data(70/6),$360.44M,
OZO-WM,err:WM_insufficient_data(70/6),$211.66M,
AB-WM,err:WM_insufficient_data(70/6),$183.20M,
2Z-WM,err:WM_insufficient_data(70/6),$288.70M,
CASH-WM,err:WM_insufficient_data(70/6),$208.38M,
ZBCN-WM,err:WM_insufficient_data(70/6),$263.63M,
CVX-WM,err:WM_insufficient_data(70/6),$221.18M,
TIA-WM,err:WM_insufficient_data(70/6),$392.85M,
US-WM,err:WM_insufficient_data(70/6),$505.33M,
VIRTUAL-WM,err:WM_insufficient_data(70/6),$455.93M,
ZRO-WM,err:WM_insufficient_data(70/6),$371.11M,
AKT-WM,err:WM_insufficient_data(70/6),$214.75M,
TKX-WM,err:WM_insufficient_data(70/6),$189.80M,
APEPE-WM,err:WM_insufficient_data(70/6),$287.72M,
USTBL-WM,err:WM_insufficient_data(70/6),$247.20M,
ALFW-WM,err:WM_insufficient_data(70/6),$200.69M,
OHM-WM,err:WM_insufficient_data(70/6),$362.17M,
GRX-WM,err:WM_insufficient_data(70/6),$210.46M,
META-WM,err:WM_insufficient_data(70/6),$181.77M,
APXUSD-WM,err:WM_insufficient_data(70/6),$381.42M,
GNO-WM,err:WM_insufficient_data(70/6),$369.00M,
USDAT-WM,err:WM_insufficient_data(70/6),$226.16M,
TWT-WM,err:WM_insufficient_data(70/6),$234.83M,
CAKE-WM,err:WM_insufficient_data(70/6),$533.55M,
ZK-WM,err:WM_insufficient_data(70/6),$170.71M,
FLUID-WM,err:WM_insufficient_data(70/6),$172.65M,
COCO-WM,err:WM_insufficient_data(70/6),$270.58M,
TIBBIR-WM,err:WM_insufficient_data(70/6),$192.85M,
GPS-WM,err:WM_insufficient_data(70/6),$182.37M,
DCR-WM,err:WM_insufficient_data(70/6),$289.14M,
NEO-WM,err:WM_insufficient_data(70/6),$220.14M,
GLM-WM,err:WM_insufficient_data(70/6),$181.12M,
AXS-WM,err:WM_insufficient_data(70/6),$230.05M,
KAG-WM,err:WM_insufficient_data(70/6),$300.05M,
CHEEMS-WM,err:WM_insufficient_data(70/6),$186.68M,
KMNO-WM,err:WM_insufficient_data(70/6),$184.38M,
XTZ-WM,err:WM_insufficient_data(70/6),$311.83M,
ULTIMA-WM,err:WM_insufficient_data(70/6),$268.06M,
KAITO-WM,err:WM_insufficient_data(70/6),$395.63M,
BP-WM,err:WM_insufficient_data(70/6),$200.60M,
UQC-WM,err:WM_insufficient_data(70/6),$194.38M,
STRK-WM,err:WM_insufficient_data(70/6),$275.57M,
CTOC-WM,err:WM_insufficient_data(70/6),$361.36M,
PC0000033-WM,err:WM_insufficient_data(70/6),$248.86M,
ICNT-WM,err:WM_insufficient_data(70/6),$187.93M,
FDUSD-WM,err:WM_insufficient_data(70/6),$432.46M,
PC0000097-WM,err:WM_insufficient_data(70/6),$220.36M,
WEMIX-WM,err:WM_insufficient_data(70/6),$186.78M,
ACRED-WM,err:WM_insufficient_data(70/6),$201.40M,
WM-UUSD,err:WM_insufficient_data(70/6),$186.15M,
WM-FLOKI,err:WM_insufficient_data(70/6),$284.87M,
WM-SAND,err:WM_insufficient_data(70/6),$211.55M,
WM-AWE,err:WM_insufficient_data(70/6),$192.18M,
WM-CRVUSD,err:WM_insufficient_data(70/6),$298.41M,
WM-GENIUS,err:WM_insufficient_data(70/6),$199.74M,
WM-SNX,err:WM_insufficient_data(70/6),$208.80M,
WM-VCNT,err:WM_insufficient_data(70/6),$250.80M,
WM-DASH,err:WM_insufficient_data(70/6),$483.79M,
WM-CARDS,err:WM_insufficient_data(70/6),$355.23M,
WM-USAT,err:WM_insufficient_data(70/6),$271.59M,
WM-FF,err:WM_insufficient_data(70/6),$278.65M,
WM-USDA,err:WM_insufficient_data(70/6),$182.54M,
WM-ZANO,err:WM_insufficient_data(70/6),$217.52M,
WM-REUSD,err:WM_insufficient_data(70/6),$253.79M,
WM-NEX,err:WM_insufficient_data(70/6),$176.69M,
WM-JTO,err:WM_insufficient_data(70/6),$355.00M,
WM-IOTA,err:WM_insufficient_data(70/6),$233.94M,
WM-AVUSD,err:WM_insufficient_data(70/6),$202.34M,
WM-FARTCOIN,err:WM_insufficient_data(70/6),$209.37M,
WM-GALA,err:WM_insufficient_data(70/6),$174.97M,
WM-ENS,err:WM_insufficient_data(70/6),$262.43M,
WM-SOON,err:WM_insufficient_data(70/6),$176.37M,
WM-WIF,err:WM_insufficient_data(70/6),$232.70M,
WM-SPCXB,err:WM_insufficient_data(70/6),$171.90M,
WM-STRCX,err:WM_insufficient_data(70/6),$227.15M,
WM-PENGU,err:WM_insufficient_data(70/6),$458.08M,
WM-BORG,err:WM_insufficient_data(70/6),$224.63M,
WM-TAG,err:WM_insufficient_data(70/6),$231.43M,
WM-XEC,err:WM_insufficient_data(70/6),$205.82M,
WM-STX,err:WM_insufficient_data(70/6),$336.88M,
WM-TEL,err:WM_insufficient_data(70/6),$260.68M,
WM-GOMINING,err:WM_insufficient_data(70/6),$201.92M,
WM-APE,err:WM_insufficient_data(70/6),$235.00M,
WM-EIGEN,err:WM_insufficient_data(70/6),$226.95M,
WM-OP,err:WM_insufficient_data(70/6),$289.52M,
WM-KAIA,err:WM_insufficient_data(70/6),$253.16M,
WM-ZBT,err:WM_insufficient_data(70/6),$200.31M,
WM-EURC,err:WM_insufficient_data(70/6),$536.40M,
WM-KITE,err:WM_insufficient_data(70/6),$318.36M,
WM-RAIL,err:WM_insufficient_data(70/6),$176.20M,
WM-SHORT,err:WM_insufficient_data(70/6),$183.91M,
WM-TRAC,err:WM_insufficient_data(70/6),$210.03M,
WM-PENDLE,err:WM_insufficient_data(70/6),$337.01M,
WM-PYTH,err:WM_insufficient_data(70/6),$407.72M,
WM-PIEVERSE,err:WM_insufficient_data(70/6),$268.44M,
WM-NFT,err:WM_insufficient_data(70/6),$350.88M,
WM-RAY,err:WM_insufficient_data(70/6),$249.37M,
WM-PC0000031,err:WM_insufficient_data(70/6),$288.86M,
WM-GEOD,err:WM_insufficient_data(70/6),$180.71M,
WM-PC0000077,err:WM_insufficient_data(70/6),$186.36M,
WM-A,err:WM_insufficient_data(70/6),$188.65M,
WM-LION,err:WM_insufficient_data(70/6),$228.74M,
WM-AIAT,err:WM_insufficient_data(70/6),$204.34M,
WM-MX,err:WM_insufficient_data(70/6),$236.95M,
WM-THETA,err:WM_insufficient_data(70/6),$212.45M,
WM-SN64,err:WM_insufficient_data(70/6),$176.35M,
WM-ETHFI,err:WM_insufficient_data(70/6),$486.25M,
WM-APYUSD,err:WM_insufficient_data(70/6),$244.49M,
WM-KOGE,err:WM_insufficient_data(70/6),$300.51M,
WM-BTSE,err:WM_insufficient_data(70/6),$219.47M,
WM-VET,err:WM_insufficient_data(70/6),$475.32M,
WM-CHZ,err:WM_insufficient_data(70/6),$230.50M,
WM-REAL,err:WM_insufficient_data(70/6),$335.42M,
WM-MON,err:WM_insufficient_data(70/6),$334.55M,
WM-SAFO,err:WM_insufficient_data(70/6),$243.36M,
WM-MANA,err:WM_insufficient_data(70/6),$217.74M,
WM-PRL,err:WM_insufficient_data(70/6),$170.43M,
WM-GLIDR,err:WM_insufficient_data(70/6),$187.74M,
WM-ONYC,err:WM_insufficient_data(70/6),$332.57M,
WM-A7A5,err:WM_insufficient_data(70/6),$564.56M,
WM-MET,err:WM_insufficient_data(70/6),$175.78M,
WM-Q,err:WM_insufficient_data(70/6),$306.31M,
WM-COMP,err:WM_insufficient_data(70/6),$245.69M,
WM-SYRUP,err:WM_insufficient_data(70/6),$293.61M,
WM-FRXUSD,err:WM_insufficient_data(70/6),$196.28M,
WM-BTT,err:WM_insufficient_data(70/6),$345.83M,
WM-BAT,err:WM_insufficient_data(70/6),$189.77M,
WM-XPIN,err:WM_insufficient_data(70/6),$231.26M,
WM-SOSO,err:WM_insufficient_data(70/6),$202.95M,
WM-VBILL,err:WM_insufficient_data(70/6),$278.40M,
WM-CRCLON,err:WM_insufficient_data(70/6),$179.21M,
WM-PEANUT,err:WM_insufficient_data(70/6),$270.90M,
WM-AR,err:WM_insufficient_data(70/6),$202.41M,
WM-SFP,err:WM_insufficient_data(70/6),$189.09M,
WM-PC0000023,err:WM_insufficient_data(70/6),$187.21M,
WM-GUSD,err:WM_insufficient_data(70/6),$235.87M,
WM-WFI,err:WM_insufficient_data(70/6),$260.90M,
WM-GRASS,err:WM_insufficient_data(70/6),$302.23M,
WM-PC0000085,err:WM_insufficient_data(70/6),$192.86M,
WM-BSV,err:WM_insufficient_data(70/6),$344.85M,
WM-JASMY,err:WM_insufficient_data(70/6),$297.95M,
WM-ANTFUN,err:WM_insufficient_data(70/6),$368.67M,
WM-USDAI,err:WM_insufficient_data(70/6),$243.80M,
WM-AERO,err:WM_insufficient_data(70/6),$500.73M,
WM-BONK,err:WM_insufficient_data(70/6),$351.31M,
WM-SUN,err:WM_insufficient_data(70/6),$428.65M,
WM-EURCV,err:WM_insufficient_data(70/6),$235.80M,
WM-USDZ,err:WM_insufficient_data(70/6),$213.75M,
WM-AKE,err:WM_insufficient_data(70/6),$181.88M,
WM-XCN,err:WM_insufficient_data(70/6),$216.02M,
WM-TRUMP,err:WM_insufficient_data(70/6),$443.75M,
WM-FET,err:WM_insufficient_data(70/6),$392.28M,
WM-FRAX,err:WM_insufficient_data(70/6),$306.43M,
WM-THBILL,err:WM_insufficient_data(70/6),$204.29M,
WM-ZAMA,err:WM_insufficient_data(70/6),$224.17M,
WM-SHFL,err:WM_insufficient_data(70/6),$207.76M,
WM-USDF,err:WM_insufficient_data(70/6),$198.20M,
WM-XPL,err:WM_insufficient_data(70/6),$306.95M,
VSN-SMILEK,err:SMILEK_insufficient_data(65/6),$238.26M,
LUNC-SMILEK,err:SMILEK_insufficient_data(65/6),$366.27M,
BTW-SMILEK,err:SMILEK_insufficient_data(65/6),$322.17M,
PC0000015-SMILEK,err:SMILEK_insufficient_data(65/6),$197.60M,
IMX-SMILEK,err:SMILEK_insufficient_data(65/6),$314.69M,
NXM-SMILEK,err:SMILEK_insufficient_data(65/6),$174.24M,
SPX-SMILEK,err:SMILEK_insufficient_data(65/6),$389.45M,
UB-SMILEK,err:SMILEK_insufficient_data(65/6),$448.21M,
DAI-SMILEK,err:SMILEK_insufficient_data(65/6),$178.42M,
OUSG-SMILEK,err:SMILEK_insufficient_data(65/6),$467.62M,
STAC-SMILEK,err:SMILEK_insufficient_data(65/6),$190.01M,
1INCH-SMILEK,err:SMILEK_insufficient_data(65/6),$203.19M,
RLB-SMILEK,err:SMILEK_insufficient_data(65/6),$191.64M,
DYDX-SMILEK,err:SMILEK_insufficient_data(65/6),$185.24M,
APR-SMILEK,err:SMILEK_insufficient_data(65/6),$283.76M,
DRV-SMILEK,err:SMILEK_insufficient_data(65/6),$190.01M,
EDGE-SMILEK,err:SMILEK_insufficient_data(65/6),$223.35M,
INJ-SMILEK,err:SMILEK_insufficient_data(65/6),$546.61M,
MWC-SMILEK,err:SMILEK_insufficient_data(65/6),$201.21M,
KAU-SMILEK,err:SMILEK_insufficient_data(65/6),$395.68M,
LDO-SMILEK,err:SMILEK_insufficient_data(65/6),$390.57M,
EARNETH-SMILEK,err:SMILEK_insufficient_data(65/6),$234.31M,
GRT-SMILEK,err:SMILEK_insufficient_data(65/6),$248.72M,
SEI-SMILEK,err:SMILEK_insufficient_data(65/6),$373.92M,
USDTB-SMILEK,err:SMILEK_insufficient_data(65/6),$442.89M,
BCN-SMILEK,err:SMILEK_insufficient_data(65/6),$353.13M,
VELVET-SMILEK,err:SMILEK_insufficient_data(65/6),$253.87M,
BC-SMILEK,err:SMILEK_insufficient_data(65/6),$306.94M,
DEXE-SMILEK,err:SMILEK_insufficient_data(65/6),$361.45M,
OZO-SMILEK,err:SMILEK_insufficient_data(65/6),$212.67M,
AB-SMILEK,err:SMILEK_insufficient_data(65/6),$184.21M,
2Z-SMILEK,err:SMILEK_insufficient_data(65/6),$289.71M,
CASH-SMILEK,err:SMILEK_insufficient_data(65/6),$209.39M,
ZBCN-SMILEK,err:SMILEK_insufficient_data(65/6),$264.64M,
CVX-SMILEK,err:SMILEK_insufficient_data(65/6),$222.19M,
TIA-SMILEK,err:SMILEK_insufficient_data(65/6),$393.86M,
US-SMILEK,err:SMILEK_insufficient_data(65/6),$506.34M,
VIRTUAL-SMILEK,err:SMILEK_insufficient_data(65/6),$456.94M,
ZRO-SMILEK,err:SMILEK_insufficient_data(65/6),$372.13M,
AKT-SMILEK,err:SMILEK_insufficient_data(65/6),$215.76M,
TKX-SMILEK,err:SMILEK_insufficient_data(65/6),$190.81M,
APEPE-SMILEK,err:SMILEK_insufficient_data(65/6),$288.73M,
USTBL-SMILEK,err:SMILEK_insufficient_data(65/6),$248.21M,
ALFW-SMILEK,err:SMILEK_insufficient_data(65/6),$201.70M,
OHM-SMILEK,err:SMILEK_insufficient_data(65/6),$363.18M,
GRX-SMILEK,err:SMILEK_insufficient_data(65/6),$211.47M,
META-SMILEK,err:SMILEK_insufficient_data(65/6),$182.79M,
APXUSD-SMILEK,err:SMILEK_insufficient_data(65/6),$382.43M,
GNO-SMILEK,err:SMILEK_insufficient_data(65/6),$370.01M,
USDAT-SMILEK,err:SMILEK_insufficient_data(65/6),$227.17M,
TWT-SMILEK,err:SMILEK_insufficient_data(65/6),$235.84M,
CAKE-SMILEK,err:SMILEK_insufficient_data(65/6),$534.56M,
ZK-SMILEK,err:SMILEK_insufficient_data(65/6),$171.72M,
FLUID-SMILEK,err:SMILEK_insufficient_data(65/6),$173.66M,
COCO-SMILEK,err:SMILEK_insufficient_data(65/6),$271.59M,
TIBBIR-SMILEK,err:SMILEK_insufficient_data(65/6),$193.86M,
GPS-SMILEK,err:SMILEK_insufficient_data(65/6),$183.38M,
DCR-SMILEK,err:SMILEK_insufficient_data(65/6),$290.15M,
NEO-SMILEK,err:SMILEK_insufficient_data(65/6),$221.15M,
GLM-SMILEK,err:SMILEK_insufficient_data(65/6),$182.13M,
AXS-SMILEK,err:SMILEK_insufficient_data(65/6),$231.06M,
KAG-SMILEK,err:SMILEK_insufficient_data(65/6),$301.06M,
CHEEMS-SMILEK,err:SMILEK_insufficient_data(65/6),$187.69M,
KMNO-SMILEK,err:SMILEK_insufficient_data(65/6),$185.39M,
XTZ-SMILEK,err:SMILEK_insufficient_data(65/6),$312.84M,
ULTIMA-SMILEK,err:SMILEK_insufficient_data(65/6),$269.07M,
KAITO-SMILEK,err:SMILEK_insufficient_data(65/6),$396.64M,
BP-SMILEK,err:SMILEK_insufficient_data(65/6),$201.61M,
UQC-SMILEK,err:SMILEK_insufficient_data(65/6),$195.39M,
STRK-SMILEK,err:SMILEK_insufficient_data(65/6),$276.58M,
CTOC-SMILEK,err:SMILEK_insufficient_data(65/6),$362.37M,
PC0000033-SMILEK,err:SMILEK_insufficient_data(65/6),$249.87M,
ICNT-SMILEK,err:SMILEK_insufficient_data(65/6),$188.94M,
FDUSD-SMILEK,err:SMILEK_insufficient_data(65/6),$433.47M,
PC0000097-SMILEK,err:SMILEK_insufficient_data(65/6),$221.37M,
WEMIX-SMILEK,err:SMILEK_insufficient_data(65/6),$187.79M,
ACRED-SMILEK,err:SMILEK_insufficient_data(65/6),$202.41M,
SMILEK-WM,err:SMILEK_insufficient_data(65/6),$173.73M,
SMILEK-UUSD,err:SMILEK_insufficient_data(65/6),$187.16M,
SMILEK-FLOKI,err:SMILEK_insufficient_data(65/6),$285.88M,
SMILEK-SAND,err:SMILEK_insufficient_data(65/6),$212.56M,
SMILEK-AWE,err:SMILEK_insufficient_data(65/6),$193.19M,
SMILEK-CRVUSD,err:SMILEK_insufficient_data(65/6),$299.42M,
SMILEK-GENIUS,err:SMILEK_insufficient_data(65/6),$200.75M,
SMILEK-SNX,err:SMILEK_insufficient_data(65/6),$209.81M,
SMILEK-VCNT,err:SMILEK_insufficient_data(65/6),$251.81M,
SMILEK-DASH,err:SMILEK_insufficient_data(65/6),$484.81M,
SMILEK-CARDS,err:SMILEK_insufficient_data(65/6),$356.24M,
SMILEK-USAT,err:SMILEK_insufficient_data(65/6),$272.60M,
SMILEK-FF,err:SMILEK_insufficient_data(65/6),$279.66M,
SMILEK-USDA,err:SMILEK_insufficient_data(65/6),$183.55M,
SMILEK-ZANO,err:SMILEK_insufficient_data(65/6),$218.53M,
SMILEK-REUSD,err:SMILEK_insufficient_data(65/6),$254.80M,
SMILEK-NEX,err:SMILEK_insufficient_data(65/6),$177.70M,
SMILEK-JTO,err:SMILEK_insufficient_data(65/6),$356.01M,
SMILEK-IOTA,err:SMILEK_insufficient_data(65/6),$234.95M,
SMILEK-AVUSD,err:SMILEK_insufficient_data(65/6),$203.35M,
SMILEK-FARTCOIN,err:SMILEK_insufficient_data(65/6),$210.38M,
SMILEK-GALA,err:SMILEK_insufficient_data(65/6),$175.99M,
SMILEK-ENS,err:SMILEK_insufficient_data(65/6),$263.44M,
SMILEK-SOON,err:SMILEK_insufficient_data(65/6),$177.38M,
SMILEK-WIF,err:SMILEK_insufficient_data(65/6),$233.71M,
SMILEK-SPCXB,err:SMILEK_insufficient_data(65/6),$172.91M,
SMILEK-STRCX,err:SMILEK_insufficient_data(65/6),$228.17M,
SMILEK-PENGU,err:SMILEK_insufficient_data(65/6),$459.09M,
SMILEK-BORG,err:SMILEK_insufficient_data(65/6),$225.64M,
SMILEK-TAG,err:SMILEK_insufficient_data(65/6),$232.44M,
SMILEK-XEC,err:SMILEK_insufficient_data(65/6),$206.83M,
SMILEK-STX,err:SMILEK_insufficient_data(65/6),$337.89M,
SMILEK-TEL,err:SMILEK_insufficient_data(65/6),$261.69M,
SMILEK-GOMINING,err:SMILEK_insufficient_data(65/6),$202.93M,
SMILEK-APE,err:SMILEK_insufficient_data(65/6),$236.01M,
SMILEK-EIGEN,err:SMILEK_insufficient_data(65/6),$227.96M,
SMILEK-OP,err:SMILEK_insufficient_data(65/6),$290.53M,
SMILEK-KAIA,err:SMILEK_insufficient_data(65/6),$254.18M,
SMILEK-ZBT,err:SMILEK_insufficient_data(65/6),$201.32M,
SMILEK-EURC,err:SMILEK_insufficient_data(65/6),$537.41M,
SMILEK-KITE,err:SMILEK_insufficient_data(65/6),$319.37M,
SMILEK-RAIL,err:SMILEK_insufficient_data(65/6),$177.21M,
SMILEK-SHORT,err:SMILEK_insufficient_data(65/6),$184.92M,
SMILEK-TRAC,err:SMILEK_insufficient_data(65/6),$211.04M,
SMILEK-PENDLE,err:SMILEK_insufficient_data(65/6),$338.02M,
SMILEK-PYTH,err:SMILEK_insufficient_data(65/6),$408.73M,
SMILEK-PIEVERSE,err:SMILEK_insufficient_data(65/6),$269.45M,
SMILEK-NFT,err:SMILEK_insufficient_data(65/6),$351.89M,
SMILEK-RAY,err:SMILEK_insufficient_data(65/6),$250.38M,
SMILEK-PC0000031,err:SMILEK_insufficient_data(65/6),$289.87M,
SMILEK-GEOD,err:SMILEK_insufficient_data(65/6),$181.72M,
SMILEK-PC0000077,err:SMILEK_insufficient_data(65/6),$187.37M,
SMILEK-A,err:SMILEK_insufficient_data(65/6),$189.66M,
SMILEK-LION,err:SMILEK_insufficient_data(65/6),$229.75M,
SMILEK-AIAT,err:SMILEK_insufficient_data(65/6),$205.35M,
SMILEK-MX,err:SMILEK_insufficient_data(65/6),$237.96M,
SMILEK-THETA,err:SMILEK_insufficient_data(65/6),$213.46M,
SMILEK-SN64,err:SMILEK_insufficient_data(65/6),$177.36M,
SMILEK-ETHFI,err:SMILEK_insufficient_data(65/6),$487.26M,
SMILEK-APYUSD,err:SMILEK_insufficient_data(65/6),$245.50M,
SMILEK-KOGE,err:SMILEK_insufficient_data(65/6),$301.52M,
SMILEK-BTSE,err:SMILEK_insufficient_data(65/6),$220.48M,
SMILEK-VET,err:SMILEK_insufficient_data(65/6),$476.33M,
SMILEK-CHZ,err:SMILEK_insufficient_data(65/6),$231.51M,
SMILEK-REAL,err:SMILEK_insufficient_data(65/6),$336.43M,
SMILEK-MON,err:SMILEK_insufficient_data(65/6),$335.57M,
SMILEK-SAFO,err:SMILEK_insufficient_data(65/6),$244.37M,
SMILEK-MANA,err:SMILEK_insufficient_data(65/6),$218.76M,
SMILEK-PRL,err:SMILEK_insufficient_data(65/6),$171.44M,
SMILEK-GLIDR,err:SMILEK_insufficient_data(65/6),$188.75M,
SMILEK-ONYC,err:SMILEK_insufficient_data(65/6),$333.58M,
SMILEK-A7A5,err:SMILEK_insufficient_data(65/6),$565.58M,
SMILEK-MET,err:SMILEK_insufficient_data(65/6),$176.79M,
SMILEK-Q,err:SMILEK_insufficient_data(65/6),$307.32M,
SMILEK-COMP,err:SMILEK_insufficient_data(65/6),$246.70M,
SMILEK-SYRUP,err:SMILEK_insufficient_data(65/6),$294.62M,
SMILEK-FRXUSD,err:SMILEK_insufficient_data(65/6),$197.29M,
SMILEK-BTT,err:SMILEK_insufficient_data(65/6),$346.84M,
SMILEK-BAT,err:SMILEK_insufficient_data(65/6),$190.79M,
SMILEK-XPIN,err:SMILEK_insufficient_data(65/6),$232.27M,
SMILEK-SOSO,err:SMILEK_insufficient_data(65/6),$203.96M,
SMILEK-VBILL,err:SMILEK_insufficient_data(65/6),$279.41M,
SMILEK-CRCLON,err:SMILEK_insufficient_data(65/6),$180.22M,
SMILEK-PEANUT,err:SMILEK_insufficient_data(65/6),$271.91M,
SMILEK-AR,err:SMILEK_insufficient_data(65/6),$203.43M,
SMILEK-SFP,err:SMILEK_insufficient_data(65/6),$190.10M,
SMILEK-PC0000023,err:SMILEK_insufficient_data(65/6),$188.22M,
SMILEK-GUSD,err:SMILEK_insufficient_data(65/6),$236.88M,
SMILEK-WFI,err:SMILEK_insufficient_data(65/6),$261.91M,
SMILEK-GRASS,err:SMILEK_insufficient_data(65/6),$303.24M,
SMILEK-PC0000085,err:SMILEK_insufficient_data(65/6),$193.87M,
SMILEK-BSV,err:SMILEK_insufficient_data(65/6),$345.86M,
SMILEK-JASMY,err:SMILEK_insufficient_data(65/6),$298.96M,
SMILEK-ANTFUN,err:SMILEK_insufficient_data(65/6),$369.68M,
SMILEK-USDAI,err:SMILEK_insufficient_data(65/6),$244.81M,
SMILEK-AERO,err:SMILEK_insufficient_data(65/6),$501.74M,
SMILEK-BONK,err:SMILEK_insufficient_data(65/6),$352.32M,
SMILEK-SUN,err:SMILEK_insufficient_data(65/6),$429.66M,
SMILEK-EURCV,err:SMILEK_insufficient_data(65/6),$236.81M,
SMILEK-USDZ,err:SMILEK_insufficient_data(65/6),$214.76M,
SMILEK-AKE,err:SMILEK_insufficient_data(65/6),$182.89M,
SMILEK-XCN,err:SMILEK_insufficient_data(65/6),$217.03M,
SMILEK-TRUMP,err:SMILEK_insufficient_data(65/6),$444.76M,
SMILEK-FET,err:SMILEK_insufficient_data(65/6),$393.29M,
SMILEK-FRAX,err:SMILEK_insufficient_data(65/6),$307.44M,
SMILEK-THBILL,err:SMILEK_insufficient_data(65/6),$205.30M,
SMILEK-ZAMA,err:SMILEK_insufficient_data(65/6),$225.18M,
SMILEK-SHFL,err:SMILEK_insufficient_data(65/6),$208.77M,
SMILEK-USDF,err:SMILEK_insufficient_data(65/6),$199.21M,
SMILEK-XPL,err:SMILEK_insufficient_data(65/6),$307.96M,
VSN-SAFO,err:SAFO_insufficient_data(13/6),$307.89M,
LUNC-SAFO,err:SAFO_insufficient_data(13/6),$435.90M,
BTW-SAFO,err:SAFO_insufficient_data(13/6),$391.80M,
PC0000015-SAFO,err:SAFO_insufficient_data(13/6),$267.23M,
IMX-SAFO,err:SAFO_insufficient_data(13/6),$384.32M,
NXM-SAFO,err:SAFO_insufficient_data(13/6),$243.87M,
SPX-SAFO,err:SAFO_insufficient_data(13/6),$459.07M,
UB-SAFO,err:SAFO_insufficient_data(13/6),$517.84M,
DAI-SAFO,err:SAFO_insufficient_data(13/6),$248.05M,
OUSG-SAFO,err:SAFO_insufficient_data(13/6),$537.25M,
STAC-SAFO,err:SAFO_insufficient_data(13/6),$259.64M,
1INCH-SAFO,err:SAFO_insufficient_data(13/6),$272.82M,
RLB-SAFO,err:SAFO_insufficient_data(13/6),$261.27M,
DYDX-SAFO,err:SAFO_insufficient_data(13/6),$254.87M,
APR-SAFO,err:SAFO_insufficient_data(13/6),$353.39M,
DRV-SAFO,err:SAFO_insufficient_data(13/6),$259.64M,
EDGE-SAFO,err:SAFO_insufficient_data(13/6),$292.97M,
INJ-SAFO,err:SAFO_insufficient_data(13/6),$616.24M,
MWC-SAFO,err:SAFO_insufficient_data(13/6),$270.84M,
KAU-SAFO,err:SAFO_insufficient_data(13/6),$465.31M,
LDO-SAFO,err:SAFO_insufficient_data(13/6),$460.20M,
EARNETH-SAFO,err:SAFO_insufficient_data(13/6),$303.94M,
GRT-SAFO,err:SAFO_insufficient_data(13/6),$318.34M,
SEI-SAFO,err:SAFO_insufficient_data(13/6),$443.55M,
USDTB-SAFO,err:SAFO_insufficient_data(13/6),$512.52M,
BCN-SAFO,err:SAFO_insufficient_data(13/6),$422.76M,
VELVET-SAFO,err:SAFO_insufficient_data(13/6),$323.50M,
BC-SAFO,err:SAFO_insufficient_data(13/6),$376.57M,
DEXE-SAFO,err:SAFO_insufficient_data(13/6),$431.08M,
OZO-SAFO,err:SAFO_insufficient_data(13/6),$282.30M,
AB-SAFO,err:SAFO_insufficient_data(13/6),$253.84M,
2Z-SAFO,err:SAFO_insufficient_data(13/6),$359.34M,
CASH-SAFO,err:SAFO_insufficient_data(13/6),$279.02M,
ZBCN-SAFO,err:SAFO_insufficient_data(13/6),$334.27M,
CVX-SAFO,err:SAFO_insufficient_data(13/6),$291.82M,
TIA-SAFO,err:SAFO_insufficient_data(13/6),$463.49M,
US-SAFO,err:SAFO_insufficient_data(13/6),$575.97M,
VIRTUAL-SAFO,err:SAFO_insufficient_data(13/6),$526.57M,
ZRO-SAFO,err:SAFO_insufficient_data(13/6),$441.75M,
AKT-SAFO,err:SAFO_insufficient_data(13/6),$285.39M,
TKX-SAFO,err:SAFO_insufficient_data(13/6),$260.44M,
APEPE-SAFO,err:SAFO_insufficient_data(13/6),$358.36M,
USTBL-SAFO,err:SAFO_insufficient_data(13/6),$317.84M,
ALFW-SAFO,err:SAFO_insufficient_data(13/6),$271.33M,
OHM-SAFO,err:SAFO_insufficient_data(13/6),$432.80M,
GRX-SAFO,err:SAFO_insufficient_data(13/6),$281.10M,
META-SAFO,err:SAFO_insufficient_data(13/6),$252.41M,
APXUSD-SAFO,err:SAFO_insufficient_data(13/6),$452.06M,
GNO-SAFO,err:SAFO_insufficient_data(13/6),$439.64M,
USDAT-SAFO,err:SAFO_insufficient_data(13/6),$296.80M,
TWT-SAFO,err:SAFO_insufficient_data(13/6),$305.47M,
CAKE-SAFO,err:SAFO_insufficient_data(13/6),$604.19M,
ZK-SAFO,err:SAFO_insufficient_data(13/6),$241.35M,
FLUID-SAFO,err:SAFO_insufficient_data(13/6),$243.29M,
COCO-SAFO,err:SAFO_insufficient_data(13/6),$341.22M,
TIBBIR-SAFO,err:SAFO_insufficient_data(13/6),$263.48M,
GPS-SAFO,err:SAFO_insufficient_data(13/6),$253.01M,
DCR-SAFO,err:SAFO_insufficient_data(13/6),$359.78M,
NEO-SAFO,err:SAFO_insufficient_data(13/6),$290.77M,
GLM-SAFO,err:SAFO_insufficient_data(13/6),$251.76M,
AXS-SAFO,err:SAFO_insufficient_data(13/6),$300.69M,
KAG-SAFO,err:SAFO_insufficient_data(13/6),$370.69M,
CHEEMS-SAFO,err:SAFO_insufficient_data(13/6),$257.32M,
KMNO-SAFO,err:SAFO_insufficient_data(13/6),$255.02M,
XTZ-SAFO,err:SAFO_insufficient_data(13/6),$382.47M,
ULTIMA-SAFO,err:SAFO_insufficient_data(13/6),$338.70M,
KAITO-SAFO,err:SAFO_insufficient_data(13/6),$466.27M,
BP-SAFO,err:SAFO_insufficient_data(13/6),$271.24M,
UQC-SAFO,err:SAFO_insufficient_data(13/6),$265.02M,
STRK-SAFO,err:SAFO_insufficient_data(13/6),$346.21M,
CTOC-SAFO,err:SAFO_insufficient_data(13/6),$432.00M,
PC0000033-SAFO,err:SAFO_insufficient_data(13/6),$319.50M,
ICNT-SAFO,err:SAFO_insufficient_data(13/6),$258.57M,
FDUSD-SAFO,err:SAFO_insufficient_data(13/6),$503.10M,
PC0000097-SAFO,err:SAFO_insufficient_data(13/6),$291.00M,
WEMIX-SAFO,err:SAFO_insufficient_data(13/6),$257.42M,
ACRED-SAFO,err:SAFO_insufficient_data(13/6),$272.04M,
UUSD-SAFO,err:SAFO_insufficient_data(13/6),$256.78M,
FLOKI-SAFO,err:SAFO_insufficient_data(13/6),$355.51M,
SAND-SAFO,err:SAFO_insufficient_data(13/6),$282.19M,
AWE-SAFO,err:SAFO_insufficient_data(13/6),$262.82M,
CRVUSD-SAFO,err:SAFO_insufficient_data(13/6),$369.05M,
SNX-SAFO,err:SAFO_insufficient_data(13/6),$279.43M,
VCNT-SAFO,err:SAFO_insufficient_data(13/6),$321.44M,
DASH-SAFO,err:SAFO_insufficient_data(13/6),$554.43M,
CARDS-SAFO,err:SAFO_insufficient_data(13/6),$425.87M,
USAT-SAFO,err:SAFO_insufficient_data(13/6),$342.23M,
FF-SAFO,err:SAFO_insufficient_data(13/6),$349.28M,
USDA-SAFO,err:SAFO_insufficient_data(13/6),$253.18M,
ZANO-SAFO,err:SAFO_insufficient_data(13/6),$288.16M,
REUSD-SAFO,err:SAFO_insufficient_data(13/6),$324.43M,
NEX-SAFO,err:SAFO_insufficient_data(13/6),$247.33M,
JTO-SAFO,err:SAFO_insufficient_data(13/6),$425.64M,
IOTA-SAFO,err:SAFO_insufficient_data(13/6),$304.57M,
AVUSD-SAFO,err:SAFO_insufficient_data(13/6),$272.98M,
FARTCOIN-SAFO,err:SAFO_insufficient_data(13/6),$280.01M,
GALA-SAFO,err:SAFO_insufficient_data(13/6),$245.61M,
ENS-SAFO,err:SAFO_insufficient_data(13/6),$333.07M,
SOON-SAFO,err:SAFO_insufficient_data(13/6),$247.01M,
WIF-SAFO,err:SAFO_insufficient_data(13/6),$303.34M,
SPCXB-SAFO,err:SAFO_insufficient_data(13/6),$242.53M,
STRCX-SAFO,err:SAFO_insufficient_data(13/6),$297.79M,
PENGU-SAFO,err:SAFO_insufficient_data(13/6),$528.72M,
BORG-SAFO,err:SAFO_insufficient_data(13/6),$295.27M,
TAG-SAFO,err:SAFO_insufficient_data(13/6),$302.07M,
XEC-SAFO,err:SAFO_insufficient_data(13/6),$276.46M,
STX-SAFO,err:SAFO_insufficient_data(13/6),$407.52M,
TEL-SAFO,err:SAFO_insufficient_data(13/6),$331.31M,
GOMINING-SAFO,err:SAFO_insufficient_data(13/6),$272.56M,
EIGEN-SAFO,err:SAFO_insufficient_data(13/6),$297.59M,
ZBT-SAFO,err:SAFO_insufficient_data(13/6),$270.95M,
EURC-SAFO,err:SAFO_insufficient_data(13/6),$607.04M,
KITE-SAFO,err:SAFO_insufficient_data(13/6),$389.00M,
RAIL-SAFO,err:SAFO_insufficient_data(13/6),$246.84M,
SHORT-SAFO,err:SAFO_insufficient_data(13/6),$254.55M,
TRAC-SAFO,err:SAFO_insufficient_data(13/6),$280.67M,
PENDLE-SAFO,err:SAFO_insufficient_data(13/6),$407.65M,
PYTH-SAFO,err:SAFO_insufficient_data(13/6),$478.36M,
PIEVERSE-SAFO,err:SAFO_insufficient_data(13/6),$339.08M,
NFT-SAFO,err:SAFO_insufficient_data(13/6),$421.52M,
RAY-SAFO,err:SAFO_insufficient_data(13/6),$320.01M,
PC0000031-SAFO,err:SAFO_insufficient_data(13/6),$359.50M,
GEOD-SAFO,err:SAFO_insufficient_data(13/6),$251.34M,
PC0000077-SAFO,err:SAFO_insufficient_data(13/6),$257.00M,
A-SAFO,err:SAFO_insufficient_data(13/6),$259.29M,
AIAT-SAFO,err:SAFO_insufficient_data(13/6),$274.98M,
MX-SAFO,err:SAFO_insufficient_data(13/6),$307.59M,
THETA-SAFO,err:SAFO_insufficient_data(13/6),$283.09M,
SN64-SAFO,err:SAFO_insufficient_data(13/6),$246.99M,
ETHFI-SAFO,err:SAFO_insufficient_data(13/6),$556.89M,
APYUSD-SAFO,err:SAFO_insufficient_data(13/6),$315.13M,
KOGE-SAFO,err:SAFO_insufficient_data(13/6),$371.15M,
BTSE-SAFO,err:SAFO_insufficient_data(13/6),$290.11M,
VET-SAFO,err:SAFO_insufficient_data(13/6),$545.96M,
CHZ-SAFO,err:SAFO_insufficient_data(13/6),$301.14M,
REAL-SAFO,err:SAFO_insufficient_data(13/6),$406.06M,
MON-SAFO,err:SAFO_insufficient_data(13/6),$405.19M,
SAFO-MANA,err:SAFO_insufficient_data(13/6),$288.38M,
SAFO-PRL,err:SAFO_insufficient_data(13/6),$241.07M,
SAFO-GLIDR,err:SAFO_insufficient_data(13/6),$258.38M,
SAFO-ONYC,err:SAFO_insufficient_data(13/6),$403.20M,
SAFO-A7A5,err:SAFO_insufficient_data(13/6),$635.20M,
SAFO-MET,err:SAFO_insufficient_data(13/6),$246.42M,
SAFO-Q,err:SAFO_insufficient_data(13/6),$376.95M,
SAFO-COMP,err:SAFO_insufficient_data(13/6),$316.32M,
SAFO-SYRUP,err:SAFO_insufficient_data(13/6),$364.25M,
SAFO-FRXUSD,err:SAFO_insufficient_data(13/6),$266.92M,
SAFO-BTT,err:SAFO_insufficient_data(13/6),$416.47M,
SAFO-BAT,err:SAFO_insufficient_data(13/6),$260.41M,
SAFO-XPIN,err:SAFO_insufficient_data(13/6),$301.90M,
SAFO-SOSO,err:SAFO_insufficient_data(13/6),$273.59M,
SAFO-VBILL,err:SAFO_insufficient_data(13/6),$349.04M,
SAFO-CRCLON,err:SAFO_insufficient_data(13/6),$249.85M,
SAFO-PEANUT,err:SAFO_insufficient_data(13/6),$341.54M,
SAFO-AR,err:SAFO_insufficient_data(13/6),$273.05M,
SAFO-SFP,err:SAFO_insufficient_data(13/6),$259.73M,
SAFO-PC0000023,err:SAFO_insufficient_data(13/6),$257.85M,
SAFO-GUSD,err:SAFO_insufficient_data(13/6),$306.51M,
SAFO-WFI,err:SAFO_insufficient_data(13/6),$331.54M,
SAFO-GRASS,err:SAFO_insufficient_data(13/6),$372.87M,
SAFO-PC0000085,err:SAFO_insufficient_data(13/6),$263.50M,
SAFO-BSV,err:SAFO_insufficient_data(13/6),$415.49M,
SAFO-JASMY,err:SAFO_insufficient_data(13/6),$368.59M,
SAFO-ANTFUN,err:SAFO_insufficient_data(13/6),$439.31M,
SAFO-USDAI,err:SAFO_insufficient_data(13/6),$314.44M,
SAFO-AERO,err:SAFO_insufficient_data(13/6),$571.37M,
SAFO-BONK,err:SAFO_insufficient_data(13/6),$421.95M,
SAFO-SUN,err:SAFO_insufficient_data(13/6),$499.29M,
SAFO-EURCV,err:SAFO_insufficient_data(13/6),$306.44M,
SAFO-USDZ,err:SAFO_insufficient_data(13/6),$284.39M,
SAFO-AKE,err:SAFO_insufficient_data(13/6),$252.52M,
SAFO-XCN,err:SAFO_insufficient_data(13/6),$286.66M,
SAFO-TRUMP,err:SAFO_insufficient_data(13/6),$514.39M,
SAFO-FET,err:SAFO_insufficient_data(13/6),$462.92M,
SAFO-FRAX,err:SAFO_insufficient_data(13/6),$377.07M,
SAFO-THBILL,err:SAFO_insufficient_data(13/6),$274.93M,
SAFO-ZAMA,err:SAFO_insufficient_data(13/6),$294.81M,
SAFO-SHFL,err:SAFO_insufficient_data(13/6),$278.40M,
SAFO-USDF,err:SAFO_insufficient_data(13/6),$268.84M,
SAFO-XPL,err:SAFO_insufficient_data(13/6),$377.59M,
VSN-RUNE,err:RUNE_insufficient_data(81/6),$299.16M,
LUNC-RUNE,err:RUNE_insufficient_data(81/6),$427.16M,
BTW-RUNE,err:RUNE_insufficient_data(81/6),$383.06M,
PC0000015-RUNE,err:RUNE_insufficient_data(81/6),$258.49M,
IMX-RUNE,err:RUNE_insufficient_data(81/6),$375.58M,
NXM-RUNE,err:RUNE_insufficient_data(81/6),$235.13M,
SPX-RUNE,err:RUNE_insufficient_data(81/6),$450.34M,
UB-RUNE,err:RUNE_insufficient_data(81/6),$509.10M,
DAI-RUNE,err:RUNE_insufficient_data(81/6),$239.31M,
OUSG-RUNE,err:RUNE_insufficient_data(81/6),$528.51M,
STAC-RUNE,err:RUNE_insufficient_data(81/6),$250.91M,
1INCH-RUNE,err:RUNE_insufficient_data(81/6),$264.08M,
RLB-RUNE,err:RUNE_insufficient_data(81/6),$252.53M,
DYDX-RUNE,err:RUNE_insufficient_data(81/6),$246.13M,
APR-RUNE,err:RUNE_insufficient_data(81/6),$344.65M,
DRV-RUNE,err:RUNE_insufficient_data(81/6),$250.91M,
EDGE-RUNE,err:RUNE_insufficient_data(81/6),$284.24M,
INJ-RUNE,err:RUNE_insufficient_data(81/6),$607.50M,
MWC-RUNE,err:RUNE_insufficient_data(81/6),$262.10M,
KAU-RUNE,err:RUNE_insufficient_data(81/6),$456.57M,
LDO-RUNE,err:RUNE_insufficient_data(81/6),$451.46M,
EARNETH-RUNE,err:RUNE_insufficient_data(81/6),$295.20M,
GRT-RUNE,err:RUNE_insufficient_data(81/6),$309.61M,
SEI-RUNE,err:RUNE_insufficient_data(81/6),$434.82M,
USDTB-RUNE,err:RUNE_insufficient_data(81/6),$503.78M,
BCN-RUNE,err:RUNE_insufficient_data(81/6),$414.03M,
VELVET-RUNE,err:RUNE_insufficient_data(81/6),$314.76M,
BC-RUNE,err:RUNE_insufficient_data(81/6),$367.83M,
DEXE-RUNE,err:RUNE_insufficient_data(81/6),$422.34M,
OZO-RUNE,err:RUNE_insufficient_data(81/6),$273.56M,
AB-RUNE,err:RUNE_insufficient_data(81/6),$245.11M,
2Z-RUNE,err:RUNE_insufficient_data(81/6),$350.60M,
CASH-RUNE,err:RUNE_insufficient_data(81/6),$270.28M,
ZBCN-RUNE,err:RUNE_insufficient_data(81/6),$325.54M,
CVX-RUNE,err:RUNE_insufficient_data(81/6),$283.08M,
TIA-RUNE,err:RUNE_insufficient_data(81/6),$454.75M,
US-RUNE,err:RUNE_insufficient_data(81/6),$567.23M,
VIRTUAL-RUNE,err:RUNE_insufficient_data(81/6),$517.83M,
ZRO-RUNE,err:RUNE_insufficient_data(81/6),$433.02M,
AKT-RUNE,err:RUNE_insufficient_data(81/6),$276.66M,
TKX-RUNE,err:RUNE_insufficient_data(81/6),$251.71M,
APEPE-RUNE,err:RUNE_insufficient_data(81/6),$349.62M,
USTBL-RUNE,err:RUNE_insufficient_data(81/6),$309.10M,
ALFW-RUNE,err:RUNE_insufficient_data(81/6),$262.59M,
OHM-RUNE,err:RUNE_insufficient_data(81/6),$424.07M,
GRX-RUNE,err:RUNE_insufficient_data(81/6),$272.36M,
META-RUNE,err:RUNE_insufficient_data(81/6),$243.68M,
APXUSD-RUNE,err:RUNE_insufficient_data(81/6),$443.32M,
GNO-RUNE,err:RUNE_insufficient_data(81/6),$430.91M,
USDAT-RUNE,err:RUNE_insufficient_data(81/6),$288.06M,
TWT-RUNE,err:RUNE_insufficient_data(81/6),$296.73M,
CAKE-RUNE,err:RUNE_insufficient_data(81/6),$595.45M,
ZK-RUNE,err:RUNE_insufficient_data(81/6),$232.62M,
FLUID-RUNE,err:RUNE_insufficient_data(81/6),$234.55M,
COCO-RUNE,err:RUNE_insufficient_data(81/6),$332.48M,
TIBBIR-RUNE,err:RUNE_insufficient_data(81/6),$254.75M,
GPS-RUNE,err:RUNE_insufficient_data(81/6),$244.27M,
DCR-RUNE,err:RUNE_insufficient_data(81/6),$351.04M,
NEO-RUNE,err:RUNE_insufficient_data(81/6),$282.04M,
GLM-RUNE,err:RUNE_insufficient_data(81/6),$243.02M,
AXS-RUNE,err:RUNE_insufficient_data(81/6),$291.95M,
KAG-RUNE,err:RUNE_insufficient_data(81/6),$361.95M,
CHEEMS-RUNE,err:RUNE_insufficient_data(81/6),$248.58M,
KMNO-RUNE,err:RUNE_insufficient_data(81/6),$246.28M,
XTZ-RUNE,err:RUNE_insufficient_data(81/6),$373.74M,
ULTIMA-RUNE,err:RUNE_insufficient_data(81/6),$329.96M,
KAITO-RUNE,err:RUNE_insufficient_data(81/6),$457.53M,
RUNE-BP,err:RUNE_insufficient_data(81/6),$262.50M,
RUNE-UQC,err:RUNE_insufficient_data(81/6),$256.28M,
RUNE-STRK,err:RUNE_insufficient_data(81/6),$337.47M,
RUNE-CTOC,err:RUNE_insufficient_data(81/6),$423.26M,
RUNE-PC0000033,err:RUNE_insufficient_data(81/6),$310.76M,
RUNE-ICNT,err:RUNE_insufficient_data(81/6),$249.83M,
RUNE-FDUSD,err:RUNE_insufficient_data(81/6),$494.36M,
RUNE-PC0000097,err:RUNE_insufficient_data(81/6),$282.26M,
RUNE-WEMIX,err:RUNE_insufficient_data(81/6),$248.69M,
RUNE-ACRED,err:RUNE_insufficient_data(81/6),$263.30M,
RUNE-SMILEK,err:RUNE_insufficient_data(81/6),$235.63M,
RUNE-WM,err:RUNE_insufficient_data(81/6),$234.62M,
RUNE-UUSD,err:RUNE_insufficient_data(81/6),$248.05M,
RUNE-FLOKI,err:RUNE_insufficient_data(81/6),$346.77M,
RUNE-SAND,err:RUNE_insufficient_data(81/6),$273.45M,
RUNE-AWE,err:RUNE_insufficient_data(81/6),$254.08M,
RUNE-CRVUSD,err:RUNE_insufficient_data(81/6),$360.31M,
RUNE-GENIUS,err:RUNE_insufficient_data(81/6),$261.65M,
RUNE-SNX,err:RUNE_insufficient_data(81/6),$270.70M,
RUNE-VCNT,err:RUNE_insufficient_data(81/6),$312.71M,
RUNE-DASH,err:RUNE_insufficient_data(81/6),$545.70M,
RUNE-CARDS,err:RUNE_insufficient_data(81/6),$417.13M,
RUNE-USAT,err:RUNE_insufficient_data(81/6),$333.49M,
RUNE-FF,err:RUNE_insufficient_data(81/6),$340.55M,
RUNE-USDA,err:RUNE_insufficient_data(81/6),$244.44M,
RUNE-ZANO,err:RUNE_insufficient_data(81/6),$279.42M,
RUNE-REUSD,err:RUNE_insufficient_data(81/6),$315.70M,
RUNE-NEX,err:RUNE_insufficient_data(81/6),$238.59M,
RUNE-JTO,err:RUNE_insufficient_data(81/6),$416.90M,
RUNE-IOTA,err:RUNE_insufficient_data(81/6),$295.84M,
RUNE-AVUSD,err:RUNE_insufficient_data(81/6),$264.24M,
RUNE-FARTCOIN,err:RUNE_insufficient_data(81/6),$271.27M,
RUNE-GALA,err:RUNE_insufficient_data(81/6),$236.88M,
RUNE-ENS,err:RUNE_insufficient_data(81/6),$324.33M,
RUNE-SOON,err:RUNE_insufficient_data(81/6),$238.27M,
RUNE-WIF,err:RUNE_insufficient_data(81/6),$294.61M,
RUNE-SPCXB,err:RUNE_insufficient_data(81/6),$233.80M,
RUNE-STRCX,err:RUNE_insufficient_data(81/6),$289.06M,
RUNE-PENGU,err:RUNE_insufficient_data(81/6),$519.98M,
RUNE-BORG,err:RUNE_insufficient_data(81/6),$286.53M,
RUNE-TAG,err:RUNE_insufficient_data(81/6),$293.33M,
RUNE-XEC,err:RUNE_insufficient_data(81/6),$267.72M,
RUNE-STX,err:RUNE_insufficient_data(81/6),$398.78M,
RUNE-TEL,err:RUNE_insufficient_data(81/6),$322.58M,
RUNE-GOMINING,err:RUNE_insufficient_data(81/6),$263.83M,
RUNE-APE,err:RUNE_insufficient_data(81/6),$296.90M,
RUNE-EIGEN,err:RUNE_insufficient_data(81/6),$288.85M,
RUNE-OP,err:RUNE_insufficient_data(81/6),$351.42M,
RUNE-KAIA,err:RUNE_insufficient_data(81/6),$315.07M,
RUNE-ZBT,err:RUNE_insufficient_data(81/6),$262.21M,
RUNE-EURC,err:RUNE_insufficient_data(81/6),$598.30M,
RUNE-KITE,err:RUNE_insufficient_data(81/6),$380.27M,
RUNE-RAIL,err:RUNE_insufficient_data(81/6),$238.11M,
RUNE-SHORT,err:RUNE_insufficient_data(81/6),$245.82M,
RUNE-TRAC,err:RUNE_insufficient_data(81/6),$271.93M,
RUNE-PENDLE,err:RUNE_insufficient_data(81/6),$398.91M,
RUNE-PYTH,err:RUNE_insufficient_data(81/6),$469.62M,
RUNE-PIEVERSE,err:RUNE_insufficient_data(81/6),$330.35M,
RUNE-NFT,err:RUNE_insufficient_data(81/6),$412.78M,
RUNE-RAY,err:RUNE_insufficient_data(81/6),$311.27M,
RUNE-PC0000031,err:RUNE_insufficient_data(81/6),$350.76M,
RUNE-GEOD,err:RUNE_insufficient_data(81/6),$242.61M,
RUNE-PC0000077,err:RUNE_insufficient_data(81/6),$248.26M,
RUNE-A,err:RUNE_insufficient_data(81/6),$250.55M,
RUNE-LION,err:RUNE_insufficient_data(81/6),$290.64M,
RUNE-AIAT,err:RUNE_insufficient_data(81/6),$266.24M,
RUNE-MX,err:RUNE_insufficient_data(81/6),$298.85M,
RUNE-THETA,err:RUNE_insufficient_data(81/6),$274.35M,
RUNE-SN64,err:RUNE_insufficient_data(81/6),$238.25M,
RUNE-ETHFI,err:RUNE_insufficient_data(81/6),$548.15M,
RUNE-APYUSD,err:RUNE_insufficient_data(81/6),$306.39M,
RUNE-KOGE,err:RUNE_insufficient_data(81/6),$362.41M,
RUNE-BTSE,err:RUNE_insufficient_data(81/6),$281.37M,
RUNE-VET,err:RUNE_insufficient_data(81/6),$537.22M,
RUNE-CHZ,err:RUNE_insufficient_data(81/6),$292.40M,
RUNE-REAL,err:RUNE_insufficient_data(81/6),$397.32M,
RUNE-MON,err:RUNE_insufficient_data(81/6),$396.46M,
RUNE-SAFO,err:RUNE_insufficient_data(81/6),$305.26M,
RUNE-MANA,err:RUNE_insufficient_data(81/6),$279.65M,
RUNE-PRL,err:RUNE_insufficient_data(81/6),$232.33M,
RUNE-GLIDR,err:RUNE_insufficient_data(81/6),$249.65M,
RUNE-ONYC,err:RUNE_insufficient_data(81/6),$394.47M,
RUNE-A7A5,err:RUNE_insufficient_data(81/6),$626.47M,
RUNE-MET,err:RUNE_insufficient_data(81/6),$237.68M,
RUNE-Q,err:RUNE_insufficient_data(81/6),$368.21M,
RUNE-COMP,err:RUNE_insufficient_data(81/6),$307.59M,
RUNE-SYRUP,err:RUNE_insufficient_data(81/6),$355.51M,
RUNE-FRXUSD,err:RUNE_insufficient_data(81/6),$258.18M,
RUNE-BTT,err:RUNE_insufficient_data(81/6),$407.74M,
RUNE-BAT,err:RUNE_insufficient_data(81/6),$251.68M,
RUNE-XPIN,err:RUNE_insufficient_data(81/6),$293.16M,
RUNE-SOSO,err:RUNE_insufficient_data(81/6),$264.85M,
RUNE-VBILL,err:RUNE_insufficient_data(81/6),$340.31M,
RUNE-CRCLON,err:RUNE_insufficient_data(81/6),$241.11M,
RUNE-PEANUT,err:RUNE_insufficient_data(81/6),$332.80M,
RUNE-AR,err:RUNE_insufficient_data(81/6),$264.32M,
RUNE-SFP,err:RUNE_insufficient_data(81/6),$250.99M,
RUNE-PC0000023,err:RUNE_insufficient_data(81/6),$249.11M,
RUNE-GUSD,err:RUNE_insufficient_data(81/6),$297.77M,
RUNE-WFI,err:RUNE_insufficient_data(81/6),$322.81M,
RUNE-GRASS,err:RUNE_insufficient_data(81/6),$364.13M,
RUNE-PC0000085,err:RUNE_insufficient_data(81/6),$254.76M,
RUNE-BSV,err:RUNE_insufficient_data(81/6),$406.75M,
RUNE-JASMY,err:RUNE_insufficient_data(81/6),$359.85M,
RUNE-ANTFUN,err:RUNE_insufficient_data(81/6),$430.57M,
RUNE-USDAI,err:RUNE_insufficient_data(81/6),$305.70M,
RUNE-AERO,err:RUNE_insufficient_data(81/6),$562.64M,
RUNE-BONK,err:RUNE_insufficient_data(81/6),$413.21M,
RUNE-SUN,err:RUNE_insufficient_data(81/6),$490.55M,
RUNE-EURCV,err:RUNE_insufficient_data(81/6),$297.70M,
RUNE-USDZ,err:RUNE_insufficient_data(81/6),$275.65M,
RUNE-AKE,err:RUNE_insufficient_data(81/6),$243.79M,
RUNE-XCN,err:RUNE_insufficient_data(81/6),$277.92M,
RUNE-TRUMP,err:RUNE_insufficient_data(81/6),$505.65M,
RUNE-FET,err:RUNE_insufficient_data(81/6),$454.18M,
RUNE-FRAX,err:RUNE_insufficient_data(81/6),$368.33M,
RUNE-THBILL,err:RUNE_insufficient_data(81/6),$266.20M,
RUNE-ZAMA,err:RUNE_insufficient_data(81/6),$286.07M,
RUNE-SHFL,err:RUNE_insufficient_data(81/6),$269.66M,
RUNE-USDF,err:RUNE_insufficient_data(81/6),$260.10M,
RUNE-XPL,err:RUNE_insufficient_data(81/6),$368.85M,
VSN-OP,err:OP_insufficient_data(29/6),$354.05M,
LUNC-OP,err:OP_insufficient_data(29/6),$482.05M,
BTW-OP,err:OP_insufficient_data(29/6),$437.95M,
PC0000015-OP,err:OP_insufficient_data(29/6),$313.38M,
IMX-OP,err:OP_insufficient_data(29/6),$430.48M,
NXM-OP,err:OP_insufficient_data(29/6),$290.03M,
SPX-OP,err:OP_insufficient_data(29/6),$505.23M,
UB-OP,err:OP_insufficient_data(29/6),$563.99M,
DAI-OP,err:OP_insufficient_data(29/6),$294.21M,
OUSG-OP,err:OP_insufficient_data(29/6),$583.41M,
STAC-OP,err:OP_insufficient_data(29/6),$305.80M,
1INCH-OP,err:OP_insufficient_data(29/6),$318.97M,
RLB-OP,err:OP_insufficient_data(29/6),$307.43M,
DYDX-OP,err:OP_insufficient_data(29/6),$301.02M,
APR-OP,err:OP_insufficient_data(29/6),$399.55M,
DRV-OP,err:OP_insufficient_data(29/6),$305.80M,
EDGE-OP,err:OP_insufficient_data(29/6),$339.13M,
INJ-OP,err:OP_insufficient_data(29/6),$662.39M,
MWC-OP,err:OP_insufficient_data(29/6),$317.00M,
KAU-OP,err:OP_insufficient_data(29/6),$511.46M,
LDO-OP,err:OP_insufficient_data(29/6),$506.35M,
EARNETH-OP,err:OP_insufficient_data(29/6),$350.10M,
GRT-OP,err:OP_insufficient_data(29/6),$364.50M,
SEI-OP,err:OP_insufficient_data(29/6),$489.71M,
USDTB-OP,err:OP_insufficient_data(29/6),$558.68M,
BCN-OP,err:OP_insufficient_data(29/6),$468.92M,
VELVET-OP,err:OP_insufficient_data(29/6),$369.66M,
BC-OP,err:OP_insufficient_data(29/6),$422.72M,
DEXE-OP,err:OP_insufficient_data(29/6),$477.24M,
OZO-OP,err:OP_insufficient_data(29/6),$328.45M,
AB-OP,err:OP_insufficient_data(29/6),$300.00M,
2Z-OP,err:OP_insufficient_data(29/6),$405.49M,
CASH-OP,err:OP_insufficient_data(29/6),$325.17M,
ZBCN-OP,err:OP_insufficient_data(29/6),$380.43M,
CVX-OP,err:OP_insufficient_data(29/6),$337.97M,
TIA-OP,err:OP_insufficient_data(29/6),$509.65M,
US-OP,err:OP_insufficient_data(29/6),$622.12M,
VIRTUAL-OP,err:OP_insufficient_data(29/6),$572.72M,
ZRO-OP,err:OP_insufficient_data(29/6),$487.91M,
AKT-OP,err:OP_insufficient_data(29/6),$331.55M,
TKX-OP,err:OP_insufficient_data(29/6),$306.60M,
APEPE-OP,err:OP_insufficient_data(29/6),$404.52M,
USTBL-OP,err:OP_insufficient_data(29/6),$364.00M,
ALFW-OP,err:OP_insufficient_data(29/6),$317.49M,
OHM-OP,err:OP_insufficient_data(29/6),$478.96M,
GRX-OP,err:OP_insufficient_data(29/6),$327.25M,
META-OP,err:OP_insufficient_data(29/6),$298.57M,
APXUSD-OP,err:OP_insufficient_data(29/6),$498.21M,
GNO-OP,err:OP_insufficient_data(29/6),$485.80M,
USDAT-OP,err:OP_insufficient_data(29/6),$342.96M,
TWT-OP,err:OP_insufficient_data(29/6),$351.62M,
CAKE-OP,err:OP_insufficient_data(29/6),$650.35M,
ZK-OP,err:OP_insufficient_data(29/6),$287.51M,
FLUID-OP,err:OP_insufficient_data(29/6),$289.44M,
COCO-OP,err:OP_insufficient_data(29/6),$387.38M,
TIBBIR-OP,err:OP_insufficient_data(29/6),$309.64M,
GPS-OP,err:OP_insufficient_data(29/6),$299.16M,
DCR-OP,err:OP_insufficient_data(29/6),$405.93M,
NEO-OP,err:OP_insufficient_data(29/6),$336.93M,
GLM-OP,err:OP_insufficient_data(29/6),$297.92M,
AXS-OP,err:OP_insufficient_data(29/6),$346.84M,
KAG-OP,err:OP_insufficient_data(29/6),$416.85M,
CHEEMS-OP,err:OP_insufficient_data(29/6),$303.47M,
KMNO-OP,err:OP_insufficient_data(29/6),$301.18M,
XTZ-OP,err:OP_insufficient_data(29/6),$428.63M,
ULTIMA-OP,err:OP_insufficient_data(29/6),$384.86M,
KAITO-OP,err:OP_insufficient_data(29/6),$512.42M,
BP-OP,err:OP_insufficient_data(29/6),$317.39M,
UQC-OP,err:OP_insufficient_data(29/6),$311.17M,
STRK-OP,err:OP_insufficient_data(29/6),$392.37M,
CTOC-OP,err:OP_insufficient_data(29/6),$478.16M,
PC0000033-OP,err:OP_insufficient_data(29/6),$365.66M,
ICNT-OP,err:OP_insufficient_data(29/6),$304.73M,
FDUSD-OP,err:OP_insufficient_data(29/6),$549.25M,
PC0000097-OP,err:OP_insufficient_data(29/6),$337.16M,
WEMIX-OP,err:OP_insufficient_data(29/6),$303.58M,
ACRED-OP,err:OP_insufficient_data(29/6),$318.20M,
UUSD-OP,err:OP_insufficient_data(29/6),$302.94M,
FLOKI-OP,err:OP_insufficient_data(29/6),$401.66M,
SAND-OP,err:OP_insufficient_data(29/6),$328.34M,
AWE-OP,err:OP_insufficient_data(29/6),$308.98M,
CRVUSD-OP,err:OP_insufficient_data(29/6),$415.21M,
SNX-OP,err:OP_insufficient_data(29/6),$325.59M,
VCNT-OP,err:OP_insufficient_data(29/6),$367.60M,
DASH-OP,err:OP_insufficient_data(29/6),$600.59M,
CARDS-OP,err:OP_insufficient_data(29/6),$472.02M,
USAT-OP,err:OP_insufficient_data(29/6),$388.38M,
FF-OP,err:OP_insufficient_data(29/6),$395.44M,
USDA-OP,err:OP_insufficient_data(29/6),$299.33M,
ZANO-OP,err:OP_insufficient_data(29/6),$334.32M,
REUSD-OP,err:OP_insufficient_data(29/6),$370.59M,
NEX-OP,err:OP_insufficient_data(29/6),$293.48M,
JTO-OP,err:OP_insufficient_data(29/6),$471.79M,
IOTA-OP,err:OP_insufficient_data(29/6),$350.73M,
AVUSD-OP,err:OP_insufficient_data(29/6),$319.13M,
FARTCOIN-OP,err:OP_insufficient_data(29/6),$326.17M,
GALA-OP,err:OP_insufficient_data(29/6),$291.77M,
ENS-OP,err:OP_insufficient_data(29/6),$379.23M,
SOON-OP,err:OP_insufficient_data(29/6),$293.17M,
WIF-OP,err:OP_insufficient_data(29/6),$349.50M,
SPCXB-OP,err:OP_insufficient_data(29/6),$288.69M,
STRCX-OP,err:OP_insufficient_data(29/6),$343.95M,
PENGU-OP,err:OP_insufficient_data(29/6),$574.87M,
BORG-OP,err:OP_insufficient_data(29/6),$341.43M,
TAG-OP,err:OP_insufficient_data(29/6),$348.22M,
XEC-OP,err:OP_insufficient_data(29/6),$322.61M,
STX-OP,err:OP_insufficient_data(29/6),$453.67M,
TEL-OP,err:OP_insufficient_data(29/6),$377.47M,
GOMINING-OP,err:OP_insufficient_data(29/6),$318.72M,
EIGEN-OP,err:OP_insufficient_data(29/6),$343.75M,
OP-KAIA,err:OP_insufficient_data(29/6),$369.96M,
OP-ZBT,err:OP_insufficient_data(29/6),$317.10M,
OP-EURC,err:OP_insufficient_data(29/6),$653.19M,
OP-KITE,err:OP_insufficient_data(29/6),$435.16M,
OP-RAIL,err:OP_insufficient_data(29/6),$293.00M,
OP-SHORT,err:OP_insufficient_data(29/6),$300.71M,
OP-TRAC,err:OP_insufficient_data(29/6),$326.82M,
OP-PENDLE,err:OP_insufficient_data(29/6),$453.81M,
OP-PYTH,err:OP_insufficient_data(29/6),$524.52M,
OP-PIEVERSE,err:OP_insufficient_data(29/6),$385.24M,
OP-NFT,err:OP_insufficient_data(29/6),$467.68M,
OP-RAY,err:OP_insufficient_data(29/6),$366.16M,
OP-PC0000031,err:OP_insufficient_data(29/6),$405.66M,
OP-GEOD,err:OP_insufficient_data(29/6),$297.50M,
OP-PC0000077,err:OP_insufficient_data(29/6),$303.16M,
OP-A,err:OP_insufficient_data(29/6),$305.44M,
OP-LION,err:OP_insufficient_data(29/6),$345.53M,
OP-AIAT,err:OP_insufficient_data(29/6),$321.13M,
OP-MX,err:OP_insufficient_data(29/6),$353.74M,
OP-THETA,err:OP_insufficient_data(29/6),$329.25M,
OP-SN64,err:OP_insufficient_data(29/6),$293.15M,
OP-ETHFI,err:OP_insufficient_data(29/6),$603.05M,
OP-APYUSD,err:OP_insufficient_data(29/6),$361.28M,
OP-KOGE,err:OP_insufficient_data(29/6),$417.30M,
OP-BTSE,err:OP_insufficient_data(29/6),$336.27M,
OP-VET,err:OP_insufficient_data(29/6),$592.11M,
OP-CHZ,err:OP_insufficient_data(29/6),$347.29M,
OP-REAL,err:OP_insufficient_data(29/6),$452.21M,
OP-MON,err:OP_insufficient_data(29/6),$451.35M,
OP-SAFO,err:OP_insufficient_data(29/6),$360.15M,
OP-MANA,err:OP_insufficient_data(29/6),$334.54M,
OP-PRL,err:OP_insufficient_data(29/6),$287.23M,
OP-GLIDR,err:OP_insufficient_data(29/6),$304.54M,
OP-ONYC,err:OP_insufficient_data(29/6),$449.36M,
OP-A7A5,err:OP_insufficient_data(29/6),$681.36M,
OP-MET,err:OP_insufficient_data(29/6),$292.57M,
OP-Q,err:OP_insufficient_data(29/6),$423.11M,
OP-COMP,err:OP_insufficient_data(29/6),$362.48M,
OP-SYRUP,err:OP_insufficient_data(29/6),$410.40M,
OP-FRXUSD,err:OP_insufficient_data(29/6),$313.08M,
OP-BTT,err:OP_insufficient_data(29/6),$462.63M,
OP-BAT,err:OP_insufficient_data(29/6),$306.57M,
OP-XPIN,err:OP_insufficient_data(29/6),$348.05M,
OP-SOSO,err:OP_insufficient_data(29/6),$319.74M,
OP-VBILL,err:OP_insufficient_data(29/6),$395.20M,
OP-CRCLON,err:OP_insufficient_data(29/6),$296.01M,
OP-PEANUT,err:OP_insufficient_data(29/6),$387.69M,
OP-AR,err:OP_insufficient_data(29/6),$319.21M,
OP-SFP,err:OP_insufficient_data(29/6),$305.89M,
OP-PC0000023,err:OP_insufficient_data(29/6),$304.00M,
OP-GUSD,err:OP_insufficient_data(29/6),$352.66M,
OP-WFI,err:OP_insufficient_data(29/6),$377.70M,
OP-GRASS,err:OP_insufficient_data(29/6),$419.02M,
OP-PC0000085,err:OP_insufficient_data(29/6),$309.66M,
OP-BSV,err:OP_insufficient_data(29/6),$461.65M,
OP-JASMY,err:OP_insufficient_data(29/6),$414.74M,
OP-ANTFUN,err:OP_insufficient_data(29/6),$485.46M,
OP-USDAI,err:OP_insufficient_data(29/6),$360.59M,
OP-AERO,err:OP_insufficient_data(29/6),$617.53M,
OP-BONK,err:OP_insufficient_data(29/6),$468.10M,
OP-SUN,err:OP_insufficient_data(29/6),$545.45M,
OP-EURCV,err:OP_insufficient_data(29/6),$352.59M,
OP-USDZ,err:OP_insufficient_data(29/6),$330.54M,
OP-AKE,err:OP_insufficient_data(29/6),$298.68M,
OP-XCN,err:OP_insufficient_data(29/6),$332.81M,
OP-TRUMP,err:OP_insufficient_data(29/6),$560.55M,
OP-FET,err:OP_insufficient_data(29/6),$509.07M,
OP-FRAX,err:OP_insufficient_data(29/6),$423.22M,
OP-THBILL,err:OP_insufficient_data(29/6),$321.09M,
OP-ZAMA,err:OP_insufficient_data(29/6),$340.97M,
OP-SHFL,err:OP_insufficient_data(29/6),$324.56M,
OP-USDF,err:OP_insufficient_data(29/6),$314.99M,
OP-XPL,err:OP_insufficient_data(29/6),$423.74M,
VSN-NIGHT,err:NIGHT_insufficient_data(28/6),$453.27M,
LUNC-NIGHT,err:NIGHT_insufficient_data(28/6),$581.27M,
BTW-NIGHT,err:NIGHT_insufficient_data(28/6),$537.17M,
PC0000015-NIGHT,err:NIGHT_insufficient_data(28/6),$412.60M,
IMX-NIGHT,err:NIGHT_insufficient_data(28/6),$529.70M,
NXM-NIGHT,err:NIGHT_insufficient_data(28/6),$389.24M,
SPX-NIGHT,err:NIGHT_insufficient_data(28/6),$604.45M,
UB-NIGHT,err:NIGHT_insufficient_data(28/6),$663.21M,
DAI-NIGHT,err:NIGHT_insufficient_data(28/6),$393.42M,
OUSG-NIGHT,err:NIGHT_insufficient_data(28/6),$682.62M,
STAC-NIGHT,err:NIGHT_insufficient_data(28/6),$405.02M,
1INCH-NIGHT,err:NIGHT_insufficient_data(28/6),$418.19M,
RLB-NIGHT,err:NIGHT_insufficient_data(28/6),$406.65M,
DYDX-NIGHT,err:NIGHT_insufficient_data(28/6),$400.24M,
APR-NIGHT,err:NIGHT_insufficient_data(28/6),$498.76M,
DRV-NIGHT,err:NIGHT_insufficient_data(28/6),$405.02M,
EDGE-NIGHT,err:NIGHT_insufficient_data(28/6),$438.35M,
INJ-NIGHT,err:NIGHT_insufficient_data(28/6),$761.61M,
MWC-NIGHT,err:NIGHT_insufficient_data(28/6),$416.22M,
KAU-NIGHT,err:NIGHT_insufficient_data(28/6),$610.68M,
LDO-NIGHT,err:NIGHT_insufficient_data(28/6),$605.57M,
EARNETH-NIGHT,err:NIGHT_insufficient_data(28/6),$449.32M,
GRT-NIGHT,err:NIGHT_insufficient_data(28/6),$463.72M,
SEI-NIGHT,err:NIGHT_insufficient_data(28/6),$588.93M,
USDTB-NIGHT,err:NIGHT_insufficient_data(28/6),$657.90M,
BCN-NIGHT,err:NIGHT_insufficient_data(28/6),$568.14M,
VELVET-NIGHT,err:NIGHT_insufficient_data(28/6),$468.88M,
BC-NIGHT,err:NIGHT_insufficient_data(28/6),$521.94M,
DEXE-NIGHT,err:NIGHT_insufficient_data(28/6),$576.45M,
OZO-NIGHT,err:NIGHT_insufficient_data(28/6),$427.67M,
AB-NIGHT,err:NIGHT_insufficient_data(28/6),$399.22M,
2Z-NIGHT,err:NIGHT_insufficient_data(28/6),$504.71M,
CASH-NIGHT,err:NIGHT_insufficient_data(28/6),$424.39M,
ZBCN-NIGHT,err:NIGHT_insufficient_data(28/6),$479.65M,
CVX-NIGHT,err:NIGHT_insufficient_data(28/6),$437.19M,
TIA-NIGHT,err:NIGHT_insufficient_data(28/6),$608.86M,
US-NIGHT,err:NIGHT_insufficient_data(28/6),$721.34M,
VIRTUAL-NIGHT,err:NIGHT_insufficient_data(28/6),$671.94M,
ZRO-NIGHT,err:NIGHT_insufficient_data(28/6),$587.13M,
AKT-NIGHT,err:NIGHT_insufficient_data(28/6),$430.77M,
TKX-NIGHT,err:NIGHT_insufficient_data(28/6),$405.82M,
APEPE-NIGHT,err:NIGHT_insufficient_data(28/6),$503.73M,
USTBL-NIGHT,err:NIGHT_insufficient_data(28/6),$463.22M,
ALFW-NIGHT,err:NIGHT_insufficient_data(28/6),$416.70M,
OHM-NIGHT,err:NIGHT_insufficient_data(28/6),$578.18M,
GRX-NIGHT,err:NIGHT_insufficient_data(28/6),$426.47M,
META-NIGHT,err:NIGHT_insufficient_data(28/6),$397.79M,
APXUSD-NIGHT,err:NIGHT_insufficient_data(28/6),$597.43M,
NIGHT-GNO,err:NIGHT_insufficient_data(28/6),$585.02M,
NIGHT-USDAT,err:NIGHT_insufficient_data(28/6),$442.17M,
NIGHT-TWT,err:NIGHT_insufficient_data(28/6),$450.84M,
NIGHT-CAKE,err:NIGHT_insufficient_data(28/6),$749.57M,
NIGHT-ZK,err:NIGHT_insufficient_data(28/6),$386.73M,
NIGHT-FLUID,err:NIGHT_insufficient_data(28/6),$388.66M,
NIGHT-COCO,err:NIGHT_insufficient_data(28/6),$486.60M,
NIGHT-TIBBIR,err:NIGHT_insufficient_data(28/6),$408.86M,
NIGHT-GPS,err:NIGHT_insufficient_data(28/6),$398.38M,
NIGHT-H,err:NIGHT_insufficient_data(28/6),$434.49M,
NIGHT-DCR,err:NIGHT_insufficient_data(28/6),$505.15M,
NIGHT-NEO,err:NIGHT_insufficient_data(28/6),$436.15M,
NIGHT-GLM,err:NIGHT_insufficient_data(28/6),$397.14M,
NIGHT-AXS,err:NIGHT_insufficient_data(28/6),$446.06M,
NIGHT-KAG,err:NIGHT_insufficient_data(28/6),$516.07M,
NIGHT-CHEEMS,err:NIGHT_insufficient_data(28/6),$402.69M,
NIGHT-KMNO,err:NIGHT_insufficient_data(28/6),$400.40M,
NIGHT-XTZ,err:NIGHT_insufficient_data(28/6),$527.85M,
NIGHT-ULTIMA,err:NIGHT_insufficient_data(28/6),$484.07M,
NIGHT-KAITO,err:NIGHT_insufficient_data(28/6),$611.64M,
NIGHT-RUNE,err:NIGHT_insufficient_data(28/6),$450.64M,
NIGHT-BP,err:NIGHT_insufficient_data(28/6),$416.61M,
NIGHT-UQC,err:NIGHT_insufficient_data(28/6),$410.39M,
NIGHT-STRK,err:NIGHT_insufficient_data(28/6),$491.59M,
NIGHT-CTOC,err:NIGHT_insufficient_data(28/6),$577.38M,
NIGHT-PC0000033,err:NIGHT_insufficient_data(28/6),$464.87M,
NIGHT-ICNT,err:NIGHT_insufficient_data(28/6),$403.95M,
NIGHT-FDUSD,err:NIGHT_insufficient_data(28/6),$648.47M,
NIGHT-PC0000097,err:NIGHT_insufficient_data(28/6),$436.37M,
NIGHT-WEMIX,err:NIGHT_insufficient_data(28/6),$402.80M,
NIGHT-ACRED,err:NIGHT_insufficient_data(28/6),$417.42M,
NIGHT-SMILEK,err:NIGHT_insufficient_data(28/6),$389.75M,
NIGHT-WM,err:NIGHT_insufficient_data(28/6),$388.73M,
NIGHT-UUSD,err:NIGHT_insufficient_data(28/6),$402.16M,
NIGHT-FLOKI,err:NIGHT_insufficient_data(28/6),$500.88M,
NIGHT-SAND,err:NIGHT_insufficient_data(28/6),$427.56M,
NIGHT-AWE,err:NIGHT_insufficient_data(28/6),$408.20M,
NIGHT-CRVUSD,err:NIGHT_insufficient_data(28/6),$514.42M,
NIGHT-GENIUS,err:NIGHT_insufficient_data(28/6),$415.76M,
NIGHT-SNX,err:NIGHT_insufficient_data(28/6),$424.81M,
NIGHT-VCNT,err:NIGHT_insufficient_data(28/6),$466.82M,
NIGHT-DASH,err:NIGHT_insufficient_data(28/6),$699.81M,
NIGHT-CARDS,err:NIGHT_insufficient_data(28/6),$571.24M,
NIGHT-USAT,err:NIGHT_insufficient_data(28/6),$487.60M,
NIGHT-FF,err:NIGHT_insufficient_data(28/6),$494.66M,
NIGHT-USDA,err:NIGHT_insufficient_data(28/6),$398.55M,
NIGHT-ZANO,err:NIGHT_insufficient_data(28/6),$433.53M,
NIGHT-REUSD,err:NIGHT_insufficient_data(28/6),$469.81M,
NIGHT-NEX,err:NIGHT_insufficient_data(28/6),$392.70M,
NIGHT-JTO,err:NIGHT_insufficient_data(28/6),$571.01M,
NIGHT-IOTA,err:NIGHT_insufficient_data(28/6),$449.95M,
NIGHT-AVUSD,err:NIGHT_insufficient_data(28/6),$418.35M,
NIGHT-FARTCOIN,err:NIGHT_insufficient_data(28/6),$425.39M,
NIGHT-GALA,err:NIGHT_insufficient_data(28/6),$390.99M,
NIGHT-ENS,err:NIGHT_insufficient_data(28/6),$478.45M,
NIGHT-SOON,err:NIGHT_insufficient_data(28/6),$392.38M,
NIGHT-WIF,err:NIGHT_insufficient_data(28/6),$448.72M,
NIGHT-SPCXB,err:NIGHT_insufficient_data(28/6),$387.91M,
NIGHT-STRCX,err:NIGHT_insufficient_data(28/6),$443.17M,
NIGHT-PENGU,err:NIGHT_insufficient_data(28/6),$674.09M,
NIGHT-BORG,err:NIGHT_insufficient_data(28/6),$440.64M,
NIGHT-TAG,err:NIGHT_insufficient_data(28/6),$447.44M,
NIGHT-XEC,err:NIGHT_insufficient_data(28/6),$421.83M,
NIGHT-STX,err:NIGHT_insufficient_data(28/6),$552.89M,
NIGHT-TEL,err:NIGHT_insufficient_data(28/6),$476.69M,
NIGHT-GOMINING,err:NIGHT_insufficient_data(28/6),$417.94M,
NIGHT-APE,err:NIGHT_insufficient_data(28/6),$451.01M,
NIGHT-EIGEN,err:NIGHT_insufficient_data(28/6),$442.97M,
NIGHT-OP,err:NIGHT_insufficient_data(28/6),$505.53M,
NIGHT-KAIA,err:NIGHT_insufficient_data(28/6),$469.18M,
NIGHT-ZBT,err:NIGHT_insufficient_data(28/6),$416.32M,
NIGHT-EURC,err:NIGHT_insufficient_data(28/6),$752.41M,
NIGHT-KITE,err:NIGHT_insufficient_data(28/6),$534.38M,
NIGHT-RAIL,err:NIGHT_insufficient_data(28/6),$392.22M,
NIGHT-SHORT,err:NIGHT_insufficient_data(28/6),$399.93M,
NIGHT-TRAC,err:NIGHT_insufficient_data(28/6),$426.04M,
NIGHT-PENDLE,err:NIGHT_insufficient_data(28/6),$553.03M,
NIGHT-PYTH,err:NIGHT_insufficient_data(28/6),$623.73M,
NIGHT-PIEVERSE,err:NIGHT_insufficient_data(28/6),$484.46M,
NIGHT-NFT,err:NIGHT_insufficient_data(28/6),$566.90M,
NIGHT-RAY,err:NIGHT_insufficient_data(28/6),$465.38M,
NIGHT-PC0000031,err:NIGHT_insufficient_data(28/6),$504.87M,
NIGHT-GEOD,err:NIGHT_insufficient_data(28/6),$396.72M,
NIGHT-PC0000077,err:NIGHT_insufficient_data(28/6),$402.37M,
NIGHT-A,err:NIGHT_insufficient_data(28/6),$404.66M,
NIGHT-LION,err:NIGHT_insufficient_data(28/6),$444.75M,
NIGHT-AIAT,err:NIGHT_insufficient_data(28/6),$420.35M,
NIGHT-MX,err:NIGHT_insufficient_data(28/6),$452.96M,
NIGHT-THETA,err:NIGHT_insufficient_data(28/6),$428.47M,
NIGHT-SN64,err:NIGHT_insufficient_data(28/6),$392.37M,
NIGHT-ETHFI,err:NIGHT_insufficient_data(28/6),$702.27M,
NIGHT-APYUSD,err:NIGHT_insufficient_data(28/6),$460.50M,
NIGHT-KOGE,err:NIGHT_insufficient_data(28/6),$516.52M,
NIGHT-BTSE,err:NIGHT_insufficient_data(28/6),$435.49M,
NIGHT-VET,err:NIGHT_insufficient_data(28/6),$691.33M,
NIGHT-CHZ,err:NIGHT_insufficient_data(28/6),$446.51M,
NIGHT-REAL,err:NIGHT_insufficient_data(28/6),$551.43M,
NIGHT-MON,err:NIGHT_insufficient_data(28/6),$550.57M,
NIGHT-SAFO,err:NIGHT_insufficient_data(28/6),$459.37M,
NIGHT-MANA,err:NIGHT_insufficient_data(28/6),$433.76M,
NIGHT-PRL,err:NIGHT_insufficient_data(28/6),$386.44M,
NIGHT-GLIDR,err:NIGHT_insufficient_data(28/6),$403.76M,
NIGHT-ONYC,err:NIGHT_insufficient_data(28/6),$548.58M,
NIGHT-A7A5,err:NIGHT_insufficient_data(28/6),$780.58M,
NIGHT-MET,err:NIGHT_insufficient_data(28/6),$391.79M,
NIGHT-Q,err:NIGHT_insufficient_data(28/6),$522.33M,
NIGHT-COMP,err:NIGHT_insufficient_data(28/6),$461.70M,
NIGHT-SYRUP,err:NIGHT_insufficient_data(28/6),$509.62M,
NIGHT-FRXUSD,err:NIGHT_insufficient_data(28/6),$412.30M,
NIGHT-BTT,err:NIGHT_insufficient_data(28/6),$561.85M,
NIGHT-BAT,err:NIGHT_insufficient_data(28/6),$405.79M,
NIGHT-XPIN,err:NIGHT_insufficient_data(28/6),$447.27M,
NIGHT-SOSO,err:NIGHT_insufficient_data(28/6),$418.96M,
NIGHT-VBILL,err:NIGHT_insufficient_data(28/6),$494.42M,
NIGHT-CRCLON,err:NIGHT_insufficient_data(28/6),$395.23M,
NIGHT-PEANUT,err:NIGHT_insufficient_data(28/6),$486.91M,
NIGHT-AR,err:NIGHT_insufficient_data(28/6),$418.43M,
NIGHT-SFP,err:NIGHT_insufficient_data(28/6),$405.11M,
NIGHT-PC0000023,err:NIGHT_insufficient_data(28/6),$403.22M,
NIGHT-GUSD,err:NIGHT_insufficient_data(28/6),$451.88M,
NIGHT-WFI,err:NIGHT_insufficient_data(28/6),$476.92M,
NIGHT-GRASS,err:NIGHT_insufficient_data(28/6),$518.24M,
NIGHT-PC0000085,err:NIGHT_insufficient_data(28/6),$408.87M,
NIGHT-BSV,err:NIGHT_insufficient_data(28/6),$560.87M,
NIGHT-JASMY,err:NIGHT_insufficient_data(28/6),$513.96M,
NIGHT-ANTFUN,err:NIGHT_insufficient_data(28/6),$584.68M,
NIGHT-USDAI,err:NIGHT_insufficient_data(28/6),$459.81M,
NIGHT-AERO,err:NIGHT_insufficient_data(28/6),$716.75M,
NIGHT-BONK,err:NIGHT_insufficient_data(28/6),$567.32M,
NIGHT-SUN,err:NIGHT_insufficient_data(28/6),$644.66M,
NIGHT-EURCV,err:NIGHT_insufficient_data(28/6),$451.81M,
NIGHT-USDZ,err:NIGHT_insufficient_data(28/6),$429.76M,
NIGHT-AKE,err:NIGHT_insufficient_data(28/6),$397.90M,
NIGHT-XCN,err:NIGHT_insufficient_data(28/6),$432.03M,
NIGHT-TRUMP,err:NIGHT_insufficient_data(28/6),$659.76M,
NIGHT-FET,err:NIGHT_insufficient_data(28/6),$608.29M,
NIGHT-FRAX,err:NIGHT_insufficient_data(28/6),$522.44M,
NIGHT-THBILL,err:NIGHT_insufficient_data(28/6),$420.31M,
NIGHT-ZAMA,err:NIGHT_insufficient_data(28/6),$440.19M,
NIGHT-SHFL,err:NIGHT_insufficient_data(28/6),$423.77M,
NIGHT-USDF,err:NIGHT_insufficient_data(28/6),$414.21M,
NIGHT-XPL,err:NIGHT_insufficient_data(28/6),$522.96M,
VSN-M,err:M_insufficient_data(63/6),$279.61M,
LUNC-M,err:M_insufficient_data(63/6),$407.62M,
BTW-M,err:M_insufficient_data(63/6),$363.52M,
M-PC0000015,err:M_insufficient_data(63/6),$238.94M,
M-IMX,err:M_insufficient_data(63/6),$356.04M,
M-CFX,err:M_insufficient_data(63/6),$351.63M,
M-NXM,err:M_insufficient_data(63/6),$215.59M,
M-SPX,err:M_insufficient_data(63/6),$430.79M,
M-UB,err:M_insufficient_data(63/6),$489.55M,
M-DAI,err:M_insufficient_data(63/6),$219.77M,
M-OUSG,err:M_insufficient_data(63/6),$508.97M,
M-STAC,err:M_insufficient_data(63/6),$231.36M,
M-1INCH,err:M_insufficient_data(63/6),$244.53M,
M-HOLO,err:M_insufficient_data(63/6),$275.41M,
M-RLB,err:M_insufficient_data(63/6),$232.99M,
M-DYDX,err:M_insufficient_data(63/6),$226.58M,
M-APR,err:M_insufficient_data(63/6),$325.11M,
M-DRV,err:M_insufficient_data(63/6),$231.36M,
M-EDGE,err:M_insufficient_data(63/6),$264.69M,
M-INJ,err:M_insufficient_data(63/6),$587.95M,
M-FGRS,err:M_insufficient_data(63/6),$318.47M,
M-MWC,err:M_insufficient_data(63/6),$242.56M,
M-KAU,err:M_insufficient_data(63/6),$437.02M,
M-LDO,err:M_insufficient_data(63/6),$431.91M,
M-EARNETH,err:M_insufficient_data(63/6),$275.66M,
M-GRT,err:M_insufficient_data(63/6),$290.06M,
M-DUSD,err:M_insufficient_data(63/6),$232.09M,
M-SEI,err:M_insufficient_data(63/6),$415.27M,
M-USDTB,err:M_insufficient_data(63/6),$484.24M,
M-BCN,err:M_insufficient_data(63/6),$394.48M,
M-VELVET,err:M_insufficient_data(63/6),$295.22M,
M-BC,err:M_insufficient_data(63/6),$348.29M,
M-DEXE,err:M_insufficient_data(63/6),$402.80M,
M-OZO,err:M_insufficient_data(63/6),$254.01M,
M-AB,err:M_insufficient_data(63/6),$225.56M,
M-2Z,err:M_insufficient_data(63/6),$331.05M,
M-CASH,err:M_insufficient_data(63/6),$250.74M,
M-ZBCN,err:M_insufficient_data(63/6),$305.99M,
M-CVX,err:M_insufficient_data(63/6),$263.53M,
M-TIA,err:M_insufficient_data(63/6),$435.21M,
M-US,err:M_insufficient_data(63/6),$547.68M,
M-VIRTUAL,err:M_insufficient_data(63/6),$498.29M,
M-ZRO,err:M_insufficient_data(63/6),$413.47M,
M-AKT,err:M_insufficient_data(63/6),$257.11M,
M-TKX,err:M_insufficient_data(63/6),$232.16M,
M-APEPE,err:M_insufficient_data(63/6),$330.08M,
M-USTBL,err:M_insufficient_data(63/6),$289.56M,
M-ALFW,err:M_insufficient_data(63/6),$243.05M,
M-OHM,err:M_insufficient_data(63/6),$404.52M,
M-B,err:M_insufficient_data(63/6),$296.90M,
M-GRX,err:M_insufficient_data(63/6),$252.82M,
M-META,err:M_insufficient_data(63/6),$224.13M,
M-APXUSD,err:M_insufficient_data(63/6),$423.77M,
M-NIGHT,err:M_insufficient_data(63/6),$431.09M,
M-GNO,err:M_insufficient_data(63/6),$411.36M,
M-USDAT,err:M_insufficient_data(63/6),$268.52M,
M-TWT,err:M_insufficient_data(63/6),$277.18M,
M-CAKE,err:M_insufficient_data(63/6),$575.91M,
M-ZK,err:M_insufficient_data(63/6),$213.07M,
M-FLUID,err:M_insufficient_data(63/6),$215.00M,
M-COCO,err:M_insufficient_data(63/6),$312.94M,
M-TIBBIR,err:M_insufficient_data(63/6),$235.20M,
M-GPS,err:M_insufficient_data(63/6),$224.73M,
M-H,err:M_insufficient_data(63/6),$260.84M,
M-DCR,err:M_insufficient_data(63/6),$331.50M,
M-NEO,err:M_insufficient_data(63/6),$262.49M,
M-GLM,err:M_insufficient_data(63/6),$223.48M,
M-AXS,err:M_insufficient_data(63/6),$272.41M,
M-KAG,err:M_insufficient_data(63/6),$342.41M,
M-CHEEMS,err:M_insufficient_data(63/6),$229.04M,
M-KMNO,err:M_insufficient_data(63/6),$226.74M,
M-XTZ,err:M_insufficient_data(63/6),$354.19M,
M-ULTIMA,err:M_insufficient_data(63/6),$310.42M,
M-KAITO,err:M_insufficient_data(63/6),$437.99M,
M-RUNE,err:M_insufficient_data(63/6),$276.98M,
M-BP,err:M_insufficient_data(63/6),$242.95M,
M-UQC,err:M_insufficient_data(63/6),$236.74M,
M-STRK,err:M_insufficient_data(63/6),$317.93M,
M-CTOC,err:M_insufficient_data(63/6),$403.72M,
M-PC0000033,err:M_insufficient_data(63/6),$291.22M,
M-ICNT,err:M_insufficient_data(63/6),$230.29M,
M-FDUSD,err:M_insufficient_data(63/6),$474.81M,
M-PC0000097,err:M_insufficient_data(63/6),$262.72M,
M-WEMIX,err:M_insufficient_data(63/6),$229.14M,
M-ACRED,err:M_insufficient_data(63/6),$243.76M,
M-SMILEK,err:M_insufficient_data(63/6),$216.09M,
M-WM,err:M_insufficient_data(63/6),$215.08M,
M-UUSD,err:M_insufficient_data(63/6),$228.50M,
M-FLOKI,err:M_insufficient_data(63/6),$327.23M,
M-SAND,err:M_insufficient_data(63/6),$253.91M,
M-AWE,err:M_insufficient_data(63/6),$234.54M,
M-CRVUSD,err:M_insufficient_data(63/6),$340.77M,
M-GENIUS,err:M_insufficient_data(63/6),$242.10M,
M-SNX,err:M_insufficient_data(63/6),$251.15M,
M-VCNT,err:M_insufficient_data(63/6),$293.16M,
M-DASH,err:M_insufficient_data(63/6),$526.15M,
M-CARDS,err:M_insufficient_data(63/6),$397.58M,
M-USAT,err:M_insufficient_data(63/6),$313.95M,
M-FF,err:M_insufficient_data(63/6),$321.00M,
M-USDA,err:M_insufficient_data(63/6),$224.90M,
M-ZANO,err:M_insufficient_data(63/6),$259.88M,
M-REUSD,err:M_insufficient_data(63/6),$296.15M,
M-NEX,err:M_insufficient_data(63/6),$219.05M,
M-JTO,err:M_insufficient_data(63/6),$397.35M,
M-IOTA,err:M_insufficient_data(63/6),$276.29M,
M-AVUSD,err:M_insufficient_data(63/6),$244.69M,
M-FARTCOIN,err:M_insufficient_data(63/6),$251.73M,
M-GALA,err:M_insufficient_data(63/6),$217.33M,
M-ENS,err:M_insufficient_data(63/6),$304.79M,
M-SOON,err:M_insufficient_data(63/6),$218.73M,
M-WIF,err:M_insufficient_data(63/6),$275.06M,
M-SPCXB,err:M_insufficient_data(63/6),$214.25M,
M-STRCX,err:M_insufficient_data(63/6),$269.51M,
M-PENGU,err:M_insufficient_data(63/6),$500.44M,
M-BORG,err:M_insufficient_data(63/6),$266.99M,
M-TAG,err:M_insufficient_data(63/6),$273.79M,
M-XEC,err:M_insufficient_data(63/6),$248.17M,
M-STX,err:M_insufficient_data(63/6),$379.24M,
M-TEL,err:M_insufficient_data(63/6),$303.03M,
M-GOMINING,err:M_insufficient_data(63/6),$244.28M,
M-APE,err:M_insufficient_data(63/6),$277.36M,
M-EIGEN,err:M_insufficient_data(63/6),$269.31M,
M-OP,err:M_insufficient_data(63/6),$331.87M,
M-KAIA,err:M_insufficient_data(63/6),$295.52M,
M-ZBT,err:M_insufficient_data(63/6),$242.66M,
M-EURC,err:M_insufficient_data(63/6),$578.75M,
M-KITE,err:M_insufficient_data(63/6),$360.72M,
M-RAIL,err:M_insufficient_data(63/6),$218.56M,
M-SHORT,err:M_insufficient_data(63/6),$226.27M,
M-TRAC,err:M_insufficient_data(63/6),$252.38M,
M-PENDLE,err:M_insufficient_data(63/6),$379.37M,
M-PYTH,err:M_insufficient_data(63/6),$450.08M,
M-PIEVERSE,err:M_insufficient_data(63/6),$310.80M,
M-NFT,err:M_insufficient_data(63/6),$393.24M,
M-RAY,err:M_insufficient_data(63/6),$291.72M,
M-PC0000031,err:M_insufficient_data(63/6),$331.22M,
M-GEOD,err:M_insufficient_data(63/6),$223.06M,
M-PC0000077,err:M_insufficient_data(63/6),$228.72M,
M-A,err:M_insufficient_data(63/6),$231.01M,
M-LION,err:M_insufficient_data(63/6),$271.09M,
M-AIAT,err:M_insufficient_data(63/6),$246.70M,
M-MX,err:M_insufficient_data(63/6),$279.31M,
M-THETA,err:M_insufficient_data(63/6),$254.81M,
M-SN64,err:M_insufficient_data(63/6),$218.71M,
M-ETHFI,err:M_insufficient_data(63/6),$528.61M,
M-APYUSD,err:M_insufficient_data(63/6),$286.84M,
M-KOGE,err:M_insufficient_data(63/6),$342.87M,
M-BTSE,err:M_insufficient_data(63/6),$261.83M,
M-VET,err:M_insufficient_data(63/6),$517.67M,
M-CHZ,err:M_insufficient_data(63/6),$272.86M,
M-REAL,err:M_insufficient_data(63/6),$377.78M,
M-MON,err:M_insufficient_data(63/6),$376.91M,
M-SAFO,err:M_insufficient_data(63/6),$285.72M,
M-MANA,err:M_insufficient_data(63/6),$260.10M,
M-PRL,err:M_insufficient_data(63/6),$212.79M,
M-GLIDR,err:M_insufficient_data(63/6),$230.10M,
M-ONYC,err:M_insufficient_data(63/6),$374.92M,
M-A7A5,err:M_insufficient_data(63/6),$606.92M,
M-MET,err:M_insufficient_data(63/6),$218.13M,
M-Q,err:M_insufficient_data(63/6),$348.67M,
M-COMP,err:M_insufficient_data(63/6),$288.04M,
M-SYRUP,err:M_insufficient_data(63/6),$335.97M,
M-FRXUSD,err:M_insufficient_data(63/6),$238.64M,
M-BTT,err:M_insufficient_data(63/6),$388.19M,
M-BAT,err:M_insufficient_data(63/6),$232.13M,
M-XPIN,err:M_insufficient_data(63/6),$273.61M,
M-SOSO,err:M_insufficient_data(63/6),$245.31M,
M-VBILL,err:M_insufficient_data(63/6),$320.76M,
M-CRCLON,err:M_insufficient_data(63/6),$221.57M,
M-PEANUT,err:M_insufficient_data(63/6),$313.25M,
M-AR,err:M_insufficient_data(63/6),$244.77M,
M-SFP,err:M_insufficient_data(63/6),$231.45M,
M-PC0000023,err:M_insufficient_data(63/6),$229.56M,
M-GUSD,err:M_insufficient_data(63/6),$278.22M,
M-WFI,err:M_insufficient_data(63/6),$303.26M,
M-GRASS,err:M_insufficient_data(63/6),$344.59M,
M-PC0000085,err:M_insufficient_data(63/6),$235.22M,
M-BSV,err:M_insufficient_data(63/6),$387.21M,
M-JASMY,err:M_insufficient_data(63/6),$340.30M,
M-ANTFUN,err:M_insufficient_data(63/6),$411.03M,
M-USDAI,err:M_insufficient_data(63/6),$286.16M,
M-AERO,err:M_insufficient_data(63/6),$543.09M,
M-BONK,err:M_insufficient_data(63/6),$393.66M,
M-SUN,err:M_insufficient_data(63/6),$471.01M,
M-EURCV,err:M_insufficient_data(63/6),$278.15M,
M-USDZ,err:M_insufficient_data(63/6),$256.11M,
M-AKE,err:M_insufficient_data(63/6),$224.24M,
M-XCN,err:M_insufficient_data(63/6),$258.38M,
M-TRUMP,err:M_insufficient_data(63/6),$486.11M,
M-FET,err:M_insufficient_data(63/6),$434.64M,
M-FRAX,err:M_insufficient_data(63/6),$348.78M,
M-THBILL,err:M_insufficient_data(63/6),$246.65M,
M-ZAMA,err:M_insufficient_data(63/6),$266.53M,
M-SHFL,err:M_insufficient_data(63/6),$250.12M,
M-USDF,err:M_insufficient_data(63/6),$240.56M,
M-XPL,err:M_insufficient_data(63/6),$349.30M,
VSN-LION,err:LION_insufficient_data(49/6),$293.27M,
LUNC-LION,err:LION_insufficient_data(49/6),$421.28M,
BTW-LION,err:LION_insufficient_data(49/6),$377.18M,
PC0000015-LION,err:LION_insufficient_data(49/6),$252.60M,
IMX-LION,err:LION_insufficient_data(49/6),$369.70M,
NXM-LION,err:LION_insufficient_data(49/6),$229.25M,
SPX-LION,err:LION_insufficient_data(49/6),$444.45M,
UB-LION,err:LION_insufficient_data(49/6),$503.21M,
DAI-LION,err:LION_insufficient_data(49/6),$233.43M,
OUSG-LION,err:LION_insufficient_data(49/6),$522.63M,
STAC-LION,err:LION_insufficient_data(49/6),$245.02M,
1INCH-LION,err:LION_insufficient_data(49/6),$258.19M,
RLB-LION,err:LION_insufficient_data(49/6),$246.65M,
DYDX-LION,err:LION_insufficient_data(49/6),$240.24M,
APR-LION,err:LION_insufficient_data(49/6),$338.77M,
DRV-LION,err:LION_insufficient_data(49/6),$245.02M,
EDGE-LION,err:LION_insufficient_data(49/6),$278.35M,
INJ-LION,err:LION_insufficient_data(49/6),$601.61M,
MWC-LION,err:LION_insufficient_data(49/6),$256.22M,
KAU-LION,err:LION_insufficient_data(49/6),$450.68M,
LDO-LION,err:LION_insufficient_data(49/6),$445.57M,
EARNETH-LION,err:LION_insufficient_data(49/6),$289.32M,
GRT-LION,err:LION_insufficient_data(49/6),$303.72M,
SEI-LION,err:LION_insufficient_data(49/6),$428.93M,
USDTB-LION,err:LION_insufficient_data(49/6),$497.90M,
BCN-LION,err:LION_insufficient_data(49/6),$408.14M,
VELVET-LION,err:LION_insufficient_data(49/6),$308.88M,
BC-LION,err:LION_insufficient_data(49/6),$361.95M,
DEXE-LION,err:LION_insufficient_data(49/6),$416.46M,
OZO-LION,err:LION_insufficient_data(49/6),$267.67M,
AB-LION,err:LION_insufficient_data(49/6),$239.22M,
2Z-LION,err:LION_insufficient_data(49/6),$344.71M,
CASH-LION,err:LION_insufficient_data(49/6),$264.39M,
ZBCN-LION,err:LION_insufficient_data(49/6),$319.65M,
CVX-LION,err:LION_insufficient_data(49/6),$277.19M,
TIA-LION,err:LION_insufficient_data(49/6),$448.87M,
US-LION,err:LION_insufficient_data(49/6),$561.34M,
VIRTUAL-LION,err:LION_insufficient_data(49/6),$511.95M,
ZRO-LION,err:LION_insufficient_data(49/6),$427.13M,
AKT-LION,err:LION_insufficient_data(49/6),$270.77M,
TKX-LION,err:LION_insufficient_data(49/6),$245.82M,
APEPE-LION,err:LION_insufficient_data(49/6),$343.74M,
USTBL-LION,err:LION_insufficient_data(49/6),$303.22M,
ALFW-LION,err:LION_insufficient_data(49/6),$256.71M,
OHM-LION,err:LION_insufficient_data(49/6),$418.18M,
GRX-LION,err:LION_insufficient_data(49/6),$266.47M,
META-LION,err:LION_insufficient_data(49/6),$237.79M,
APXUSD-LION,err:LION_insufficient_data(49/6),$437.43M,
GNO-LION,err:LION_insufficient_data(49/6),$425.02M,
USDAT-LION,err:LION_insufficient_data(49/6),$282.18M,
TWT-LION,err:LION_insufficient_data(49/6),$290.84M,
CAKE-LION,err:LION_insufficient_data(49/6),$589.57M,
ZK-LION,err:LION_insufficient_data(49/6),$226.73M,
FLUID-LION,err:LION_insufficient_data(49/6),$228.66M,
COCO-LION,err:LION_insufficient_data(49/6),$326.60M,
TIBBIR-LION,err:LION_insufficient_data(49/6),$248.86M,
GPS-LION,err:LION_insufficient_data(49/6),$238.39M,
DCR-LION,err:LION_insufficient_data(49/6),$345.15M,
NEO-LION,err:LION_insufficient_data(49/6),$276.15M,
GLM-LION,err:LION_insufficient_data(49/6),$237.14M,
AXS-LION,err:LION_insufficient_data(49/6),$286.06M,
KAG-LION,err:LION_insufficient_data(49/6),$356.07M,
CHEEMS-LION,err:LION_insufficient_data(49/6),$242.69M,
KMNO-LION,err:LION_insufficient_data(49/6),$240.40M,
XTZ-LION,err:LION_insufficient_data(49/6),$367.85M,
ULTIMA-LION,err:LION_insufficient_data(49/6),$324.08M,
KAITO-LION,err:LION_insufficient_data(49/6),$451.65M,
BP-LION,err:LION_insufficient_data(49/6),$256.61M,
UQC-LION,err:LION_insufficient_data(49/6),$250.40M,
STRK-LION,err:LION_insufficient_data(49/6),$331.59M,
CTOC-LION,err:LION_insufficient_data(49/6),$417.38M,
PC0000033-LION,err:LION_insufficient_data(49/6),$304.88M,
ICNT-LION,err:LION_insufficient_data(49/6),$243.95M,
FDUSD-LION,err:LION_insufficient_data(49/6),$488.47M,
PC0000097-LION,err:LION_insufficient_data(49/6),$276.38M,
WEMIX-LION,err:LION_insufficient_data(49/6),$242.80M,
ACRED-LION,err:LION_insufficient_data(49/6),$257.42M,
UUSD-LION,err:LION_insufficient_data(49/6),$242.16M,
FLOKI-LION,err:LION_insufficient_data(49/6),$340.89M,
SAND-LION,err:LION_insufficient_data(49/6),$267.56M,
AWE-LION,err:LION_insufficient_data(49/6),$248.20M,
CRVUSD-LION,err:LION_insufficient_data(49/6),$354.43M,
SNX-LION,err:LION_insufficient_data(49/6),$264.81M,
VCNT-LION,err:LION_insufficient_data(49/6),$306.82M,
DASH-LION,err:LION_insufficient_data(49/6),$539.81M,
CARDS-LION,err:LION_insufficient_data(49/6),$411.24M,
USAT-LION,err:LION_insufficient_data(49/6),$327.61M,
FF-LION,err:LION_insufficient_data(49/6),$334.66M,
USDA-LION,err:LION_insufficient_data(49/6),$238.55M,
ZANO-LION,err:LION_insufficient_data(49/6),$273.54M,
REUSD-LION,err:LION_insufficient_data(49/6),$309.81M,
NEX-LION,err:LION_insufficient_data(49/6),$232.71M,
JTO-LION,err:LION_insufficient_data(49/6),$411.01M,
IOTA-LION,err:LION_insufficient_data(49/6),$289.95M,
AVUSD-LION,err:LION_insufficient_data(49/6),$258.35M,
FARTCOIN-LION,err:LION_insufficient_data(49/6),$265.39M,
GALA-LION,err:LION_insufficient_data(49/6),$230.99M,
ENS-LION,err:LION_insufficient_data(49/6),$318.45M,
SOON-LION,err:LION_insufficient_data(49/6),$232.39M,
WIF-LION,err:LION_insufficient_data(49/6),$288.72M,
SPCXB-LION,err:LION_insufficient_data(49/6),$227.91M,
STRCX-LION,err:LION_insufficient_data(49/6),$283.17M,
PENGU-LION,err:LION_insufficient_data(49/6),$514.09M,
BORG-LION,err:LION_insufficient_data(49/6),$280.65M,
TAG-LION,err:LION_insufficient_data(49/6),$287.44M,
XEC-LION,err:LION_insufficient_data(49/6),$261.83M,
STX-LION,err:LION_insufficient_data(49/6),$392.89M,
TEL-LION,err:LION_insufficient_data(49/6),$316.69M,
GOMINING-LION,err:LION_insufficient_data(49/6),$257.94M,
EIGEN-LION,err:LION_insufficient_data(49/6),$282.97M,
ZBT-LION,err:LION_insufficient_data(49/6),$256.32M,
EURC-LION,err:LION_insufficient_data(49/6),$592.41M,
KITE-LION,err:LION_insufficient_data(49/6),$374.38M,
RAIL-LION,err:LION_insufficient_data(49/6),$232.22M,
SHORT-LION,err:LION_insufficient_data(49/6),$239.93M,
TRAC-LION,err:LION_insufficient_data(49/6),$266.04M,
PENDLE-LION,err:LION_insufficient_data(49/6),$393.03M,
PYTH-LION,err:LION_insufficient_data(49/6),$463.74M,
PIEVERSE-LION,err:LION_insufficient_data(49/6),$324.46M,
NFT-LION,err:LION_insufficient_data(49/6),$406.90M,
RAY-LION,err:LION_insufficient_data(49/6),$305.38M,
PC0000031-LION,err:LION_insufficient_data(49/6),$344.88M,
GEOD-LION,err:LION_insufficient_data(49/6),$236.72M,
PC0000077-LION,err:LION_insufficient_data(49/6),$242.38M,
A-LION,err:LION_insufficient_data(49/6),$244.67M,
LION-AIAT,err:LION_insufficient_data(49/6),$260.36M,
LION-MX,err:LION_insufficient_data(49/6),$292.97M,
LION-THETA,err:LION_insufficient_data(49/6),$268.47M,
LION-SN64,err:LION_insufficient_data(49/6),$232.37M,
LION-ETHFI,err:LION_insufficient_data(49/6),$542.27M,
LION-APYUSD,err:LION_insufficient_data(49/6),$300.50M,
LION-KOGE,err:LION_insufficient_data(49/6),$356.53M,
LION-BTSE,err:LION_insufficient_data(49/6),$275.49M,
LION-VET,err:LION_insufficient_data(49/6),$531.33M,
LION-CHZ,err:LION_insufficient_data(49/6),$286.52M,
LION-REAL,err:LION_insufficient_data(49/6),$391.44M,
LION-MON,err:LION_insufficient_data(49/6),$390.57M,
LION-SAFO,err:LION_insufficient_data(49/6),$299.38M,
LION-MANA,err:LION_insufficient_data(49/6),$273.76M,
LION-PRL,err:LION_insufficient_data(49/6),$226.45M,
LION-GLIDR,err:LION_insufficient_data(49/6),$243.76M,
LION-ONYC,err:LION_insufficient_data(49/6),$388.58M,
LION-A7A5,err:LION_insufficient_data(49/6),$620.58M,
LION-MET,err:LION_insufficient_data(49/6),$231.79M,
LION-Q,err:LION_insufficient_data(49/6),$362.33M,
LION-COMP,err:LION_insufficient_data(49/6),$301.70M,
LION-SYRUP,err:LION_insufficient_data(49/6),$349.62M,
LION-FRXUSD,err:LION_insufficient_data(49/6),$252.30M,
LION-BTT,err:LION_insufficient_data(49/6),$401.85M,
LION-BAT,err:LION_insufficient_data(49/6),$245.79M,
LION-XPIN,err:LION_insufficient_data(49/6),$287.27M,
LION-SOSO,err:LION_insufficient_data(49/6),$258.97M,
LION-VBILL,err:LION_insufficient_data(49/6),$334.42M,
LION-CRCLON,err:LION_insufficient_data(49/6),$235.23M,
LION-PEANUT,err:LION_insufficient_data(49/6),$326.91M,
LION-AR,err:LION_insufficient_data(49/6),$258.43M,
LION-SFP,err:LION_insufficient_data(49/6),$245.11M,
LION-PC0000023,err:LION_insufficient_data(49/6),$243.22M,
LION-GUSD,err:LION_insufficient_data(49/6),$291.88M,
LION-WFI,err:LION_insufficient_data(49/6),$316.92M,
LION-GRASS,err:LION_insufficient_data(49/6),$358.25M,
LION-PC0000085,err:LION_insufficient_data(49/6),$248.88M,
LION-BSV,err:LION_insufficient_data(49/6),$400.87M,
LION-JASMY,err:LION_insufficient_data(49/6),$353.96M,
LION-ANTFUN,err:LION_insufficient_data(49/6),$424.68M,
LION-USDAI,err:LION_insufficient_data(49/6),$299.81M,
LION-AERO,err:LION_insufficient_data(49/6),$556.75M,
LION-BONK,err:LION_insufficient_data(49/6),$407.32M,
LION-SUN,err:LION_insufficient_data(49/6),$484.67M,
LION-EURCV,err:LION_insufficient_data(49/6),$291.81M,
LION-USDZ,err:LION_insufficient_data(49/6),$269.77M,
LION-AKE,err:LION_insufficient_data(49/6),$237.90M,
LION-XCN,err:LION_insufficient_data(49/6),$272.04M,
LION-TRUMP,err:LION_insufficient_data(49/6),$499.77M,
LION-FET,err:LION_insufficient_data(49/6),$448.30M,
LION-FRAX,err:LION_insufficient_data(49/6),$362.44M,
LION-THBILL,err:LION_insufficient_data(49/6),$260.31M,
LION-ZAMA,err:LION_insufficient_data(49/6),$280.19M,
LION-SHFL,err:LION_insufficient_data(49/6),$263.78M,
LION-USDF,err:LION_insufficient_data(49/6),$254.22M,
LION-XPL,err:LION_insufficient_data(49/6),$362.96M,
VSN-KAIA,err:KAIA_insufficient_data(22/6),$317.70M,
LUNC-KAIA,err:KAIA_insufficient_data(22/6),$445.70M,
BTW-KAIA,err:KAIA_insufficient_data(22/6),$401.60M,
PC0000015-KAIA,err:KAIA_insufficient_data(22/6),$277.03M,
IMX-KAIA,err:KAIA_insufficient_data(22/6),$394.13M,
NXM-KAIA,err:KAIA_insufficient_data(22/6),$253.68M,
SPX-KAIA,err:KAIA_insufficient_data(22/6),$468.88M,
UB-KAIA,err:KAIA_insufficient_data(22/6),$527.64M,
DAI-KAIA,err:KAIA_insufficient_data(22/6),$257.86M,
OUSG-KAIA,err:KAIA_insufficient_data(22/6),$547.05M,
STAC-KAIA,err:KAIA_insufficient_data(22/6),$269.45M,
1INCH-KAIA,err:KAIA_insufficient_data(22/6),$282.62M,
RLB-KAIA,err:KAIA_insufficient_data(22/6),$271.08M,
DYDX-KAIA,err:KAIA_insufficient_data(22/6),$264.67M,
APR-KAIA,err:KAIA_insufficient_data(22/6),$363.19M,
DRV-KAIA,err:KAIA_insufficient_data(22/6),$269.45M,
EDGE-KAIA,err:KAIA_insufficient_data(22/6),$302.78M,
INJ-KAIA,err:KAIA_insufficient_data(22/6),$626.04M,
MWC-KAIA,err:KAIA_insufficient_data(22/6),$280.65M,
KAU-KAIA,err:KAIA_insufficient_data(22/6),$475.11M,
LDO-KAIA,err:KAIA_insufficient_data(22/6),$470.00M,
EARNETH-KAIA,err:KAIA_insufficient_data(22/6),$313.75M,
GRT-KAIA,err:KAIA_insufficient_data(22/6),$328.15M,
SEI-KAIA,err:KAIA_insufficient_data(22/6),$453.36M,
USDTB-KAIA,err:KAIA_insufficient_data(22/6),$522.33M,
BCN-KAIA,err:KAIA_insufficient_data(22/6),$432.57M,
VELVET-KAIA,err:KAIA_insufficient_data(22/6),$333.31M,
BC-KAIA,err:KAIA_insufficient_data(22/6),$386.37M,
DEXE-KAIA,err:KAIA_insufficient_data(22/6),$440.89M,
OZO-KAIA,err:KAIA_insufficient_data(22/6),$292.10M,
AB-KAIA,err:KAIA_insufficient_data(22/6),$263.65M,
2Z-KAIA,err:KAIA_insufficient_data(22/6),$369.14M,
CASH-KAIA,err:KAIA_insufficient_data(22/6),$288.82M,
ZBCN-KAIA,err:KAIA_insufficient_data(22/6),$344.08M,
CVX-KAIA,err:KAIA_insufficient_data(22/6),$301.62M,
TIA-KAIA,err:KAIA_insufficient_data(22/6),$473.30M,
US-KAIA,err:KAIA_insufficient_data(22/6),$585.77M,
VIRTUAL-KAIA,err:KAIA_insufficient_data(22/6),$536.37M,
ZRO-KAIA,err:KAIA_insufficient_data(22/6),$451.56M,
AKT-KAIA,err:KAIA_insufficient_data(22/6),$295.20M,
TKX-KAIA,err:KAIA_insufficient_data(22/6),$270.25M,
APEPE-KAIA,err:KAIA_insufficient_data(22/6),$368.17M,
USTBL-KAIA,err:KAIA_insufficient_data(22/6),$327.65M,
ALFW-KAIA,err:KAIA_insufficient_data(22/6),$281.13M,
OHM-KAIA,err:KAIA_insufficient_data(22/6),$442.61M,
GRX-KAIA,err:KAIA_insufficient_data(22/6),$290.90M,
META-KAIA,err:KAIA_insufficient_data(22/6),$262.22M,
APXUSD-KAIA,err:KAIA_insufficient_data(22/6),$461.86M,
GNO-KAIA,err:KAIA_insufficient_data(22/6),$449.45M,
USDAT-KAIA,err:KAIA_insufficient_data(22/6),$306.60M,
TWT-KAIA,err:KAIA_insufficient_data(22/6),$315.27M,
CAKE-KAIA,err:KAIA_insufficient_data(22/6),$614.00M,
ZK-KAIA,err:KAIA_insufficient_data(22/6),$251.16M,
FLUID-KAIA,err:KAIA_insufficient_data(22/6),$253.09M,
COCO-KAIA,err:KAIA_insufficient_data(22/6),$351.03M,
TIBBIR-KAIA,err:KAIA_insufficient_data(22/6),$273.29M,
GPS-KAIA,err:KAIA_insufficient_data(22/6),$262.81M,
DCR-KAIA,err:KAIA_insufficient_data(22/6),$369.58M,
NEO-KAIA,err:KAIA_insufficient_data(22/6),$300.58M,
GLM-KAIA,err:KAIA_insufficient_data(22/6),$261.57M,
AXS-KAIA,err:KAIA_insufficient_data(22/6),$310.49M,
KAG-KAIA,err:KAIA_insufficient_data(22/6),$380.50M,
CHEEMS-KAIA,err:KAIA_insufficient_data(22/6),$267.12M,
KMNO-KAIA,err:KAIA_insufficient_data(22/6),$264.83M,
XTZ-KAIA,err:KAIA_insufficient_data(22/6),$392.28M,
ULTIMA-KAIA,err:KAIA_insufficient_data(22/6),$348.50M,
KAITO-KAIA,err:KAIA_insufficient_data(22/6),$476.07M,
BP-KAIA,err:KAIA_insufficient_data(22/6),$281.04M,
UQC-KAIA,err:KAIA_insufficient_data(22/6),$274.82M,
STRK-KAIA,err:KAIA_insufficient_data(22/6),$356.02M,
CTOC-KAIA,err:KAIA_insufficient_data(22/6),$441.81M,
PC0000033-KAIA,err:KAIA_insufficient_data(22/6),$329.30M,
ICNT-KAIA,err:KAIA_insufficient_data(22/6),$268.38M,
FDUSD-KAIA,err:KAIA_insufficient_data(22/6),$512.90M,
PC0000097-KAIA,err:KAIA_insufficient_data(22/6),$300.80M,
WEMIX-KAIA,err:KAIA_insufficient_data(22/6),$267.23M,
ACRED-KAIA,err:KAIA_insufficient_data(22/6),$281.85M,
UUSD-KAIA,err:KAIA_insufficient_data(22/6),$266.59M,
FLOKI-KAIA,err:KAIA_insufficient_data(22/6),$365.31M,
SAND-KAIA,err:KAIA_insufficient_data(22/6),$291.99M,
AWE-KAIA,err:KAIA_insufficient_data(22/6),$272.63M,
CRVUSD-KAIA,err:KAIA_insufficient_data(22/6),$378.86M,
SNX-KAIA,err:KAIA_insufficient_data(22/6),$289.24M,
VCNT-KAIA,err:KAIA_insufficient_data(22/6),$331.25M,
DASH-KAIA,err:KAIA_insufficient_data(22/6),$564.24M,
CARDS-KAIA,err:KAIA_insufficient_data(22/6),$435.67M,
USAT-KAIA,err:KAIA_insufficient_data(22/6),$352.03M,
FF-KAIA,err:KAIA_insufficient_data(22/6),$359.09M,
USDA-KAIA,err:KAIA_insufficient_data(22/6),$262.98M,
ZANO-KAIA,err:KAIA_insufficient_data(22/6),$297.96M,
REUSD-KAIA,err:KAIA_insufficient_data(22/6),$334.24M,
NEX-KAIA,err:KAIA_insufficient_data(22/6),$257.13M,
JTO-KAIA,err:KAIA_insufficient_data(22/6),$435.44M,
IOTA-KAIA,err:KAIA_insufficient_data(22/6),$314.38M,
AVUSD-KAIA,err:KAIA_insufficient_data(22/6),$282.78M,
FARTCOIN-KAIA,err:KAIA_insufficient_data(22/6),$289.82M,
GALA-KAIA,err:KAIA_insufficient_data(22/6),$255.42M,
ENS-KAIA,err:KAIA_insufficient_data(22/6),$342.88M,
SOON-KAIA,err:KAIA_insufficient_data(22/6),$256.81M,
WIF-KAIA,err:KAIA_insufficient_data(22/6),$313.15M,
SPCXB-KAIA,err:KAIA_insufficient_data(22/6),$252.34M,
STRCX-KAIA,err:KAIA_insufficient_data(22/6),$307.60M,
PENGU-KAIA,err:KAIA_insufficient_data(22/6),$538.52M,
BORG-KAIA,err:KAIA_insufficient_data(22/6),$305.07M,
TAG-KAIA,err:KAIA_insufficient_data(22/6),$311.87M,
XEC-KAIA,err:KAIA_insufficient_data(22/6),$286.26M,
STX-KAIA,err:KAIA_insufficient_data(22/6),$417.32M,
TEL-KAIA,err:KAIA_insufficient_data(22/6),$341.12M,
GOMINING-KAIA,err:KAIA_insufficient_data(22/6),$282.37M,
EIGEN-KAIA,err:KAIA_insufficient_data(22/6),$307.40M,
KAIA-ZBT,err:KAIA_insufficient_data(22/6),$280.75M,
KAIA-EURC,err:KAIA_insufficient_data(22/6),$616.84M,
KAIA-KITE,err:KAIA_insufficient_data(22/6),$398.81M,
KAIA-RAIL,err:KAIA_insufficient_data(22/6),$256.65M,
KAIA-SHORT,err:KAIA_insufficient_data(22/6),$264.36M,
KAIA-TRAC,err:KAIA_insufficient_data(22/6),$290.47M,
KAIA-PENDLE,err:KAIA_insufficient_data(22/6),$417.46M,
KAIA-PYTH,err:KAIA_insufficient_data(22/6),$488.16M,
KAIA-PIEVERSE,err:KAIA_insufficient_data(22/6),$348.89M,
KAIA-NFT,err:KAIA_insufficient_data(22/6),$431.33M,
KAIA-RAY,err:KAIA_insufficient_data(22/6),$329.81M,
KAIA-PC0000031,err:KAIA_insufficient_data(22/6),$369.30M,
KAIA-GEOD,err:KAIA_insufficient_data(22/6),$261.15M,
KAIA-PC0000077,err:KAIA_insufficient_data(22/6),$266.80M,
KAIA-A,err:KAIA_insufficient_data(22/6),$269.09M,
KAIA-LION,err:KAIA_insufficient_data(22/6),$309.18M,
KAIA-AIAT,err:KAIA_insufficient_data(22/6),$284.78M,
KAIA-MX,err:KAIA_insufficient_data(22/6),$317.39M,
KAIA-THETA,err:KAIA_insufficient_data(22/6),$292.90M,
KAIA-SN64,err:KAIA_insufficient_data(22/6),$256.80M,
KAIA-ETHFI,err:KAIA_insufficient_data(22/6),$566.70M,
KAIA-APYUSD,err:KAIA_insufficient_data(22/6),$324.93M,
KAIA-KOGE,err:KAIA_insufficient_data(22/6),$380.95M,
KAIA-BTSE,err:KAIA_insufficient_data(22/6),$299.92M,
KAIA-VET,err:KAIA_insufficient_data(22/6),$555.76M,
KAIA-CHZ,err:KAIA_insufficient_data(22/6),$310.94M,
KAIA-REAL,err:KAIA_insufficient_data(22/6),$415.86M,
KAIA-MON,err:KAIA_insufficient_data(22/6),$415.00M,
KAIA-SAFO,err:KAIA_insufficient_data(22/6),$323.80M,
KAIA-MANA,err:KAIA_insufficient_data(22/6),$298.19M,
KAIA-PRL,err:KAIA_insufficient_data(22/6),$250.87M,
KAIA-GLIDR,err:KAIA_insufficient_data(22/6),$268.19M,
KAIA-ONYC,err:KAIA_insufficient_data(22/6),$413.01M,
KAIA-A7A5,err:KAIA_insufficient_data(22/6),$645.01M,
KAIA-MET,err:KAIA_insufficient_data(22/6),$256.22M,
KAIA-Q,err:KAIA_insufficient_data(22/6),$386.76M,
KAIA-COMP,err:KAIA_insufficient_data(22/6),$326.13M,
KAIA-SYRUP,err:KAIA_insufficient_data(22/6),$374.05M,
KAIA-FRXUSD,err:KAIA_insufficient_data(22/6),$276.73M,
KAIA-BTT,err:KAIA_insufficient_data(22/6),$426.28M,
KAIA-BAT,err:KAIA_insufficient_data(22/6),$270.22M,
KAIA-XPIN,err:KAIA_insufficient_data(22/6),$311.70M,
KAIA-SOSO,err:KAIA_insufficient_data(22/6),$283.39M,
KAIA-VBILL,err:KAIA_insufficient_data(22/6),$358.85M,
KAIA-CRCLON,err:KAIA_insufficient_data(22/6),$259.66M,
KAIA-PEANUT,err:KAIA_insufficient_data(22/6),$351.34M,
KAIA-AR,err:KAIA_insufficient_data(22/6),$282.86M,
KAIA-SFP,err:KAIA_insufficient_data(22/6),$269.54M,
KAIA-PC0000023,err:KAIA_insufficient_data(22/6),$267.65M,
KAIA-GUSD,err:KAIA_insufficient_data(22/6),$316.31M,
KAIA-WFI,err:KAIA_insufficient_data(22/6),$341.35M,
KAIA-GRASS,err:KAIA_insufficient_data(22/6),$382.67M,
KAIA-PC0000085,err:KAIA_insufficient_data(22/6),$273.30M,
KAIA-BSV,err:KAIA_insufficient_data(22/6),$425.30M,
KAIA-JASMY,err:KAIA_insufficient_data(22/6),$378.39M,
KAIA-ANTFUN,err:KAIA_insufficient_data(22/6),$449.11M,
KAIA-USDAI,err:KAIA_insufficient_data(22/6),$324.24M,
KAIA-AERO,err:KAIA_insufficient_data(22/6),$581.18M,
KAIA-BONK,err:KAIA_insufficient_data(22/6),$431.75M,
KAIA-SUN,err:KAIA_insufficient_data(22/6),$509.09M,
KAIA-EURCV,err:KAIA_insufficient_data(22/6),$316.24M,
KAIA-USDZ,err:KAIA_insufficient_data(22/6),$294.19M,
KAIA-AKE,err:KAIA_insufficient_data(22/6),$262.33M,
KAIA-XCN,err:KAIA_insufficient_data(22/6),$296.46M,
KAIA-TRUMP,err:KAIA_insufficient_data(22/6),$524.19M,
KAIA-FET,err:KAIA_insufficient_data(22/6),$472.72M,
KAIA-FRAX,err:KAIA_insufficient_data(22/6),$386.87M,
KAIA-THBILL,err:KAIA_insufficient_data(22/6),$284.74M,
KAIA-ZAMA,err:KAIA_insufficient_data(22/6),$304.62M,
KAIA-SHFL,err:KAIA_insufficient_data(22/6),$288.20M,
KAIA-USDF,err:KAIA_insufficient_data(22/6),$278.64M,
KAIA-XPL,err:KAIA_insufficient_data(22/6),$387.39M,
VSN-H,err:H_insufficient_data(11/6),$283.01M,
LUNC-H,err:H_insufficient_data(11/6),$411.02M,
BTW-H,err:H_insufficient_data(11/6),$366.92M,
PC0000015-H,err:H_insufficient_data(11/6),$242.34M,
IMX-H,err:H_insufficient_data(11/6),$359.44M,
NXM-H,err:H_insufficient_data(11/6),$218.99M,
SPX-H,err:H_insufficient_data(11/6),$434.19M,
UB-H,err:H_insufficient_data(11/6),$492.95M,
DAI-H,err:H_insufficient_data(11/6),$223.17M,
OUSG-H,err:H_insufficient_data(11/6),$512.37M,
STAC-H,err:H_insufficient_data(11/6),$234.76M,
1INCH-H,err:H_insufficient_data(11/6),$247.94M,
RLB-H,err:H_insufficient_data(11/6),$236.39M,
DYDX-H,err:H_insufficient_data(11/6),$229.98M,
APR-H,err:H_insufficient_data(11/6),$328.51M,
DRV-H,err:H_insufficient_data(11/6),$234.76M,
EDGE-H,err:H_insufficient_data(11/6),$268.09M,
INJ-H,err:H_insufficient_data(11/6),$591.35M,
MWC-H,err:H_insufficient_data(11/6),$245.96M,
KAU-H,err:H_insufficient_data(11/6),$440.43M,
LDO-H,err:H_insufficient_data(11/6),$435.32M,
EARNETH-H,err:H_insufficient_data(11/6),$279.06M,
GRT-H,err:H_insufficient_data(11/6),$293.46M,
SEI-H,err:H_insufficient_data(11/6),$418.67M,
USDTB-H,err:H_insufficient_data(11/6),$487.64M,
BCN-H,err:H_insufficient_data(11/6),$397.88M,
VELVET-H,err:H_insufficient_data(11/6),$298.62M,
BC-H,err:H_insufficient_data(11/6),$351.69M,
DEXE-H,err:H_insufficient_data(11/6),$406.20M,
OZO-H,err:H_insufficient_data(11/6),$257.42M,
AB-H,err:H_insufficient_data(11/6),$228.96M,
2Z-H,err:H_insufficient_data(11/6),$334.45M,
CASH-H,err:H_insufficient_data(11/6),$254.14M,
ZBCN-H,err:H_insufficient_data(11/6),$309.39M,
CVX-H,err:H_insufficient_data(11/6),$266.93M,
TIA-H,err:H_insufficient_data(11/6),$438.61M,
US-H,err:H_insufficient_data(11/6),$551.08M,
VIRTUAL-H,err:H_insufficient_data(11/6),$501.69M,
ZRO-H,err:H_insufficient_data(11/6),$416.87M,
AKT-H,err:H_insufficient_data(11/6),$260.51M,
TKX-H,err:H_insufficient_data(11/6),$235.56M,
APEPE-H,err:H_insufficient_data(11/6),$333.48M,
USTBL-H,err:H_insufficient_data(11/6),$292.96M,
ALFW-H,err:H_insufficient_data(11/6),$246.45M,
OHM-H,err:H_insufficient_data(11/6),$407.92M,
GRX-H,err:H_insufficient_data(11/6),$256.22M,
META-H,err:H_insufficient_data(11/6),$227.53M,
APXUSD-H,err:H_insufficient_data(11/6),$427.17M,
GNO-H,err:H_insufficient_data(11/6),$414.76M,
USDAT-H,err:H_insufficient_data(11/6),$271.92M,
TWT-H,err:H_insufficient_data(11/6),$280.59M,
CAKE-H,err:H_insufficient_data(11/6),$579.31M,
ZK-H,err:H_insufficient_data(11/6),$216.47M,
FLUID-H,err:H_insufficient_data(11/6),$218.40M,
COCO-H,err:H_insufficient_data(11/6),$316.34M,
TIBBIR-H,err:H_insufficient_data(11/6),$238.60M,
GPS-H,err:H_insufficient_data(11/6),$228.13M,
H-DCR,err:H_insufficient_data(11/6),$334.90M,
H-NEO,err:H_insufficient_data(11/6),$265.89M,
H-GLM,err:H_insufficient_data(11/6),$226.88M,
H-AXS,err:H_insufficient_data(11/6),$275.81M,
H-KAG,err:H_insufficient_data(11/6),$345.81M,
H-CHEEMS,err:H_insufficient_data(11/6),$232.44M,
H-KMNO,err:H_insufficient_data(11/6),$230.14M,
H-XTZ,err:H_insufficient_data(11/6),$357.59M,
H-ULTIMA,err:H_insufficient_data(11/6),$313.82M,
H-KAITO,err:H_insufficient_data(11/6),$441.39M,
H-RUNE,err:H_insufficient_data(11/6),$280.38M,
H-BP,err:H_insufficient_data(11/6),$246.35M,
H-UQC,err:H_insufficient_data(11/6),$240.14M,
H-STRK,err:H_insufficient_data(11/6),$321.33M,
H-CTOC,err:H_insufficient_data(11/6),$407.12M,
H-PC0000033,err:H_insufficient_data(11/6),$294.62M,
H-ICNT,err:H_insufficient_data(11/6),$233.69M,
H-FDUSD,err:H_insufficient_data(11/6),$478.22M,
H-PC0000097,err:H_insufficient_data(11/6),$266.12M,
H-WEMIX,err:H_insufficient_data(11/6),$232.54M,
H-ACRED,err:H_insufficient_data(11/6),$247.16M,
H-SMILEK,err:H_insufficient_data(11/6),$219.49M,
H-WM,err:H_insufficient_data(11/6),$218.48M,
H-UUSD,err:H_insufficient_data(11/6),$231.90M,
H-FLOKI,err:H_insufficient_data(11/6),$330.63M,
H-SAND,err:H_insufficient_data(11/6),$257.31M,
H-AWE,err:H_insufficient_data(11/6),$237.94M,
H-CRVUSD,err:H_insufficient_data(11/6),$344.17M,
H-GENIUS,err:H_insufficient_data(11/6),$245.50M,
H-SNX,err:H_insufficient_data(11/6),$254.55M,
H-VCNT,err:H_insufficient_data(11/6),$296.56M,
H-DASH,err:H_insufficient_data(11/6),$529.55M,
H-CARDS,err:H_insufficient_data(11/6),$400.99M,
H-USAT,err:H_insufficient_data(11/6),$317.35M,
H-FF,err:H_insufficient_data(11/6),$324.40M,
H-USDA,err:H_insufficient_data(11/6),$228.30M,
H-ZANO,err:H_insufficient_data(11/6),$263.28M,
H-REUSD,err:H_insufficient_data(11/6),$299.55M,
H-NEX,err:H_insufficient_data(11/6),$222.45M,
H-JTO,err:H_insufficient_data(11/6),$400.75M,
H-IOTA,err:H_insufficient_data(11/6),$279.69M,
H-AVUSD,err:H_insufficient_data(11/6),$248.10M,
H-FARTCOIN,err:H_insufficient_data(11/6),$255.13M,
H-GALA,err:H_insufficient_data(11/6),$220.73M,
H-ENS,err:H_insufficient_data(11/6),$308.19M,
H-SOON,err:H_insufficient_data(11/6),$222.13M,
H-WIF,err:H_insufficient_data(11/6),$278.46M,
H-SPCXB,err:H_insufficient_data(11/6),$217.65M,
H-STRCX,err:H_insufficient_data(11/6),$272.91M,
H-PENGU,err:H_insufficient_data(11/6),$503.84M,
H-BORG,err:H_insufficient_data(11/6),$270.39M,
H-TAG,err:H_insufficient_data(11/6),$277.19M,
H-XEC,err:H_insufficient_data(11/6),$251.58M,
H-STX,err:H_insufficient_data(11/6),$382.64M,
H-TEL,err:H_insufficient_data(11/6),$306.43M,
H-GOMINING,err:H_insufficient_data(11/6),$247.68M,
H-APE,err:H_insufficient_data(11/6),$280.76M,
H-EIGEN,err:H_insufficient_data(11/6),$272.71M,
H-OP,err:H_insufficient_data(11/6),$335.27M,
H-KAIA,err:H_insufficient_data(11/6),$298.92M,
H-ZBT,err:H_insufficient_data(11/6),$246.06M,
H-EURC,err:H_insufficient_data(11/6),$582.15M,
H-KITE,err:H_insufficient_data(11/6),$364.12M,
H-RAIL,err:H_insufficient_data(11/6),$221.96M,
H-SHORT,err:H_insufficient_data(11/6),$229.67M,
H-TRAC,err:H_insufficient_data(11/6),$255.78M,
H-PENDLE,err:H_insufficient_data(11/6),$382.77M,
H-PYTH,err:H_insufficient_data(11/6),$453.48M,
H-PIEVERSE,err:H_insufficient_data(11/6),$314.20M,
H-NFT,err:H_insufficient_data(11/6),$396.64M,
H-RAY,err:H_insufficient_data(11/6),$295.12M,
H-PC0000031,err:H_insufficient_data(11/6),$334.62M,
H-GEOD,err:H_insufficient_data(11/6),$226.46M,
H-PC0000077,err:H_insufficient_data(11/6),$232.12M,
H-A,err:H_insufficient_data(11/6),$234.41M,
H-LION,err:H_insufficient_data(11/6),$274.50M,
H-AIAT,err:H_insufficient_data(11/6),$250.10M,
H-MX,err:H_insufficient_data(11/6),$282.71M,
H-THETA,err:H_insufficient_data(11/6),$258.21M,
H-SN64,err:H_insufficient_data(11/6),$222.11M,
H-ETHFI,err:H_insufficient_data(11/6),$532.01M,
H-APYUSD,err:H_insufficient_data(11/6),$290.25M,
H-KOGE,err:H_insufficient_data(11/6),$346.27M,
H-BTSE,err:H_insufficient_data(11/6),$265.23M,
H-VET,err:H_insufficient_data(11/6),$521.07M,
H-CHZ,err:H_insufficient_data(11/6),$276.26M,
H-REAL,err:H_insufficient_data(11/6),$381.18M,
H-MON,err:H_insufficient_data(11/6),$380.31M,
H-SAFO,err:H_insufficient_data(11/6),$289.12M,
H-MANA,err:H_insufficient_data(11/6),$263.50M,
H-PRL,err:H_insufficient_data(11/6),$216.19M,
H-GLIDR,err:H_insufficient_data(11/6),$233.50M,
H-ONYC,err:H_insufficient_data(11/6),$378.32M,
H-A7A5,err:H_insufficient_data(11/6),$610.32M,
H-MET,err:H_insufficient_data(11/6),$221.53M,
H-Q,err:H_insufficient_data(11/6),$352.07M,
H-COMP,err:H_insufficient_data(11/6),$291.44M,
H-SYRUP,err:H_insufficient_data(11/6),$339.37M,
H-FRXUSD,err:H_insufficient_data(11/6),$242.04M,
H-BTT,err:H_insufficient_data(11/6),$391.59M,
H-BAT,err:H_insufficient_data(11/6),$235.53M,
H-XPIN,err:H_insufficient_data(11/6),$277.02M,
H-SOSO,err:H_insufficient_data(11/6),$248.71M,
H-VBILL,err:H_insufficient_data(11/6),$324.16M,
H-CRCLON,err:H_insufficient_data(11/6),$224.97M,
H-PEANUT,err:H_insufficient_data(11/6),$316.66M,
H-AR,err:H_insufficient_data(11/6),$248.17M,
H-SFP,err:H_insufficient_data(11/6),$234.85M,
H-PC0000023,err:H_insufficient_data(11/6),$232.96M,
H-GUSD,err:H_insufficient_data(11/6),$281.62M,
H-WFI,err:H_insufficient_data(11/6),$306.66M,
H-GRASS,err:H_insufficient_data(11/6),$347.99M,
H-PC0000085,err:H_insufficient_data(11/6),$238.62M,
H-BSV,err:H_insufficient_data(11/6),$390.61M,
H-JASMY,err:H_insufficient_data(11/6),$343.71M,
H-ANTFUN,err:H_insufficient_data(11/6),$414.43M,
H-USDAI,err:H_insufficient_data(11/6),$289.56M,
H-AERO,err:H_insufficient_data(11/6),$546.49M,
H-BONK,err:H_insufficient_data(11/6),$397.06M,
H-SUN,err:H_insufficient_data(11/6),$474.41M,
H-EURCV,err:H_insufficient_data(11/6),$281.55M,
H-USDZ,err:H_insufficient_data(11/6),$259.51M,
H-AKE,err:H_insufficient_data(11/6),$227.64M,
H-XCN,err:H_insufficient_data(11/6),$261.78M,
H-TRUMP,err:H_insufficient_data(11/6),$489.51M,
H-FET,err:H_insufficient_data(11/6),$438.04M,
H-FRAX,err:H_insufficient_data(11/6),$352.18M,
H-THBILL,err:H_insufficient_data(11/6),$250.05M,
H-ZAMA,err:H_insufficient_data(11/6),$269.93M,
H-SHFL,err:H_insufficient_data(11/6),$253.52M,
H-USDF,err:H_insufficient_data(11/6),$243.96M,
H-XPL,err:H_insufficient_data(11/6),$352.71M,
VSN-HOLO,err:HOLO_insufficient_data(46/6),$297.58M,
LUNC-HOLO,err:HOLO_insufficient_data(46/6),$425.59M,
BTW-HOLO,err:HOLO_insufficient_data(46/6),$381.49M,
PC0000015-HOLO,err:HOLO_insufficient_data(46/6),$256.91M,
IMX-HOLO,err:HOLO_insufficient_data(46/6),$374.01M,
NXM-HOLO,err:HOLO_insufficient_data(46/6),$233.56M,
SPX-HOLO,err:HOLO_insufficient_data(46/6),$448.76M,
UB-HOLO,err:HOLO_insufficient_data(46/6),$507.52M,
DAI-HOLO,err:HOLO_insufficient_data(46/6),$237.74M,
OUSG-HOLO,err:HOLO_insufficient_data(46/6),$526.94M,
STAC-HOLO,err:HOLO_insufficient_data(46/6),$249.33M,
1INCH-HOLO,err:HOLO_insufficient_data(46/6),$262.50M,
HOLO-RLB,err:HOLO_insufficient_data(46/6),$250.96M,
HOLO-DYDX,err:HOLO_insufficient_data(46/6),$244.55M,
HOLO-APR,err:HOLO_insufficient_data(46/6),$343.08M,
HOLO-DRV,err:HOLO_insufficient_data(46/6),$249.33M,
HOLO-EDGE,err:HOLO_insufficient_data(46/6),$282.66M,
HOLO-INJ,err:HOLO_insufficient_data(46/6),$605.92M,
HOLO-FGRS,err:HOLO_insufficient_data(46/6),$336.44M,
HOLO-MWC,err:HOLO_insufficient_data(46/6),$260.53M,
HOLO-KAU,err:HOLO_insufficient_data(46/6),$454.99M,
HOLO-LDO,err:HOLO_insufficient_data(46/6),$449.88M,
HOLO-EARNETH,err:HOLO_insufficient_data(46/6),$293.63M,
HOLO-GRT,err:HOLO_insufficient_data(46/6),$308.03M,
HOLO-DUSD,err:HOLO_insufficient_data(46/6),$250.06M,
HOLO-SEI,err:HOLO_insufficient_data(46/6),$433.24M,
HOLO-USDTB,err:HOLO_insufficient_data(46/6),$502.21M,
HOLO-BCN,err:HOLO_insufficient_data(46/6),$412.45M,
HOLO-VELVET,err:HOLO_insufficient_data(46/6),$313.19M,
HOLO-BC,err:HOLO_insufficient_data(46/6),$366.26M,
HOLO-DEXE,err:HOLO_insufficient_data(46/6),$420.77M,
HOLO-OZO,err:HOLO_insufficient_data(46/6),$271.98M,
HOLO-AB,err:HOLO_insufficient_data(46/6),$243.53M,
HOLO-2Z,err:HOLO_insufficient_data(46/6),$349.02M,
HOLO-CASH,err:HOLO_insufficient_data(46/6),$268.71M,
HOLO-ZBCN,err:HOLO_insufficient_data(46/6),$323.96M,
HOLO-CVX,err:HOLO_insufficient_data(46/6),$281.50M,
HOLO-TIA,err:HOLO_insufficient_data(46/6),$453.18M,
HOLO-US,err:HOLO_insufficient_data(46/6),$565.65M,
HOLO-VIRTUAL,err:HOLO_insufficient_data(46/6),$516.26M,
HOLO-ZRO,err:HOLO_insufficient_data(46/6),$431.44M,
HOLO-AKT,err:HOLO_insufficient_data(46/6),$275.08M,
HOLO-TKX,err:HOLO_insufficient_data(46/6),$250.13M,
HOLO-APEPE,err:HOLO_insufficient_data(46/6),$348.05M,
HOLO-USTBL,err:HOLO_insufficient_data(46/6),$307.53M,
HOLO-ALFW,err:HOLO_insufficient_data(46/6),$261.02M,
HOLO-OHM,err:HOLO_insufficient_data(46/6),$422.49M,
HOLO-B,err:HOLO_insufficient_data(46/6),$314.87M,
HOLO-GRX,err:HOLO_insufficient_data(46/6),$270.79M,
HOLO-META,err:HOLO_insufficient_data(46/6),$242.10M,
HOLO-APXUSD,err:HOLO_insufficient_data(46/6),$441.74M,
HOLO-NIGHT,err:HOLO_insufficient_data(46/6),$449.06M,
HOLO-GNO,err:HOLO_insufficient_data(46/6),$429.33M,
HOLO-USDAT,err:HOLO_insufficient_data(46/6),$286.49M,
HOLO-TWT,err:HOLO_insufficient_data(46/6),$295.15M,
HOLO-CAKE,err:HOLO_insufficient_data(46/6),$593.88M,
HOLO-ZK,err:HOLO_insufficient_data(46/6),$231.04M,
HOLO-FLUID,err:HOLO_insufficient_data(46/6),$232.97M,
HOLO-COCO,err:HOLO_insufficient_data(46/6),$330.91M,
HOLO-TIBBIR,err:HOLO_insufficient_data(46/6),$253.17M,
HOLO-GPS,err:HOLO_insufficient_data(46/6),$242.70M,
HOLO-H,err:HOLO_insufficient_data(46/6),$278.81M,
HOLO-DCR,err:HOLO_insufficient_data(46/6),$349.47M,
HOLO-NEO,err:HOLO_insufficient_data(46/6),$280.46M,
HOLO-GLM,err:HOLO_insufficient_data(46/6),$241.45M,
HOLO-AXS,err:HOLO_insufficient_data(46/6),$290.38M,
HOLO-KAG,err:HOLO_insufficient_data(46/6),$360.38M,
HOLO-CHEEMS,err:HOLO_insufficient_data(46/6),$247.01M,
HOLO-KMNO,err:HOLO_insufficient_data(46/6),$244.71M,
HOLO-XTZ,err:HOLO_insufficient_data(46/6),$372.16M,
HOLO-ULTIMA,err:HOLO_insufficient_data(46/6),$328.39M,
HOLO-KAITO,err:HOLO_insufficient_data(46/6),$455.96M,
HOLO-RUNE,err:HOLO_insufficient_data(46/6),$294.95M,
HOLO-BP,err:HOLO_insufficient_data(46/6),$260.92M,
HOLO-UQC,err:HOLO_insufficient_data(46/6),$254.71M,
HOLO-STRK,err:HOLO_insufficient_data(46/6),$335.90M,
HOLO-CTOC,err:HOLO_insufficient_data(46/6),$421.69M,
HOLO-PC0000033,err:HOLO_insufficient_data(46/6),$309.19M,
HOLO-ICNT,err:HOLO_insufficient_data(46/6),$248.26M,
HOLO-FDUSD,err:HOLO_insufficient_data(46/6),$492.78M,
HOLO-PC0000097,err:HOLO_insufficient_data(46/6),$280.69M,
HOLO-WEMIX,err:HOLO_insufficient_data(46/6),$247.11M,
HOLO-ACRED,err:HOLO_insufficient_data(46/6),$261.73M,
HOLO-SMILEK,err:HOLO_insufficient_data(46/6),$234.06M,
HOLO-WM,err:HOLO_insufficient_data(46/6),$233.05M,
HOLO-UUSD,err:HOLO_insufficient_data(46/6),$246.47M,
HOLO-FLOKI,err:HOLO_insufficient_data(46/6),$345.20M,
HOLO-SAND,err:HOLO_insufficient_data(46/6),$271.88M,
HOLO-AWE,err:HOLO_insufficient_data(46/6),$252.51M,
HOLO-CRVUSD,err:HOLO_insufficient_data(46/6),$358.74M,
HOLO-GENIUS,err:HOLO_insufficient_data(46/6),$260.07M,
HOLO-SNX,err:HOLO_insufficient_data(46/6),$269.12M,
HOLO-VCNT,err:HOLO_insufficient_data(46/6),$311.13M,
HOLO-DASH,err:HOLO_insufficient_data(46/6),$544.12M,
HOLO-CARDS,err:HOLO_insufficient_data(46/6),$415.55M,
HOLO-USAT,err:HOLO_insufficient_data(46/6),$331.92M,
HOLO-FF,err:HOLO_insufficient_data(46/6),$338.97M,
HOLO-USDA,err:HOLO_insufficient_data(46/6),$242.86M,
HOLO-ZANO,err:HOLO_insufficient_data(46/6),$277.85M,
HOLO-REUSD,err:HOLO_insufficient_data(46/6),$314.12M,
HOLO-NEX,err:HOLO_insufficient_data(46/6),$237.02M,
HOLO-JTO,err:HOLO_insufficient_data(46/6),$415.32M,
HOLO-IOTA,err:HOLO_insufficient_data(46/6),$294.26M,
HOLO-AVUSD,err:HOLO_insufficient_data(46/6),$262.66M,
HOLO-FARTCOIN,err:HOLO_insufficient_data(46/6),$269.70M,
HOLO-GALA,err:HOLO_insufficient_data(46/6),$235.30M,
HOLO-ENS,err:HOLO_insufficient_data(46/6),$322.76M,
HOLO-SOON,err:HOLO_insufficient_data(46/6),$236.70M,
HOLO-WIF,err:HOLO_insufficient_data(46/6),$293.03M,
HOLO-SPCXB,err:HOLO_insufficient_data(46/6),$232.22M,
HOLO-STRCX,err:HOLO_insufficient_data(46/6),$287.48M,
HOLO-PENGU,err:HOLO_insufficient_data(46/6),$518.41M,
HOLO-BORG,err:HOLO_insufficient_data(46/6),$284.96M,
HOLO-TAG,err:HOLO_insufficient_data(46/6),$291.76M,
HOLO-XEC,err:HOLO_insufficient_data(46/6),$266.14M,
HOLO-STX,err:HOLO_insufficient_data(46/6),$397.21M,
HOLO-TEL,err:HOLO_insufficient_data(46/6),$321.00M,
HOLO-GOMINING,err:HOLO_insufficient_data(46/6),$262.25M,
HOLO-APE,err:HOLO_insufficient_data(46/6),$295.33M,
HOLO-EIGEN,err:HOLO_insufficient_data(46/6),$287.28M,
HOLO-OP,err:HOLO_insufficient_data(46/6),$349.84M,
HOLO-KAIA,err:HOLO_insufficient_data(46/6),$313.49M,
HOLO-ZBT,err:HOLO_insufficient_data(46/6),$260.63M,
HOLO-EURC,err:HOLO_insufficient_data(46/6),$596.72M,
HOLO-KITE,err:HOLO_insufficient_data(46/6),$378.69M,
HOLO-RAIL,err:HOLO_insufficient_data(46/6),$236.53M,
HOLO-SHORT,err:HOLO_insufficient_data(46/6),$244.24M,
HOLO-TRAC,err:HOLO_insufficient_data(46/6),$270.35M,
HOLO-PENDLE,err:HOLO_insufficient_data(46/6),$397.34M,
HOLO-PYTH,err:HOLO_insufficient_data(46/6),$468.05M,
HOLO-PIEVERSE,err:HOLO_insufficient_data(46/6),$328.77M,
HOLO-NFT,err:HOLO_insufficient_data(46/6),$411.21M,
HOLO-RAY,err:HOLO_insufficient_data(46/6),$309.69M,
HOLO-PC0000031,err:HOLO_insufficient_data(46/6),$349.19M,
HOLO-GEOD,err:HOLO_insufficient_data(46/6),$241.03M,
HOLO-PC0000077,err:HOLO_insufficient_data(46/6),$246.69M,
HOLO-A,err:HOLO_insufficient_data(46/6),$248.98M,
HOLO-LION,err:HOLO_insufficient_data(46/6),$289.06M,
HOLO-AIAT,err:HOLO_insufficient_data(46/6),$264.67M,
HOLO-MX,err:HOLO_insufficient_data(46/6),$297.28M,
HOLO-THETA,err:HOLO_insufficient_data(46/6),$272.78M,
HOLO-SN64,err:HOLO_insufficient_data(46/6),$236.68M,
HOLO-ETHFI,err:HOLO_insufficient_data(46/6),$546.58M,
HOLO-APYUSD,err:HOLO_insufficient_data(46/6),$304.81M,
HOLO-KOGE,err:HOLO_insufficient_data(46/6),$360.84M,
HOLO-BTSE,err:HOLO_insufficient_data(46/6),$279.80M,
HOLO-VET,err:HOLO_insufficient_data(46/6),$535.64M,
HOLO-CHZ,err:HOLO_insufficient_data(46/6),$290.83M,
HOLO-REAL,err:HOLO_insufficient_data(46/6),$395.75M,
HOLO-MON,err:HOLO_insufficient_data(46/6),$394.88M,
HOLO-SAFO,err:HOLO_insufficient_data(46/6),$303.69M,
HOLO-MANA,err:HOLO_insufficient_data(46/6),$278.07M,
HOLO-PRL,err:HOLO_insufficient_data(46/6),$230.76M,
HOLO-GLIDR,err:HOLO_insufficient_data(46/6),$248.07M,
HOLO-ONYC,err:HOLO_insufficient_data(46/6),$392.89M,
HOLO-A7A5,err:HOLO_insufficient_data(46/6),$624.89M,
HOLO-MET,err:HOLO_insufficient_data(46/6),$236.10M,
HOLO-Q,err:HOLO_insufficient_data(46/6),$366.64M,
HOLO-COMP,err:HOLO_insufficient_data(46/6),$306.01M,
HOLO-SYRUP,err:HOLO_insufficient_data(46/6),$353.94M,
HOLO-FRXUSD,err:HOLO_insufficient_data(46/6),$256.61M,
HOLO-BTT,err:HOLO_insufficient_data(46/6),$406.16M,
HOLO-BAT,err:HOLO_insufficient_data(46/6),$250.10M,
HOLO-XPIN,err:HOLO_insufficient_data(46/6),$291.58M,
HOLO-SOSO,err:HOLO_insufficient_data(46/6),$263.28M,
HOLO-VBILL,err:HOLO_insufficient_data(46/6),$338.73M,
HOLO-CRCLON,err:HOLO_insufficient_data(46/6),$239.54M,
HOLO-PEANUT,err:HOLO_insufficient_data(46/6),$331.22M,
HOLO-AR,err:HOLO_insufficient_data(46/6),$262.74M,
HOLO-SFP,err:HOLO_insufficient_data(46/6),$249.42M,
HOLO-PC0000023,err:HOLO_insufficient_data(46/6),$247.53M,
HOLO-GUSD,err:HOLO_insufficient_data(46/6),$296.19M,
HOLO-WFI,err:HOLO_insufficient_data(46/6),$321.23M,
HOLO-GRASS,err:HOLO_insufficient_data(46/6),$362.56M,
HOLO-PC0000085,err:HOLO_insufficient_data(46/6),$253.19M,
HOLO-BSV,err:HOLO_insufficient_data(46/6),$405.18M,
HOLO-JASMY,err:HOLO_insufficient_data(46/6),$358.27M,
HOLO-ANTFUN,err:HOLO_insufficient_data(46/6),$428.99M,
HOLO-USDAI,err:HOLO_insufficient_data(46/6),$304.13M,
HOLO-AERO,err:HOLO_insufficient_data(46/6),$561.06M,
HOLO-BONK,err:HOLO_insufficient_data(46/6),$411.63M,
HOLO-SUN,err:HOLO_insufficient_data(46/6),$488.98M,
HOLO-EURCV,err:HOLO_insufficient_data(46/6),$296.12M,
HOLO-USDZ,err:HOLO_insufficient_data(46/6),$274.08M,
HOLO-AKE,err:HOLO_insufficient_data(46/6),$242.21M,
HOLO-XCN,err:HOLO_insufficient_data(46/6),$276.35M,
HOLO-TRUMP,err:HOLO_insufficient_data(46/6),$504.08M,
HOLO-FET,err:HOLO_insufficient_data(46/6),$452.61M,
HOLO-FRAX,err:HOLO_insufficient_data(46/6),$366.75M,
HOLO-THBILL,err:HOLO_insufficient_data(46/6),$264.62M,
HOLO-ZAMA,err:HOLO_insufficient_data(46/6),$284.50M,
HOLO-SHFL,err:HOLO_insufficient_data(46/6),$268.09M,
HOLO-USDF,err:HOLO_insufficient_data(46/6),$258.53M,
HOLO-XPL,err:HOLO_insufficient_data(46/6),$367.27M,
VSN-GENIUS,err:GENIUS_insufficient_data(31/6),$264.28M,
LUNC-GENIUS,err:GENIUS_insufficient_data(31/6),$392.28M,
BTW-GENIUS,err:GENIUS_insufficient_data(31/6),$348.18M,
PC0000015-GENIUS,err:GENIUS_insufficient_data(31/6),$223.61M,
IMX-GENIUS,err:GENIUS_insufficient_data(31/6),$340.70M,
NXM-GENIUS,err:GENIUS_insufficient_data(31/6),$200.25M,
SPX-GENIUS,err:GENIUS_insufficient_data(31/6),$415.46M,
UB-GENIUS,err:GENIUS_insufficient_data(31/6),$474.22M,
DAI-GENIUS,err:GENIUS_insufficient_data(31/6),$204.43M,
OUSG-GENIUS,err:GENIUS_insufficient_data(31/6),$493.63M,
STAC-GENIUS,err:GENIUS_insufficient_data(31/6),$216.03M,
1INCH-GENIUS,err:GENIUS_insufficient_data(31/6),$229.20M,
RLB-GENIUS,err:GENIUS_insufficient_data(31/6),$217.66M,
DYDX-GENIUS,err:GENIUS_insufficient_data(31/6),$211.25M,
APR-GENIUS,err:GENIUS_insufficient_data(31/6),$309.77M,
DRV-GENIUS,err:GENIUS_insufficient_data(31/6),$216.03M,
EDGE-GENIUS,err:GENIUS_insufficient_data(31/6),$249.36M,
INJ-GENIUS,err:GENIUS_insufficient_data(31/6),$572.62M,
MWC-GENIUS,err:GENIUS_insufficient_data(31/6),$227.22M,
KAU-GENIUS,err:GENIUS_insufficient_data(31/6),$421.69M,
LDO-GENIUS,err:GENIUS_insufficient_data(31/6),$416.58M,
EARNETH-GENIUS,err:GENIUS_insufficient_data(31/6),$260.33M,
GRT-GENIUS,err:GENIUS_insufficient_data(31/6),$274.73M,
SEI-GENIUS,err:GENIUS_insufficient_data(31/6),$399.94M,
USDTB-GENIUS,err:GENIUS_insufficient_data(31/6),$468.91M,
BCN-GENIUS,err:GENIUS_insufficient_data(31/6),$379.15M,
VELVET-GENIUS,err:GENIUS_insufficient_data(31/6),$279.89M,
BC-GENIUS,err:GENIUS_insufficient_data(31/6),$332.95M,
DEXE-GENIUS,err:GENIUS_insufficient_data(31/6),$387.46M,
OZO-GENIUS,err:GENIUS_insufficient_data(31/6),$238.68M,
AB-GENIUS,err:GENIUS_insufficient_data(31/6),$210.23M,
2Z-GENIUS,err:GENIUS_insufficient_data(31/6),$315.72M,
CASH-GENIUS,err:GENIUS_insufficient_data(31/6),$235.40M,
ZBCN-GENIUS,err:GENIUS_insufficient_data(31/6),$290.66M,
CVX-GENIUS,err:GENIUS_insufficient_data(31/6),$248.20M,
TIA-GENIUS,err:GENIUS_insufficient_data(31/6),$419.87M,
US-GENIUS,err:GENIUS_insufficient_data(31/6),$532.35M,
VIRTUAL-GENIUS,err:GENIUS_insufficient_data(31/6),$482.95M,
ZRO-GENIUS,err:GENIUS_insufficient_data(31/6),$398.14M,
AKT-GENIUS,err:GENIUS_insufficient_data(31/6),$241.78M,
TKX-GENIUS,err:GENIUS_insufficient_data(31/6),$216.83M,
APEPE-GENIUS,err:GENIUS_insufficient_data(31/6),$314.74M,
USTBL-GENIUS,err:GENIUS_insufficient_data(31/6),$274.22M,
ALFW-GENIUS,err:GENIUS_insufficient_data(31/6),$227.71M,
OHM-GENIUS,err:GENIUS_insufficient_data(31/6),$389.19M,
GRX-GENIUS,err:GENIUS_insufficient_data(31/6),$237.48M,
META-GENIUS,err:GENIUS_insufficient_data(31/6),$208.80M,
APXUSD-GENIUS,err:GENIUS_insufficient_data(31/6),$408.44M,
GNO-GENIUS,err:GENIUS_insufficient_data(31/6),$396.03M,
USDAT-GENIUS,err:GENIUS_insufficient_data(31/6),$253.18M,
TWT-GENIUS,err:GENIUS_insufficient_data(31/6),$261.85M,
CAKE-GENIUS,err:GENIUS_insufficient_data(31/6),$560.57M,
ZK-GENIUS,err:GENIUS_insufficient_data(31/6),$197.74M,
FLUID-GENIUS,err:GENIUS_insufficient_data(31/6),$199.67M,
COCO-GENIUS,err:GENIUS_insufficient_data(31/6),$297.60M,
TIBBIR-GENIUS,err:GENIUS_insufficient_data(31/6),$219.87M,
GPS-GENIUS,err:GENIUS_insufficient_data(31/6),$209.39M,
DCR-GENIUS,err:GENIUS_insufficient_data(31/6),$316.16M,
NEO-GENIUS,err:GENIUS_insufficient_data(31/6),$247.16M,
GLM-GENIUS,err:GENIUS_insufficient_data(31/6),$208.15M,
AXS-GENIUS,err:GENIUS_insufficient_data(31/6),$257.07M,
KAG-GENIUS,err:GENIUS_insufficient_data(31/6),$327.08M,
CHEEMS-GENIUS,err:GENIUS_insufficient_data(31/6),$213.70M,
KMNO-GENIUS,err:GENIUS_insufficient_data(31/6),$211.40M,
XTZ-GENIUS,err:GENIUS_insufficient_data(31/6),$338.86M,
ULTIMA-GENIUS,err:GENIUS_insufficient_data(31/6),$295.08M,
KAITO-GENIUS,err:GENIUS_insufficient_data(31/6),$422.65M,
BP-GENIUS,err:GENIUS_insufficient_data(31/6),$227.62M,
UQC-GENIUS,err:GENIUS_insufficient_data(31/6),$221.40M,
STRK-GENIUS,err:GENIUS_insufficient_data(31/6),$302.59M,
CTOC-GENIUS,err:GENIUS_insufficient_data(31/6),$388.39M,
PC0000033-GENIUS,err:GENIUS_insufficient_data(31/6),$275.88M,
ICNT-GENIUS,err:GENIUS_insufficient_data(31/6),$214.95M,
FDUSD-GENIUS,err:GENIUS_insufficient_data(31/6),$459.48M,
PC0000097-GENIUS,err:GENIUS_insufficient_data(31/6),$247.38M,
WEMIX-GENIUS,err:GENIUS_insufficient_data(31/6),$213.81M,
ACRED-GENIUS,err:GENIUS_insufficient_data(31/6),$228.42M,
UUSD-GENIUS,err:GENIUS_insufficient_data(31/6),$213.17M,
FLOKI-GENIUS,err:GENIUS_insufficient_data(31/6),$311.89M,
SAND-GENIUS,err:GENIUS_insufficient_data(31/6),$238.57M,
AWE-GENIUS,err:GENIUS_insufficient_data(31/6),$219.20M,
CRVUSD-GENIUS,err:GENIUS_insufficient_data(31/6),$325.43M,
GENIUS-SNX,err:GENIUS_insufficient_data(31/6),$235.82M,
GENIUS-VCNT,err:GENIUS_insufficient_data(31/6),$277.83M,
GENIUS-DASH,err:GENIUS_insufficient_data(31/6),$510.82M,
GENIUS-CARDS,err:GENIUS_insufficient_data(31/6),$382.25M,
GENIUS-USAT,err:GENIUS_insufficient_data(31/6),$298.61M,
GENIUS-FF,err:GENIUS_insufficient_data(31/6),$305.67M,
GENIUS-USDA,err:GENIUS_insufficient_data(31/6),$209.56M,
GENIUS-ZANO,err:GENIUS_insufficient_data(31/6),$244.54M,
GENIUS-REUSD,err:GENIUS_insufficient_data(31/6),$280.82M,
GENIUS-NEX,err:GENIUS_insufficient_data(31/6),$203.71M,
GENIUS-JTO,err:GENIUS_insufficient_data(31/6),$382.02M,
GENIUS-IOTA,err:GENIUS_insufficient_data(31/6),$260.96M,
GENIUS-AVUSD,err:GENIUS_insufficient_data(31/6),$229.36M,
GENIUS-FARTCOIN,err:GENIUS_insufficient_data(31/6),$236.39M,
GENIUS-GALA,err:GENIUS_insufficient_data(31/6),$202.00M,
GENIUS-ENS,err:GENIUS_insufficient_data(31/6),$289.45M,
GENIUS-SOON,err:GENIUS_insufficient_data(31/6),$203.39M,
GENIUS-WIF,err:GENIUS_insufficient_data(31/6),$259.73M,
GENIUS-SPCXB,err:GENIUS_insufficient_data(31/6),$198.92M,
GENIUS-STRCX,err:GENIUS_insufficient_data(31/6),$254.18M,
GENIUS-PENGU,err:GENIUS_insufficient_data(31/6),$485.10M,
GENIUS-BORG,err:GENIUS_insufficient_data(31/6),$251.65M,
GENIUS-TAG,err:GENIUS_insufficient_data(31/6),$258.45M,
GENIUS-XEC,err:GENIUS_insufficient_data(31/6),$232.84M,
GENIUS-STX,err:GENIUS_insufficient_data(31/6),$363.90M,
GENIUS-TEL,err:GENIUS_insufficient_data(31/6),$287.70M,
GENIUS-GOMINING,err:GENIUS_insufficient_data(31/6),$228.95M,
GENIUS-APE,err:GENIUS_insufficient_data(31/6),$262.02M,
GENIUS-EIGEN,err:GENIUS_insufficient_data(31/6),$253.98M,
GENIUS-OP,err:GENIUS_insufficient_data(31/6),$316.54M,
GENIUS-KAIA,err:GENIUS_insufficient_data(31/6),$280.19M,
GENIUS-ZBT,err:GENIUS_insufficient_data(31/6),$227.33M,
GENIUS-EURC,err:GENIUS_insufficient_data(31/6),$563.42M,
GENIUS-KITE,err:GENIUS_insufficient_data(31/6),$345.39M,
GENIUS-RAIL,err:GENIUS_insufficient_data(31/6),$203.23M,
GENIUS-SHORT,err:GENIUS_insufficient_data(31/6),$210.94M,
GENIUS-TRAC,err:GENIUS_insufficient_data(31/6),$237.05M,
GENIUS-PENDLE,err:GENIUS_insufficient_data(31/6),$364.03M,
GENIUS-PYTH,err:GENIUS_insufficient_data(31/6),$434.74M,
GENIUS-PIEVERSE,err:GENIUS_insufficient_data(31/6),$295.47M,
GENIUS-NFT,err:GENIUS_insufficient_data(31/6),$377.91M,
GENIUS-RAY,err:GENIUS_insufficient_data(31/6),$276.39M,
GENIUS-PC0000031,err:GENIUS_insufficient_data(31/6),$315.88M,
GENIUS-GEOD,err:GENIUS_insufficient_data(31/6),$207.73M,
GENIUS-PC0000077,err:GENIUS_insufficient_data(31/6),$213.38M,
GENIUS-A,err:GENIUS_insufficient_data(31/6),$215.67M,
GENIUS-LION,err:GENIUS_insufficient_data(31/6),$255.76M,
GENIUS-AIAT,err:GENIUS_insufficient_data(31/6),$231.36M,
GENIUS-MX,err:GENIUS_insufficient_data(31/6),$263.97M,
GENIUS-THETA,err:GENIUS_insufficient_data(31/6),$239.48M,
GENIUS-SN64,err:GENIUS_insufficient_data(31/6),$203.37M,
GENIUS-ETHFI,err:GENIUS_insufficient_data(31/6),$513.27M,
GENIUS-APYUSD,err:GENIUS_insufficient_data(31/6),$271.51M,
GENIUS-KOGE,err:GENIUS_insufficient_data(31/6),$327.53M,
GENIUS-BTSE,err:GENIUS_insufficient_data(31/6),$246.49M,
GENIUS-VET,err:GENIUS_insufficient_data(31/6),$502.34M,
GENIUS-CHZ,err:GENIUS_insufficient_data(31/6),$257.52M,
GENIUS-REAL,err:GENIUS_insufficient_data(31/6),$362.44M,
GENIUS-MON,err:GENIUS_insufficient_data(31/6),$361.58M,
GENIUS-SAFO,err:GENIUS_insufficient_data(31/6),$270.38M,
GENIUS-MANA,err:GENIUS_insufficient_data(31/6),$244.77M,
GENIUS-PRL,err:GENIUS_insufficient_data(31/6),$197.45M,
GENIUS-GLIDR,err:GENIUS_insufficient_data(31/6),$214.77M,
GENIUS-ONYC,err:GENIUS_insufficient_data(31/6),$359.59M,
GENIUS-A7A5,err:GENIUS_insufficient_data(31/6),$591.59M,
GENIUS-MET,err:GENIUS_insufficient_data(31/6),$202.80M,
GENIUS-Q,err:GENIUS_insufficient_data(31/6),$333.33M,
GENIUS-COMP,err:GENIUS_insufficient_data(31/6),$272.71M,
GENIUS-SYRUP,err:GENIUS_insufficient_data(31/6),$320.63M,
GENIUS-FRXUSD,err:GENIUS_insufficient_data(31/6),$223.30M,
GENIUS-BTT,err:GENIUS_insufficient_data(31/6),$372.86M,
GENIUS-BAT,err:GENIUS_insufficient_data(31/6),$216.80M,
GENIUS-XPIN,err:GENIUS_insufficient_data(31/6),$258.28M,
GENIUS-SOSO,err:GENIUS_insufficient_data(31/6),$229.97M,
GENIUS-VBILL,err:GENIUS_insufficient_data(31/6),$305.43M,
GENIUS-CRCLON,err:GENIUS_insufficient_data(31/6),$206.24M,
GENIUS-PEANUT,err:GENIUS_insufficient_data(31/6),$297.92M,
GENIUS-AR,err:GENIUS_insufficient_data(31/6),$229.44M,
GENIUS-SFP,err:GENIUS_insufficient_data(31/6),$216.12M,
GENIUS-PC0000023,err:GENIUS_insufficient_data(31/6),$214.23M,
GENIUS-GUSD,err:GENIUS_insufficient_data(31/6),$262.89M,
GENIUS-WFI,err:GENIUS_insufficient_data(31/6),$287.93M,
GENIUS-GRASS,err:GENIUS_insufficient_data(31/6),$329.25M,
GENIUS-PC0000085,err:GENIUS_insufficient_data(31/6),$219.88M,
GENIUS-BSV,err:GENIUS_insufficient_data(31/6),$371.88M,
GENIUS-JASMY,err:GENIUS_insufficient_data(31/6),$324.97M,
GENIUS-ANTFUN,err:GENIUS_insufficient_data(31/6),$395.69M,
GENIUS-USDAI,err:GENIUS_insufficient_data(31/6),$270.82M,
GENIUS-AERO,err:GENIUS_insufficient_data(31/6),$527.76M,
GENIUS-BONK,err:GENIUS_insufficient_data(31/6),$378.33M,
GENIUS-SUN,err:GENIUS_insufficient_data(31/6),$455.67M,
GENIUS-EURCV,err:GENIUS_insufficient_data(31/6),$262.82M,
GENIUS-USDZ,err:GENIUS_insufficient_data(31/6),$240.77M,
GENIUS-AKE,err:GENIUS_insufficient_data(31/6),$208.91M,
GENIUS-XCN,err:GENIUS_insufficient_data(31/6),$243.04M,
GENIUS-TRUMP,err:GENIUS_insufficient_data(31/6),$470.77M,
GENIUS-FET,err:GENIUS_insufficient_data(31/6),$419.30M,
GENIUS-FRAX,err:GENIUS_insufficient_data(31/6),$333.45M,
GENIUS-THBILL,err:GENIUS_insufficient_data(31/6),$231.32M,
GENIUS-ZAMA,err:GENIUS_insufficient_data(31/6),$251.19M,
GENIUS-SHFL,err:GENIUS_insufficient_data(31/6),$234.78M,
GENIUS-USDF,err:GENIUS_insufficient_data(31/6),$225.22M,
GENIUS-XPL,err:GENIUS_insufficient_data(31/6),$333.97M,
VSN-FGRS,err:FGRS_insufficient_data(38/6),$340.65M,
LUNC-FGRS,err:FGRS_insufficient_data(38/6),$468.65M,
BTW-FGRS,err:FGRS_insufficient_data(38/6),$424.55M,
PC0000015-FGRS,err:FGRS_insufficient_data(38/6),$299.98M,
IMX-FGRS,err:FGRS_insufficient_data(38/6),$417.08M,
NXM-FGRS,err:FGRS_insufficient_data(38/6),$276.62M,
SPX-FGRS,err:FGRS_insufficient_data(38/6),$491.83M,
UB-FGRS,err:FGRS_insufficient_data(38/6),$550.59M,
DAI-FGRS,err:FGRS_insufficient_data(38/6),$280.80M,
OUSG-FGRS,err:FGRS_insufficient_data(38/6),$570.00M,
STAC-FGRS,err:FGRS_insufficient_data(38/6),$292.40M,
1INCH-FGRS,err:FGRS_insufficient_data(38/6),$305.57M,
RLB-FGRS,err:FGRS_insufficient_data(38/6),$294.03M,
DYDX-FGRS,err:FGRS_insufficient_data(38/6),$287.62M,
APR-FGRS,err:FGRS_insufficient_data(38/6),$386.14M,
DRV-FGRS,err:FGRS_insufficient_data(38/6),$292.40M,
EDGE-FGRS,err:FGRS_insufficient_data(38/6),$325.73M,
INJ-FGRS,err:FGRS_insufficient_data(38/6),$648.99M,
FGRS-MWC,err:FGRS_insufficient_data(38/6),$303.59M,
FGRS-KAU,err:FGRS_insufficient_data(38/6),$498.06M,
FGRS-LDO,err:FGRS_insufficient_data(38/6),$492.95M,
FGRS-EARNETH,err:FGRS_insufficient_data(38/6),$336.70M,
FGRS-GRT,err:FGRS_insufficient_data(38/6),$351.10M,
FGRS-DUSD,err:FGRS_insufficient_data(38/6),$293.13M,
FGRS-SEI,err:FGRS_insufficient_data(38/6),$476.31M,
FGRS-USDTB,err:FGRS_insufficient_data(38/6),$545.28M,
FGRS-BCN,err:FGRS_insufficient_data(38/6),$455.52M,
FGRS-VELVET,err:FGRS_insufficient_data(38/6),$356.26M,
FGRS-BC,err:FGRS_insufficient_data(38/6),$409.32M,
FGRS-DEXE,err:FGRS_insufficient_data(38/6),$463.83M,
FGRS-OZO,err:FGRS_insufficient_data(38/6),$315.05M,
FGRS-AB,err:FGRS_insufficient_data(38/6),$286.60M,
FGRS-2Z,err:FGRS_insufficient_data(38/6),$392.09M,
FGRS-CASH,err:FGRS_insufficient_data(38/6),$311.77M,
FGRS-ZBCN,err:FGRS_insufficient_data(38/6),$367.03M,
FGRS-CVX,err:FGRS_insufficient_data(38/6),$324.57M,
FGRS-TIA,err:FGRS_insufficient_data(38/6),$496.24M,
FGRS-US,err:FGRS_insufficient_data(38/6),$608.72M,
FGRS-VIRTUAL,err:FGRS_insufficient_data(38/6),$559.32M,
FGRS-ZRO,err:FGRS_insufficient_data(38/6),$474.51M,
FGRS-AKT,err:FGRS_insufficient_data(38/6),$318.15M,
FGRS-TKX,err:FGRS_insufficient_data(38/6),$293.20M,
FGRS-APEPE,err:FGRS_insufficient_data(38/6),$391.11M,
FGRS-USTBL,err:FGRS_insufficient_data(38/6),$350.60M,
FGRS-ALFW,err:FGRS_insufficient_data(38/6),$304.08M,
FGRS-OHM,err:FGRS_insufficient_data(38/6),$465.56M,
FGRS-B,err:FGRS_insufficient_data(38/6),$357.93M,
FGRS-GRX,err:FGRS_insufficient_data(38/6),$313.85M,
FGRS-META,err:FGRS_insufficient_data(38/6),$285.17M,
FGRS-APXUSD,err:FGRS_insufficient_data(38/6),$484.81M,
FGRS-NIGHT,err:FGRS_insufficient_data(38/6),$492.13M,
FGRS-GNO,err:FGRS_insufficient_data(38/6),$472.40M,
FGRS-USDAT,err:FGRS_insufficient_data(38/6),$329.55M,
FGRS-TWT,err:FGRS_insufficient_data(38/6),$338.22M,
FGRS-CAKE,err:FGRS_insufficient_data(38/6),$636.94M,
FGRS-ZK,err:FGRS_insufficient_data(38/6),$274.11M,
FGRS-FLUID,err:FGRS_insufficient_data(38/6),$276.04M,
FGRS-COCO,err:FGRS_insufficient_data(38/6),$373.97M,
FGRS-TIBBIR,err:FGRS_insufficient_data(38/6),$296.24M,
FGRS-GPS,err:FGRS_insufficient_data(38/6),$285.76M,
FGRS-H,err:FGRS_insufficient_data(38/6),$321.87M,
FGRS-DCR,err:FGRS_insufficient_data(38/6),$392.53M,
FGRS-NEO,err:FGRS_insufficient_data(38/6),$323.53M,
FGRS-GLM,err:FGRS_insufficient_data(38/6),$284.52M,
FGRS-AXS,err:FGRS_insufficient_data(38/6),$333.44M,
FGRS-KAG,err:FGRS_insufficient_data(38/6),$403.45M,
FGRS-CHEEMS,err:FGRS_insufficient_data(38/6),$290.07M,
FGRS-KMNO,err:FGRS_insufficient_data(38/6),$287.77M,
FGRS-XTZ,err:FGRS_insufficient_data(38/6),$415.23M,
FGRS-ULTIMA,err:FGRS_insufficient_data(38/6),$371.45M,
FGRS-KAITO,err:FGRS_insufficient_data(38/6),$499.02M,
FGRS-RUNE,err:FGRS_insufficient_data(38/6),$338.02M,
FGRS-BP,err:FGRS_insufficient_data(38/6),$303.99M,
FGRS-UQC,err:FGRS_insufficient_data(38/6),$297.77M,
FGRS-STRK,err:FGRS_insufficient_data(38/6),$378.96M,
FGRS-CTOC,err:FGRS_insufficient_data(38/6),$464.76M,
FGRS-PC0000033,err:FGRS_insufficient_data(38/6),$352.25M,
FGRS-ICNT,err:FGRS_insufficient_data(38/6),$291.33M,
FGRS-FDUSD,err:FGRS_insufficient_data(38/6),$535.85M,
FGRS-PC0000097,err:FGRS_insufficient_data(38/6),$323.75M,
FGRS-WEMIX,err:FGRS_insufficient_data(38/6),$290.18M,
FGRS-ACRED,err:FGRS_insufficient_data(38/6),$304.79M,
FGRS-SMILEK,err:FGRS_insufficient_data(38/6),$277.12M,
FGRS-WM,err:FGRS_insufficient_data(38/6),$276.11M,
FGRS-UUSD,err:FGRS_insufficient_data(38/6),$289.54M,
FGRS-FLOKI,err:FGRS_insufficient_data(38/6),$388.26M,
FGRS-SAND,err:FGRS_insufficient_data(38/6),$314.94M,
FGRS-AWE,err:FGRS_insufficient_data(38/6),$295.57M,
FGRS-CRVUSD,err:FGRS_insufficient_data(38/6),$401.80M,
FGRS-GENIUS,err:FGRS_insufficient_data(38/6),$303.14M,
FGRS-SNX,err:FGRS_insufficient_data(38/6),$312.19M,
FGRS-VCNT,err:FGRS_insufficient_data(38/6),$354.20M,
FGRS-DASH,err:FGRS_insufficient_data(38/6),$587.19M,
FGRS-CARDS,err:FGRS_insufficient_data(38/6),$458.62M,
FGRS-USAT,err:FGRS_insufficient_data(38/6),$374.98M,
FGRS-FF,err:FGRS_insufficient_data(38/6),$382.04M,
FGRS-USDA,err:FGRS_insufficient_data(38/6),$285.93M,
FGRS-ZANO,err:FGRS_insufficient_data(38/6),$320.91M,
FGRS-REUSD,err:FGRS_insufficient_data(38/6),$357.19M,
FGRS-NEX,err:FGRS_insufficient_data(38/6),$280.08M,
FGRS-JTO,err:FGRS_insufficient_data(38/6),$458.39M,
FGRS-IOTA,err:FGRS_insufficient_data(38/6),$337.33M,
FGRS-AVUSD,err:FGRS_insufficient_data(38/6),$305.73M,
FGRS-FARTCOIN,err:FGRS_insufficient_data(38/6),$312.76M,
FGRS-GALA,err:FGRS_insufficient_data(38/6),$278.37M,
FGRS-ENS,err:FGRS_insufficient_data(38/6),$365.82M,
FGRS-SOON,err:FGRS_insufficient_data(38/6),$279.76M,
FGRS-WIF,err:FGRS_insufficient_data(38/6),$336.10M,
FGRS-SPCXB,err:FGRS_insufficient_data(38/6),$275.29M,
FGRS-STRCX,err:FGRS_insufficient_data(38/6),$330.55M,
FGRS-PENGU,err:FGRS_insufficient_data(38/6),$561.47M,
FGRS-BORG,err:FGRS_insufficient_data(38/6),$328.02M,
FGRS-TAG,err:FGRS_insufficient_data(38/6),$334.82M,
FGRS-XEC,err:FGRS_insufficient_data(38/6),$309.21M,
FGRS-STX,err:FGRS_insufficient_data(38/6),$440.27M,
FGRS-TEL,err:FGRS_insufficient_data(38/6),$364.07M,
FGRS-GOMINING,err:FGRS_insufficient_data(38/6),$305.32M,
FGRS-APE,err:FGRS_insufficient_data(38/6),$338.39M,
FGRS-EIGEN,err:FGRS_insufficient_data(38/6),$330.35M,
FGRS-OP,err:FGRS_insufficient_data(38/6),$392.91M,
FGRS-KAIA,err:FGRS_insufficient_data(38/6),$356.56M,
FGRS-ZBT,err:FGRS_insufficient_data(38/6),$303.70M,
FGRS-EURC,err:FGRS_insufficient_data(38/6),$639.79M,
FGRS-KITE,err:FGRS_insufficient_data(38/6),$421.76M,
FGRS-RAIL,err:FGRS_insufficient_data(38/6),$279.60M,
FGRS-SHORT,err:FGRS_insufficient_data(38/6),$287.31M,
FGRS-TRAC,err:FGRS_insufficient_data(38/6),$313.42M,
FGRS-PENDLE,err:FGRS_insufficient_data(38/6),$440.41M,
FGRS-PYTH,err:FGRS_insufficient_data(38/6),$511.11M,
FGRS-PIEVERSE,err:FGRS_insufficient_data(38/6),$371.84M,
FGRS-NFT,err:FGRS_insufficient_data(38/6),$454.28M,
FGRS-RAY,err:FGRS_insufficient_data(38/6),$352.76M,
FGRS-PC0000031,err:FGRS_insufficient_data(38/6),$392.25M,
FGRS-GEOD,err:FGRS_insufficient_data(38/6),$284.10M,
FGRS-PC0000077,err:FGRS_insufficient_data(38/6),$289.75M,
FGRS-A,err:FGRS_insufficient_data(38/6),$292.04M,
FGRS-LION,err:FGRS_insufficient_data(38/6),$332.13M,
FGRS-AIAT,err:FGRS_insufficient_data(38/6),$307.73M,
FGRS-MX,err:FGRS_insufficient_data(38/6),$340.34M,
FGRS-THETA,err:FGRS_insufficient_data(38/6),$315.85M,
FGRS-SN64,err:FGRS_insufficient_data(38/6),$279.75M,
FGRS-ETHFI,err:FGRS_insufficient_data(38/6),$589.64M,
FGRS-APYUSD,err:FGRS_insufficient_data(38/6),$347.88M,
FGRS-KOGE,err:FGRS_insufficient_data(38/6),$403.90M,
FGRS-BTSE,err:FGRS_insufficient_data(38/6),$322.86M,
FGRS-VET,err:FGRS_insufficient_data(38/6),$578.71M,
FGRS-CHZ,err:FGRS_insufficient_data(38/6),$333.89M,
FGRS-REAL,err:FGRS_insufficient_data(38/6),$438.81M,
FGRS-MON,err:FGRS_insufficient_data(38/6),$437.95M,
FGRS-SAFO,err:FGRS_insufficient_data(38/6),$346.75M,
FGRS-MANA,err:FGRS_insufficient_data(38/6),$321.14M,
FGRS-PRL,err:FGRS_insufficient_data(38/6),$273.82M,
FGRS-GLIDR,err:FGRS_insufficient_data(38/6),$291.14M,
FGRS-ONYC,err:FGRS_insufficient_data(38/6),$435.96M,
FGRS-A7A5,err:FGRS_insufficient_data(38/6),$667.96M,
FGRS-MET,err:FGRS_insufficient_data(38/6),$279.17M,
FGRS-Q,err:FGRS_insufficient_data(38/6),$409.70M,
FGRS-COMP,err:FGRS_insufficient_data(38/6),$349.08M,
FGRS-SYRUP,err:FGRS_insufficient_data(38/6),$397.00M,
FGRS-FRXUSD,err:FGRS_insufficient_data(38/6),$299.67M,
FGRS-BTT,err:FGRS_insufficient_data(38/6),$449.23M,
FGRS-BAT,err:FGRS_insufficient_data(38/6),$293.17M,
FGRS-XPIN,err:FGRS_insufficient_data(38/6),$334.65M,
FGRS-SOSO,err:FGRS_insufficient_data(38/6),$306.34M,
FGRS-VBILL,err:FGRS_insufficient_data(38/6),$381.80M,
FGRS-CRCLON,err:FGRS_insufficient_data(38/6),$282.61M,
FGRS-PEANUT,err:FGRS_insufficient_data(38/6),$374.29M,
FGRS-AR,err:FGRS_insufficient_data(38/6),$305.81M,
FGRS-SFP,err:FGRS_insufficient_data(38/6),$292.49M,
FGRS-PC0000023,err:FGRS_insufficient_data(38/6),$290.60M,
FGRS-GUSD,err:FGRS_insufficient_data(38/6),$339.26M,
FGRS-WFI,err:FGRS_insufficient_data(38/6),$364.30M,
FGRS-GRASS,err:FGRS_insufficient_data(38/6),$405.62M,
FGRS-PC0000085,err:FGRS_insufficient_data(38/6),$296.25M,
FGRS-BSV,err:FGRS_insufficient_data(38/6),$448.25M,
FGRS-JASMY,err:FGRS_insufficient_data(38/6),$401.34M,
FGRS-ANTFUN,err:FGRS_insufficient_data(38/6),$472.06M,
FGRS-USDAI,err:FGRS_insufficient_data(38/6),$347.19M,
FGRS-AERO,err:FGRS_insufficient_data(38/6),$604.13M,
FGRS-BONK,err:FGRS_insufficient_data(38/6),$454.70M,
FGRS-SUN,err:FGRS_insufficient_data(38/6),$532.04M,
FGRS-EURCV,err:FGRS_insufficient_data(38/6),$339.19M,
FGRS-USDZ,err:FGRS_insufficient_data(38/6),$317.14M,
FGRS-AKE,err:FGRS_insufficient_data(38/6),$285.28M,
FGRS-XCN,err:FGRS_insufficient_data(38/6),$319.41M,
FGRS-TRUMP,err:FGRS_insufficient_data(38/6),$547.14M,
FGRS-FET,err:FGRS_insufficient_data(38/6),$495.67M,
FGRS-FRAX,err:FGRS_insufficient_data(38/6),$409.82M,
FGRS-THBILL,err:FGRS_insufficient_data(38/6),$307.69M,
FGRS-ZAMA,err:FGRS_insufficient_data(38/6),$327.57M,
FGRS-SHFL,err:FGRS_insufficient_data(38/6),$311.15M,
FGRS-USDF,err:FGRS_insufficient_data(38/6),$301.59M,
FGRS-XPL,err:FGRS_insufficient_data(38/6),$410.34M,
VSN-DUSD,err:DUSD_insufficient_data(57/6),$254.27M,
LUNC-DUSD,err:DUSD_insufficient_data(57/6),$382.27M,
BTW-DUSD,err:DUSD_insufficient_data(57/6),$338.17M,
PC0000015-DUSD,err:DUSD_insufficient_data(57/6),$213.60M,
IMX-DUSD,err:DUSD_insufficient_data(57/6),$330.70M,
NXM-DUSD,err:DUSD_insufficient_data(57/6),$190.24M,
SPX-DUSD,err:DUSD_insufficient_data(57/6),$405.45M,
UB-DUSD,err:DUSD_insufficient_data(57/6),$464.21M,
DAI-DUSD,err:DUSD_insufficient_data(57/6),$194.42M,
OUSG-DUSD,err:DUSD_insufficient_data(57/6),$483.62M,
STAC-DUSD,err:DUSD_insufficient_data(57/6),$206.02M,
1INCH-DUSD,err:DUSD_insufficient_data(57/6),$219.19M,
RLB-DUSD,err:DUSD_insufficient_data(57/6),$207.65M,
DYDX-DUSD,err:DUSD_insufficient_data(57/6),$201.24M,
APR-DUSD,err:DUSD_insufficient_data(57/6),$299.76M,
DRV-DUSD,err:DUSD_insufficient_data(57/6),$206.02M,
EDGE-DUSD,err:DUSD_insufficient_data(57/6),$239.35M,
INJ-DUSD,err:DUSD_insufficient_data(57/6),$562.61M,
MWC-DUSD,err:DUSD_insufficient_data(57/6),$217.22M,
KAU-DUSD,err:DUSD_insufficient_data(57/6),$411.68M,
LDO-DUSD,err:DUSD_insufficient_data(57/6),$406.57M,
EARNETH-DUSD,err:DUSD_insufficient_data(57/6),$250.32M,
GRT-DUSD,err:DUSD_insufficient_data(57/6),$264.72M,
DUSD-SEI,err:DUSD_insufficient_data(57/6),$389.93M,
DUSD-USDTB,err:DUSD_insufficient_data(57/6),$458.90M,
DUSD-BCN,err:DUSD_insufficient_data(57/6),$369.14M,
DUSD-VELVET,err:DUSD_insufficient_data(57/6),$269.88M,
DUSD-BC,err:DUSD_insufficient_data(57/6),$322.94M,
DUSD-DEXE,err:DUSD_insufficient_data(57/6),$377.45M,
DUSD-OZO,err:DUSD_insufficient_data(57/6),$228.67M,
DUSD-AB,err:DUSD_insufficient_data(57/6),$200.22M,
DUSD-2Z,err:DUSD_insufficient_data(57/6),$305.71M,
DUSD-CASH,err:DUSD_insufficient_data(57/6),$225.39M,
DUSD-ZBCN,err:DUSD_insufficient_data(57/6),$280.65M,
DUSD-CVX,err:DUSD_insufficient_data(57/6),$238.19M,
DUSD-TIA,err:DUSD_insufficient_data(57/6),$409.86M,
DUSD-US,err:DUSD_insufficient_data(57/6),$522.34M,
DUSD-VIRTUAL,err:DUSD_insufficient_data(57/6),$472.94M,
DUSD-ZRO,err:DUSD_insufficient_data(57/6),$388.13M,
DUSD-AKT,err:DUSD_insufficient_data(57/6),$231.77M,
DUSD-TKX,err:DUSD_insufficient_data(57/6),$206.82M,
DUSD-APEPE,err:DUSD_insufficient_data(57/6),$304.73M,
DUSD-USTBL,err:DUSD_insufficient_data(57/6),$264.22M,
DUSD-ALFW,err:DUSD_insufficient_data(57/6),$217.70M,
DUSD-OHM,err:DUSD_insufficient_data(57/6),$379.18M,
DUSD-B,err:DUSD_insufficient_data(57/6),$271.55M,
DUSD-GRX,err:DUSD_insufficient_data(57/6),$227.47M,
DUSD-META,err:DUSD_insufficient_data(57/6),$198.79M,
DUSD-APXUSD,err:DUSD_insufficient_data(57/6),$398.43M,
DUSD-NIGHT,err:DUSD_insufficient_data(57/6),$405.75M,
DUSD-GNO,err:DUSD_insufficient_data(57/6),$386.02M,
DUSD-USDAT,err:DUSD_insufficient_data(57/6),$243.17M,
DUSD-TWT,err:DUSD_insufficient_data(57/6),$251.84M,
DUSD-CAKE,err:DUSD_insufficient_data(57/6),$550.57M,
DUSD-ZK,err:DUSD_insufficient_data(57/6),$187.73M,
DUSD-FLUID,err:DUSD_insufficient_data(57/6),$189.66M,
DUSD-COCO,err:DUSD_insufficient_data(57/6),$287.60M,
DUSD-TIBBIR,err:DUSD_insufficient_data(57/6),$209.86M,
DUSD-GPS,err:DUSD_insufficient_data(57/6),$199.38M,
DUSD-H,err:DUSD_insufficient_data(57/6),$235.49M,
DUSD-DCR,err:DUSD_insufficient_data(57/6),$306.15M,
DUSD-NEO,err:DUSD_insufficient_data(57/6),$237.15M,
DUSD-GLM,err:DUSD_insufficient_data(57/6),$198.14M,
DUSD-AXS,err:DUSD_insufficient_data(57/6),$247.06M,
DUSD-KAG,err:DUSD_insufficient_data(57/6),$317.07M,
DUSD-CHEEMS,err:DUSD_insufficient_data(57/6),$203.69M,
DUSD-KMNO,err:DUSD_insufficient_data(57/6),$201.40M,
DUSD-XTZ,err:DUSD_insufficient_data(57/6),$328.85M,
DUSD-ULTIMA,err:DUSD_insufficient_data(57/6),$285.07M,
DUSD-KAITO,err:DUSD_insufficient_data(57/6),$412.64M,
DUSD-RUNE,err:DUSD_insufficient_data(57/6),$251.64M,
DUSD-BP,err:DUSD_insufficient_data(57/6),$217.61M,
DUSD-UQC,err:DUSD_insufficient_data(57/6),$211.39M,
DUSD-STRK,err:DUSD_insufficient_data(57/6),$292.59M,
DUSD-CTOC,err:DUSD_insufficient_data(57/6),$378.38M,
DUSD-PC0000033,err:DUSD_insufficient_data(57/6),$265.87M,
DUSD-ICNT,err:DUSD_insufficient_data(57/6),$204.95M,
DUSD-FDUSD,err:DUSD_insufficient_data(57/6),$449.47M,
DUSD-PC0000097,err:DUSD_insufficient_data(57/6),$237.37M,
DUSD-WEMIX,err:DUSD_insufficient_data(57/6),$203.80M,
DUSD-ACRED,err:DUSD_insufficient_data(57/6),$218.42M,
DUSD-SMILEK,err:DUSD_insufficient_data(57/6),$190.75M,
DUSD-WM,err:DUSD_insufficient_data(57/6),$189.73M,
DUSD-UUSD,err:DUSD_insufficient_data(57/6),$203.16M,
DUSD-FLOKI,err:DUSD_insufficient_data(57/6),$301.88M,
DUSD-SAND,err:DUSD_insufficient_data(57/6),$228.56M,
DUSD-AWE,err:DUSD_insufficient_data(57/6),$209.20M,
DUSD-CRVUSD,err:DUSD_insufficient_data(57/6),$315.42M,
DUSD-GENIUS,err:DUSD_insufficient_data(57/6),$216.76M,
DUSD-SNX,err:DUSD_insufficient_data(57/6),$225.81M,
DUSD-VCNT,err:DUSD_insufficient_data(57/6),$267.82M,
DUSD-DASH,err:DUSD_insufficient_data(57/6),$500.81M,
DUSD-CARDS,err:DUSD_insufficient_data(57/6),$372.24M,
DUSD-USAT,err:DUSD_insufficient_data(57/6),$288.60M,
DUSD-FF,err:DUSD_insufficient_data(57/6),$295.66M,
DUSD-USDA,err:DUSD_insufficient_data(57/6),$199.55M,
DUSD-ZANO,err:DUSD_insufficient_data(57/6),$234.53M,
DUSD-REUSD,err:DUSD_insufficient_data(57/6),$270.81M,
DUSD-NEX,err:DUSD_insufficient_data(57/6),$193.70M,
DUSD-JTO,err:DUSD_insufficient_data(57/6),$372.01M,
DUSD-IOTA,err:DUSD_insufficient_data(57/6),$250.95M,
DUSD-AVUSD,err:DUSD_insufficient_data(57/6),$219.35M,
DUSD-FARTCOIN,err:DUSD_insufficient_data(57/6),$226.39M,
DUSD-GALA,err:DUSD_insufficient_data(57/6),$191.99M,
DUSD-ENS,err:DUSD_insufficient_data(57/6),$279.45M,
DUSD-SOON,err:DUSD_insufficient_data(57/6),$193.38M,
DUSD-WIF,err:DUSD_insufficient_data(57/6),$249.72M,
DUSD-SPCXB,err:DUSD_insufficient_data(57/6),$188.91M,
DUSD-STRCX,err:DUSD_insufficient_data(57/6),$244.17M,
DUSD-PENGU,err:DUSD_insufficient_data(57/6),$475.09M,
DUSD-BORG,err:DUSD_insufficient_data(57/6),$241.64M,
DUSD-TAG,err:DUSD_insufficient_data(57/6),$248.44M,
DUSD-XEC,err:DUSD_insufficient_data(57/6),$222.83M,
DUSD-STX,err:DUSD_insufficient_data(57/6),$353.89M,
DUSD-TEL,err:DUSD_insufficient_data(57/6),$277.69M,
DUSD-GOMINING,err:DUSD_insufficient_data(57/6),$218.94M,
DUSD-APE,err:DUSD_insufficient_data(57/6),$252.01M,
DUSD-EIGEN,err:DUSD_insufficient_data(57/6),$243.97M,
DUSD-OP,err:DUSD_insufficient_data(57/6),$306.53M,
DUSD-KAIA,err:DUSD_insufficient_data(57/6),$270.18M,
DUSD-ZBT,err:DUSD_insufficient_data(57/6),$217.32M,
DUSD-EURC,err:DUSD_insufficient_data(57/6),$553.41M,
DUSD-KITE,err:DUSD_insufficient_data(57/6),$335.38M,
DUSD-RAIL,err:DUSD_insufficient_data(57/6),$193.22M,
DUSD-SHORT,err:DUSD_insufficient_data(57/6),$200.93M,
DUSD-TRAC,err:DUSD_insufficient_data(57/6),$227.04M,
DUSD-PENDLE,err:DUSD_insufficient_data(57/6),$354.03M,
DUSD-PYTH,err:DUSD_insufficient_data(57/6),$424.73M,
DUSD-PIEVERSE,err:DUSD_insufficient_data(57/6),$285.46M,
DUSD-NFT,err:DUSD_insufficient_data(57/6),$367.90M,
DUSD-RAY,err:DUSD_insufficient_data(57/6),$266.38M,
DUSD-PC0000031,err:DUSD_insufficient_data(57/6),$305.87M,
DUSD-GEOD,err:DUSD_insufficient_data(57/6),$197.72M,
DUSD-PC0000077,err:DUSD_insufficient_data(57/6),$203.37M,
DUSD-A,err:DUSD_insufficient_data(57/6),$205.66M,
DUSD-LION,err:DUSD_insufficient_data(57/6),$245.75M,
DUSD-AIAT,err:DUSD_insufficient_data(57/6),$221.35M,
DUSD-MX,err:DUSD_insufficient_data(57/6),$253.96M,
DUSD-THETA,err:DUSD_insufficient_data(57/6),$229.47M,
DUSD-SN64,err:DUSD_insufficient_data(57/6),$193.37M,
DUSD-ETHFI,err:DUSD_insufficient_data(57/6),$503.27M,
DUSD-APYUSD,err:DUSD_insufficient_data(57/6),$261.50M,
DUSD-KOGE,err:DUSD_insufficient_data(57/6),$317.52M,
DUSD-BTSE,err:DUSD_insufficient_data(57/6),$236.49M,
DUSD-VET,err:DUSD_insufficient_data(57/6),$492.33M,
DUSD-CHZ,err:DUSD_insufficient_data(57/6),$247.51M,
DUSD-REAL,err:DUSD_insufficient_data(57/6),$352.43M,
DUSD-MON,err:DUSD_insufficient_data(57/6),$351.57M,
DUSD-SAFO,err:DUSD_insufficient_data(57/6),$260.37M,
DUSD-MANA,err:DUSD_insufficient_data(57/6),$234.76M,
DUSD-PRL,err:DUSD_insufficient_data(57/6),$187.44M,
DUSD-GLIDR,err:DUSD_insufficient_data(57/6),$204.76M,
DUSD-ONYC,err:DUSD_insufficient_data(57/6),$349.58M,
DUSD-A7A5,err:DUSD_insufficient_data(57/6),$581.58M,
DUSD-MET,err:DUSD_insufficient_data(57/6),$192.79M,
DUSD-Q,err:DUSD_insufficient_data(57/6),$323.33M,
DUSD-COMP,err:DUSD_insufficient_data(57/6),$262.70M,
DUSD-SYRUP,err:DUSD_insufficient_data(57/6),$310.62M,
DUSD-FRXUSD,err:DUSD_insufficient_data(57/6),$213.30M,
DUSD-BTT,err:DUSD_insufficient_data(57/6),$362.85M,
DUSD-BAT,err:DUSD_insufficient_data(57/6),$206.79M,
DUSD-XPIN,err:DUSD_insufficient_data(57/6),$248.27M,
DUSD-SOSO,err:DUSD_insufficient_data(57/6),$219.96M,
DUSD-VBILL,err:DUSD_insufficient_data(57/6),$295.42M,
DUSD-CRCLON,err:DUSD_insufficient_data(57/6),$196.23M,
DUSD-PEANUT,err:DUSD_insufficient_data(57/6),$287.91M,
DUSD-AR,err:DUSD_insufficient_data(57/6),$219.43M,
DUSD-SFP,err:DUSD_insufficient_data(57/6),$206.11M,
DUSD-PC0000023,err:DUSD_insufficient_data(57/6),$204.22M,
DUSD-GUSD,err:DUSD_insufficient_data(57/6),$252.88M,
DUSD-WFI,err:DUSD_insufficient_data(57/6),$277.92M,
DUSD-GRASS,err:DUSD_insufficient_data(57/6),$319.24M,
DUSD-PC0000085,err:DUSD_insufficient_data(57/6),$209.87M,
DUSD-BSV,err:DUSD_insufficient_data(57/6),$361.87M,
DUSD-JASMY,err:DUSD_insufficient_data(57/6),$314.96M,
DUSD-ANTFUN,err:DUSD_insufficient_data(57/6),$385.68M,
DUSD-USDAI,err:DUSD_insufficient_data(57/6),$260.81M,
DUSD-AERO,err:DUSD_insufficient_data(57/6),$517.75M,
DUSD-BONK,err:DUSD_insufficient_data(57/6),$368.32M,
DUSD-SUN,err:DUSD_insufficient_data(57/6),$445.66M,
DUSD-EURCV,err:DUSD_insufficient_data(57/6),$252.81M,
DUSD-USDZ,err:DUSD_insufficient_data(57/6),$230.76M,
DUSD-AKE,err:DUSD_insufficient_data(57/6),$198.90M,
DUSD-XCN,err:DUSD_insufficient_data(57/6),$233.03M,
DUSD-TRUMP,err:DUSD_insufficient_data(57/6),$460.76M,
DUSD-FET,err:DUSD_insufficient_data(57/6),$409.29M,
DUSD-FRAX,err:DUSD_insufficient_data(57/6),$323.44M,
DUSD-THBILL,err:DUSD_insufficient_data(57/6),$221.31M,
DUSD-ZAMA,err:DUSD_insufficient_data(57/6),$241.19M,
DUSD-SHFL,err:DUSD_insufficient_data(57/6),$224.77M,
DUSD-USDF,err:DUSD_insufficient_data(57/6),$215.21M,
DUSD-XPL,err:DUSD_insufficient_data(57/6),$323.96M,
VSN-CFX,err:CFX_insufficient_data(54/6),$373.81M,
LUNC-CFX,err:CFX_insufficient_data(54/6),$501.82M,
BTW-CFX,err:CFX_insufficient_data(54/6),$457.72M,
PC0000015-CFX,err:CFX_insufficient_data(54/6),$333.14M,
IMX-CFX,err:CFX_insufficient_data(54/6),$450.24M,
CFX-NXM,err:CFX_insufficient_data(54/6),$309.79M,
CFX-SPX,err:CFX_insufficient_data(54/6),$524.99M,
CFX-UB,err:CFX_insufficient_data(54/6),$583.75M,
CFX-DAI,err:CFX_insufficient_data(54/6),$313.97M,
CFX-OUSG,err:CFX_insufficient_data(54/6),$603.17M,
CFX-STAC,err:CFX_insufficient_data(54/6),$325.56M,
CFX-1INCH,err:CFX_insufficient_data(54/6),$338.73M,
CFX-HOLO,err:CFX_insufficient_data(54/6),$369.60M,
CFX-RLB,err:CFX_insufficient_data(54/6),$327.19M,
CFX-DYDX,err:CFX_insufficient_data(54/6),$320.78M,
CFX-APR,err:CFX_insufficient_data(54/6),$419.31M,
CFX-DRV,err:CFX_insufficient_data(54/6),$325.56M,
CFX-EDGE,err:CFX_insufficient_data(54/6),$358.89M,
CFX-INJ,err:CFX_insufficient_data(54/6),$682.15M,
CFX-FGRS,err:CFX_insufficient_data(54/6),$412.67M,
CFX-MWC,err:CFX_insufficient_data(54/6),$336.76M,
CFX-KAU,err:CFX_insufficient_data(54/6),$531.22M,
CFX-LDO,err:CFX_insufficient_data(54/6),$526.11M,
CFX-EARNETH,err:CFX_insufficient_data(54/6),$369.86M,
CFX-GRT,err:CFX_insufficient_data(54/6),$384.26M,
CFX-DUSD,err:CFX_insufficient_data(54/6),$326.29M,
CFX-SEI,err:CFX_insufficient_data(54/6),$509.47M,
CFX-USDTB,err:CFX_insufficient_data(54/6),$578.44M,
CFX-BCN,err:CFX_insufficient_data(54/6),$488.68M,
CFX-VELVET,err:CFX_insufficient_data(54/6),$389.42M,
CFX-BC,err:CFX_insufficient_data(54/6),$442.49M,
CFX-DEXE,err:CFX_insufficient_data(54/6),$497.00M,
CFX-OZO,err:CFX_insufficient_data(54/6),$348.21M,
CFX-AB,err:CFX_insufficient_data(54/6),$319.76M,
CFX-2Z,err:CFX_insufficient_data(54/6),$425.25M,
CFX-CASH,err:CFX_insufficient_data(54/6),$344.93M,
CFX-ZBCN,err:CFX_insufficient_data(54/6),$400.19M,
CFX-CVX,err:CFX_insufficient_data(54/6),$357.73M,
CFX-TIA,err:CFX_insufficient_data(54/6),$529.41M,
CFX-US,err:CFX_insufficient_data(54/6),$641.88M,
CFX-VIRTUAL,err:CFX_insufficient_data(54/6),$592.49M,
CFX-ZRO,err:CFX_insufficient_data(54/6),$507.67M,
CFX-AKT,err:CFX_insufficient_data(54/6),$351.31M,
CFX-TKX,err:CFX_insufficient_data(54/6),$326.36M,
CFX-APEPE,err:CFX_insufficient_data(54/6),$424.28M,
CFX-USTBL,err:CFX_insufficient_data(54/6),$383.76M,
CFX-ALFW,err:CFX_insufficient_data(54/6),$337.25M,
CFX-OHM,err:CFX_insufficient_data(54/6),$498.72M,
CFX-B,err:CFX_insufficient_data(54/6),$391.10M,
CFX-GRX,err:CFX_insufficient_data(54/6),$347.01M,
CFX-META,err:CFX_insufficient_data(54/6),$318.33M,
CFX-APXUSD,err:CFX_insufficient_data(54/6),$517.97M,
CFX-NIGHT,err:CFX_insufficient_data(54/6),$525.29M,
CFX-GNO,err:CFX_insufficient_data(54/6),$505.56M,
CFX-USDAT,err:CFX_insufficient_data(54/6),$362.72M,
CFX-TWT,err:CFX_insufficient_data(54/6),$371.38M,
CFX-CAKE,err:CFX_insufficient_data(54/6),$670.11M,
CFX-ZK,err:CFX_insufficient_data(54/6),$307.27M,
CFX-FLUID,err:CFX_insufficient_data(54/6),$309.20M,
CFX-COCO,err:CFX_insufficient_data(54/6),$407.14M,
CFX-TIBBIR,err:CFX_insufficient_data(54/6),$329.40M,
CFX-GPS,err:CFX_insufficient_data(54/6),$318.93M,
CFX-H,err:CFX_insufficient_data(54/6),$355.04M,
CFX-DCR,err:CFX_insufficient_data(54/6),$425.70M,
CFX-NEO,err:CFX_insufficient_data(54/6),$356.69M,
CFX-GLM,err:CFX_insufficient_data(54/6),$317.68M,
CFX-AXS,err:CFX_insufficient_data(54/6),$366.61M,
CFX-KAG,err:CFX_insufficient_data(54/6),$436.61M,
CFX-CHEEMS,err:CFX_insufficient_data(54/6),$323.23M,
CFX-KMNO,err:CFX_insufficient_data(54/6),$320.94M,
CFX-XTZ,err:CFX_insufficient_data(54/6),$448.39M,
CFX-ULTIMA,err:CFX_insufficient_data(54/6),$404.62M,
CFX-KAITO,err:CFX_insufficient_data(54/6),$532.19M,
CFX-RUNE,err:CFX_insufficient_data(54/6),$371.18M,
CFX-BP,err:CFX_insufficient_data(54/6),$337.15M,
CFX-UQC,err:CFX_insufficient_data(54/6),$330.94M,
CFX-STRK,err:CFX_insufficient_data(54/6),$412.13M,
CFX-CTOC,err:CFX_insufficient_data(54/6),$497.92M,
CFX-PC0000033,err:CFX_insufficient_data(54/6),$385.42M,
CFX-ICNT,err:CFX_insufficient_data(54/6),$324.49M,
CFX-FDUSD,err:CFX_insufficient_data(54/6),$569.01M,
CFX-PC0000097,err:CFX_insufficient_data(54/6),$356.92M,
CFX-WEMIX,err:CFX_insufficient_data(54/6),$323.34M,
CFX-ACRED,err:CFX_insufficient_data(54/6),$337.96M,
CFX-SMILEK,err:CFX_insufficient_data(54/6),$310.29M,
CFX-WM,err:CFX_insufficient_data(54/6),$309.28M,
CFX-UUSD,err:CFX_insufficient_data(54/6),$322.70M,
CFX-FLOKI,err:CFX_insufficient_data(54/6),$421.43M,
CFX-SAND,err:CFX_insufficient_data(54/6),$348.10M,
CFX-AWE,err:CFX_insufficient_data(54/6),$328.74M,
CFX-CRVUSD,err:CFX_insufficient_data(54/6),$434.97M,
CFX-GENIUS,err:CFX_insufficient_data(54/6),$336.30M,
CFX-SNX,err:CFX_insufficient_data(54/6),$345.35M,
CFX-VCNT,err:CFX_insufficient_data(54/6),$387.36M,
CFX-DASH,err:CFX_insufficient_data(54/6),$620.35M,
CFX-CARDS,err:CFX_insufficient_data(54/6),$491.78M,
CFX-USAT,err:CFX_insufficient_data(54/6),$408.15M,
CFX-FF,err:CFX_insufficient_data(54/6),$415.20M,
CFX-USDA,err:CFX_insufficient_data(54/6),$319.09M,
CFX-ZANO,err:CFX_insufficient_data(54/6),$354.08M,
CFX-REUSD,err:CFX_insufficient_data(54/6),$390.35M,
CFX-NEX,err:CFX_insufficient_data(54/6),$313.25M,
CFX-JTO,err:CFX_insufficient_data(54/6),$491.55M,
CFX-IOTA,err:CFX_insufficient_data(54/6),$370.49M,
CFX-AVUSD,err:CFX_insufficient_data(54/6),$338.89M,
CFX-FARTCOIN,err:CFX_insufficient_data(54/6),$345.93M,
CFX-GALA,err:CFX_insufficient_data(54/6),$311.53M,
CFX-ENS,err:CFX_insufficient_data(54/6),$398.99M,
CFX-SOON,err:CFX_insufficient_data(54/6),$312.93M,
CFX-WIF,err:CFX_insufficient_data(54/6),$369.26M,
CFX-SPCXB,err:CFX_insufficient_data(54/6),$308.45M,
CFX-STRCX,err:CFX_insufficient_data(54/6),$363.71M,
CFX-PENGU,err:CFX_insufficient_data(54/6),$594.63M,
CFX-BORG,err:CFX_insufficient_data(54/6),$361.19M,
CFX-TAG,err:CFX_insufficient_data(54/6),$367.98M,
CFX-XEC,err:CFX_insufficient_data(54/6),$342.37M,
CFX-STX,err:CFX_insufficient_data(54/6),$473.43M,
CFX-TEL,err:CFX_insufficient_data(54/6),$397.23M,
CFX-GOMINING,err:CFX_insufficient_data(54/6),$338.48M,
CFX-APE,err:CFX_insufficient_data(54/6),$371.56M,
CFX-EIGEN,err:CFX_insufficient_data(54/6),$363.51M,
CFX-OP,err:CFX_insufficient_data(54/6),$426.07M,
CFX-KAIA,err:CFX_insufficient_data(54/6),$389.72M,
CFX-ZBT,err:CFX_insufficient_data(54/6),$336.86M,
CFX-EURC,err:CFX_insufficient_data(54/6),$672.95M,
CFX-KITE,err:CFX_insufficient_data(54/6),$454.92M,
CFX-RAIL,err:CFX_insufficient_data(54/6),$312.76M,
CFX-SHORT,err:CFX_insufficient_data(54/6),$320.47M,
CFX-TRAC,err:CFX_insufficient_data(54/6),$346.58M,
CFX-PENDLE,err:CFX_insufficient_data(54/6),$473.57M,
CFX-PYTH,err:CFX_insufficient_data(54/6),$544.28M,
CFX-PIEVERSE,err:CFX_insufficient_data(54/6),$405.00M,
CFX-NFT,err:CFX_insufficient_data(54/6),$487.44M,
CFX-RAY,err:CFX_insufficient_data(54/6),$385.92M,
CFX-PC0000031,err:CFX_insufficient_data(54/6),$425.42M,
CFX-GEOD,err:CFX_insufficient_data(54/6),$317.26M,
CFX-PC0000077,err:CFX_insufficient_data(54/6),$322.92M,
CFX-A,err:CFX_insufficient_data(54/6),$325.21M,
CFX-LION,err:CFX_insufficient_data(54/6),$365.29M,
CFX-AIAT,err:CFX_insufficient_data(54/6),$340.90M,
CFX-MX,err:CFX_insufficient_data(54/6),$373.51M,
CFX-THETA,err:CFX_insufficient_data(54/6),$349.01M,
CFX-SN64,err:CFX_insufficient_data(54/6),$312.91M,
CFX-ETHFI,err:CFX_insufficient_data(54/6),$622.81M,
CFX-APYUSD,err:CFX_insufficient_data(54/6),$381.04M,
CFX-KOGE,err:CFX_insufficient_data(54/6),$437.07M,
CFX-BTSE,err:CFX_insufficient_data(54/6),$356.03M,
CFX-VET,err:CFX_insufficient_data(54/6),$611.87M,
CFX-CHZ,err:CFX_insufficient_data(54/6),$367.06M,
CFX-REAL,err:CFX_insufficient_data(54/6),$471.98M,
CFX-MON,err:CFX_insufficient_data(54/6),$471.11M,
CFX-SAFO,err:CFX_insufficient_data(54/6),$379.92M,
CFX-MANA,err:CFX_insufficient_data(54/6),$354.30M,
CFX-PRL,err:CFX_insufficient_data(54/6),$306.99M,
CFX-GLIDR,err:CFX_insufficient_data(54/6),$324.30M,
CFX-ONYC,err:CFX_insufficient_data(54/6),$469.12M,
CFX-A7A5,err:CFX_insufficient_data(54/6),$701.12M,
CFX-MET,err:CFX_insufficient_data(54/6),$312.33M,
CFX-Q,err:CFX_insufficient_data(54/6),$442.87M,
CFX-COMP,err:CFX_insufficient_data(54/6),$382.24M,
CFX-SYRUP,err:CFX_insufficient_data(54/6),$430.16M,
CFX-FRXUSD,err:CFX_insufficient_data(54/6),$332.84M,
CFX-BTT,err:CFX_insufficient_data(54/6),$482.39M,
CFX-BAT,err:CFX_insufficient_data(54/6),$326.33M,
CFX-XPIN,err:CFX_insufficient_data(54/6),$367.81M,
CFX-SOSO,err:CFX_insufficient_data(54/6),$339.51M,
CFX-VBILL,err:CFX_insufficient_data(54/6),$414.96M,
CFX-CRCLON,err:CFX_insufficient_data(54/6),$315.77M,
CFX-PEANUT,err:CFX_insufficient_data(54/6),$407.45M,
CFX-AR,err:CFX_insufficient_data(54/6),$338.97M,
CFX-SFP,err:CFX_insufficient_data(54/6),$325.65M,
CFX-PC0000023,err:CFX_insufficient_data(54/6),$323.76M,
CFX-GUSD,err:CFX_insufficient_data(54/6),$372.42M,
CFX-WFI,err:CFX_insufficient_data(54/6),$397.46M,
CFX-GRASS,err:CFX_insufficient_data(54/6),$438.79M,
CFX-PC0000085,err:CFX_insufficient_data(54/6),$329.42M,
CFX-BSV,err:CFX_insufficient_data(54/6),$481.41M,
CFX-JASMY,err:CFX_insufficient_data(54/6),$434.50M,
CFX-ANTFUN,err:CFX_insufficient_data(54/6),$505.22M,
CFX-USDAI,err:CFX_insufficient_data(54/6),$380.35M,
CFX-AERO,err:CFX_insufficient_data(54/6),$637.29M,
CFX-BONK,err:CFX_insufficient_data(54/6),$487.86M,
CFX-SUN,err:CFX_insufficient_data(54/6),$565.21M,
CFX-EURCV,err:CFX_insufficient_data(54/6),$372.35M,
CFX-USDZ,err:CFX_insufficient_data(54/6),$350.31M,
CFX-AKE,err:CFX_insufficient_data(54/6),$318.44M,
CFX-XCN,err:CFX_insufficient_data(54/6),$352.58M,
CFX-TRUMP,err:CFX_insufficient_data(54/6),$580.31M,
CFX-FET,err:CFX_insufficient_data(54/6),$528.84M,
CFX-FRAX,err:CFX_insufficient_data(54/6),$442.98M,
CFX-THBILL,err:CFX_insufficient_data(54/6),$340.85M,
CFX-ZAMA,err:CFX_insufficient_data(54/6),$360.73M,
CFX-SHFL,err:CFX_insufficient_data(54/6),$344.32M,
CFX-USDF,err:CFX_insufficient_data(54/6),$334.76M,
CFX-XPL,err:CFX_insufficient_data(54/6),$443.50M,
VSN-B,err:B_insufficient_data(59/6),$319.07M,
LUNC-B,err:B_insufficient_data(59/6),$447.08M,
BTW-B,err:B_insufficient_data(59/6),$402.98M,
PC0000015-B,err:B_insufficient_data(59/6),$278.41M,
IMX-B,err:B_insufficient_data(59/6),$395.50M,
NXM-B,err:B_insufficient_data(59/6),$255.05M,
SPX-B,err:B_insufficient_data(59/6),$470.25M,
UB-B,err:B_insufficient_data(59/6),$529.02M,
DAI-B,err:B_insufficient_data(59/6),$259.23M,
OUSG-B,err:B_insufficient_data(59/6),$548.43M,
STAC-B,err:B_insufficient_data(59/6),$270.82M,
1INCH-B,err:B_insufficient_data(59/6),$284.00M,
RLB-B,err:B_insufficient_data(59/6),$272.45M,
DYDX-B,err:B_insufficient_data(59/6),$266.04M,
APR-B,err:B_insufficient_data(59/6),$364.57M,
DRV-B,err:B_insufficient_data(59/6),$270.82M,
EDGE-B,err:B_insufficient_data(59/6),$304.15M,
INJ-B,err:B_insufficient_data(59/6),$627.41M,
MWC-B,err:B_insufficient_data(59/6),$282.02M,
KAU-B,err:B_insufficient_data(59/6),$476.49M,
LDO-B,err:B_insufficient_data(59/6),$471.38M,
EARNETH-B,err:B_insufficient_data(59/6),$315.12M,
GRT-B,err:B_insufficient_data(59/6),$329.52M,
SEI-B,err:B_insufficient_data(59/6),$454.73M,
USDTB-B,err:B_insufficient_data(59/6),$523.70M,
BCN-B,err:B_insufficient_data(59/6),$433.94M,
VELVET-B,err:B_insufficient_data(59/6),$334.68M,
BC-B,err:B_insufficient_data(59/6),$387.75M,
DEXE-B,err:B_insufficient_data(59/6),$442.26M,
OZO-B,err:B_insufficient_data(59/6),$293.48M,
AB-B,err:B_insufficient_data(59/6),$265.02M,
2Z-B,err:B_insufficient_data(59/6),$370.52M,
CASH-B,err:B_insufficient_data(59/6),$290.20M,
ZBCN-B,err:B_insufficient_data(59/6),$345.45M,
CVX-B,err:B_insufficient_data(59/6),$302.99M,
TIA-B,err:B_insufficient_data(59/6),$474.67M,
US-B,err:B_insufficient_data(59/6),$587.14M,
VIRTUAL-B,err:B_insufficient_data(59/6),$537.75M,
ZRO-B,err:B_insufficient_data(59/6),$452.93M,
AKT-B,err:B_insufficient_data(59/6),$296.57M,
TKX-B,err:B_insufficient_data(59/6),$271.62M,
APEPE-B,err:B_insufficient_data(59/6),$369.54M,
USTBL-B,err:B_insufficient_data(59/6),$329.02M,
ALFW-B,err:B_insufficient_data(59/6),$282.51M,
OHM-B,err:B_insufficient_data(59/6),$443.98M,
B-GRX,err:B_insufficient_data(59/6),$292.28M,
B-META,err:B_insufficient_data(59/6),$263.59M,
B-APXUSD,err:B_insufficient_data(59/6),$463.24M,
B-NIGHT,err:B_insufficient_data(59/6),$470.55M,
B-GNO,err:B_insufficient_data(59/6),$450.82M,
B-USDAT,err:B_insufficient_data(59/6),$307.98M,
B-TWT,err:B_insufficient_data(59/6),$316.65M,
B-CAKE,err:B_insufficient_data(59/6),$615.37M,
B-ZK,err:B_insufficient_data(59/6),$252.53M,
B-FLUID,err:B_insufficient_data(59/6),$254.47M,
B-COCO,err:B_insufficient_data(59/6),$352.40M,
B-TIBBIR,err:B_insufficient_data(59/6),$274.66M,
B-GPS,err:B_insufficient_data(59/6),$264.19M,
B-H,err:B_insufficient_data(59/6),$300.30M,
B-DCR,err:B_insufficient_data(59/6),$370.96M,
B-NEO,err:B_insufficient_data(59/6),$301.95M,
B-GLM,err:B_insufficient_data(59/6),$262.94M,
B-AXS,err:B_insufficient_data(59/6),$311.87M,
B-KAG,err:B_insufficient_data(59/6),$381.87M,
B-CHEEMS,err:B_insufficient_data(59/6),$268.50M,
B-KMNO,err:B_insufficient_data(59/6),$266.20M,
B-XTZ,err:B_insufficient_data(59/6),$393.65M,
B-ULTIMA,err:B_insufficient_data(59/6),$349.88M,
B-KAITO,err:B_insufficient_data(59/6),$477.45M,
B-RUNE,err:B_insufficient_data(59/6),$316.44M,
B-BP,err:B_insufficient_data(59/6),$282.41M,
B-UQC,err:B_insufficient_data(59/6),$276.20M,
B-STRK,err:B_insufficient_data(59/6),$357.39M,
B-CTOC,err:B_insufficient_data(59/6),$443.18M,
B-PC0000033,err:B_insufficient_data(59/6),$330.68M,
B-ICNT,err:B_insufficient_data(59/6),$269.75M,
B-FDUSD,err:B_insufficient_data(59/6),$514.28M,
B-PC0000097,err:B_insufficient_data(59/6),$302.18M,
B-WEMIX,err:B_insufficient_data(59/6),$268.60M,
B-ACRED,err:B_insufficient_data(59/6),$283.22M,
B-SMILEK,err:B_insufficient_data(59/6),$255.55M,
B-WM,err:B_insufficient_data(59/6),$254.54M,
B-UUSD,err:B_insufficient_data(59/6),$267.96M,
B-FLOKI,err:B_insufficient_data(59/6),$366.69M,
B-SAND,err:B_insufficient_data(59/6),$293.37M,
B-AWE,err:B_insufficient_data(59/6),$274.00M,
B-CRVUSD,err:B_insufficient_data(59/6),$380.23M,
B-GENIUS,err:B_insufficient_data(59/6),$281.56M,
B-SNX,err:B_insufficient_data(59/6),$290.61M,
B-VCNT,err:B_insufficient_data(59/6),$332.62M,
B-DASH,err:B_insufficient_data(59/6),$565.61M,
B-CARDS,err:B_insufficient_data(59/6),$437.05M,
B-USAT,err:B_insufficient_data(59/6),$353.41M,
B-FF,err:B_insufficient_data(59/6),$360.46M,
B-USDA,err:B_insufficient_data(59/6),$264.36M,
B-ZANO,err:B_insufficient_data(59/6),$299.34M,
B-REUSD,err:B_insufficient_data(59/6),$335.61M,
B-NEX,err:B_insufficient_data(59/6),$258.51M,
B-JTO,err:B_insufficient_data(59/6),$436.82M,
B-IOTA,err:B_insufficient_data(59/6),$315.75M,
B-AVUSD,err:B_insufficient_data(59/6),$284.16M,
B-FARTCOIN,err:B_insufficient_data(59/6),$291.19M,
B-GALA,err:B_insufficient_data(59/6),$256.79M,
B-ENS,err:B_insufficient_data(59/6),$344.25M,
B-SOON,err:B_insufficient_data(59/6),$258.19M,
B-WIF,err:B_insufficient_data(59/6),$314.52M,
B-SPCXB,err:B_insufficient_data(59/6),$253.71M,
B-STRCX,err:B_insufficient_data(59/6),$308.97M,
B-PENGU,err:B_insufficient_data(59/6),$539.90M,
B-BORG,err:B_insufficient_data(59/6),$306.45M,
B-TAG,err:B_insufficient_data(59/6),$313.25M,
B-XEC,err:B_insufficient_data(59/6),$287.64M,
B-STX,err:B_insufficient_data(59/6),$418.70M,
B-TEL,err:B_insufficient_data(59/6),$342.49M,
B-GOMINING,err:B_insufficient_data(59/6),$283.74M,
B-APE,err:B_insufficient_data(59/6),$316.82M,
B-EIGEN,err:B_insufficient_data(59/6),$308.77M,
B-OP,err:B_insufficient_data(59/6),$371.33M,
B-KAIA,err:B_insufficient_data(59/6),$334.98M,
B-ZBT,err:B_insufficient_data(59/6),$282.12M,
B-EURC,err:B_insufficient_data(59/6),$618.21M,
B-KITE,err:B_insufficient_data(59/6),$400.18M,
B-RAIL,err:B_insufficient_data(59/6),$258.02M,
B-SHORT,err:B_insufficient_data(59/6),$265.73M,
B-TRAC,err:B_insufficient_data(59/6),$291.84M,
B-PENDLE,err:B_insufficient_data(59/6),$418.83M,
B-PYTH,err:B_insufficient_data(59/6),$489.54M,
B-PIEVERSE,err:B_insufficient_data(59/6),$350.26M,
B-NFT,err:B_insufficient_data(59/6),$432.70M,
B-RAY,err:B_insufficient_data(59/6),$331.18M,
B-PC0000031,err:B_insufficient_data(59/6),$370.68M,
B-GEOD,err:B_insufficient_data(59/6),$262.52M,
B-PC0000077,err:B_insufficient_data(59/6),$268.18M,
B-A,err:B_insufficient_data(59/6),$270.47M,
B-LION,err:B_insufficient_data(59/6),$310.56M,
B-AIAT,err:B_insufficient_data(59/6),$286.16M,
B-MX,err:B_insufficient_data(59/6),$318.77M,
B-THETA,err:B_insufficient_data(59/6),$294.27M,
B-SN64,err:B_insufficient_data(59/6),$258.17M,
B-ETHFI,err:B_insufficient_data(59/6),$568.07M,
B-APYUSD,err:B_insufficient_data(59/6),$326.31M,
B-KOGE,err:B_insufficient_data(59/6),$382.33M,
B-BTSE,err:B_insufficient_data(59/6),$301.29M,
B-VET,err:B_insufficient_data(59/6),$557.14M,
B-CHZ,err:B_insufficient_data(59/6),$312.32M,
B-REAL,err:B_insufficient_data(59/6),$417.24M,
B-MON,err:B_insufficient_data(59/6),$416.37M,
B-SAFO,err:B_insufficient_data(59/6),$325.18M,
B-MANA,err:B_insufficient_data(59/6),$299.56M,
B-PRL,err:B_insufficient_data(59/6),$252.25M,
B-GLIDR,err:B_insufficient_data(59/6),$269.56M,
B-ONYC,err:B_insufficient_data(59/6),$414.38M,
B-A7A5,err:B_insufficient_data(59/6),$646.38M,
B-MET,err:B_insufficient_data(59/6),$257.60M,
B-Q,err:B_insufficient_data(59/6),$388.13M,
B-COMP,err:B_insufficient_data(59/6),$327.50M,
B-SYRUP,err:B_insufficient_data(59/6),$375.43M,
B-FRXUSD,err:B_insufficient_data(59/6),$278.10M,
B-BTT,err:B_insufficient_data(59/6),$427.65M,
B-BAT,err:B_insufficient_data(59/6),$271.59M,
B-XPIN,err:B_insufficient_data(59/6),$313.08M,
B-SOSO,err:B_insufficient_data(59/6),$284.77M,
B-VBILL,err:B_insufficient_data(59/6),$360.22M,
B-CRCLON,err:B_insufficient_data(59/6),$261.03M,
B-PEANUT,err:B_insufficient_data(59/6),$352.72M,
B-AR,err:B_insufficient_data(59/6),$284.23M,
B-SFP,err:B_insufficient_data(59/6),$270.91M,
B-PC0000023,err:B_insufficient_data(59/6),$269.03M,
B-GUSD,err:B_insufficient_data(59/6),$317.68M,
B-WFI,err:B_insufficient_data(59/6),$342.72M,
B-GRASS,err:B_insufficient_data(59/6),$384.05M,
B-PC0000085,err:B_insufficient_data(59/6),$274.68M,
B-BSV,err:B_insufficient_data(59/6),$426.67M,
B-JASMY,err:B_insufficient_data(59/6),$379.77M,
B-ANTFUN,err:B_insufficient_data(59/6),$450.49M,
B-USDAI,err:B_insufficient_data(59/6),$325.62M,
B-AERO,err:B_insufficient_data(59/6),$582.55M,
B-BONK,err:B_insufficient_data(59/6),$433.13M,
B-SUN,err:B_insufficient_data(59/6),$510.47M,
B-EURCV,err:B_insufficient_data(59/6),$317.62M,
B-USDZ,err:B_insufficient_data(59/6),$295.57M,
B-AKE,err:B_insufficient_data(59/6),$263.70M,
B-XCN,err:B_insufficient_data(59/6),$297.84M,
B-TRUMP,err:B_insufficient_data(59/6),$525.57M,
B-FET,err:B_insufficient_data(59/6),$474.10M,
B-FRAX,err:B_insufficient_data(59/6),$388.25M,
B-THBILL,err:B_insufficient_data(59/6),$286.11M,
B-ZAMA,err:B_insufficient_data(59/6),$305.99M,
B-SHFL,err:B_insufficient_data(59/6),$289.58M,
B-USDF,err:B_insufficient_data(59/6),$280.02M,
B-XPL,err:B_insufficient_data(59/6),$388.77M,
VSN-APE,err:APE_insufficient_data(9/6),$299.53M,
LUNC-APE,err:APE_insufficient_data(9/6),$427.54M,
BTW-APE,err:APE_insufficient_data(9/6),$383.44M,
PC0000015-APE,err:APE_insufficient_data(9/6),$258.87M,
IMX-APE,err:APE_insufficient_data(9/6),$375.96M,
NXM-APE,err:APE_insufficient_data(9/6),$235.51M,
SPX-APE,err:APE_insufficient_data(9/6),$450.71M,
UB-APE,err:APE_insufficient_data(9/6),$509.48M,
DAI-APE,err:APE_insufficient_data(9/6),$239.69M,
OUSG-APE,err:APE_insufficient_data(9/6),$528.89M,
STAC-APE,err:APE_insufficient_data(9/6),$251.28M,
1INCH-APE,err:APE_insufficient_data(9/6),$264.46M,
RLB-APE,err:APE_insufficient_data(9/6),$252.91M,
DYDX-APE,err:APE_insufficient_data(9/6),$246.51M,
APR-APE,err:APE_insufficient_data(9/6),$345.03M,
DRV-APE,err:APE_insufficient_data(9/6),$251.28M,
EDGE-APE,err:APE_insufficient_data(9/6),$284.61M,
INJ-APE,err:APE_insufficient_data(9/6),$607.88M,
MWC-APE,err:APE_insufficient_data(9/6),$262.48M,
KAU-APE,err:APE_insufficient_data(9/6),$456.95M,
LDO-APE,err:APE_insufficient_data(9/6),$451.84M,
EARNETH-APE,err:APE_insufficient_data(9/6),$295.58M,
GRT-APE,err:APE_insufficient_data(9/6),$309.98M,
SEI-APE,err:APE_insufficient_data(9/6),$435.19M,
USDTB-APE,err:APE_insufficient_data(9/6),$504.16M,
BCN-APE,err:APE_insufficient_data(9/6),$414.40M,
VELVET-APE,err:APE_insufficient_data(9/6),$315.14M,
BC-APE,err:APE_insufficient_data(9/6),$368.21M,
DEXE-APE,err:APE_insufficient_data(9/6),$422.72M,
OZO-APE,err:APE_insufficient_data(9/6),$273.94M,
AB-APE,err:APE_insufficient_data(9/6),$245.48M,
2Z-APE,err:APE_insufficient_data(9/6),$350.98M,
CASH-APE,err:APE_insufficient_data(9/6),$270.66M,
ZBCN-APE,err:APE_insufficient_data(9/6),$325.91M,
CVX-APE,err:APE_insufficient_data(9/6),$283.46M,
TIA-APE,err:APE_insufficient_data(9/6),$455.13M,
US-APE,err:APE_insufficient_data(9/6),$567.61M,
VIRTUAL-APE,err:APE_insufficient_data(9/6),$518.21M,
ZRO-APE,err:APE_insufficient_data(9/6),$433.39M,
AKT-APE,err:APE_insufficient_data(9/6),$277.03M,
TKX-APE,err:APE_insufficient_data(9/6),$252.08M,
APEPE-APE,err:APE_insufficient_data(9/6),$350.00M,
USTBL-APE,err:APE_insufficient_data(9/6),$309.48M,
ALFW-APE,err:APE_insufficient_data(9/6),$262.97M,
OHM-APE,err:APE_insufficient_data(9/6),$424.44M,
GRX-APE,err:APE_insufficient_data(9/6),$272.74M,
META-APE,err:APE_insufficient_data(9/6),$244.05M,
APXUSD-APE,err:APE_insufficient_data(9/6),$443.70M,
GNO-APE,err:APE_insufficient_data(9/6),$431.28M,
USDAT-APE,err:APE_insufficient_data(9/6),$288.44M,
TWT-APE,err:APE_insufficient_data(9/6),$297.11M,
CAKE-APE,err:APE_insufficient_data(9/6),$595.83M,
ZK-APE,err:APE_insufficient_data(9/6),$232.99M,
FLUID-APE,err:APE_insufficient_data(9/6),$234.93M,
COCO-APE,err:APE_insufficient_data(9/6),$332.86M,
TIBBIR-APE,err:APE_insufficient_data(9/6),$255.12M,
GPS-APE,err:APE_insufficient_data(9/6),$244.65M,
DCR-APE,err:APE_insufficient_data(9/6),$351.42M,
NEO-APE,err:APE_insufficient_data(9/6),$282.41M,
GLM-APE,err:APE_insufficient_data(9/6),$243.40M,
AXS-APE,err:APE_insufficient_data(9/6),$292.33M,
KAG-APE,err:APE_insufficient_data(9/6),$362.33M,
CHEEMS-APE,err:APE_insufficient_data(9/6),$248.96M,
KMNO-APE,err:APE_insufficient_data(9/6),$246.66M,
XTZ-APE,err:APE_insufficient_data(9/6),$374.11M,
ULTIMA-APE,err:APE_insufficient_data(9/6),$330.34M,
KAITO-APE,err:APE_insufficient_data(9/6),$457.91M,
BP-APE,err:APE_insufficient_data(9/6),$262.88M,
UQC-APE,err:APE_insufficient_data(9/6),$256.66M,
STRK-APE,err:APE_insufficient_data(9/6),$337.85M,
CTOC-APE,err:APE_insufficient_data(9/6),$423.64M,
PC0000033-APE,err:APE_insufficient_data(9/6),$311.14M,
ICNT-APE,err:APE_insufficient_data(9/6),$250.21M,
FDUSD-APE,err:APE_insufficient_data(9/6),$494.74M,
PC0000097-APE,err:APE_insufficient_data(9/6),$282.64M,
WEMIX-APE,err:APE_insufficient_data(9/6),$249.06M,
ACRED-APE,err:APE_insufficient_data(9/6),$263.68M,
UUSD-APE,err:APE_insufficient_data(9/6),$248.42M,
FLOKI-APE,err:APE_insufficient_data(9/6),$347.15M,
SAND-APE,err:APE_insufficient_data(9/6),$273.83M,
AWE-APE,err:APE_insufficient_data(9/6),$254.46M,
CRVUSD-APE,err:APE_insufficient_data(9/6),$360.69M,
SNX-APE,err:APE_insufficient_data(9/6),$271.07M,
VCNT-APE,err:APE_insufficient_data(9/6),$313.08M,
DASH-APE,err:APE_insufficient_data(9/6),$546.07M,
CARDS-APE,err:APE_insufficient_data(9/6),$417.51M,
USAT-APE,err:APE_insufficient_data(9/6),$333.87M,
FF-APE,err:APE_insufficient_data(9/6),$340.92M,
USDA-APE,err:APE_insufficient_data(9/6),$244.82M,
ZANO-APE,err:APE_insufficient_data(9/6),$279.80M,
REUSD-APE,err:APE_insufficient_data(9/6),$316.07M,
NEX-APE,err:APE_insufficient_data(9/6),$238.97M,
JTO-APE,err:APE_insufficient_data(9/6),$417.28M,
IOTA-APE,err:APE_insufficient_data(9/6),$296.21M,
AVUSD-APE,err:APE_insufficient_data(9/6),$264.62M,
FARTCOIN-APE,err:APE_insufficient_data(9/6),$271.65M,
GALA-APE,err:APE_insufficient_data(9/6),$237.25M,
ENS-APE,err:APE_insufficient_data(9/6),$324.71M,
SOON-APE,err:APE_insufficient_data(9/6),$238.65M,
WIF-APE,err:APE_insufficient_data(9/6),$294.98M,
SPCXB-APE,err:APE_insufficient_data(9/6),$234.17M,
STRCX-APE,err:APE_insufficient_data(9/6),$289.43M,
PENGU-APE,err:APE_insufficient_data(9/6),$520.36M,
BORG-APE,err:APE_insufficient_data(9/6),$286.91M,
TAG-APE,err:APE_insufficient_data(9/6),$293.71M,
XEC-APE,err:APE_insufficient_data(9/6),$268.10M,
STX-APE,err:APE_insufficient_data(9/6),$399.16M,
TEL-APE,err:APE_insufficient_data(9/6),$322.95M,
GOMINING-APE,err:APE_insufficient_data(9/6),$264.20M,
APE-EIGEN,err:APE_insufficient_data(9/6),$289.23M,
APE-OP,err:APE_insufficient_data(9/6),$351.79M,
APE-KAIA,err:APE_insufficient_data(9/6),$315.44M,
APE-ZBT,err:APE_insufficient_data(9/6),$262.59M,
APE-EURC,err:APE_insufficient_data(9/6),$598.68M,
APE-KITE,err:APE_insufficient_data(9/6),$380.64M,
APE-RAIL,err:APE_insufficient_data(9/6),$238.48M,
APE-SHORT,err:APE_insufficient_data(9/6),$246.19M,
APE-TRAC,err:APE_insufficient_data(9/6),$272.31M,
APE-PENDLE,err:APE_insufficient_data(9/6),$399.29M,
APE-PYTH,err:APE_insufficient_data(9/6),$470.00M,
APE-PIEVERSE,err:APE_insufficient_data(9/6),$330.72M,
APE-NFT,err:APE_insufficient_data(9/6),$413.16M,
APE-RAY,err:APE_insufficient_data(9/6),$311.65M,
APE-PC0000031,err:APE_insufficient_data(9/6),$351.14M,
APE-GEOD,err:APE_insufficient_data(9/6),$242.98M,
APE-PC0000077,err:APE_insufficient_data(9/6),$248.64M,
APE-A,err:APE_insufficient_data(9/6),$250.93M,
APE-LION,err:APE_insufficient_data(9/6),$291.02M,
APE-AIAT,err:APE_insufficient_data(9/6),$266.62M,
APE-MX,err:APE_insufficient_data(9/6),$299.23M,
APE-THETA,err:APE_insufficient_data(9/6),$274.73M,
APE-SN64,err:APE_insufficient_data(9/6),$238.63M,
APE-ETHFI,err:APE_insufficient_data(9/6),$548.53M,
APE-APYUSD,err:APE_insufficient_data(9/6),$306.77M,
APE-KOGE,err:APE_insufficient_data(9/6),$362.79M,
APE-BTSE,err:APE_insufficient_data(9/6),$281.75M,
APE-VET,err:APE_insufficient_data(9/6),$537.60M,
APE-CHZ,err:APE_insufficient_data(9/6),$292.78M,
APE-REAL,err:APE_insufficient_data(9/6),$397.70M,
APE-MON,err:APE_insufficient_data(9/6),$396.83M,
APE-SAFO,err:APE_insufficient_data(9/6),$305.64M,
APE-MANA,err:APE_insufficient_data(9/6),$280.02M,
APE-PRL,err:APE_insufficient_data(9/6),$232.71M,
APE-GLIDR,err:APE_insufficient_data(9/6),$250.02M,
APE-ONYC,err:APE_insufficient_data(9/6),$394.84M,
APE-A7A5,err:APE_insufficient_data(9/6),$626.84M,
APE-MET,err:APE_insufficient_data(9/6),$238.06M,
APE-Q,err:APE_insufficient_data(9/6),$368.59M,
APE-COMP,err:APE_insufficient_data(9/6),$307.96M,
APE-SYRUP,err:APE_insufficient_data(9/6),$355.89M,
APE-FRXUSD,err:APE_insufficient_data(9/6),$258.56M,
APE-BTT,err:APE_insufficient_data(9/6),$408.11M,
APE-BAT,err:APE_insufficient_data(9/6),$252.05M,
APE-XPIN,err:APE_insufficient_data(9/6),$293.54M,
APE-SOSO,err:APE_insufficient_data(9/6),$265.23M,
APE-VBILL,err:APE_insufficient_data(9/6),$340.68M,
APE-CRCLON,err:APE_insufficient_data(9/6),$241.49M,
APE-PEANUT,err:APE_insufficient_data(9/6),$333.18M,
APE-AR,err:APE_insufficient_data(9/6),$264.69M,
APE-SFP,err:APE_insufficient_data(9/6),$251.37M,
APE-PC0000023,err:APE_insufficient_data(9/6),$249.49M,
APE-GUSD,err:APE_insufficient_data(9/6),$298.15M,
APE-WFI,err:APE_insufficient_data(9/6),$323.18M,
APE-GRASS,err:APE_insufficient_data(9/6),$364.51M,
APE-PC0000085,err:APE_insufficient_data(9/6),$255.14M,
APE-BSV,err:APE_insufficient_data(9/6),$407.13M,
APE-JASMY,err:APE_insufficient_data(9/6),$360.23M,
APE-ANTFUN,err:APE_insufficient_data(9/6),$430.95M,
APE-USDAI,err:APE_insufficient_data(9/6),$306.08M,
APE-AERO,err:APE_insufficient_data(9/6),$563.01M,
APE-BONK,err:APE_insufficient_data(9/6),$413.59M,
APE-SUN,err:APE_insufficient_data(9/6),$490.93M,
APE-EURCV,err:APE_insufficient_data(9/6),$298.08M,
APE-USDZ,err:APE_insufficient_data(9/6),$276.03M,
APE-AKE,err:APE_insufficient_data(9/6),$244.16M,
APE-XCN,err:APE_insufficient_data(9/6),$278.30M,
APE-TRUMP,err:APE_insufficient_data(9/6),$506.03M,
APE-FET,err:APE_insufficient_data(9/6),$454.56M,
APE-FRAX,err:APE_insufficient_data(9/6),$368.71M,
APE-THBILL,err:APE_insufficient_data(9/6),$266.57M,
APE-ZAMA,err:APE_insufficient_data(9/6),$286.45M,
APE-SHFL,err:APE_insufficient_data(9/6),$270.04M,
APE-USDF,err:APE_insufficient_data(9/6),$260.48M,
APE-XPL,err:APE_insufficient_data(9/6),$369.23M,
