Pair,Correlation,Combined Market Cap,Combined Change %
EARNETH-TKX,0.9752,$250.38M,-13.29
NXM-EARNETH,0.9468,$233.81M,-13.16
EURC-EURCV,0.9344,$599.47M,-2.87
NXM-TKX,0.9298,$190.31M,-10.28
SAND-MANA,0.8519,$256.57M,-33.81
AXS-SAND,0.8401,$268.88M,-41.26
APXUSD-APYUSD,0.8142,$453.18M,-10.87
ZK-SAND,0.8009,$209.54M,-44.18
GRT-ZK,0.796,$245.70M,-42.3
SAND-GALA,0.791,$213.80M,-42.82
RAY-PEANUT,0.7878,$347.54M,-25.13
1INCH-VET,0.7837,$504.77M,-24.62
NEO-VET,0.7781,$522.73M,-34.06
1INCH-EARNETH,0.7775,$262.76M,-14.28
GRT-VET,0.776,$550.30M,-37.45
AXS-MANA,0.773,$275.07M,-33.26
ZK-VET,0.7719,$473.31M,-41.7
TKX-GLIDR,0.7706,$204.83M,-14.41
NXM-1INCH,0.7697,$202.69M,-11.27
EARNETH-VET,0.7694,$535.90M,-26.51
RAY-VET,0.7693,$551.96M,-32.05
1INCH-NEO,0.7672,$249.59M,-21.83
1INCH-TKX,0.7658,$219.26M,-11.4
THETA-VET,0.759,$515.05M,-37.02
NEO-STX,0.7562,$384.29M,-35.21
EARNETH-GLIDR,0.7559,$248.32M,-17.29
GRT-NEO,0.7546,$295.12M,-34.66
GRT-TIA,0.7531,$467.83M,-22.93
GRT-SAND,0.7513,$286.53M,-39.93
SAND-VET,0.75,$514.14M,-39.33
TKX-VET,0.7495,$492.40M,-23.63
NXM-PENGU,0.749,$458.59M,-25.27
TKX-PEANUT,0.7488,$287.98M,-16.7
IMX-VET,0.7487,$616.28M,-34.41
EARNETH-PENGU,0.7469,$518.66M,-28.28
NXM-VET,0.7467,$475.83M,-23.5
TKX-RAY,0.7463,$266.45M,-18.83
NEO-THETA,0.7451,$259.87M,-34.23
FLOKI-GALA,0.743,$287.12M,-39.93
EARNETH-RAY,0.7419,$309.95M,-21.71
ZK-NEO,0.7407,$218.13M,-38.91
IMX-SAND,0.739,$352.51M,-36.9
ENS-VET,0.7375,$565.03M,-33.01
GRT-FET,0.7364,$467.26M,-34.43
PENGU-RAY,0.7354,$534.72M,-33.82
ZK-GALA,0.734,$172.97M,-45.19
ZK-FLOKI,0.7317,$282.86M,-41.28
NEO-ENS,0.7314,$309.85M,-30.22
IMX-THETA,0.7313,$353.41M,-34.58
EARNETH-PEANUT,0.7311,$331.48M,-19.58
CVX-VET,0.729,$523.77M,-29.22
IMX-ZK,0.7287,$311.67M,-39.26
TKX-PENGU,0.7273,$475.16M,-25.4
NXM-GLIDR,0.725,$188.25M,-14.27
GRT-GALA,0.725,$249.96M,-40.94
ZK-THETA,0.7248,$210.45M,-41.87
GLIDR-PEANUT,0.7192,$285.92M,-20.7
IMX-GRT,0.7178,$388.67M,-35.02
GRT-THETA,0.7171,$287.44M,-37.62
VET-PEANUT,0.7171,$573.49M,-29.92
PENGU-VET,0.7169,$760.67M,-38.62
PYTH-A,0.7163,$423.65M,-21.88
EARNETH-NEO,0.715,$280.72M,-23.72
GALA-STX,0.7136,$339.13M,-41.49
IMX-NEO,0.7121,$361.10M,-31.62
GALA-WIF,0.712,$234.96M,-33.2
NXM-RAY,0.7114,$249.88M,-18.7
NEO-PEANUT,0.7114,$318.31M,-27.13
SAND-RAY,0.71,$288.19M,-34.53
GALA-VET,0.7096,$477.57M,-40.34
WIF-FET,0.7094,$452.26M,-26.69
STX-VET,0.7089,$639.47M,-38.0
PENGU-PEANUT,0.7082,$556.25M,-31.7
GALA-PENGU,0.7079,$460.33M,-42.11
EARNETH-CVX,0.7075,$281.76M,-18.88
NEO-SAND,0.7068,$258.96M,-36.54
SAND-THETA,0.706,$251.28M,-39.5
FLOKI-WIF,0.7056,$344.85M,-29.29
FLOKI-ENS,0.7043,$374.58M,-32.59
IMX-1INCH,0.7035,$343.14M,-22.19
CAKE-SFP,0.7025,$549.92M,-19.72
FLOKI-PENGU,0.7018,$570.23M,-38.21
NXM-NEO,0.7015,$220.65M,-20.71
GRT-ENS,0.7009,$337.42M,-33.61
VIRTUAL-ZK,0.7009,$453.92M,-33.1
1INCH-ENS,0.7007,$291.89M,-20.78
EARNETH-ENS,0.7005,$323.01M,-22.67
NXM-PEANUT,0.7004,$271.41M,-16.57
TKX-NEO,0.6998,$237.22M,-20.84
GALA-RAY,0.6998,$251.62M,-35.54
FLOKI-SAND,0.6995,$323.70M,-38.92
GRT-WIF,0.6983,$307.69M,-30.31
GRT-FLOKI,0.698,$359.85M,-37.03
GALA-MANA,0.6978,$220.00M,-34.82
IMX-A,0.697,$329.61M,-31.37
VIRTUAL-GALA,0.6967,$458.18M,-31.75
CAKE-VET,0.6949,$836.15M,-20.67
1INCH-RAY,0.6947,$278.82M,-19.82
IMX-FLOKI,0.6929,$425.83M,-34.0
TKX-ENS,0.6924,$279.51M,-19.79
NXM-ENS,0.6923,$262.94M,-19.66
SPX-WIF,0.6919,$448.42M,-17.44
CVX-TKX,0.6919,$238.26M,-16.0
GLM-XCN,0.6912,$224.42M,-34.47
VIRTUAL-FET,0.6909,$675.49M,-25.24
NEO-RAY,0.6903,$296.78M,-29.26
AXS-GALA,0.6903,$232.30M,-42.27
GRT-RAY,0.6902,$324.35M,-32.65
NEO-FLOKI,0.6892,$332.28M,-33.64
IMX-TIA,0.6886,$533.81M,-19.89
GALA-THETA,0.6886,$214.71M,-40.51
NEO-GALA,0.6877,$222.39M,-37.55
IMX-GALA,0.6872,$315.94M,-37.91
GRT-VIRTUAL,0.6862,$530.91M,-28.85
EARNETH-SAND,0.6846,$272.13M,-28.99
VIRTUAL-VET,0.6843,$758.53M,-28.25
NXM-CVX,0.6841,$221.69M,-15.87
1INCH-ZK,0.684,$200.17M,-29.47
OUSG-USTBL,0.6834,$541.09M,0.82
1INCH-GLIDR,0.6801,$217.20M,-15.4
SAND-PEANUT,0.6801,$309.73M,-32.41
TIA-ZK,0.6791,$390.84M,-27.17
PEANUT-XCN,0.679,$314.20M,-29.84
ZK-RAY,0.6787,$247.36M,-36.9
1INCH-CVX,0.6783,$250.63M,-16.99
WIF-PENGU,0.678,$518.06M,-31.48
SPX-TIA,0.6775,$608.57M,-10.06
PENGU-STX,0.6774,$622.24M,-39.77
FLOKI-RAY,0.6773,$361.51M,-31.64
NEO-IOTA,0.675,$281.35M,-35.98
ZK-PYTH,0.6738,$405.71M,-29.77
TIA-WIF,0.6734,$452.83M,-15.18
VET-SFP,0.6728,$491.69M,-35.9
RAY-THETA,0.6726,$289.10M,-32.22
SAND-PENGU,0.6709,$496.91M,-41.1
FLOKI-THETA,0.6706,$324.60M,-36.6
ENS-WIF,0.6698,$322.41M,-25.86
TIA-NEO,0.6696,$440.27M,-19.53
TKX-SAND,0.6693,$228.63M,-26.11
NXM-ZK,0.6688,$171.22M,-28.35
CVX-NEO,0.6685,$268.59M,-26.43
IOTA-STX,0.6682,$398.09M,-39.92
1INCH-XCN,0.6679,$245.48M,-24.54
GALA-FET,0.6676,$394.53M,-37.33
EARNETH-XCN,0.6674,$276.60M,-26.43
GALA-PEANUT,0.6674,$273.15M,-33.42
1INCH-STX,0.6664,$366.33M,-25.77
FLOKI-VET,0.665,$587.47M,-36.43
IOTA-BAT,0.6639,$250.99M,-34.82
NXM-FLOKI,0.6638,$285.38M,-23.08
ZK-A,0.6634,$186.64M,-38.65
RAY-GLIDR,0.6632,$264.39M,-22.83
EARNETH-FLOKI,0.663,$345.45M,-26.1
1INCH-THETA,0.6608,$241.91M,-24.79
GRT-PEANUT,0.6608,$345.88M,-30.52
NXM-SAND,0.6606,$212.06M,-25.98
NXM-XCN,0.6598,$216.53M,-23.41
TIA-THETA,0.6597,$432.58M,-22.49
ZK-MANA,0.6594,$215.74M,-36.18
STX-THETA,0.6591,$376.61M,-38.17
CVX-THETA,0.659,$260.91M,-29.39
TIA-STX,0.6589,$557.01M,-23.47
IMX-STX,0.6573,$477.84M,-35.56
TIA-FLOKI,0.6571,$505.00M,-21.91
NEO-GLIDR,0.6569,$235.16M,-24.84
WIF-VET,0.6569,$535.30M,-29.7
ENS-PEANUT,0.6567,$360.61M,-26.08
SAND-STX,0.6565,$375.71M,-40.48
IMX-EARNETH,0.6562,$374.26M,-24.08
ZK-WIF,0.656,$230.70M,-34.55
WIF-AR,0.6559,$262.40M,-15.37
GALA-BORG,0.6553,$226.88M,-34.4
IMX-RAY,0.6549,$390.33M,-29.62
NEO-XCN,0.6549,$263.43M,-33.98
ZK-PEANUT,0.6541,$268.89M,-34.77
IMX-NXM,0.6528,$314.19M,-21.06
IMX-MANA,0.6528,$358.71M,-28.9
VIRTUAL-STX,0.6524,$620.09M,-29.4
VET-GLIDR,0.6522,$490.34M,-27.63
ZK-AXS,0.6521,$228.04M,-43.63
IMX-ENS,0.652,$403.39M,-30.57
EARNETH-ZK,0.6519,$231.30M,-31.36
VIRTUAL-RAY,0.6511,$532.57M,-23.46
1INCH-PENGU,0.6504,$487.53M,-26.39
TIA-GALA,0.6503,$395.10M,-25.82
STX-RAY,0.6501,$413.52M,-33.2
ZK-AR,0.6494,$200.41M,-27.36
IMX-CVX,0.6492,$362.14M,-26.78
TIA-EIGEN,0.6487,$447.08M,-0.27
SAND-WIF,0.6483,$271.53M,-32.19
TKX-XCN,0.6482,$233.10M,-23.55
ZK-STX,0.6482,$334.87M,-42.85
ZK-FET,0.6481,$390.27M,-38.68
1INCH-SAND,0.648,$241.00M,-27.1
1INCH-VIRTUAL,0.6475,$485.39M,-16.03
ZK-SFP,0.6469,$187.09M,-40.75
GRT-STX,0.6462,$411.86M,-38.6
SEI-ETHFI,0.6452,$686.44M,-12.76
ENS-STX,0.6444,$426.59M,-34.16
GRT-AR,0.6442,$277.40M,-23.11
TIA-ENS,0.6438,$482.56M,-18.48
GRT-CVX,0.6435,$296.16M,-29.82
TIA-FET,0.6434,$612.41M,-19.31
ENS-RAY,0.6433,$339.08M,-28.21
PENGU-XCN,0.6433,$501.38M,-38.54
RAY-SYRUP,0.6432,$370.25M,-29.52
VIRTUAL-FLOKI,0.6417,$568.08M,-27.84
GALA-ENS,0.6416,$264.69M,-36.5
VIRTUAL-NEO,0.6413,$503.34M,-25.46
SPX-ENS,0.6411,$478.15M,-20.74
GRT-CAKE,0.6409,$608.54M,-21.27
NXM-GRT,0.6408,$248.21M,-24.1
SPX-VET,0.6408,$691.03M,-24.58
IMX-SPX,0.6402,$529.40M,-22.15
THETA-MANA,0.6397,$257.48M,-31.5
VIRTUAL-PENGU,0.6394,$741.29M,-30.03
SEI-THETA,0.6392,$412.65M,-31.75
NXM-THETA,0.639,$212.96M,-23.67
CVX-ZK,0.6389,$219.17M,-34.07
AXS-RAY,0.6383,$306.69M,-33.98
1INCH-PEANUT,0.6382,$300.35M,-17.7
CAKE-ZK,0.6373,$531.54M,-25.52
CVX-SAND,0.637,$260.00M,-31.7
VIRTUAL-WIF,0.6369,$515.91M,-21.11
WIF-RAY,0.6365,$309.35M,-24.91
EARNETH-THETA,0.6362,$273.03M,-26.68
SPX-ZK,0.636,$386.43M,-29.43
CVX-IOTA,0.6354,$282.39M,-31.14
CVX-A,0.6353,$237.10M,-26.17
WIF-THETA,0.6344,$272.44M,-29.87
NXM-TWT,0.6342,$235.34M,-13.1
VET-FET,0.6342,$694.87M,-33.83
EARNETH-GRT,0.634,$308.29M,-27.11
AXS-VET,0.634,$532.64M,-38.78
EARNETH-CAKE,0.6339,$594.13M,-10.33
IOTA-ENS,0.6337,$323.65M,-34.93
GRT-SEI,0.6328,$447.90M,-32.18
IOTA-VET,0.6328,$536.53M,-38.77
SPX-GALA,0.6322,$390.69M,-28.07
2Z-RAY,0.6318,$365.34M,-28.04
SAND-XCN,0.6318,$254.85M,-39.25
VET-XCN,0.6315,$518.62M,-36.77
TKX-ZK,0.6311,$187.80M,-28.48
NEO-A,0.6311,$236.06M,-31.01
SPX-PENGU,0.6309,$673.79M,-26.35
VIRTUAL-XCN,0.6306,$499.23M,-28.17
NEO-WIF,0.6301,$280.12M,-26.92
TKX-FLOKI,0.6296,$301.95M,-23.21
CAKE-ENS,0.6293,$623.26M,-16.83
SPX-STX,0.6292,$552.59M,-25.73
ETHFI-XPL,0.6292,$620.48M,-4.57
NXM-SYRUP,0.6286,$294.12M,-20.97
GLIDR-BONK,0.628,$366.33M,-22.13
FLOKI-STX,0.6279,$449.03M,-37.58
GRT-PENGU,0.6273,$533.06M,-39.22
FLOKI-PEANUT,0.6261,$383.05M,-29.51
A-VET,0.6258,$491.25M,-33.8
IOTA-GALA,0.6252,$236.19M,-42.26
PENGU-THETA,0.6251,$497.81M,-38.79
CVX-RAY,0.6248,$297.82M,-24.42
ENS-FET,0.6246,$481.99M,-29.99
WIF-PEANUT,0.6241,$330.88M,-22.78
ZK-PENGU,0.6239,$456.07M,-43.47
SPX-FLOKI,0.6238,$500.58M,-24.17
EARNETH-STX,0.6238,$397.46M,-27.66
TKX-TWT,0.6238,$251.91M,-13.23
BORG-PEANUT,0.6238,$322.81M,-23.98
SAND-AERO,0.6233,$539.56M,-23.77
TIA-VET,0.6232,$695.45M,-22.32
EARNETH-AERO,0.623,$561.32M,-10.95
GRT-SFP,0.6229,$264.08M,-36.5
STX-XCN,0.6227,$380.18M,-37.92
GRT-TKX,0.6225,$264.79M,-24.23
PENGU-BORG,0.6223,$509.99M,-32.68
SPX-THETA,0.6206,$428.17M,-24.75
EARNETH-IOTA,0.6203,$294.52M,-28.43
GRT-IOTA,0.6203,$308.92M,-39.37
TIA-A,0.6203,$408.78M,-19.28
ENS-GLIDR,0.62,$277.45M,-23.79
TKX-THETA,0.6196,$229.53M,-23.8
IMX-SFP,0.6195,$330.05M,-33.47
IMX-WIF,0.6193,$373.67M,-27.27
GLM-A,0.6192,$197.05M,-31.5
SEI-JASMY,0.6191,$498.14M,-24.96
EARNETH-VIRTUAL,0.6188,$516.51M,-17.92
EARNETH-TWT,0.6184,$295.41M,-16.11
SEI-SN64,0.6184,$376.55M,-25.59
FLOKI-FET,0.6182,$504.43M,-33.42
SPX-NEO,0.6179,$435.85M,-21.79
CVX-PEANUT,0.6178,$319.35M,-22.29
ENS-THETA,0.6175,$302.16M,-33.18
SPX-1INCH,0.6169,$417.89M,-12.35
GRT-A,0.6166,$263.63M,-34.4
VIRTUAL-THETA,0.6162,$495.66M,-28.42
SEI-NEO,0.6157,$420.33M,-28.79
CAKE-FET,0.6156,$753.11M,-17.65
AXS-THETA,0.6156,$269.78M,-38.95
IMX-AR,0.6147,$343.38M,-20.08
ENS-PENGU,0.6142,$547.79M,-34.78
NXM-CAKE,0.6141,$534.06M,-7.32
SPX-RAY,0.6137,$465.08M,-19.78
IMX-TKX,0.6135,$330.76M,-21.19
NEO-FET,0.613,$439.69M,-31.04
STX-GLIDR,0.613,$351.90M,-28.78
NXM-IOTA,0.6126,$234.45M,-25.42
ZK-ENS,0.6126,$260.42M,-37.86
THETA-FET,0.6124,$432.01M,-34.0
1INCH-GRT,0.6123,$277.16M,-25.22
TKX-STX,0.6121,$353.96M,-24.78
SPX-EARNETH,0.612,$449.02M,-14.24
ENS-XCN,0.612,$305.73M,-32.93
IOTA-PEANUT,0.6119,$332.11M,-31.85
1INCH-GALA,0.6115,$204.43M,-28.11
TKX-IOTA,0.6115,$251.02M,-25.55
SEI-FLOKI,0.6112,$485.06M,-31.16
PYTH-VET,0.6111,$710.32M,-24.92
SPX-CVX,0.611,$436.89M,-16.95
IMX-SEI,0.6109,$513.88M,-29.14
GRT-MANA,0.6108,$292.73M,-31.93
2Z-NEO,0.6107,$336.11M,-30.05
TKX-AERO,0.6107,$517.82M,-8.07
RAY-XCN,0.6106,$292.66M,-31.97
AR-FET,0.6106,$421.97M,-19.5
TKX-BTT,0.61,$362.92M,-13.95
NXM-VIRTUAL,0.6098,$456.44M,-14.9
VIRTUAL-ENS,0.609,$545.64M,-24.41
AKT-THETA,0.6087,$254.49M,-26.47
SN64-FET,0.6087,$395.91M,-27.85
INJ-FET,0.6079,$765.15M,-2.5
1INCH-TIA,0.6078,$422.31M,-10.1
LDO-EARNETH,0.6078,$450.14M,-9.23
1INCH-IOTA,0.6077,$263.39M,-26.54
VIRTUAL-SAND,0.6074,$494.76M,-30.74
CAKE-GLIDR,0.6072,$548.57M,-11.45
SNX-XCN,0.6072,$252.09M,-34.23
BORG-VET,0.6072,$527.23M,-30.9
PENGU-GLIDR,0.6067,$473.10M,-29.4
XCN-FET,0.6062,$435.58M,-33.75
GRT-EIGEN,0.606,$301.94M,-15.39
TIA-AKT,0.6057,$434.88M,-11.78
SAND-IOTA,0.6057,$272.76M,-41.25
ENS-A,0.6057,$278.36M,-29.96
EARNETH-BTT,0.6056,$406.41M,-16.84
IOTA-THETA,0.6055,$273.67M,-38.94
VIRTUAL-AR,0.6043,$485.62M,-13.92
VET-AR,0.6043,$505.01M,-22.51
TKX-CAKE,0.6042,$550.63M,-7.45
EARNETH-BONK,0.6038,$411.89M,-21.01
IMX-EIGEN,0.6034,$367.91M,-12.36
NXM-AERO,0.6031,$501.24M,-7.94
NXM-STX,0.6027,$337.39M,-24.65
AXS-AERO,0.6024,$558.06M,-23.22
IOTA-RAY,0.6022,$310.58M,-33.97
RAY-SN64,0.602,$253.00M,-26.07
TKX-SYRUP,0.6019,$310.69M,-21.1
1INCH-CAKE,0.6015,$563.01M,-8.44
SEI-ENS,0.6014,$462.62M,-27.74
STRK-DASH,0.6012,$586.65M,-23.08
SN64-XCN,0.6012,$219.65M,-30.78
SN64-VET,0.6011,$478.95M,-30.86
EARNETH-SYRUP,0.601,$354.19M,-23.98
IMX-VIRTUAL,0.6004,$596.89M,-25.82
A-THETA,0.6004,$228.38M,-33.97
SPX-SAND,0.6001,$427.26M,-27.06
NEO-PENGU,0.6,$505.49M,-35.83
CVX-PENGU,0.5997,$506.53M,-30.99
STX-JASMY,0.5997,$462.10M,-31.38
IMX-AXS,0.5996,$371.01M,-36.35
IMX-XCN,0.5992,$356.98M,-34.33
SEI-ZK,0.5992,$370.91M,-36.43
ZK-XCN,0.5984,$214.01M,-41.62
TIA-RAY,0.5983,$469.50M,-17.53
NEO-GLM,0.5976,$228.54M,-31.76
VIRTUAL-TKX,0.5972,$473.01M,-15.03
CVX-ENS,0.5969,$310.89M,-25.38
GLM-VET,0.5969,$483.72M,-34.55
NXM-SPX,0.5967,$388.95M,-11.23
FLOKI-IOTA,0.5966,$346.08M,-38.36
IMX-FET,0.5963,$533.24M,-31.4
SAND-SFP,0.5954,$227.92M,-38.38
SPX-SNX,0.5951,$424.51M,-22.05
LDO-ENS,0.5945,$479.27M,-15.72
NEO-SN64,0.5944,$223.77M,-28.07
BORG-RAY,0.5939,$301.28M,-26.11
STX-FET,0.5938,$556.44M,-34.98
THETA-SFP,0.5937,$228.82M,-36.07
CAKE-RAY,0.5936,$610.20M,-15.87
RAY-FET,0.5933,$468.92M,-29.04
GLM-PYTH,0.5931,$416.12M,-22.62
GLIDR-SYRUP,0.5927,$308.63M,-25.1
WIF-BORG,0.5926,$284.61M,-23.76
GLIDR-BTT,0.5926,$360.86M,-17.95
THETA-AR,0.5924,$242.15M,-22.68
IMX-PENGU,0.5923,$599.04M,-36.19
1INCH-FLOKI,0.5921,$314.33M,-24.21
TIA-VIRTUAL,0.5919,$676.06M,-13.73
THETA-SN64,0.5917,$216.08M,-31.03
GALA-A,0.5916,$190.90M,-37.29
NEO-SFP,0.5915,$236.51M,-33.11
SEI-GALA,0.5914,$375.17M,-35.07
TIA-AR,0.5913,$422.54M,-7.99
GLM-ENS,0.5905,$270.83M,-30.71
GLM-WIF,0.5904,$241.11M,-27.41
VET-MANA,0.5904,$520.34M,-31.33
SAND-FET,0.5895,$431.11M,-36.32
SPX-GRT,0.5891,$463.42M,-25.18
WIF-XCN,0.5883,$276.00M,-29.62
VET-AERO,0.5883,$803.33M,-21.29
PENGU-JASMY,0.5879,$583.30M,-32.01
THETA-BAT,0.5874,$229.51M,-33.06
1INCH-AERO,0.5873,$530.19M,-9.06
FLOKI-BORG,0.5871,$336.78M,-30.49
SEI-FET,0.587,$592.47M,-28.56
GRT-XCN,0.5868,$291.00M,-37.37
NEO-BAT,0.5866,$237.19M,-30.11
CVX-GALA,0.5864,$223.43M,-32.71
INJ-TIA,0.5863,$765.73M,9.01
PENGU-SYRUP,0.5862,$578.97M,-36.09
2Z-STX,0.5859,$452.85M,-33.99
1INCH-A,0.5855,$218.11M,-21.57
THETA-XCN,0.5855,$255.75M,-36.94
BORG-FET,0.5852,$444.19M,-27.89
STX-PEANUT,0.5851,$435.05M,-31.07
GALA-JASMY,0.5843,$300.20M,-33.73
CAKE-NEO,0.5842,$580.97M,-17.88
A-PEANUT,0.5838,$286.83M,-26.88
SEI-VIRTUAL,0.5837,$656.12M,-22.98
LDO-TKX,0.5833,$406.64M,-6.34
PEANUT-BONK,0.5832,$449.48M,-24.42
GALA-XCN,0.5831,$218.27M,-40.26
PYTH-THETA,0.5829,$447.45M,-25.09
SN64-JASMY,0.5821,$301.58M,-24.25
INJ-IOTA,0.5814,$606.81M,-7.44
SAND-A,0.5814,$227.48M,-36.28
GLM-SAND,0.5812,$219.95M,-37.03
1INCH-FET,0.581,$421.74M,-21.61
SPX-TKX,0.5808,$405.52M,-11.36
IMX-IOTA,0.5804,$374.90M,-36.34
WIF-A,0.5802,$248.63M,-26.66
GALA-AR,0.58,$204.67M,-26.0
FLOKI-XCN,0.5797,$328.17M,-36.35
EARNETH-GALA,0.5794,$235.56M,-30.0
TIA-SAND,0.5793,$431.68M,-24.81
WIF-BSV,0.5792,$404.84M,-20.63
VET-BSV,0.5792,$647.45M,-27.77
SPX-XCN,0.5787,$431.73M,-24.5
NXM-BONK,0.5785,$351.82M,-18.0
EARNETH-BORG,0.5784,$285.21M,-20.56
LDO-VET,0.5781,$692.15M,-19.56
STX-A,0.5779,$352.81M,-34.95
2Z-VET,0.5773,$591.29M,-32.84
THETA-JASMY,0.5773,$337.68M,-30.4
SEI-XPL,0.5769,$507.14M,-18.13
FLOKI-A,0.5768,$300.80M,-33.39
SPX-PEANUT,0.5766,$486.61M,-17.66
THETA-PEANUT,0.576,$310.63M,-30.09
EARNETH-A,0.5759,$249.23M,-23.46
CVX-PYTH,0.5759,$456.18M,-17.29
WIF-STX,0.5755,$396.86M,-30.85
TKX-BONK,0.5754,$368.39M,-18.13
GRT-ETHFI,0.5751,$561.24M,-18.63
TIA-XCN,0.5751,$436.15M,-22.24
SN64-GLIDR,0.575,$191.37M,-21.64
PENDLE-RAY,0.5748,$413.66M,-17.4
SPX-ETHFI,0.5745,$701.97M,-5.76
IOTA-PENGU,0.5744,$519.29M,-40.54
PENGU-AERO,0.574,$786.09M,-23.06
ZK-GLM,0.5733,$179.12M,-39.4
CVX-GLIDR,0.5732,$236.20M,-20.0
NEO-AR,0.5732,$249.83M,-19.72
GRT-AXS,0.5731,$305.03M,-39.38
NXM-BTT,0.5729,$346.34M,-13.82
CAKE-SAND,0.5729,$572.38M,-23.15
SAND-GLIDR,0.5728,$226.57M,-30.11
GRT-GLM,0.5727,$256.11M,-35.15
GNO-FLUID,0.5726,$368.93M,-24.3
NXM-GALA,0.5723,$175.48M,-26.99
VIRTUAL-JASMY,0.5718,$581.16M,-21.64
AKT-STX,0.5714,$378.91M,-27.45
CAKE-PENGU,0.5705,$818.91M,-22.44
IMX-2Z,0.5701,$429.66M,-30.4
LDO-RAY,0.5694,$466.20M,-14.77
TKX-GALA,0.5693,$192.06M,-27.12
CVX-FLOKI,0.5691,$333.32M,-28.8
SFP-FET,0.5685,$408.65M,-32.89
SEI-BTT,0.5682,$546.03M,-21.9
STX-ETHFI,0.5678,$650.41M,-19.18
RAY-A,0.5675,$265.29M,-29.0
EARNETH-SEI,0.5673,$433.50M,-21.24
GALA-PYTH,0.5673,$409.97M,-28.41
FLOKI-AR,0.5672,$314.56M,-22.1
1INCH-SFP,0.567,$218.55M,-23.67
VIRTUAL-PEANUT,0.567,$554.11M,-21.33
GRT-GLIDR,0.5668,$262.73M,-28.23
EARNETH-WIF,0.5664,$293.29M,-19.37
NXM-A,0.566,$189.16M,-20.45
STX-SN64,0.5658,$340.51M,-32.01
IMX-PYTH,0.5657,$548.68M,-22.49
AXS-PEANUT,0.5655,$328.23M,-31.85
ENS-SN64,0.5655,$266.06M,-27.02
SN64-PEANUT,0.5654,$274.53M,-23.94
TWT-NEO,0.5652,$282.24M,-23.66
SEI-VET,0.5649,$675.51M,-31.58
IMX-SN64,0.5648,$317.31M,-28.43
IMX-ETHFI,0.5647,$627.21M,-15.59
LDO-THETA,0.5647,$429.29M,-19.73
TKX-ETHFI,0.5647,$503.33M,-4.8
PENGU-FET,0.5646,$677.64M,-35.61
CVX-SFP,0.5645,$237.55M,-28.27
EARNETH-SFP,0.5641,$249.67M,-25.56
A-AR,0.5638,$218.34M,-19.46
NEO-BORG,0.5637,$272.05M,-28.11
VIRTUAL-SNX,0.5631,$492.00M,-25.72
NXM-WIF,0.563,$233.21M,-16.35
RAY-MON,0.563,$411.20M,-28.19
DASH-PENDLE,0.5629,$648.09M,-12.4
SPX-2Z,0.5625,$504.41M,-20.57
MANA-SFP,0.5624,$234.12M,-30.38
NXM-TRUMP,0.5621,$444.26M,-23.17
2Z-THETA,0.5618,$328.43M,-33.01
SAND-ENS,0.5618,$301.26M,-35.49
SEI-RAY,0.5614,$449.56M,-26.78
INJ-WIF,0.5613,$605.58M,1.62
SPX-A,0.5611,$404.36M,-21.54
IOTA-SFP,0.561,$250.31M,-37.82
SAND-BORG,0.5605,$263.46M,-33.39
A-SFP,0.5605,$205.02M,-32.85
ENS-AR,0.5604,$292.13M,-18.67
CAKE-BORG,0.5603,$585.46M,-14.72
EARNETH-SNX,0.56,$269.38M,-23.98
IOTA-GLIDR,0.5599,$248.96M,-29.55
RAY-ETHFI,0.5598,$562.90M,-13.23
GRT-AKT,0.5597,$289.74M,-26.9
1INCH-SEI,0.5591,$402.37M,-19.35
LDO-GRT,0.5591,$464.54M,-20.17
NXM-LDO,0.5586,$390.07M,-6.21
ENS-ETHFI,0.5586,$575.96M,-14.19
NEO-AXS,0.5584,$277.46M,-35.99
ENS-BORG,0.5583,$314.34M,-27.06
TKX-TRUMP,0.5582,$460.83M,-23.3
VET-BAT,0.5582,$492.37M,-32.89
GRT-BORG,0.5581,$299.61M,-31.5
AKT-NEO,0.5579,$262.17M,-23.51
SNX-WIF,0.5579,$268.78M,-27.17
BTT-BONK,0.5579,$524.42M,-21.67
SPX-VIRTUAL,0.5577,$671.64M,-15.99
TKX-A,0.5574,$205.73M,-20.58
SPX-PENDLE,0.5573,$552.73M,-9.93
IMX-CAKE,0.5564,$674.51M,-18.23
NXM-SNX,0.5562,$209.31M,-20.96
EARNETH-ETHFI,0.5559,$546.83M,-7.69
NEO-MANA,0.5559,$265.16M,-28.54
GRT-2Z,0.5558,$363.68M,-33.44
NEO-ETHFI,0.5556,$533.67M,-15.24
SEI-SAND,0.555,$411.74M,-34.06
1INCH-SN64,0.5547,$205.81M,-18.64
SYRUP-PEANUT,0.5543,$391.78M,-27.39
TKX-SNX,0.5541,$225.88M,-21.1
LDO-ZK,0.554,$387.55M,-24.41
GLM-THETA,0.5539,$220.85M,-34.72
2Z-PENGU,0.5532,$574.05M,-34.61
WIF-EIGEN,0.553,$286.94M,-7.65
TIA-BORG,0.5529,$444.76M,-16.38
IMX-PEANUT,0.5528,$411.86M,-27.49
BORG-THETA,0.5528,$264.36M,-31.07
INJ-STX,0.5527,$709.75M,-6.67
EARNETH-BAT,0.5527,$250.36M,-22.56
INJ-THETA,0.5524,$585.33M,-5.69
LDO-GLIDR,0.5522,$404.58M,-10.34
FLOKI-MANA,0.5522,$329.89M,-30.92
VET-SYRUP,0.5521,$596.20M,-34.32
CVX-WIF,0.552,$281.16M,-22.07
AKT-FET,0.552,$434.31M,-23.29
NEO-JASMY,0.552,$345.36M,-27.44
PYTH-RAY,0.5515,$484.37M,-20.12
MON-GLIDR,0.5515,$349.58M,-23.77
SEI-A,0.5514,$388.84M,-28.53
CAKE-THETA,0.5514,$573.28M,-20.84
SFP-XCN,0.5514,$232.39M,-35.82
SPX-XPL,0.5513,$522.66M,-11.13
ENS-SFP,0.5511,$278.80M,-32.06
1INCH-AXS,0.551,$259.51M,-26.55
AXS-PENGU,0.551,$515.41M,-40.55
WIF-BTT,0.5508,$405.82M,-20.03
NEO-PYTH,0.5502,$455.14M,-22.13
RAY-MANA,0.5502,$294.39M,-26.53
CAKE-GALA,0.5501,$535.81M,-24.16
ZK-GLIDR,0.5501,$185.74M,-32.48
GLIDR-FET,0.55,$407.30M,-24.61
SEI-PEANUT,0.5498,$471.09M,-24.65
CVX-STX,0.5498,$385.33M,-30.37
AKT-ZK,0.5496,$212.75M,-31.15
TWT-GLM,0.5496,$243.23M,-24.15
1INCH-GLM,0.5493,$210.58M,-22.32
VET-GRASS,0.5492,$604.83M,-17.62
1INCH-FLUID,0.5489,$202.10M,-23.62
SNX-RAY,0.5487,$285.44M,-29.52
EARNETH-TIA,0.5486,$453.43M,-11.99
IMX-GLM,0.5484,$322.08M,-32.12
VET-MON,0.5484,$637.15M,-32.99
ETHFI-VET,0.5483,$788.85M,-18.02
TKX-BAT,0.5482,$206.86M,-19.67
ENS-BAT,0.5482,$279.49M,-29.05
SAND-AR,0.5479,$241.24M,-24.99
EARNETH-TRUMP,0.5474,$504.33M,-26.18
PENGU-MON,0.5474,$619.91M,-34.76
NXM-SFP,0.5471,$189.60M,-22.55
GLIDR-XCN,0.5469,$231.04M,-27.55
ZK-ETHFI,0.5468,$484.24M,-22.87
LDO-PEANUT,0.5463,$487.73M,-12.64
CAKE-PEANUT,0.5462,$631.73M,-13.74
TKX-WIF,0.5461,$249.79M,-16.48
SEI-AXS,0.546,$430.24M,-33.51
DASH-PENGU,0.5458,$769.15M,-28.82
NXM-BAT,0.5457,$190.28M,-19.54
CVX-AXS,0.5454,$278.50M,-31.15
VET-BTT,0.5454,$648.43M,-27.17
1INCH-WIF,0.5451,$262.16M,-17.48
TKX-BORG,0.5441,$241.71M,-17.68
KMNO-WIF,0.5441,$244.36M,-16.32
SEI-STX,0.5437,$537.07M,-32.73
RAY-BSV,0.5436,$421.50M,-22.98
RAY-JASMY,0.5433,$374.59M,-25.44
1INCH-SYRUP,0.543,$323.06M,-22.09
LDO-TIA,0.543,$609.69M,-5.04
SEI-TKX,0.543,$390.00M,-18.36
TKX-SN64,0.5423,$193.43M,-17.64
TIA-PENGU,0.5421,$678.21M,-24.1
ENS-BSV,0.542,$434.56M,-23.93
NEO-BTT,0.5419,$393.25M,-24.38
EARNETH-FET,0.5417,$452.86M,-23.49
PYTH-PEANUT,0.5416,$505.90M,-18.0
LDO-SAND,0.5413,$428.38M,-22.05
1INCH-LDO,0.5412,$419.01M,-7.34
CAKE-WIF,0.5411,$593.53M,-13.52
SNX-VET,0.5405,$511.39M,-34.32
NXM-SEI,0.5404,$373.42M,-18.23
NXM-BORG,0.54,$225.14M,-17.55
SPX-FET,0.5396,$607.99M,-21.57
BORG-XCN,0.5394,$267.93M,-30.82
IOTA-FET,0.5391,$453.49M,-35.76
A-ETHFI,0.5385,$502.18M,-14.98
SPX-SFP,0.5384,$404.81M,-23.63
A-XCN,0.5379,$231.95M,-33.72
TIA-CAKE,0.5375,$753.68M,-6.14
STX-EIGEN,0.5375,$391.11M,-15.94
2Z-CAKE,0.5373,$649.53M,-16.66
BAT-AR,0.5372,$219.47M,-18.56
LDO-FLOKI,0.537,$501.71M,-19.15
ENS-BONK,0.537,$441.02M,-27.51
JASMY-XCN,0.5367,$341.25M,-30.15
BTT-FET,0.5366,$565.39M,-24.16
2Z-ZK,0.5365,$286.69M,-37.69
GLM-SFP,0.536,$197.49M,-33.6
BSV-BONK,0.536,$523.44M,-22.28
GRT-SNX,0.5359,$283.78M,-34.92
NXM-ETHFI,0.5358,$486.76M,-4.67
LDO-SYRUP,0.5358,$510.44M,-17.04
PEANUT-FET,0.5356,$490.46M,-26.91
ZK-IOTA,0.5355,$231.93M,-43.62
RAY-XPL,0.5355,$383.59M,-18.6
SAND-PYTH,0.5352,$446.55M,-27.4
STX-SYRUP,0.5352,$457.76M,-35.47
CVX-SYRUP,0.5339,$342.06M,-26.69
IMX-BAT,0.5338,$330.74M,-30.46
EARNETH-SN64,0.5335,$236.93M,-20.53
NXM-TIA,0.533,$393.36M,-8.97
EIGEN-FET,0.533,$446.51M,-11.78
CAKE-BAT,0.5329,$550.61M,-16.71
SPX-SEI,0.5328,$588.63M,-19.31
TIA-MANA,0.5328,$437.87M,-16.81
PENGU-A,0.5328,$474.01M,-35.57
WIF-MANA,0.5324,$277.73M,-24.19
RAY-BTT,0.5324,$422.48M,-22.38
ZK-BORG,0.5321,$222.62M,-35.75
NEO-SNX,0.5321,$256.21M,-31.53
ZK-KMNO,0.5318,$182.37M,-28.31
NXM-FET,0.5317,$392.79M,-20.48
EARNETH-AXS,0.5316,$290.63M,-28.44
SNX-ENS,0.5316,$298.51M,-30.48
VIRTUAL-SN64,0.5313,$459.56M,-22.27
VET-XPL,0.5312,$609.54M,-23.4
BORG-SN64,0.531,$228.26M,-24.92
SPX-AR,0.53,$418.13M,-10.24
TWT-PEANUT,0.5296,$333.00M,-19.52
IOTA-XCN,0.5295,$277.23M,-38.69
SPX-LDO,0.5289,$605.27M,-7.3
INJ-GALA,0.5285,$547.85M,-9.01
2Z-ENS,0.5284,$378.41M,-29.0
STX-MANA,0.5284,$381.90M,-32.48
1INCH-BAT,0.5281,$219.23M,-20.67
GRT-PYTH,0.5281,$482.70M,-25.52
IOTA-BTT,0.5281,$407.05M,-29.1
VIRTUAL-PYTH,0.5279,$690.93M,-16.33
PENDLE-SYRUP,0.5279,$457.90M,-19.66
AKT-SN64,0.5278,$218.38M,-20.32
INJ-NEO,0.5277,$593.01M,-2.73
GLM-PENGU,0.5277,$466.48M,-36.32
ENS-PYTH,0.5276,$497.43M,-21.08
BORG-STX,0.5275,$388.79M,-32.05
STX-PYTH,0.5274,$571.88M,-26.07
THETA-SYRUP,0.5272,$333.34M,-34.49
NXM-DASH,0.5267,$484.30M,-13.7
LDO-GALA,0.5267,$391.81M,-23.06
RAY-AR,0.5267,$279.06M,-17.71
VIRTUAL-SYRUP,0.5265,$576.82M,-25.72
ZK-SN64,0.5263,$174.34M,-35.71
ENS-BTT,0.5262,$435.54M,-23.33
PEANUT-AERO,0.5262,$598.91M,-14.36
CVX-CAKE,0.5261,$582.01M,-13.04
THETA-CHZ,0.5261,$270.23M,-52.12
GRT-SN64,0.526,$251.34M,-31.46
TKX-BSV,0.5258,$361.93M,-14.55
VIRTUAL-IOTA,0.5256,$517.14M,-30.18
SEI-TIA,0.5253,$593.04M,-17.05
LDO-VIRTUAL,0.5252,$672.77M,-10.97
SAND-SNX,0.5252,$247.62M,-36.8
IMX-JASMY,0.5251,$438.91M,-27.8
VIRTUAL-GLM,0.5251,$464.33M,-25.96
FLOKI-ETHFI,0.525,$598.40M,-17.61
VIRTUAL-A,0.5247,$471.86M,-25.21
BAT-SFP,0.5246,$206.15M,-31.95
TIA-TKX,0.5244,$409.93M,-9.1
EARNETH-BSV,0.5243,$405.43M,-17.44
TWT-VET,0.5243,$537.42M,-26.45
INJ-GRT,0.5242,$620.58M,-6.12
STX-PENDLE,0.524,$501.17M,-23.34
BAT-PEANUT,0.5237,$287.95M,-25.97
STX-MON,0.5234,$498.71M,-34.14
FLOKI-GLIDR,0.523,$299.89M,-27.21
THETA-ETHFI,0.523,$525.98M,-18.2
SAND-BAT,0.5229,$228.60M,-35.38
NXM-GLM,0.5228,$181.63M,-21.2
GRT-GRASS,0.5228,$377.21M,-18.22
BTT-PEANUT,0.5228,$444.01M,-20.25
SNX-SYRUP,0.5227,$329.68M,-31.79
JASMY-FET,0.5226,$517.51M,-27.22
2Z-TIA,0.5225,$508.83M,-18.31
VIRTUAL-CHZ,0.5225,$513.71M,-43.36
1INCH-JASMY,0.5224,$327.40M,-18.01
MET-PEANUT,0.5224,$273.95M,-9.19
LDO-FLUID,0.5223,$389.48M,-18.56
CAKE-XCN,0.5219,$576.85M,-20.59
IMX-COMP,0.5217,$386.65M,-32.76
SEI-PYTH,0.5215,$607.91M,-19.65
XTZ-USDZ,0.5214,$352.86M,-22.84
CAKE-FLOKI,0.5213,$645.70M,-20.25
EARNETH-CRCLON,0.5209,$239.79M,-26.59
IMX-LDO,0.5207,$530.52M,-17.13
PENGU-SFP,0.5204,$474.45M,-37.67
NXM-AXS,0.5203,$230.56M,-25.43
ZK-XPL,0.5201,$304.94M,-28.25
TIA-PEANUT,0.5198,$491.03M,-15.4
VIRTUAL-GLIDR,0.5198,$470.95M,-19.03
WIF-SYRUP,0.5198,$353.59M,-27.18
RAY-BAT,0.5198,$266.42M,-28.1
SPX-SYRUP,0.5197,$509.32M,-22.05
CVX-MANA,0.5194,$266.20M,-23.7
GRT-BTT,0.5193,$420.82M,-27.78
EARNETH-DASH,0.5189,$544.38M,-16.71
GRT-BAT,0.5189,$264.76M,-33.5
NEO-PENDLE,0.5189,$384.43M,-19.4
RAY-AERO,0.5186,$577.38M,-16.49
1INCH-COMP,0.5185,$275.14M,-22.97
TIA-PENDLE,0.518,$557.14M,-7.67
AKT-SAND,0.518,$253.58M,-28.79
KMNO-VET,0.5177,$486.98M,-23.46
GRT-JASMY,0.5176,$372.93M,-30.83
FLOKI-EIGEN,0.5175,$339.10M,-14.38
AXS-STX,0.5173,$394.21M,-39.93
AKT-JASMY,0.5172,$339.98M,-19.69
ENS-EIGEN,0.5169,$316.66M,-10.95
BORG-BSV,0.5168,$396.76M,-21.83
SPX-JASMY,0.5166,$513.66M,-17.97
EIGEN-VET,0.5166,$529.55M,-14.79
FLOKI-SFP,0.5163,$301.24M,-35.49
IMX-BTT,0.5161,$486.79M,-24.74
CAKE-STX,0.516,$697.71M,-21.82
TKX-CRCLON,0.5158,$196.29M,-23.71
2Z-PEANUT,0.5157,$386.87M,-25.91
GALA-GLIDR,0.5156,$190.00M,-31.12
SPX-PYTH,0.5151,$623.44M,-12.66
VIRTUAL-KMNO,0.5151,$467.59M,-14.87
TIA-SYRUP,0.515,$513.74M,-19.79
WIF-SFP,0.515,$249.08M,-28.76
FLUID-RAY,0.5149,$249.29M,-31.05
RAY-BONK,0.5149,$427.95M,-26.55
INJ-CVX,0.5148,$594.05M,2.11
CAKE-BTT,0.5148,$706.66M,-10.99
STX-BTT,0.5147,$509.99M,-28.32
LDO-A,0.5142,$405.49M,-16.52
GRT-SYRUP,0.5138,$368.59M,-34.92
ETHFI-AR,0.5134,$515.95M,-3.69
AKT-VET,0.5133,$517.35M,-26.3
TKX-GLM,0.5132,$198.20M,-21.33
EARNETH-JASMY,0.5131,$358.53M,-19.89
GALA-SN64,0.5131,$178.61M,-34.36
TKX-AXS,0.5128,$247.13M,-25.56
TKX-FET,0.5127,$409.36M,-20.61
PEANUT-SFP,0.5127,$287.27M,-28.98
SPX-IOTA,0.5126,$449.65M,-26.51
1INCH-2Z,0.5126,$318.15M,-20.61
CVX-BSV,0.5126,$393.31M,-20.14
VET-BONK,0.5124,$653.90M,-31.35
AERO-XCN,0.5123,$544.03M,-21.21
PEANUT-BSV,0.5122,$443.03M,-20.85
IMX-AERO,0.5121,$641.69M,-18.85
1INCH-SNX,0.5119,$238.25M,-22.09
USDTB-FLUID,0.5118,$441.81M,-17.42
EARNETH-GLM,0.5114,$241.70M,-24.21
VIRTUAL-EIGEN,0.5113,$510.16M,-6.2
EIGEN-AR,0.5113,$256.65M,-0.45
A-SN64,0.5112,$192.28M,-27.82
EARNETH-PENDLE,0.5111,$397.59M,-11.85
VIRTUAL-ETHFI,0.5109,$769.46M,-9.43
SPX-MON,0.5107,$550.27M,-20.72
PENDLE-THETA,0.5105,$376.74M,-22.36
PYTH-XCN,0.5105,$451.02M,-24.84
MON-SYRUP,0.5105,$455.44M,-30.46
SAND-BSV,0.5104,$383.68M,-30.26
IOTA-JASMY,0.5101,$359.16M,-32.16
ENS-SYRUP,0.51,$383.32M,-30.48
GALA-XPL,0.5099,$309.20M,-26.89
IMX-CHZ,0.5098,$371.46M,-49.52
SPX-MANA,0.5098,$433.46M,-19.06
IOTA-A,0.5098,$249.86M,-35.72
ZK-CHZ,0.5096,$228.49M,-56.8
NXM-JASMY,0.5095,$298.46M,-16.88
FLOKI-BTT,0.5094,$457.98M,-26.76
DASH-CARDS,0.5094,$666.30M,0.83
PENGU-ETHFI,0.5093,$771.61M,-19.8
WIF-XPL,0.5092,$366.93M,-16.25
VIRTUAL-GRASS,0.5089,$585.44M,-9.03
A-JASMY,0.5082,$313.88M,-27.19
1INCH-MANA,0.5079,$247.20M,-19.1
NXM-PENDLE,0.5078,$337.52M,-8.84
CVX-VIRTUAL,0.5074,$504.38M,-20.62
PYTH-AR,0.5074,$437.41M,-10.58
FLOKI-SYRUP,0.5073,$405.76M,-33.9
STRCX-APYUSD,0.5073,$298.92M,-8.99
TKX-DASH,0.5071,$500.88M,-13.83
GLM-FLOKI,0.5071,$293.27M,-34.14
A-XPL,0.5071,$322.88M,-20.35
ZK-SYRUP,0.507,$291.60M,-39.17
SAND-EIGEN,0.5069,$265.78M,-17.27
RAY-MET,0.5069,$252.42M,-11.32
SNX-GLIDR,0.5065,$223.82M,-25.1
IOTA-WIF,0.5063,$293.92M,-31.63
CVX-TIBBIR,0.5062,$241.30M,-23.19
STX-BAT,0.5062,$353.93M,-34.04
CVX-FET,0.506,$440.73M,-26.2
2Z-IOTA,0.5059,$349.91M,-34.76
TIA-JASMY,0.5051,$518.08M,-15.71
ZK-SNX,0.505,$206.79M,-39.17
SEI-CVX,0.5049,$421.37M,-23.95
TIA-SNX,0.5048,$428.93M,-19.79
VIRTUAL-AXS,0.5048,$513.26M,-30.19
2Z-FLOKI,0.5046,$400.84M,-32.42
TKX-SFP,0.5043,$206.17M,-22.68
SPX-GLIDR,0.5041,$403.46M,-15.36
EARNETH-DCR,0.5038,$349.72M,-24.48
KMNO-THETA,0.5038,$224.11M,-23.63
1INCH-PYTH,0.5036,$437.18M,-12.69
FLOKI-SNX,0.5033,$320.94M,-33.9
THETA-AERO,0.5032,$540.47M,-21.46
TIA-IOTA,0.5031,$454.07M,-24.25
GALA-SYRUP,0.5031,$295.86M,-37.81
PEANUT-AR,0.5031,$300.59M,-15.59
VIRTUAL-AKT,0.503,$497.96M,-17.71
GLM-RAY,0.503,$257.77M,-29.75
SPX-AERO,0.5029,$716.45M,-9.02
LDO-WIF,0.5028,$449.54M,-12.42
SAND-SYRUP,0.5028,$332.44M,-36.8
SEI-WIF,0.5027,$432.90M,-24.43
SNX-STX,0.5026,$372.95M,-35.47
INJ-PEANUT,0.5025,$643.77M,1.41
GOMINING-VET,0.5019,$504.52M,-20.08
AERO-BONK,0.5019,$679.32M,-15.79
1INCH-ETHFI,0.5016,$515.71M,-5.8
PEANUT-JASMY,0.5016,$396.12M,-23.31
IMX-DASH,0.5015,$624.76M,-24.62
2Z-WIF,0.5014,$348.68M,-25.7
ETHFI-PEANUT,0.5013,$584.43M,-11.1
CVX-FLUID,0.5012,$221.10M,-28.21
CAKE-SN64,0.5012,$537.18M,-14.68
PENGU-COMP,0.501,$531.04M,-36.97
SEI-XCN,0.5009,$416.21M,-31.5
AKT-GALA,0.5007,$217.01M,-29.8
LDO-MANA,0.5006,$434.58M,-14.05
NXM-SN64,0.5005,$176.86M,-17.51
GLM-PEANUT,0.5005,$279.30M,-27.62
LDO-SFP,0.5004,$405.93M,-18.62
VIRTUAL-CAKE,0.5004,$816.76M,-12.07
TIA-SFP,0.5001,$409.22M,-21.38
GLM-STX,0.5001,$345.28M,-35.7
MANA-AERO,0.5001,$545.76M,-15.77
SPX-CAKE,0.5,$749.27M,-8.4
TWT-ENS,0.4998,$324.54M,-22.61
AXS-FLOKI,0.4998,$342.20M,-38.37
1INCH-BSV,0.4997,$374.31M,-15.55
PENGU-AR,0.4996,$487.77M,-24.28
KMNO-RAY,0.4992,$261.03M,-18.67
LDO-PENGU,0.4991,$674.91M,-21.34
SEI-IOTA,0.4989,$434.13M,-33.5
INJ-VIRTUAL,0.4986,$828.80M,3.08
1INCH-INJ,0.4985,$575.05M,6.71
GLM-FET,0.4983,$400.68M,-31.53
PENDLE-PEANUT,0.4983,$435.19M,-15.27
NEO-AERO,0.4981,$548.15M,-18.5
TKX-MON,0.498,$351.64M,-19.77
PYTH-SFP,0.4979,$424.09M,-23.97
TIA-SN64,0.4978,$396.48M,-16.34
USDTB-GNO,0.4973,$638.17M,-6.87
VIRTUAL-XPL,0.4969,$590.16M,-14.8
AXS-FET,0.4969,$449.61M,-35.76
MON-PEANUT,0.4969,$432.73M,-26.06
GALA-CHZ,0.4967,$232.75M,-55.44
ETHFI-BAT,0.4963,$503.31M,-14.07
IMX-GLIDR,0.4962,$328.70M,-25.19
WIF-JASMY,0.4961,$357.93M,-23.09
CVX-GLM,0.4957,$229.58M,-26.92
NEO-SYRUP,0.4957,$341.02M,-31.53
LDO-STX,0.4956,$553.71M,-20.71
GRT-XPL,0.4956,$381.93M,-24.0
SAND-BTT,0.4956,$384.66M,-29.66
SEI-2Z,0.4954,$488.89M,-27.57
IOTA-SYRUP,0.4953,$354.82M,-36.24
NXM-BSV,0.4952,$345.36M,-14.42
TWT-TRUMP,0.4951,$505.86M,-26.12
WIF-BAT,0.4951,$249.76M,-25.75
PENGU-PYTH,0.495,$693.08M,-26.69
SAND-SN64,0.4949,$215.18M,-33.35
ENS-XPL,0.4949,$396.66M,-19.56
PENGU-BTT,0.4948,$631.19M,-28.95
BORG-SYRUP,0.4948,$345.52M,-28.37
EARNETH-MON,0.4947,$395.14M,-22.65
CVX-BTT,0.4946,$394.29M,-19.54
GLM-GALA,0.4944,$183.38M,-38.04
THETA-COMP,0.4944,$285.42M,-35.37
SYRUP-XCN,0.4944,$336.91M,-34.24
BSV-XCN,0.4944,$388.15M,-27.69
CVX-MON,0.4943,$383.01M,-25.36
PENGU-MANA,0.4941,$503.10M,-33.1
A-FET,0.4941,$408.21M,-30.79
NEO-BSV,0.4939,$392.27M,-24.99
SPX-AXS,0.4938,$445.76M,-26.51
INJ-XCN,0.4935,$588.89M,-5.44
GRT-KMNO,0.4935,$259.37M,-24.07
ETHFI-JASMY,0.4935,$611.48M,-11.41
TKX-DCR,0.4933,$306.22M,-21.6
SPX-AKT,0.4929,$430.47M,-14.04
MANA-PEANUT,0.4929,$315.92M,-24.41
SYRUP-BSV,0.4928,$465.74M,-25.25
FLOKI-BAT,0.4927,$301.92M,-32.48
2Z-SFP,0.4925,$305.07M,-31.89
ZK-EIGEN,0.4925,$224.95M,-19.64
TKX-PENDLE,0.4924,$354.09M,-8.97
1INCH-BTT,0.4922,$375.29M,-14.95
1INCH-AR,0.4922,$231.87M,-10.28
2Z-MON,0.4922,$450.53M,-28.98
IMX-BORG,0.492,$365.59M,-28.47
SEI-BORG,0.492,$424.82M,-25.63
EARNETH-AKT,0.4918,$275.34M,-15.96
A-MANA,0.4918,$233.67M,-28.28
A-GLIDR,0.4916,$203.67M,-24.58
NXM-CRCLON,0.4915,$179.72M,-23.58
CVX-SN64,0.4915,$224.81M,-23.23
GALA-SFP,0.4915,$191.35M,-39.39
TKX-FARTCOIN,0.4914,$226.45M,-19.56
TWT-SFP,0.4914,$251.20M,-25.5
AXS-WIF,0.4914,$290.03M,-31.64
STX-SFP,0.4914,$353.25M,-37.05
LDO-PENDLE,0.4912,$553.85M,-4.91
AKT-RAY,0.4912,$291.40M,-21.51
AKT-EURC,0.491,$578.43M,-9.27
PENDLE-VET,0.491,$639.61M,-22.19
1INCH-BORG,0.4907,$254.09M,-18.68
FLUID-THETA,0.4907,$212.38M,-36.01
TWT-XCN,0.4906,$278.13M,-26.37
LDO-ETHFI,0.4905,$703.09M,-0.74
SPX-GRASS,0.4904,$517.94M,-5.36
LDO-NEO,0.4903,$436.97M,-16.78
AKT-PEANUT,0.4902,$312.93M,-19.38
THETA-BTT,0.4899,$385.57M,-27.34
TKX-JASMY,0.4898,$315.03M,-17.01
INJ-A,0.4895,$561.52M,-2.47
DCR-SNX,0.4894,$325.21M,-32.29
GALA-PENDLE,0.4892,$339.27M,-25.69
WIF-PYTH,0.4892,$467.70M,-17.78
VET-TRUMP,0.4892,$746.35M,-36.52
TIA-ETHFI,0.4889,$706.38M,-3.5
GLM-SNX,0.4888,$217.20M,-32.02
A-BTT,0.4888,$361.76M,-24.13
EDGE-AVUSD,0.4886,$251.95M,-25.3
LDO-KMNO,0.4885,$401.22M,-6.18
NXM-MET,0.4884,$176.29M,-2.76
KMNO-GALA,0.4881,$186.64M,-26.96
TIA-PYTH,0.488,$627.85M,-10.4
VIRTUAL-TIBBIR,0.4879,$476.05M,-22.22
AKT-XCN,0.4879,$258.05M,-26.22
DASH-RAY,0.4879,$560.44M,-22.25
MANA-XCN,0.4879,$261.04M,-31.25
LDO-EIGEN,0.4875,$443.79M,2.49
KAU-KAG,0.4874,$522.00M,-15.01
EIGEN-THETA,0.4874,$266.68M,-14.96
IMX-INJ,0.4873,$686.56M,-3.08
CVX-ZRO,0.487,$419.57M,-31.07
GALA-BAT,0.487,$192.03M,-36.39
AXS-XCN,0.4868,$273.35M,-38.7
FLOKI-SN64,0.4868,$288.50M,-30.45
ZRO-GLM,0.4865,$379.52M,-36.4
AXS-IOTA,0.4864,$291.26M,-40.7
PENGU-GRASS,0.4863,$587.59M,-19.39
SEI-PENGU,0.4861,$658.27M,-33.35
STX-AR,0.4861,$366.57M,-23.66
FLUID-SYRUP,0.4859,$293.53M,-33.31
SNX-IOTA,0.4859,$270.01M,-36.24
SEI-CAKE,0.4858,$733.74M,-15.4
WIF-GRASS,0.4857,$362.21M,-10.48
GLM-BSV,0.4855,$353.25M,-25.48
INJ-AKT,0.4853,$587.63M,5.03
INJ-ENS,0.4853,$635.31M,-1.68
CVX-AKT,0.4851,$263.21M,-18.67
PENDLE-GLIDR,0.4851,$352.03M,-12.97
AKT-IOTA,0.4848,$275.97M,-28.23
DASH-WIF,0.4847,$543.78M,-19.91
SPX-SN64,0.4846,$392.07M,-18.6
2Z-GLIDR,0.4846,$303.72M,-23.62
BORG-GLIDR,0.4846,$239.65M,-21.68
THETA-GRASS,0.4845,$341.96M,-17.79
EURC-PYTH,0.4842,$771.40M,-7.89
1INCH-TWT,0.4841,$264.28M,-14.22
VET-COMP,0.484,$548.28M,-35.2
INJ-ZK,0.4839,$543.59M,-10.37
CAKE-BSV,0.4836,$705.68M,-11.6
COMP-SFP,0.4836,$262.06M,-34.25
NXM-MON,0.4834,$335.06M,-19.64
TIA-GLIDR,0.4833,$407.87M,-13.1
1INCH-MON,0.4832,$364.01M,-20.76
KMNO-STX,0.4832,$348.54M,-24.61
BSV-FET,0.4832,$564.41M,-24.76
AKT-GLIDR,0.4831,$229.78M,-17.08
NXM-TIBBIR,0.4828,$193.36M,-17.47
ZK-PENDLE,0.4824,$335.00M,-27.04
1INCH-PENDLE,0.4823,$366.47M,-9.97
VIRTUAL-BTT,0.4821,$629.04M,-18.58
GALA-ETHFI,0.4816,$488.51M,-21.52
RAY-SFP,0.4811,$265.74M,-31.1
SN64-AR,0.4811,$206.05M,-16.53
LDO-PYTH,0.4809,$624.56M,-7.64
SNX-GALA,0.4809,$211.05M,-37.81
LDO-CAKE,0.4806,$750.39M,-3.39
SPX-BORG,0.4804,$440.35M,-18.64
SAND-JASMY,0.4802,$336.77M,-32.72
SNX-EIGEN,0.4802,$263.03M,-12.26
AKT-SNX,0.4797,$250.83M,-23.77
NXM-AR,0.4796,$202.92M,-9.16
EARNETH-AR,0.4796,$263.00M,-12.17
THETA-GLIDR,0.4795,$227.48M,-27.8
AKT-TKX,0.4793,$231.84M,-13.08
EARNETH-EIGEN,0.4792,$287.53M,-4.45
FLOKI-JASMY,0.4792,$410.10M,-29.82
PENGU-MET,0.4792,$461.13M,-17.89
EARNETH-COMP,0.4789,$306.27M,-24.86
SNX-PENGU,0.4786,$494.15M,-36.09
DASH-CRCLON,0.4786,$490.29M,-27.13
WIF-CHZ,0.4786,$290.48M,-44.81
EARNETH-PYTH,0.4785,$468.30M,-14.58
ZK-MET,0.4784,$173.77M,-20.96
XEC-BSV,0.4784,$377.95M,-17.78
IOTA-MANA,0.4783,$278.96M,-33.25
BONK-TRUMP,0.4783,$622.34M,-31.02
CVX-XCN,0.4779,$264.47M,-29.14
GLM-IOTA,0.4779,$242.34M,-36.47
1INCH-AKT,0.4777,$244.21M,-14.08
TKX-TIBBIR,0.4775,$209.93M,-17.6
KMNO-PENGU,0.4775,$469.74M,-25.24
GRASS-AERO,0.4773,$630.24M,-2.06
IMX-SNX,0.4772,$349.76M,-31.88
1INCH-DASH,0.4771,$513.25M,-14.82
ZRO-VET,0.4771,$673.71M,-38.7
WIF-SN64,0.4771,$236.34M,-23.72
TKX-EURC,0.477,$553.48M,-6.6
GLM-AR,0.477,$210.82M,-20.21
BAT-FET,0.4768,$409.33M,-29.88
GLIDR-BAT,0.4766,$204.80M,-23.67
FLUID-NEO,0.4765,$220.06M,-33.05
GRT-AERO,0.4763,$575.72M,-21.89
PENGU-PENDLE,0.4762,$622.37M,-23.97
CVX-TIA,0.4758,$441.31M,-14.69
FLUID-VET,0.4758,$475.24M,-35.84
NXM-2Z,0.4757,$289.21M,-19.49
SAND-ETHFI,0.4749,$525.08M,-20.51
ENS-PENDLE,0.4749,$426.72M,-18.35
AXS-A,0.4747,$245.98M,-35.73
STRK-PENDLE,0.4745,$439.86M,-18.22
BORG-MANA,0.4744,$269.65M,-25.39
EARNETH-MANA,0.4743,$278.33M,-20.99
1INCH-BONK,0.474,$380.76M,-19.12
PENGU-BONK,0.474,$636.66M,-33.12
STX-GRASS,0.474,$466.39M,-18.77
GALA-MON,0.4736,$336.81M,-36.48
2Z-AR,0.4735,$318.39M,-18.5
IMX-XPL,0.4732,$447.91M,-20.96
EARNETH-EURC,0.4732,$596.98M,-9.48
GRT-BONK,0.4732,$426.29M,-31.95
RAY-TRUMP,0.4731,$520.40M,-31.72
2Z-CVX,0.4729,$337.15M,-25.21
EARNETH-2Z,0.4728,$349.28M,-22.5
NXM-COMP,0.4725,$246.20M,-21.85
SEI-AERO,0.4725,$700.93M,-16.02
BORG-BAT,0.4721,$241.68M,-26.95
NEO-KMNO,0.4719,$231.80M,-20.68
ZK-GRASS,0.4718,$300.22M,-22.47
SN64-BTT,0.4717,$349.46M,-21.19
CAKE-A,0.4716,$549.48M,-17.62
NXM-FARTCOIN,0.4714,$209.88M,-19.43
INJ-RAY,0.4712,$622.24M,-0.72
USDA-ONYC,0.4708,$342.38M,1.68
NXM-EIGEN,0.4707,$227.46M,-1.44
GLIDR-COMP,0.4704,$260.71M,-25.98
APXUSD-FARTCOIN,0.4703,$418.07M,-20.59
GRT-CHZ,0.4699,$305.48M,-52.55
FLOKI-PYTH,0.4699,$519.87M,-24.51
GLM-AERO,0.4697,$509.14M,-18.99
GALA-EIGEN,0.4696,$229.21M,-18.28
BORG-AR,0.4696,$254.32M,-16.57
TKX-AR,0.4694,$219.50M,-9.29
VIRTUAL-BORG,0.4693,$507.84M,-22.31
IMX-AKT,0.4692,$355.71M,-23.87
NXM-AKT,0.4692,$215.26M,-12.95
PENDLE-MON,0.4692,$498.85M,-18.33
GRT-PENDLE,0.469,$412.00M,-22.79
AKT-WIF,0.469,$274.74M,-19.16
ZK-JASMY,0.469,$295.94M,-35.08
NEO-EIGEN,0.469,$274.37M,-12.0
PEANUT-EURCV,0.4689,$333.97M,-12.98
EARNETH-TIBBIR,0.4688,$253.43M,-20.48
COMP-XCN,0.4688,$288.98M,-35.12
INJ-SAND,0.4687,$584.42M,-8.0
ETHFI-GLIDR,0.4687,$501.27M,-8.8
CAKE-SYRUP,0.4686,$654.44M,-18.14
CAKE-BONK,0.4686,$712.14M,-15.17
NEO-COMP,0.4686,$293.10M,-32.41
KMNO-MET,0.4686,$187.44M,-2.73
2Z-A,0.4683,$304.63M,-29.79
INJ-VET,0.4681,$848.19M,-5.52
INJ-GLM,0.4679,$554.00M,-3.22
ZK-AERO,0.4679,$498.73M,-26.14
AXS-SFP,0.4679,$246.42M,-37.83
EIGEN-A,0.4679,$242.88M,-11.74
CVX-BORG,0.4677,$273.09M,-23.27
SEI-AKT,0.4674,$414.95M,-21.03
INJ-FLOKI,0.4672,$657.74M,-5.1
2Z-SN64,0.4672,$292.33M,-26.85
AKT-AR,0.4666,$244.45M,-11.97
ZRO-A,0.4663,$387.04M,-35.65
AR-XPL,0.4663,$336.64M,-9.06
SNX-PEANUT,0.466,$306.97M,-27.39
USAT-USDAI,0.466,$342.67M,-0.11
IMX-KMNO,0.4659,$325.34M,-21.03
2Z-TKX,0.4659,$305.78M,-19.62
BORG-A,0.4659,$240.56M,-27.86
CVX-GRASS,0.4658,$350.68M,-9.99
GLIDR-SFP,0.4655,$204.11M,-26.68
BTT-JASMY,0.4655,$471.06M,-20.56
AKT-ENS,0.4654,$304.46M,-22.46
ZK-BAT,0.4652,$187.77M,-37.74
ENS-JASMY,0.4652,$387.66M,-26.39
VET-JASMY,0.4652,$600.54M,-30.23
SEI-GLIDR,0.465,$387.94M,-22.36
CRCLON-PEANUT,0.4646,$277.39M,-30.0
EARNETH-MET,0.4645,$236.36M,-5.78
KMNO-SFP,0.4645,$200.75M,-22.52
GALA-AERO,0.4644,$502.99M,-24.78
SNX-FET,0.4641,$428.35M,-31.3
GLIDR-CRCLON,0.464,$194.24M,-27.71
SEI-BAT,0.4635,$389.97M,-27.62
TIA-XPL,0.4635,$527.08M,-8.87
ZK-BTT,0.4635,$343.83M,-32.02
TWT-EURCV,0.4633,$297.90M,-9.5
LDO-AR,0.4629,$419.25M,-5.23
IMX-MON,0.4628,$475.52M,-30.55
A-BSV,0.4628,$360.78M,-24.73
TIA-KMNO,0.4627,$404.51M,-8.94
SAND-CHZ,0.4627,$269.33M,-54.43
TKX-MET,0.4626,$192.86M,-2.89
1INCH-TRUMP,0.4622,$473.21M,-24.29
CVX-BAT,0.4618,$238.23M,-25.26
OZO-VCNT,0.4617,$289.74M,-2.45
RAY-GRASS,0.4617,$378.87M,-12.82
NXM-DCR,0.4611,$289.65M,-21.47
ENS-GRASS,0.4611,$391.94M,-13.78
CAKE-MANA,0.461,$578.58M,-15.15
ZK-DASH,0.4606,$481.79M,-31.9
BTT-BAT,0.4606,$362.89M,-23.22
TWT-BAT,0.4605,$251.88M,-22.5
PYTH-SN64,0.4605,$411.35M,-18.94
INJ-TKX,0.4603,$562.68M,7.7
AR-JASMY,0.4603,$327.64M,-15.9
NXM-PYTH,0.4602,$408.23M,-11.57
NXM-EURC,0.4598,$536.91M,-6.47
IMX-FLUID,0.4597,$313.61M,-33.41
NXM-ZBCN,0.4597,$264.14M,-26.64
SPX-FLUID,0.4597,$388.36M,-23.58
ENS-AERO,0.4597,$590.44M,-17.45
PENGU-BAT,0.4594,$475.13M,-34.67
KMNO-EIGEN,0.4584,$238.61M,-1.41
CVX-AERO,0.4583,$549.19M,-13.66
1INCH-GRASS,0.4582,$331.69M,-5.39
EARNETH-GRASS,0.4579,$362.81M,-7.28
BAT-XCN,0.4578,$233.07M,-32.81
AXS-BORG,0.4577,$281.96M,-32.84
VET-MET,0.4576,$478.37M,-16.11
IMX-PENDLE,0.4575,$477.97M,-19.76
STRK-CRCLON,0.4574,$282.06M,-32.96
VIRTUAL-SFP,0.4571,$472.30M,-27.31
AKT-PENGU,0.457,$500.11M,-28.08
VSN-1INCH,0.4568,$266.71M,-15.92
CVX-TWT,0.4565,$283.28M,-18.82
MANA-BAT,0.4564,$234.80M,-27.38
2Z-PYTH,0.4563,$523.70M,-20.91
TIA-AXS,0.4562,$450.18M,-24.26
PENGU-SN64,0.4562,$461.71M,-32.64
TKX-EIGEN,0.456,$244.03M,-1.57
PYTH-JASMY,0.456,$532.95M,-18.31
ETHFI-BTT,0.4559,$659.36M,-8.35
PIEVERSE-BSV,0.4558,$440.58M,-10.51
DASH-PEANUT,0.4557,$581.97M,-20.13
CHZ-COMP,0.4557,$303.46M,-50.3
PENGU-BSV,0.4555,$630.21M,-29.55
NXM-MANA,0.455,$218.25M,-17.98
AR-SFP,0.4546,$218.79M,-21.56
NEO-XPL,0.4543,$354.36M,-20.61
THETA-BSV,0.4542,$384.58M,-27.95
NEO-CHZ,0.4541,$277.91M,-49.16
SPX-INJ,0.4537,$761.31M,6.75
INJ-PENGU,0.4537,$830.95M,-7.29
STX-CHZ,0.4535,$394.66M,-53.1
INJ-EARNETH,0.4534,$606.18M,4.82
AR-XCN,0.4533,$245.71M,-22.43
EARNETH-FARTCOIN,0.4531,$269.95M,-22.45
DASH-GALA,0.4531,$486.05M,-30.54
A-SYRUP,0.4531,$309.54M,-31.27
PEANUT-XPL,0.4529,$405.12M,-16.47
GRT-TWT,0.4528,$309.81M,-27.05
EARNETH-XPL,0.4526,$367.53M,-13.06
2Z-PENDLE,0.4526,$452.99M,-18.18
SYRUP-JASMY,0.4526,$418.83M,-27.7
IMX-GRASS,0.4523,$443.19M,-15.19
AKT-EIGEN,0.4521,$268.99M,-4.25
EIGEN-RAY,0.4521,$303.60M,-9.99
GLIDR-AERO,0.4519,$515.76M,-12.07
CAKE-IOTA,0.4518,$594.77M,-22.59
SAND-MET,0.4515,$214.60M,-18.6
SPX-DASH,0.4514,$699.51M,-14.79
ZBCN-GRASS,0.4512,$393.14M,-20.77
CAKE-DASH,0.4512,$844.63M,-10.87
STRK-AIAT,0.451,$307.19M,-6.68
COMP-PEANUT,0.451,$343.86M,-28.27
2Z-GALA,0.4509,$290.95M,-36.33
FLUID-GALA,0.4509,$174.90M,-39.34
CVX-CRCLON,0.4507,$227.67M,-29.3
FLOKI-CHZ,0.4505,$342.65M,-51.54
AKT-PYTH,0.4504,$449.75M,-14.38
CAKE-PYTH,0.45,$768.55M,-8.74
KMNO-JASMY,0.4499,$309.61M,-16.85
TIA-GLM,0.4496,$401.25M,-20.03
VIRTUAL-MANA,0.4496,$500.95M,-22.74
SPX-CHZ,0.4495,$446.21M,-39.69
2Z-ETHFI,0.4494,$602.23M,-14.02
GLM-MANA,0.4494,$226.15M,-29.03
TKX-PYTH,0.4493,$424.80M,-11.7
CAKE-GRASS,0.4493,$663.06M,-1.44
TKX-EURCV,0.4491,$252.88M,-6.68
DASH-SN64,0.4489,$487.43M,-21.07
SEI-CHZ,0.4485,$430.69M,-46.68
TWT-AR,0.4484,$264.52M,-12.11
VSN-VET,0.4483,$539.85M,-28.15
LDO-SEI,0.4483,$589.75M,-14.3
TKX-COMP,0.4482,$262.77M,-21.98
CAKE-COMP,0.4481,$606.52M,-19.02
ZRO-WIF,0.448,$431.10M,-31.56
TIA-GRASS,0.4479,$522.36M,-3.1
NXM-WFI,0.4478,$261.41M,-6.15
EARNETH-FLUID,0.4478,$233.23M,-25.5
STX-BSV,0.4478,$509.01M,-28.92
TKX-GRASS,0.4476,$319.31M,-4.4
IOTA-CRCLON,0.4475,$240.43M,-38.85
THETA-XPL,0.4475,$346.68M,-23.57
FLOKI-BONK,0.4474,$463.45M,-30.93
SPX-GLM,0.4473,$396.84M,-22.28
AKT-PENDLE,0.4472,$379.04M,-11.65
SN64-BAT,0.4472,$193.41M,-26.91
NEO-GRASS,0.4469,$349.64M,-14.83
SNX-THETA,0.4468,$248.53M,-34.49
WIF-GLIDR,0.4468,$247.73M,-20.48
INJ-CHZ,0.4465,$603.37M,-20.62
CHZ-PEANUT,0.4465,$328.68M,-45.03
SFP-AERO,0.4465,$517.10M,-20.34
SN64-ETHFI,0.4462,$489.88M,-12.04
AKT-BORG,0.446,$266.66M,-20.36
ZBCN-JASMY,0.4459,$388.86M,-33.38
FLUID-ENS,0.4458,$262.36M,-32.0
EIGEN-XCN,0.4458,$270.25M,-14.71
2Z-DASH,0.4457,$599.77M,-23.04
FARTCOIN-WIF,0.4456,$269.35M,-25.64
TIBBIR-NEO,0.4452,$240.26M,-28.03
LDO-BTT,0.445,$562.67M,-9.89
2Z-XCN,0.4448,$331.99M,-32.76
VIRTUAL-DASH,0.4446,$767.00M,-18.46
AXS-MET,0.4446,$233.10M,-18.05
EURC-PEANUT,0.4446,$634.57M,-12.89
KMNO-ENS,0.4444,$274.09M,-19.62
WIF-ETHFI,0.4444,$546.23M,-10.88
CVX-XPL,0.4442,$355.40M,-15.77
DASH-VET,0.4438,$786.39M,-27.05
PENGU-EIGEN,0.4437,$512.31M,-16.56
KMNO-FLOKI,0.4436,$296.53M,-23.05
GALA-BSV,0.4434,$347.11M,-31.27
ENS-MON,0.4433,$424.27M,-29.15
NEO-DASH,0.4432,$531.21M,-24.26
DRV-EARNETH,0.4429,$249.59M,0.28
KMNO-IOTA,0.4429,$245.60M,-25.39
IOTA-ETHFI,0.4429,$547.47M,-19.95
SAND-DASH,0.4428,$522.62M,-29.53
IOTA-PYTH,0.4427,$468.94M,-26.84
NEO-MON,0.4426,$381.97M,-30.2
LDO-DASH,0.4424,$700.63M,-9.77
PENDLE-A,0.4424,$352.94M,-19.15
NXM-FLUID,0.4423,$173.16M,-22.49
GALA-BTT,0.4423,$348.09M,-30.67
VIRTUAL-MET,0.4422,$458.99M,-7.52
GRASS-FET,0.442,$521.79M,-14.61
ENS-EURC,0.4419,$626.11M,-15.98
NXM-GRASS,0.4417,$302.74M,-4.27
INJ-BAT,0.4415,$562.65M,-1.56
1INCH-KMNO,0.4414,$213.84M,-11.24
KMNO-BORG,0.441,$236.29M,-17.52
AERO-TRUMP,0.4408,$771.76M,-20.96
PYTH-FET,0.4406,$627.28M,-21.91
SYRUP-BONK,0.4404,$472.19M,-28.82
AKT-BAT,0.4403,$231.81M,-22.35
1INCH-XPL,0.4401,$336.40M,-11.17
PENDLE-SN64,0.4399,$340.64M,-16.21
LUNC-PENGU,0.4398,$650.62M,-40.46
AXS-PYTH,0.4398,$465.05M,-26.85
CAKE-FLUID,0.4397,$533.48M,-19.66
KMNO-PYTH,0.4397,$419.38M,-11.54
CVX-KMNO,0.4394,$232.84M,-15.83
GRT-BSV,0.4393,$419.84M,-28.38
TWT-FLOKI,0.4392,$346.98M,-26.04
BORG-EIGEN,0.4391,$278.86M,-8.85
PENDLE-CRCLON,0.4391,$343.50M,-22.27
CVX-BONK,0.439,$399.76M,-23.72
TWT-BONK,0.4389,$413.41M,-20.95
GRASS-XCN,0.4389,$345.53M,-17.54
ZK-TIBBIR,0.4387,$190.84M,-35.67
FLOKI-MON,0.4387,$446.70M,-32.57
FLOKI-AERO,0.4385,$612.88M,-20.87
GLIDR-BSV,0.4383,$359.88M,-18.55
VIRTUAL-FARTCOIN,0.4381,$492.58M,-24.19
AKT-FLOKI,0.4381,$326.90M,-25.89
TWT-RAY,0.4379,$311.47M,-21.65
AKT-ETHFI,0.4377,$528.28M,-7.48
PENDLE-PYTH,0.4369,$572.01M,-10.27
FLUID-SAND,0.4368,$211.47M,-38.33
IOTA-AR,0.4367,$263.63M,-24.43
BORG-SFP,0.4362,$241.00M,-29.96
FARTCOIN-APYUSD,0.436,$281.14M,-19.01
BORG-XPL,0.436,$358.86M,-17.45
EARNETH-EURCV,0.4359,$296.38M,-9.56
FLUID-PENDLE,0.4359,$336.94M,-21.19
DASH-AR,0.4356,$513.49M,-12.71
MANA-FET,0.4355,$437.30M,-28.32
AKT-EURCV,0.4354,$277.83M,-9.36
FARTCOIN-PEANUT,0.4352,$307.55M,-25.86
TIBBIR-XPL,0.4351,$327.07M,-17.37
LUNC-STX,0.435,$529.42M,-39.84
INJ-AR,0.4347,$575.29M,8.82
CVX-SNX,0.4347,$257.25M,-26.69
KMNO-PEANUT,0.4347,$282.56M,-16.54
IOTA-EIGEN,0.4346,$288.17M,-16.71
IOTA-BORG,0.4345,$285.84M,-32.83
TKX-MANA,0.4344,$234.83M,-18.11
CVX-JASMY,0.4343,$346.40M,-22.6
DASH-THETA,0.4342,$523.53M,-27.22
EIGEN-SYRUP,0.4342,$347.84M,-12.26
A-BAT,0.4342,$205.70M,-29.85
CHEEMS-AIAT,0.4341,$218.30M,-11.69
DASH-ETHFI,0.434,$797.33M,-8.23
PYTH-MON,0.434,$569.55M,-21.06
1INCH-ZBCN,0.4337,$293.09M,-27.77
LDO-CVX,0.4336,$438.01M,-11.93
DCR-GLIDR,0.4336,$304.16M,-25.6
BTT-SFP,0.4335,$362.20M,-26.23
TKX-XPL,0.4332,$324.03M,-10.18
ENS-EURCV,0.4332,$325.51M,-16.06
PENDLE-XCN,0.4331,$380.31M,-22.11
BAT-XPL,0.4331,$324.00M,-19.44
SAND-GOMINING,0.433,$240.75M,-22.56
GRT-MET,0.4329,$250.76M,-16.72
NXM-XPL,0.4327,$307.46M,-10.05
KMNO-SAND,0.4326,$223.21M,-25.95
PYTH-EURCV,0.4323,$470.80M,-7.98
TWT-EURC,0.4322,$598.50M,-9.42
CVX-ETHFI,0.432,$534.71M,-10.39
FLUID-BSV,0.4316,$344.78M,-26.77
FARTCOIN-EURCV,0.4316,$272.45M,-15.84
TWT-ZK,0.4315,$232.82M,-31.3
2Z-BTT,0.4314,$461.81M,-23.16
SFP-GRASS,0.4314,$318.60M,-16.67
FLUID-SFP,0.4313,$189.02M,-34.9
FLUID-GLIDR,0.4312,$187.67M,-26.62
SAND-BONK,0.4312,$390.13M,-33.83
EARNETH-ZBCN,0.4311,$324.22M,-29.66
TWT-GLIDR,0.4311,$249.85M,-17.23
LDO-FET,0.431,$609.12M,-16.55
ZBCN-THETA,0.431,$303.37M,-40.17
TIA-BAT,0.431,$409.90M,-18.37
FLUID-IOTA,0.4307,$233.86M,-37.77
2Z-SAND,0.4305,$327.52M,-35.32
VET-CHZ,0.4305,$533.10M,-51.95
AXS-JASMY,0.4304,$355.27M,-32.16
APXUSD-STRCX,0.4301,$435.85M,-10.58
EIGEN-MANA,0.4301,$271.98M,-9.27
SPX-DCR,0.43,$504.85M,-22.55
2Z-FLUID,0.4299,$288.62M,-31.83
BONK-XCN,0.4297,$394.60M,-31.27
DASH-A,0.4296,$499.72M,-24.0
AXS-AR,0.4293,$259.74M,-24.44
ENS-MANA,0.4292,$307.46M,-27.49
AKT-A,0.429,$230.68M,-23.26
TKX-FLUID,0.4286,$189.73M,-22.62
DASH-WFI,0.4286,$571.98M,-9.7
ZRO-AR,0.4285,$400.81M,-24.36
FARTCOIN-RAY,0.4285,$286.02M,-27.99
PEANUT-GRASS,0.4285,$400.41M,-10.7
SEI-TIBBIR,0.4284,$393.04M,-25.55
PYTH-MANA,0.4284,$452.74M,-19.4
SEI-MANA,0.4283,$417.94M,-26.06
AXS-SN64,0.4283,$233.68M,-32.8
SNX-FARTCOIN,0.428,$245.45M,-30.25
JASMY-XPL,0.4278,$432.17M,-16.78
TIA-CHZ,0.4273,$450.63M,-37.43
IOTA-BSV,0.4273,$406.07M,-29.7
MON-JASMY,0.4273,$459.78M,-26.37
SEI-KMNO,0.4272,$384.57M,-18.2
STX-AERO,0.4272,$664.89M,-22.44
NEO-BONK,0.4267,$398.72M,-28.56
GALA-GRASS,0.4267,$304.48M,-21.11
BTT-XCN,0.4267,$389.13M,-27.09
1INCH-ZRO,0.4262,$400.57M,-26.47
SYRUP-FET,0.4262,$513.17M,-31.3
ZRO-PYTH,0.4261,$606.11M,-26.77
SN64-MON,0.426,$338.19M,-27.0
1INCH-TIBBIR,0.4257,$222.30M,-18.59
KMNO-A,0.4257,$200.31M,-20.42
ZANO-GOMINING,0.4255,$246.72M,-4.08
BTT-BSV,0.4255,$517.97M,-18.1
1INCH-CRCLON,0.4254,$208.67M,-24.7
INJ-GLIDR,0.4254,$560.62M,3.7
LDO-BORG,0.4249,$441.47M,-13.62
GRASS-XPL,0.4248,$436.46M,-4.17
FLOKI-XPL,0.4246,$419.10M,-22.98
GRT-ZRO,0.4245,$446.10M,-39.3
SNX-GRASS,0.4245,$338.30M,-15.09
GLM-BTT,0.4244,$354.24M,-24.88
KMNO-FET,0.4244,$403.94M,-20.45
SPX-EIGEN,0.4241,$442.67M,-2.52
FLOKI-PENDLE,0.4241,$449.16M,-21.78
GLM-EIGEN,0.4236,$235.35M,-12.49
NXM-INJ,0.4234,$546.11M,7.83
BORG-PENDLE,0.4234,$388.92M,-16.25
IMX-TIBBIR,0.4233,$333.81M,-28.38
SEI-BSV,0.4233,$545.05M,-22.51
TWT-THETA,0.4231,$274.56M,-26.62
SAND-PENDLE,0.4231,$375.84M,-24.68
2Z-EIGEN,0.4229,$342.93M,-10.78
KAITO-FDUSD,0.4229,$655.37M,84.34
DRV-TKX,0.4225,$206.09M,3.16
WIF-BONK,0.4225,$411.29M,-24.2
LDO-BONK,0.4224,$568.14M,-14.07
CVX-ZANO,0.4222,$265.98M,-13.22
TWT-SAND,0.4222,$273.65M,-28.93
FARTCOIN-EURC,0.4219,$573.05M,-15.76
GRT-GOMINING,0.4217,$276.91M,-20.68
VSN-BSV,0.4216,$409.39M,-19.08
CVX-AR,0.4214,$250.87M,-14.88
GLM-BONK,0.4211,$359.71M,-29.05
RAY-COMP,0.4211,$322.33M,-30.4
FLUID-MON,0.421,$334.48M,-31.98
AXS-GOMINING,0.421,$259.25M,-22.01
SYRUP-BTT,0.421,$466.72M,-24.64
AXS-BAT,0.4207,$247.10M,-34.83
TIBBIR-VET,0.4203,$495.44M,-30.82
THETA-MET,0.4203,$215.51M,-16.29
MET-SFP,0.4202,$192.15M,-15.17
IOTA-SN64,0.42,$237.57M,-32.79
ZBCN-TKX,0.4197,$280.72M,-26.77
AKT-SYRUP,0.4196,$335.64M,-23.77
PYTH-SYRUP,0.4194,$528.61M,-22.39
VIRTUAL-BAT,0.4193,$472.98M,-24.3
SNX-BONK,0.4193,$387.38M,-28.82
SEI-AR,0.4191,$402.61M,-17.24
SEI-GRASS,0.4189,$502.42M,-12.35
GLIDR-JASMY,0.4189,$312.97M,-21.01
IOTA-MON,0.4188,$395.77M,-34.91
PENGU-TRUMP,0.4187,$729.11M,-38.29
GLM-SN64,0.4186,$184.75M,-28.57
FLOKI-DASH,0.4186,$595.94M,-26.64
RAIL-FET,0.4184,$395.76M,-7.87
ZK-GOMINING,0.4181,$199.92M,-24.93
SEI-EIGEN,0.4179,$427.15M,-9.52
PENGU-XPL,0.4178,$592.30M,-25.17
1INCH-FARTCOIN,0.4177,$238.83M,-20.56
XTZ-A,0.4177,$327.76M,-37.49
BTT-GRASS,0.4174,$475.34M,-7.95
VIRTUAL-PENDLE,0.4172,$620.22M,-13.6
TWT-IOTA,0.4171,$296.04M,-28.37
CAKE-AR,0.4169,$563.25M,-6.33
2Z-BAT,0.4168,$305.75M,-28.88
WIF-PENDLE,0.4168,$397.00M,-15.05
CVX-PENDLE,0.4167,$385.47M,-14.56
TWT-WIF,0.4167,$294.81M,-19.31
AKT-KMNO,0.4166,$226.41M,-12.92
IMX-BSV,0.4164,$485.81M,-25.34
BORG-JASMY,0.4163,$349.86M,-24.29
EURC-VET,0.4163,$838.99M,-19.82
PYTH-BSV,0.4161,$579.85M,-15.85
ETHFI-FET,0.416,$705.81M,-15.01
SPX-BTT,0.4158,$561.55M,-14.91
CVX-FARTCOIN,0.4158,$257.83M,-25.15
ZK-BSV,0.4158,$342.85M,-32.62
ENS-COMP,0.4147,$335.40M,-31.36
ZBCN-AKT,0.4145,$305.67M,-29.45
BAT-JASMY,0.4145,$315.00M,-26.28
EARNETH-GOMINING,0.4144,$262.51M,-9.74
SEI-GLM,0.4144,$381.32M,-29.28
A-CHZ,0.4144,$246.43M,-48.91
PYTH-ETHFI,0.4143,$721.25M,-6.1
EIGEN-SFP,0.4141,$243.32M,-13.84
SAND-GRASS,0.414,$341.06M,-20.1
1INCH-CHZ,0.4138,$259.96M,-39.72
GOMINING-PEANUT,0.4138,$300.10M,-13.15
VIRTUAL-ZRO,0.4135,$654.32M,-30.11
2Z-JASMY,0.4132,$413.92M,-26.22
TIBBIR-FET,0.4129,$412.40M,-27.8
DASH-COMP,0.4129,$556.76M,-25.4
ZBCN-BTT,0.4127,$436.75M,-30.32
ZANO-THETA,0.4127,$257.25M,-21.02
STX-XPL,0.4127,$471.10M,-24.55
2Z-GLM,0.4126,$297.10M,-30.54
AKT-AXS,0.4126,$272.08M,-28.23
DYDX-JTO,0.4125,$366.50M,14.22
IOTA-FARTCOIN,0.4125,$270.59M,-34.71
NEO-MET,0.4122,$223.19M,-13.33
DRV-GLM,0.412,$197.41M,-7.76
IMX-ZRO,0.4115,$512.08M,-36.27
AKT-ZANO,0.4115,$259.55M,-10.31
GALA-MET,0.4112,$178.03M,-19.61
TWT-A,0.4111,$250.76M,-23.4
INJ-PYTH,0.411,$780.60M,6.41
DASH-ENS,0.411,$573.51M,-23.21
ZRO-GRASS,0.4106,$500.62M,-19.47
A-AERO,0.4106,$516.66M,-18.24
CAKE-ETHFI,0.4105,$847.08M,-1.85
BP-AR,0.4105,$230.29M,101.95
2Z-KMNO,0.4104,$300.36M,-19.46
DASH-BTT,0.4104,$656.91M,-17.38
TIA-BTT,0.4103,$565.96M,-12.65
ZANO-VET,0.4103,$520.12M,-20.85
LDO-XCN,0.4102,$432.86M,-19.48
NEO-EURC,0.4102,$583.81M,-17.03
IOTA-AERO,0.4102,$561.95M,-23.21
1INCH-DCR,0.41,$318.60M,-22.59
BAT-CRCLON,0.4099,$196.27M,-32.98
ZRO-ENS,0.4096,$460.83M,-34.86
GRT-DASH,0.4093,$558.78M,-27.65
2Z-FET,0.4093,$508.25M,-29.82
CAKE-EIGEN,0.4093,$587.78M,1.39
GLIDR-TRUMP,0.4092,$458.77M,-27.3
FLOKI-COMP,0.4089,$357.83M,-34.78
IMX-SYRUP,0.4085,$434.57M,-31.89
INJ-LDO,0.4085,$762.43M,11.76
CAKE-JASMY,0.4083,$658.78M,-14.05
STAC-APYUSD,0.4081,$260.77M,-4.15
ZBCN-PENGU,0.4081,$548.99M,-41.77
ENS-XEC,0.4081,$295.53M,-23.02
CHZ-MANA,0.4081,$275.52M,-46.43
CAKE-AERO,0.408,$861.56M,-5.11
CHZ-AR,0.408,$260.19M,-37.61
SPX-KMNO,0.4079,$400.10M,-11.2
VET-CRCLON,0.4078,$481.81M,-36.93
MON-AERO,0.4078,$662.57M,-17.43
INJ-SFP,0.4077,$561.97M,-4.57
VSN-THETA,0.4076,$276.99M,-28.32
ZRO-SFP,0.4074,$387.49M,-37.75
AXS-KMNO,0.4071,$241.71M,-25.4
CAKE-AXS,0.4068,$590.88M,-22.6
BONK-FET,0.4068,$570.86M,-28.33
EIGEN-RAIL,0.4066,$230.44M,11.17
GLIDR-WFI,0.4065,$275.93M,-10.28
PEANUT-TRUMP,0.4065,$541.93M,-29.59
GRT-TIBBIR,0.4064,$267.83M,-31.42
A-MON,0.4064,$350.48M,-29.94
ETHFI-GRASS,0.406,$615.76M,1.2
VIRTUAL-GOMINING,0.4054,$485.13M,-11.48
MANA-MET,0.4052,$220.80M,-10.6
DYDX-GLM,0.4049,$192.63M,-26.46
ZRO-THETA,0.4048,$410.85M,-38.87
VCNT-GOMINING,0.4048,$280.01M,-4.38
KMNO-MANA,0.4047,$229.41M,-17.95
KMNO-BTT,0.4046,$357.49M,-13.79
IOTA-BONK,0.4046,$412.52M,-33.27
CHZ-FET,0.4046,$450.06M,-48.94
ZK-MON,0.4044,$332.55M,-37.84
TIBBIR-GLIDR,0.4044,$207.87M,-21.6
FLUID-MANA,0.4042,$217.67M,-30.33
FLOKI-GRASS,0.4042,$414.38M,-17.21
GRT-RAIL,0.4041,$251.19M,-11.48
MANA-AR,0.4038,$247.44M,-16.99
TIA-DASH,0.4037,$703.92M,-12.53
VIRTUAL-TWT,0.4036,$518.04M,-17.86
DASH-BORG,0.4036,$535.70M,-21.11
CAKE-TRUMP,0.4035,$804.58M,-20.34
DCR-VET,0.4035,$591.73M,-34.82
TIA-AERO,0.4034,$720.86M,-6.76
DCR-IOTA,0.4033,$350.35M,-36.74
CVX-EURC,0.4032,$584.85M,-12.19
SPX-COMP,0.4029,$461.40M,-22.93
LDO-MON,0.4028,$551.39M,-15.71
ICNT-BORG,0.4026,$239.84M,-41.94
AKT-CAKE,0.4025,$575.58M,-10.12
A-BONK,0.4025,$367.24M,-28.3
AXS-XPL,0.4021,$364.28M,-25.33
SAND-COMP,0.402,$284.51M,-37.68
WIF-AERO,0.402,$560.72M,-14.14
NXM-DRV,0.4019,$189.51M,3.29
ETHFI-CHZ,0.4019,$544.03M,-33.13
MET-XCN,0.4018,$219.07M,-16.03
1INCH-EIGEN,0.4017,$256.41M,-2.56
VET-EURCV,0.4017,$538.39M,-19.9
INJ-KMNO,0.4013,$557.26M,7.86
FLUID-PENGU,0.4011,$458.00M,-37.62
DCR-RAY,0.4011,$365.78M,-30.02
ZRO-BONK,0.4006,$549.70M,-33.2
VSN-ZRO,0.4005,$435.65M,-30.0
NXM-EURCV,0.4002,$236.31M,-6.55
AXS-ETHFI,0.4002,$543.58M,-19.96
FLOKI-BSV,0.4001,$457.00M,-27.36
ZK-COMP,0.4,$243.68M,-40.05
SEI-MON,0.3999,$534.75M,-27.72
ZRO-ZK,0.3999,$369.11M,-43.55
MANA-JASMY,0.3999,$342.97M,-24.72
VIRTUAL-AERO,0.3997,$783.94M,-12.69
ENS-TRUMP,0.3997,$533.46M,-32.68
DCR-GRASS,0.3996,$418.65M,-15.59
TIBBIR-MON,0.3995,$354.68M,-26.96
NEO-FARTCOIN,0.3995,$256.79M,-30.0
TIBBIR-A,0.3994,$208.77M,-27.77
KMNO-SYRUP,0.3994,$305.27M,-20.94
INJ-GRASS,0.3993,$675.10M,13.71
STAC-CRCLON,0.3992,$195.50M,-18.01
INJ-MANA,0.3992,$590.62M,-0.0
FLUID-WIF,0.3992,$232.63M,-28.7
WIF-COMP,0.3992,$305.67M,-28.05
1INCH-WFI,0.3991,$290.36M,-7.27
USDAT-MON,0.399,$387.99M,-14.6
VSN-EARNETH,0.3985,$297.84M,-17.81
STRK-CARDS,0.3985,$458.08M,-4.99
SFP-EURCV,0.3985,$252.17M,-18.96
SAND-MON,0.3983,$373.38M,-35.47
ETHFI-XCN,0.3983,$529.55M,-17.94
AKT-GLM,0.3982,$223.16M,-24.0
ZBCN-FET,0.3979,$483.19M,-36.98
ZBCN-RAY,0.3976,$340.28M,-35.2
RAIL-VET,0.3974,$478.80M,-10.88
EIGEN-MET,0.3973,$230.01M,5.94
SNX-AERO,0.3972,$536.81M,-18.76
CHZ-JASMY,0.3972,$355.73M,-45.34
FLUID-AXS,0.397,$229.97M,-37.77
FARTCOIN-A,0.3967,$225.30M,-29.74
CAKE-GLM,0.3966,$541.95M,-18.37
TIBBIR-AR,0.3965,$222.54M,-16.48
DASH-STX,0.396,$647.95M,-28.2
KMNO-AR,0.3958,$214.08M,-9.13
BORG-BONK,0.3957,$403.22M,-25.4
EARNETH-KMNO,0.3956,$244.96M,-13.13
SPX-FARTCOIN,0.3955,$425.09M,-20.52
NEO-EURCV,0.3955,$283.21M,-17.11
KMNO-AERO,0.3955,$512.39M,-7.9
LDO-2Z,0.3954,$505.53M,-15.56
SPX-MET,0.3952,$391.49M,-3.85
2Z-VIRTUAL,0.3952,$571.90M,-24.24
RAY-WFI,0.3951,$337.55M,-14.7
ZRO-FET,0.395,$590.67M,-35.69
MET-BSV,0.395,$347.91M,-7.04
FET-XPL,0.3948,$526.51M,-20.38
TIA-ZRO,0.3946,$591.25M,-24.18
VIRTUAL-BSV,0.3946,$628.06M,-19.18
CHZ-BTT,0.3946,$403.61M,-42.28
INJ-SYRUP,0.3941,$666.48M,-2.99
FLUID-PEANUT,0.3941,$270.82M,-28.92
AXS-DASH,0.3941,$541.12M,-28.98
FARTCOIN-VET,0.3941,$511.97M,-32.78
EIGEN-BTT,0.3941,$400.07M,-5.12
EIGEN-BSV,0.394,$399.08M,-5.72
PYTH-XPL,0.3938,$541.95M,-11.47
RAY-CRCLON,0.3937,$255.86M,-32.13
ZBCN-IOTA,0.3936,$324.85M,-41.92
ZBCN-DCR,0.3932,$380.05M,-37.97
TIBBIR-RAY,0.3932,$269.49M,-26.02
VIRTUAL-WFI,0.3931,$544.11M,-10.9
SNX-BSV,0.3929,$380.93M,-25.24
BORG-PYTH,0.3928,$459.63M,-18.98
IMX-BONK,0.3927,$492.27M,-28.91
SN64-SFP,0.3925,$192.72M,-29.92
CVX-COMP,0.3924,$294.14M,-27.57
TWT-MET,0.3923,$237.88M,-5.72
PYTH-GLIDR,0.3921,$422.74M,-15.7
DCR-CRCLON,0.3917,$295.63M,-34.9
EIGEN-GLIDR,0.3914,$241.98M,-5.57
EARNETH-CHZ,0.3913,$291.08M,-41.61
APEPE-JASMY,0.3913,$412.95M,-26.29
IMX-TWT,0.3912,$375.79M,-24.02
NXM-GOMINING,0.3912,$202.43M,-6.73
CVX-DASH,0.3909,$532.25M,-19.42
INJ-ETHFI,0.3906,$859.13M,13.3
AXS-BSV,0.3906,$402.18M,-29.71
WIF-MET,0.3904,$235.76M,-8.97
2Z-COMP,0.3902,$361.66M,-31.19
GLM-GOMINING,0.3901,$210.33M,-17.78
ETHFI-BONK,0.3901,$664.84M,-12.53
VIRTUAL-FLUID,0.39,$455.86M,-27.25
FLUID-STX,0.3899,$336.80M,-36.99
TWT-CAKE,0.3898,$595.66M,-10.27
FLUID-XCN,0.3896,$215.95M,-35.76
PENGU-CRCLON,0.3896,$464.57M,-38.7
ZRO-FLOKI,0.3895,$483.26M,-38.29
CVX-XTZ,0.3894,$360.29M,-32.9
FLOKI-FARTCOIN,0.3894,$321.52M,-32.37
XCN-XPL,0.3894,$350.25M,-23.32
VSN-NXM,0.3893,$237.76M,-14.8
ZK-EURC,0.3893,$534.39M,-24.67
INJ-JASMY,0.3892,$670.82M,1.1
KMNO-GRASS,0.3892,$313.89M,-4.24
JTO-RAY,0.3891,$431.64M,10.93
APR-STRCX,0.3889,$337.18M,0.52
SNX-SN64,0.3889,$212.43M,-28.33
GOMINING-XCN,0.3889,$245.22M,-20.0
PENDLE-ETHFI,0.3888,$650.54M,-3.37
NXM-CHZ,0.3887,$231.01M,-38.6
INJ-BTT,0.3885,$718.71M,4.16
LUNC-PENDLE,0.3884,$529.55M,-24.03
EARNETH-ZRO,0.388,$431.70M,-28.36
STRCX-GEOD,0.388,$235.14M,28.6
EDGE-MWC,0.3879,$249.82M,4.13
ZBCN-ZK,0.3879,$261.63M,-44.84
SN64-MANA,0.3879,$221.38M,-25.35
SN64-XPL,0.3878,$310.58M,-17.41
GOMINING-TRUMP,0.3875,$472.95M,-19.75
DASH-GLIDR,0.3874,$498.82M,-17.83
SAND-FARTCOIN,0.387,$248.20M,-35.27
PYTH-GRASS,0.3867,$537.23M,-5.7
SPX-ZAMA,0.3866,$439.89M,58.85
CHZ-XCN,0.3866,$273.80M,-51.87
CAKE-EURC,0.3864,$897.23M,-3.64
CARDS-PENDLE,0.3864,$519.52M,5.69
LDO-AXS,0.3863,$446.88M,-21.5
AKT-DASH,0.3861,$525.83M,-16.51
TWT-STX,0.386,$398.98M,-27.6
FARTCOIN-GALA,0.3859,$211.63M,-36.28
CHZ-XPL,0.3855,$364.73M,-38.5
GLM-GRASS,0.3854,$310.63M,-15.32
MET-XPL,0.3854,$310.00M,-2.66
SFP-BONK,0.3854,$367.68M,-30.4
2Z-XPL,0.3853,$422.92M,-19.39
META-GUSD,0.3853,$244.92M,38.43
SEI-BONK,0.3851,$551.50M,-26.08
IMX-MET,0.385,$316.74M,-13.68
AKT-MANA,0.3847,$259.78M,-20.79
GLM-EURC,0.3847,$544.80M,-17.52
IOTA-GRASS,0.3847,$363.44M,-19.55
LDO-IOTA,0.3845,$450.77M,-21.49
FARTCOIN-GLIDR,0.3845,$224.39M,-23.56
SPX-ZBCN,0.3842,$479.35M,-27.73
1INCH-ZAMA,0.3842,$253.63M,58.81
XTZ-SFP,0.3841,$328.21M,-39.59
FARTCOIN-WFI,0.3841,$297.55M,-15.44
FARTCOIN-THETA,0.3839,$249.10M,-32.96
GOMINING-RAY,0.3839,$278.57M,-15.28
GLIDR-MET,0.3839,$190.80M,-6.89
ZBCN-TIA,0.3838,$483.76M,-25.47
TKX-GOMINING,0.3838,$219.01M,-6.86
GLM-GLIDR,0.3838,$196.15M,-25.33
SNX-PYTH,0.3838,$443.80M,-22.39
THETA-ZAMA,0.3838,$263.90M,46.42
ZBCN-CAKE,0.3836,$624.46M,-23.82
TKX-WFI,0.3836,$277.99M,-6.28
ENS-CRCLON,0.3835,$268.92M,-33.09
PENGU-EURC,0.3833,$821.75M,-21.59
BTT-AERO,0.3833,$673.85M,-11.61
DRV-RAY,0.3832,$265.65M,-5.26
TWT-PENGU,0.3832,$520.18M,-28.22
SNX-AR,0.3829,$238.49M,-19.98
IOTA-RAIL,0.3827,$237.42M,-12.81
GRASS-JASMY,0.3827,$427.46M,-11.01
1INCH-MET,0.3826,$205.23M,-3.89
KAITO-XCN,0.3826,$438.93M,66.09
ZK-BONK,0.3825,$349.30M,-36.2
TIBBIR-ENS,0.3825,$282.56M,-26.98
AR-EURCV,0.3823,$265.49M,-5.56
INJ-AXS,0.3822,$602.92M,-7.45
VSN-TKX,0.382,$254.34M,-14.93
SNX-PENDLE,0.3818,$373.09M,-19.66
SPX-BAT,0.3817,$405.49M,-20.63
GRT-MON,0.3817,$409.54M,-33.59
TWT-XPL,0.3817,$369.05M,-13.0
GALA-COMP,0.3817,$247.94M,-38.69
SYRUP-WFI,0.3816,$381.79M,-16.97
BORG-CRCLON,0.3814,$231.12M,-30.98
FARTCOIN-SYRUP,0.3813,$330.26M,-30.26
INJ-SEI,0.3809,$745.79M,-0.25
ZRO-KAG,0.3805,$498.45M,-31.01
DASH-JASMY,0.3805,$609.02M,-20.44
AR-WFI,0.3805,$290.60M,-5.16
XTZ-PYTH,0.3802,$546.83M,-28.61
SEI-ZANO,0.3797,$417.71M,-15.58
GLM-AXS,0.3797,$238.45M,-36.48
LDO-SN64,0.3793,$393.19M,-13.58
LDO-CHZ,0.3793,$447.34M,-34.67
TIA-MET,0.3791,$395.91M,-1.59
COMP-SYRUP,0.3791,$366.57M,-32.67
TIBBIR-STX,0.3788,$357.00M,-31.97
PENGU-CHZ,0.3787,$515.86M,-53.72
CVX-GOMINING,0.3783,$250.38M,-12.45
SEI-SFP,0.3782,$389.29M,-30.63
CAKE-XPL,0.3781,$667.78M,-7.22
FDUSD-FARTCOIN,0.3781,$469.11M,-14.45
MET-SYRUP,0.3779,$296.66M,-13.59
TIBBIR-ETHFI,0.3778,$506.38M,-12.0
FLUID-KMNO,0.3777,$184.31M,-22.46
CRCLON-BONK,0.3777,$357.80M,-31.43
FLOKI-JTO,0.3774,$467.15M,6.55
INJ-EIGEN,0.3772,$599.83M,16.54
DASH-GRASS,0.3772,$613.30M,-7.83
EURC-SFP,0.3772,$552.77M,-18.87
CVX-EURCV,0.3771,$284.25M,-12.27
EURC-RAY,0.3771,$613.04M,-15.02
NXM-ZANO,0.377,$218.03M,-7.5
SNX-SFP,0.377,$225.17M,-33.37
EIGEN-PYTH,0.377,$461.95M,-2.86
STX-COMP,0.3765,$409.84M,-36.35
CAKE-CHZ,0.3764,$591.33M,-35.77
IMX-ZBCN,0.3763,$404.60M,-37.56
LDO-SNX,0.3762,$425.63M,-17.03
COMP-BAT,0.3762,$262.74M,-31.24
CAKE-MET,0.3757,$536.61M,0.06
GRT-FLUID,0.3753,$247.63M,-36.44
ETHFI-SYRUP,0.3753,$607.14M,-15.5
INJ-BORG,0.3749,$597.51M,0.43
LDO-AKT,0.3748,$431.59M,-9.02
KMNO-MON,0.3748,$346.22M,-19.61
TIBBIR-PYTH,0.3747,$427.85M,-18.89
TIBBIR-IOTA,0.3746,$254.06M,-32.74
KAU-EURC,0.3745,$758.34M,-5.67
KMNO-XPL,0.3745,$318.61M,-10.01
INJ-CAKE,0.3744,$906.43M,10.66
ZK-FARTCOIN,0.3744,$207.36M,-37.63
DCR-SAND,0.3744,$327.97M,-37.3
ZK-WFI,0.3742,$258.90M,-24.35
ZRO-NEO,0.3741,$418.53M,-35.91
SEI-DCR,0.3738,$489.33M,-29.55
TWT-TIBBIR,0.3738,$254.95M,-20.42
ULTIMA-ETHFI,0.3733,$581.59M,-11.45
SNX-MON,0.3733,$370.63M,-30.46
ZANO-GRASS,0.3732,$347.03M,-1.63
ZBCN-PEANUT,0.3731,$361.81M,-33.07
DCR-DASH,0.3731,$600.21M,-25.02
DASH-FET,0.3729,$703.35M,-24.04
SEI-XEC,0.3727,$406.01M,-21.59
CAKE-KMNO,0.3725,$545.21M,-7.28
CVX-CHZ,0.3724,$278.95M,-44.32
CAKE-MON,0.3721,$695.39M,-16.81
AXS-CHZ,0.372,$287.83M,-53.88
ZBCN-SAND,0.3718,$302.46M,-42.48
2Z-AKT,0.3717,$330.73M,-22.29
ZBCN-BAT,0.3716,$280.69M,-36.04
TIBBIR-BORG,0.3712,$244.76M,-24.87
ZK-EURCV,0.3711,$233.79M,-24.75
EARNETH-WFI,0.371,$321.49M,-9.16
TKX-CHZ,0.3708,$247.58M,-38.73
LDO-JASMY,0.3707,$514.78M,-12.95
ZRO-DASH,0.3704,$682.19M,-28.9
BORG-AERO,0.3704,$552.64M,-15.34
EIGEN-PEANUT,0.3704,$325.13M,-7.87
TIBBIR-THETA,0.3703,$232.58M,-30.99
SN64-GRASS,0.3703,$305.86M,-11.64
ZRO-TKX,0.3702,$388.20M,-25.48
EIGEN-ETHFI,0.3702,$540.48M,4.03
AXS-GLIDR,0.37,$245.07M,-29.56
ULTIMA-SUN,0.3699,$523.99M,-13.15
CVX-DCR,0.3698,$337.59M,-27.19
TWT-GALA,0.3698,$237.08M,-29.94
STX-MET,0.3698,$339.93M,-17.27
MANA-BSV,0.3698,$389.88M,-22.26
GRT-FARTCOIN,0.3697,$284.36M,-33.39
DCR-PEANUT,0.3696,$387.32M,-27.89
FARTCOIN-PENGU,0.3693,$494.73M,-34.56
EURC-A,0.369,$552.32M,-16.77
ZBCN-FLOKI,0.3689,$375.78M,-39.58
CAKE-EURCV,0.3689,$596.63M,-3.72
TIBBIR-FLOKI,0.3688,$304.99M,-30.4
NEO-CRCLON,0.3686,$226.63M,-34.14
ZBCN-CVX,0.3685,$312.09M,-32.36
VIRTUAL-BONK,0.3684,$634.52M,-22.75
ZRO-EIGEN,0.3684,$425.35M,-16.64
IOTA-TRUMP,0.3684,$504.96M,-38.44
UB-GLIDR,0.3679,$462.22M,2.19
AXS-EIGEN,0.3679,$284.28M,-16.72
ZBCN-VIRTUAL,0.3678,$546.84M,-31.4
EIGEN-BAT,0.3677,$244.01M,-10.84
RAY-EURCV,0.3677,$312.44M,-15.11
NXM-ZRO,0.3676,$371.63M,-25.35
ETHFI-AERO,0.3676,$814.26M,-2.47
NXM-MX,0.3675,$237.46M,-8.51
1INCH-EURC,0.3674,$565.85M,-7.59
IOTA-EURC,0.3672,$597.61M,-21.74
TWT-ETHFI,0.3671,$548.36M,-7.63
GNO-APYUSD,0.367,$440.77M,-11.52
KMNO-XCN,0.367,$227.68M,-23.38
BAT-BSV,0.3667,$361.91M,-23.82
NXM-KMNO,0.3664,$184.89M,-10.11
IMX-DCR,0.3663,$430.10M,-32.38
GALA-WFI,0.3663,$263.16M,-22.99
THETA-MON,0.3662,$374.29M,-33.16
EURC-AR,0.366,$566.09M,-5.48
LDO-TRUMP,0.3658,$660.59M,-19.24
ZRO-AERO,0.3658,$699.13M,-23.14
CAKE-SNX,0.3658,$569.63M,-18.14
ZK-FLUID,0.3658,$170.64M,-40.69
GOMINING-AERO,0.3658,$529.94M,-4.52
ZBCN-DASH,0.3655,$574.71M,-30.2
TIBBIR-PENGU,0.3654,$478.20M,-32.59
EIGEN-GRASS,0.3654,$356.46M,4.44
KAU-ENS,0.3652,$484.38M,-18.86
SN64-SYRUP,0.365,$297.24M,-28.33
SEI-GOMINING,0.3648,$402.12M,-14.81
ZANO-IOTA,0.3647,$278.73M,-22.78
GLM-EURCV,0.3646,$244.20M,-17.6
SYRUP-GRASS,0.3645,$423.12M,-15.09
DRV-DASH,0.3644,$500.08M,-0.26
TWT-SNX,0.3643,$270.90M,-23.92
DCR-STX,0.3643,$453.30M,-35.97
SNX-BTT,0.3643,$381.91M,-24.64
INJ-CRCLON,0.3641,$552.09M,-5.6
IMX-TRUMP,0.364,$584.71M,-34.09
FLUID-JASMY,0.3639,$297.87M,-29.23
NEO-WFI,0.3639,$308.32M,-16.71
PENDLE-COMP,0.3639,$409.98M,-20.54
KAU-PYTH,0.3638,$629.67M,-10.78
RUNE-COMP,0.3634,$307.59M,-49.68
KAITO-BORG,0.3633,$447.54M,71.95
ZBCN-ENS,0.3631,$353.34M,-36.16
TIA-FARTCOIN,0.3631,$429.50M,-18.26
SNX-ETHFI,0.3631,$522.33M,-15.49
BORG-GRASS,0.3626,$354.14M,-11.68
SEI-TRUMP,0.3624,$643.94M,-31.25
GLM-PENDLE,0.3624,$345.41M,-19.89
SNX-BAT,0.3624,$225.85M,-30.36
WIF-EURCV,0.3622,$295.78M,-12.76
RAY-CHZ,0.3621,$307.14M,-47.15
AXS-TRUMP,0.362,$501.08M,-38.45
SAND-XPL,0.362,$345.77M,-25.88
ZRO-PENGU,0.3619,$656.47M,-40.47
AXS-GRASS,0.361,$359.56M,-19.55
CHEEMS-MON,0.361,$348.51M,-34.02
TWT-BSV,0.3609,$406.96M,-17.38
FLUID-BTT,0.3607,$345.76M,-26.17
TIA-TWT,0.3606,$454.96M,-11.93
GLM-JASMY,0.3605,$306.35M,-27.93
IMX-FARTCOIN,0.3604,$350.33M,-30.35
NXM-TEL,0.3604,$261.19M,-12.95
USDAT-FDUSD,0.3604,$485.90M,-0.13
ZBCN-STX,0.3603,$427.79M,-41.15
DCR-AERO,0.3603,$617.15M,-19.26
GLM-KMNO,0.3601,$192.78M,-21.17
WIF-EURC,0.3601,$596.38M,-12.68
GLM-BORG,0.36,$233.03M,-28.61
SNX-MANA,0.3595,$253.82M,-28.8
BORG-MET,0.3595,$227.69M,-10.17
BAT-GRASS,0.3592,$319.28M,-13.67
AKT-DCR,0.359,$331.17M,-24.27
PENGU-GOMINING,0.359,$487.28M,-21.85
LDO-XPL,0.3589,$523.78M,-6.11
GRT-EURCV,0.3586,$310.78M,-20.5
SEI-RUNE,0.3585,$434.82M,-47.3
LDO-MET,0.3582,$392.61M,1.17
ZBCN-AERO,0.3581,$591.65M,-24.44
STAC-USDTB,0.3578,$458.17M,0.5
2Z-TWT,0.3576,$350.80M,-22.44
INJ-2Z,0.3575,$661.57M,-1.51
NEO-ZAMA,0.3574,$271.59M,49.38
SAND-WFI,0.3574,$299.73M,-21.98
GLM-BAT,0.3573,$198.18M,-30.6
VIRTUAL-MON,0.3572,$617.76M,-24.39
SEI-PENDLE,0.3571,$537.20M,-16.92
TWT-FET,0.3571,$454.39M,-23.43
PYTH-AERO,0.3571,$735.73M,-9.36
1INCH-ZANO,0.357,$246.98M,-8.63
USDTB-GLM,0.3568,$450.28M,-16.12
COMP-FET,0.3567,$465.24M,-32.18
GLIDR-SUN,0.3564,$443.67M,-10.5
GUSD-USDAI,0.3563,$306.94M,7.05
SPX-BSV,0.3562,$560.57M,-15.51
DCR-FET,0.3562,$508.70M,-31.8
MON-BTT,0.3562,$507.67M,-23.31
INJ-PENDLE,0.3561,$709.89M,9.14
ZBCN-AR,0.356,$293.33M,-25.66
KAG-ENS,0.3557,$389.76M,-25.31
WIF-MON,0.3557,$394.54M,-25.84
2Z-MANA,0.3556,$333.72M,-27.32
VSN-KMNO,0.3555,$248.91M,-14.77
2Z-BSV,0.3555,$460.83M,-23.77
GRASS-ZAMA,0.3554,$353.68M,65.81
A-GRASS,0.3553,$318.16M,-14.58
SYRUP-SFP,0.3553,$309.98M,-33.37
JASMY-AERO,0.3553,$625.96M,-14.67
DCR-ETHFI,0.3552,$602.67M,-16.0
SEI-DASH,0.355,$683.99M,-21.78
PENDLE-JASMY,0.355,$462.24M,-15.58
SN64-BSV,0.355,$348.48M,-21.79
ZBCN-ZRO,0.3548,$462.03M,-41.85
KAG-CRCLON,0.3548,$306.54M,-29.23
SEI-TWT,0.3544,$435.02M,-21.18
FARTCOIN-ENS,0.3543,$299.08M,-28.95
IOTA-XPL,0.3542,$368.16M,-25.32
FLUID-FLOKI,0.354,$284.80M,-35.43
IOTA-XPIN,0.354,$292.47M,-11.47
SEI-ZAMA,0.3538,$424.37M,51.86
USDTB-ICNT,0.3538,$457.09M,-29.46
2Z-A7A5,0.3538,$680.54M,-15.56
AWE-ETHFI,0.3535,$505.71M,-2.75
GRT-ZBCN,0.3534,$338.62M,-40.6
SNX-MET,0.3534,$211.85M,-13.58
AKT-CRCLON,0.3532,$221.25M,-26.38
MON-BONK,0.3531,$513.14M,-27.49
BAT-EURCV,0.3531,$252.85M,-15.95
BSV-TRUMP,0.353,$615.88M,-27.45
EARNETH-ZANO,0.3528,$278.10M,-10.51
DASH-XCN,0.3528,$527.09M,-26.97
AXS-BTT,0.3524,$403.16M,-29.11
PENDLE-XPL,0.3523,$471.24M,-8.74
SPX-EURC,0.352,$752.11M,-7.55
VIRTUAL-ZANO,0.352,$500.73M,-12.26
2Z-BORG,0.3516,$340.61M,-26.89
DRV-VIRTUAL,0.3515,$472.21M,-1.46
ETHFI-MANA,0.3515,$531.28M,-12.51
KAU-EURCV,0.3513,$457.74M,-5.76
WIF-WFI,0.3512,$320.89M,-12.35
DRV-TWT,0.3511,$251.11M,0.34
IOTA-PENDLE,0.3511,$398.23M,-24.12
PENGU-WFI,0.3511,$546.26M,-21.27
AERO-FET,0.3509,$720.29M,-18.27
EURC-XCN,0.3508,$579.69M,-19.74
VSN-FLUID,0.3507,$237.18M,-27.14
CAKE-WFI,0.3507,$621.74M,-3.32
BORG-SHORT,0.3506,$235.82M,-3.2
DASH-MET,0.3505,$486.85M,-6.32
BORG-GOMINING,0.3505,$253.83M,-14.13
SYRUP-CRCLON,0.3505,$300.10M,-34.4
KAU-A,0.3504,$410.60M,-19.65
STAC-APXUSD,0.35,$397.70M,-5.74
INJ-SN64,0.35,$549.23M,0.47
LDO-SUN,0.3499,$645.49M,-2.44
TIBBIR-BTT,0.3499,$365.96M,-21.14
SNX-PIEVERSE,0.3499,$304.52M,-17.05
VSN-CVX,0.3498,$285.71M,-20.52
KAU-FDUSD,0.3498,$654.40M,-4.36
TWT-AERO,0.3498,$562.84M,-10.89
AXS-PENDLE,0.3497,$394.34M,-24.12
GPS-STRCX,0.3496,$236.80M,8.67
PENDLE-BONK,0.349,$515.60M,-16.69
GRT-TRUMP,0.3489,$518.73M,-37.12
CHZ-SFP,0.3489,$246.87M,-51.0
JTO-WIF,0.3488,$414.98M,13.28
SYRUP-AR,0.3488,$323.30M,-19.98
TKX-KMNO,0.3487,$201.46M,-10.24
ZANO-AERO,0.3487,$545.53M,-5.29
BORG-BTT,0.3487,$397.74M,-21.23
STX-RAIL,0.3487,$340.36M,-12.03
SPX-ZRO,0.3485,$586.83M,-26.43
GOMINING-FET,0.3485,$421.48M,-17.06
VSN-NEO,0.3483,$284.67M,-25.36
SEI-SNX,0.3482,$408.99M,-29.05
KMNO-SN64,0.3482,$188.01M,-17.48
CVX-TRUMP,0.3481,$492.21M,-28.89
TWT-TEL,0.348,$322.78M,-15.9
AXS-SNX,0.348,$266.12M,-36.25
BORG-RAIL,0.3479,$228.11M,-4.94
DCR-ENS,0.3477,$378.85M,-30.98
EURC-THETA,0.3477,$576.13M,-19.99
EURC-BAT,0.3476,$553.45M,-15.87
DCR-NEO,0.3475,$336.55M,-32.03
2Z-SYRUP,0.3474,$409.58M,-30.31
LDO-AERO,0.3472,$717.57M,-4.0
ZRO-BSV,0.347,$543.25M,-29.63
CHZ-MET,0.347,$233.56M,-31.22
SPX-CRCLON,0.3469,$394.93M,-24.66
IMX-RUNE,0.3468,$375.58M,-48.0
GLM-SYRUP,0.3468,$302.01M,-32.02
ULTIMA-FARTCOIN,0.3468,$304.71M,-26.21
GALA-BONK,0.3467,$353.56M,-34.84
SPX-TWT,0.3466,$450.54M,-14.18
GRT-COMP,0.3466,$320.67M,-35.8
ZK-PIEVERSE,0.3466,$266.44M,-24.43
TIBBIR-SN64,0.3466,$196.48M,-24.83
SNX-JASMY,0.3466,$334.02M,-27.7
VSN-LDO,0.3462,$454.09M,-10.87
ENS-RAIL,0.3461,$265.92M,-7.04
EIGEN-JASMY,0.3461,$352.18M,-8.18
KAU-CVX,0.346,$443.12M,-15.07
APXUSD-GNO,0.346,$577.70M,-13.11
ZBCN-VET,0.3459,$566.23M,-39.99
COMP-BONK,0.3458,$424.27M,-29.7
ZBCN-WIF,0.3457,$323.62M,-32.85
STX-EURC,0.3457,$700.55M,-20.97
PENGU-EURCV,0.3455,$521.15M,-21.68
VIRTUAL-XPIN,0.3453,$514.47M,-0.96
FLUID-DASH,0.3453,$483.72M,-26.05
SPX-XTZ,0.3452,$527.55M,-28.27
ZBCN-ZANO,0.345,$308.43M,-24.0
VSN-VIRTUAL,0.3449,$520.46M,-19.55
VIRTUAL-TRUMP,0.3448,$726.96M,-27.93
DCR-THETA,0.3448,$328.87M,-34.99
TIBBIR-GALA,0.3447,$195.10M,-34.31
DCR-BTT,0.3446,$462.25M,-25.14
CHEEMS-STX,0.3444,$350.84M,-39.03
2Z-GRASS,0.3442,$418.20M,-13.61
ZRO-ZANO,0.3442,$415.91M,-22.71
MET-COMP,0.3441,$248.74M,-14.47
USDTB-COCO,0.344,$539.74M,-21.24
2Z-EURCV,0.344,$351.77M,-15.89
IMX-WFI,0.3438,$401.87M,-17.06
GLM-ETHFI,0.3438,$494.65M,-15.73
PENDLE-MET,0.3437,$340.07M,-1.46
SAND-EURC,0.3436,$575.22M,-22.3
SYRUP-SUN,0.3435,$549.54M,-17.19
BAT-WFI,0.3435,$277.96M,-15.54
SYRUP-AERO,0.3433,$621.62M,-18.76
FLUID-MET,0.3432,$175.70M,-15.11
DCR-SYRUP,0.3432,$410.03M,-32.29
2Z-EURC,0.3429,$652.37M,-15.81
MANA-GLIDR,0.3429,$232.77M,-22.11
BC-THETA,0.3428,$345.66M,76.19
DCR-PENGU,0.3428,$574.50M,-36.59
GLM-TRUMP,0.3428,$452.15M,-34.22
AKT-GRASS,0.3426,$344.26M,-7.08
TWT-SN64,0.3426,$238.46M,-20.47
TKX-ZANO,0.3425,$234.60M,-7.63
TIA-FLUID,0.3424,$392.78M,-21.32
NEO-GOMINING,0.3423,$249.34M,-17.29
GLM-ZAMA,0.3423,$232.57M,48.89
PIEVERSE-XCN,0.3422,$311.74M,-19.5
ZRO-KMNO,0.3421,$382.78M,-25.32
EDGE-GUSD,0.342,$285.48M,-18.25
TIA-MON,0.3418,$554.68M,-18.46
A-COMP,0.3418,$261.61M,-32.15
SFP-BSV,0.3418,$361.22M,-26.83
GRT-EURC,0.3416,$611.38M,-20.42
IOTA-EURCV,0.3413,$297.01M,-21.83
PYTH-BTT,0.3413,$580.83M,-15.25
BAT-TRUMP,0.341,$460.80M,-32.57
1INCH-MX,0.3408,$266.41M,-9.64
BTT-TRUMP,0.3408,$616.86M,-26.85
IMX-GOMINING,0.3407,$342.88M,-17.64
KMNO-COMP,0.3407,$257.35M,-21.81
ZANO-ENS,0.3407,$307.23M,-17.01
TWT-BORG,0.3406,$286.74M,-20.5
COMP-AERO,0.3405,$573.70M,-19.64
FRXUSD-FRAX,0.3403,$329.99M,-0.09
KAG-PYTH,0.3402,$535.05M,-17.23
AKT-SFP,0.34,$231.13M,-25.36
GRT-ZANO,0.3397,$292.50M,-21.45
PYTH-CHZ,0.3396,$465.50M,-40.03
CAKE-ZANO,0.3395,$578.35M,-4.67
AKT-AERO,0.3394,$542.77M,-10.74
DCR-BONK,0.3394,$467.72M,-29.32
STX-AIAT,0.3394,$368.50M,-11.81
LDO-BC,0.3393,$522.77M,93.64
VSN-FLOKI,0.3392,$349.40M,-27.73
SAND-CRCLON,0.3391,$218.04M,-39.41
CVX-MET,0.339,$224.23M,-8.48
INJ-ZBCN,0.3388,$636.51M,-8.67
DASH-FARTCOIN,0.3385,$520.45M,-22.99
TKX-ZAMA,0.3383,$241.25M,59.81
EDGE-NFT,0.3382,$400.50M,-33.09
INJ-BSV,0.3382,$717.73M,3.55
GALA-GOMINING,0.3382,$204.18M,-23.57
IMX-PIEVERSE,0.3381,$409.40M,-17.15
INJ-COMP,0.3381,$618.56M,-3.87
TIA-EURC,0.3381,$756.53M,-5.3
TIA-BSV,0.3381,$564.98M,-13.25
GALA-EURC,0.3379,$538.65M,-23.31
LDO-COMP,0.3378,$462.52M,-17.92
VSN-ZK,0.3377,$235.25M,-33.0
FARTCOIN-MET,0.3376,$212.43M,-12.05
DASH-XPL,0.3375,$618.02M,-13.6
SFP-ZAMA,0.3375,$240.54M,47.53
LDO-CRCLON,0.3373,$396.05M,-19.65
FARTCOIN-AR,0.3373,$239.07M,-18.45
FARTCOIN-BSV,0.3373,$381.50M,-23.71
A-EURCV,0.3373,$251.73M,-16.86
VSN-CHZ,0.3372,$295.03M,-43.25
INJ-DCR,0.3372,$662.01M,-3.49
FLUID-ZAMA,0.3371,$224.10M,47.59
DRV-PENGU,0.337,$474.36M,-11.83
TWT-CRCLON,0.337,$241.32M,-26.53
FLUID-SN64,0.337,$176.28M,-29.86
MANA-SYRUP,0.3369,$338.63M,-28.8
INJ-FARTCOIN,0.3368,$582.25M,-1.46
2Z-BONK,0.3368,$467.28M,-27.34
KAG-EURC,0.3368,$663.73M,-12.13
GRT-WFI,0.3367,$335.89M,-20.1
GOMINING-BSV,0.3366,$374.06M,-11.01
FLUID-SNX,0.3364,$208.72M,-33.31
ZANO-BTT,0.3363,$390.63M,-11.18
BSV-XPL,0.3363,$479.08M,-14.32
NXM-APYUSD,0.3362,$245.00M,-9.72
ZRO-RAY,0.3362,$447.76M,-33.9
SPX-WFI,0.3359,$476.62M,-7.23
DCR-PENDLE,0.3357,$453.43M,-20.16
INJ-SNX,0.3356,$581.67M,-2.99
VSN-ENS,0.3354,$326.96M,-24.31
1INCH-EURCV,0.3352,$265.25M,-7.68
LDO-BAT,0.3352,$406.61M,-15.61
BORG-MON,0.3352,$386.46M,-27.04
AKT-TWT,0.335,$276.86M,-15.9
PENDLE-AR,0.335,$366.71M,-7.86
A-TRUMP,0.3346,$459.68M,-33.47
TIBBIR-BAT,0.3345,$209.90M,-26.86
SAND-TRUMP,0.3345,$482.58M,-39.0
UB-PENDLE,0.3343,$611.49M,7.63
TIA-COMP,0.3343,$465.82M,-20.67
DCR-XCN,0.3343,$332.44M,-34.74
TWT-AXS,0.3342,$292.16M,-28.38
ETHFI-MON,0.3342,$648.09M,-14.17
PENDLE-FET,0.3341,$556.57M,-19.18
2Z-TRAC,0.334,$326.00M,-22.8
GOMINING-PYTH,0.3338,$436.92M,-8.15
DASH-BONK,0.3337,$662.38M,-21.55
RAY-A7A5,0.3337,$641.21M,-14.77
FLOKI-MET,0.3335,$287.92M,-15.7
AWE-XPL,0.3335,$326.41M,-8.12
TIBBIR-SYRUP,0.3334,$313.73M,-28.29
SFP-TRUMP,0.3333,$460.12M,-35.57
GOMINING-BONK,0.3332,$380.51M,-14.58
MET-TRUMP,0.3332,$446.81M,-15.79
BSV-AERO,0.3332,$672.87M,-12.21
ZRO-PEANUT,0.3331,$469.29M,-31.78
TKX-FDUSD,0.3328,$449.54M,-5.29
PIEVERSE-CHZ,0.3328,$326.22M,-34.68
OHM-TRAC,0.3327,$399.47M,-8.74
CHEEMS-PENGU,0.3326,$472.04M,-39.65
VCNT-BORG,0.3326,$302.71M,-15.21
BORG-COMP,0.3322,$297.60M,-29.25
ETHFI-TRUMP,0.3322,$757.28M,-17.7
BAT-AERO,0.3322,$517.79M,-17.33
ZRO-FARTCOIN,0.3321,$407.77M,-34.64
BAT-BONK,0.332,$368.36M,-27.39
VSN-BTT,0.3319,$410.37M,-18.48
CHZ-GLIDR,0.3318,$245.52M,-42.73
MANA-XPL,0.3318,$351.97M,-17.88
2Z-MET,0.3317,$291.75M,-12.11
MET-JASMY,0.3317,$301.00M,-9.5
WIF-CRCLON,0.3316,$239.20M,-29.79
XEC-AKE,0.3314,$214.98M,558.29
1INCH-RAIL,0.3313,$205.66M,1.34
CHZ-BAT,0.3313,$247.55M,-48.0
GALA-TRUMP,0.3312,$446.00M,-40.01
DASH-PYTH,0.3311,$718.79M,-15.12
GLIDR-AR,0.3311,$217.44M,-13.29
VSN-IMX,0.3308,$378.22M,-25.72
DRV-EURC,0.3308,$552.68M,6.97
SN64-AERO,0.3307,$504.36M,-15.3
2Z-TRUMP,0.3306,$559.73M,-32.51
GOMINING-SN64,0.3306,$205.56M,-14.09
MON-GRASS,0.3306,$464.06M,-13.76
PEANUT-WFI,0.3306,$359.08M,-12.57
LDO-KITE,0.3305,$535.20M,-11.13
ZRO-BTT,0.3305,$544.23M,-29.03
SYRUP-BAT,0.3304,$310.66M,-30.37
BC-CRCLON,0.3301,$312.42M,76.28
LUNC-GLIDR,0.3298,$380.28M,-29.46
DYDX-USDTB,0.3298,$453.39M,-10.33
SNX-A,0.3296,$224.72M,-31.27
MON-TRUMP,0.3296,$605.58M,-32.66
INJ-XTZ,0.3295,$684.71M,-9.2
BTT-AR,0.3295,$375.53M,-12.84
SEI-ZBCN,0.3292,$463.83M,-34.73
KAITO-PENDLE,0.3291,$559.92M,80.66
EARNETH-OHM,0.329,$422.75M,-8.44
UQC-SHORT,0.329,$205.57M,7.01
TIBBIR-BSV,0.3289,$364.98M,-21.74
1INCH-GOMINING,0.3288,$231.38M,-7.85
ZBCN-NEO,0.3287,$311.05M,-37.21
INJ-BONK,0.3286,$724.18M,-0.02
IOTA-MET,0.3286,$236.99M,-18.04
VSN-COMP,0.3283,$310.22M,-26.5
SPX-MX,0.3283,$452.66M,-9.6
NEO-TRUMP,0.3283,$491.16M,-33.73
RAIL-GRASS,0.3282,$305.71M,8.34
COMP-CRCLON,0.3282,$252.18M,-35.28
VSN-PENGU,0.3279,$522.61M,-29.92
FLUID-BAT,0.3279,$189.70M,-31.89
NXM-ZAMA,0.3276,$224.68M,59.94
PENGU-ZAMA,0.327,$509.53M,44.81
DRV-XCN,0.3269,$232.30M,-9.98
GRASS-BONK,0.3268,$480.82M,-12.12
TIBBIR-XCN,0.3267,$236.14M,-30.74
EARNETH-ZAMA,0.3265,$284.75M,56.93
EIGEN-AERO,0.3261,$554.97M,0.77
ZRO-JTO,0.326,$553.39M,4.28
FLUID-KAITO,0.326,$395.56M,67.01
LDO-ZAMA,0.3256,$441.01M,63.87
TWT-DASH,0.3256,$545.90M,-16.65
ENS-CHZ,0.3256,$320.21M,-48.11
GNO-MON,0.3255,$530.84M,-21.44
LUNC-BONK,0.3253,$543.84M,-33.19
STAC-STRCX,0.3253,$243.44M,-3.85
THETA-WFI,0.3253,$300.64M,-19.67
TIBBIR-SAND,0.3252,$231.67M,-33.3
FLUID-FET,0.3249,$392.20M,-32.83
DASH-JTO,0.3249,$666.07M,15.93
KMNO-SNX,0.3248,$220.46M,-20.93
SPX-EURCV,0.3247,$451.51M,-7.64
2Z-SNX,0.3247,$324.77M,-30.31
PYTH-ZAMA,0.3246,$459.17M,58.51
JTO-A7A5,0.3244,$746.84M,23.41
SFP-JASMY,0.3244,$314.32M,-29.29
VIRTUAL-EURC,0.3242,$819.60M,-11.23
CAKE-CRCLON,0.3242,$540.04M,-20.75
GLM-COMP,0.3241,$254.09M,-32.9
LUNC-VIRTUAL,0.324,$648.47M,-30.09
MX-TRUMP,0.324,$507.98M,-21.54
KMNO-GLIDR,0.3239,$199.40M,-14.24
EARNETH-APYUSD,0.3238,$305.07M,-12.73
ZANO-SYRUP,0.3238,$338.41M,-18.32
VIRTUAL-PIEVERSE,0.3237,$551.65M,-10.99
NXM-FDUSD,0.3236,$432.97M,-5.16
TIBBIR-BONK,0.3236,$371.43M,-25.32
EIGEN-PENDLE,0.3233,$391.24M,-0.14
EURC-TRAC,0.3232,$573.70M,-9.78
ZBCN-XCN,0.3231,$306.93M,-39.91
TWT-PENDLE,0.3231,$399.12M,-11.79
CAKE-XTZ,0.323,$672.67M,-24.35
DRV-COMP,0.3229,$261.97M,-8.41
RAIL-RAY,0.3229,$252.85M,-6.09
DRV-VET,0.3228,$491.60M,-10.06
SN64-ZAMA,0.3227,$227.80M,52.57
VSN-PYTH,0.3225,$472.25M,-16.22
FDUSD-USAT,0.3224,$531.33M,-0.16
1INCH-DRV,0.322,$218.46M,2.17
CHZ-SYRUP,0.322,$351.39M,-49.42
AXS-SYRUP,0.3219,$350.94M,-36.25
THETA-TRUMP,0.3219,$483.48M,-36.69
FLOKI-WFI,0.3217,$373.05M,-19.08
GLM-XPL,0.3216,$315.35M,-21.1
TRAC-RAY,0.3215,$286.67M,-22.01
2Z-CRCLON,0.3214,$295.19M,-32.92
STX-BONK,0.3212,$515.46M,-32.5
2Z-AERO,0.3211,$616.71M,-17.28
VIRTUAL-COMP,0.3211,$528.89M,-26.6
STRK-REUSD,0.321,$356.64M,-10.79
LDO-ZRO,0.3209,$587.95M,-21.42
TWT-SYRUP,0.3209,$355.71M,-23.92
NEX-AKE,0.3208,$185.85M,551.32
AKT-BTT,0.3206,$387.87M,-16.63
BAT-ZAMA,0.3205,$241.23M,50.54
PIEVERSE-XPL,0.3203,$402.67M,-6.13
GOMINING-SFP,0.3202,$218.30M,-19.13
PIEVERSE-PRL,0.3199,$266.15M,66.08
NEX-XEC,0.3198,$209.79M,-23.84
XTZ-A7A5,0.3196,$703.68M,-23.25
XPIN-AR,0.3196,$260.95M,4.79
XEC-A,0.3195,$221.75M,-23.81
TIBBIR-PEANUT,0.3194,$291.02M,-23.89
VSN-GLIDR,0.3193,$252.28M,-18.93
DCR-WIF,0.3192,$349.12M,-27.68
ULTIMA-PENGU,0.319,$553.42M,-32.04
FDUSD-GRASS,0.319,$561.97M,0.72
ZANO-PYTH,0.319,$452.52M,-8.93
TIA-DCR,0.3188,$509.27M,-20.29
TIBBIR-JASMY,0.3188,$318.07M,-24.2
IOTA-COMP,0.3188,$306.90M,-37.12
SNX-CHZ,0.3184,$266.57M,-49.42
USDAT-USDF,0.3183,$251.64M,-0.08
MX-ETHFI,0.3183,$550.48M,-3.04
IOTA-GOMINING,0.3182,$263.14M,-22.0
VSN-BONK,0.318,$415.84M,-22.65
GLM-MET,0.318,$184.18M,-13.82
BTT-XPL,0.3179,$480.06M,-13.72
GRT-DCR,0.3177,$364.12M,-35.42
WFI-JASMY,0.3177,$386.13M,-12.88
CAKE-FARTCOIN,0.3174,$570.20M,-16.61
CAKE-PENDLE,0.3173,$697.84M,-6.01
ETHFI-SFP,0.3173,$502.62M,-17.08
TKX-APYUSD,0.317,$261.57M,-9.85
DCR-AXS,0.317,$346.47M,-36.75
CRCLON-EURCV,0.3169,$242.29M,-19.98
IMX-ZAMA,0.3168,$365.13M,49.02
SN64-WFI,0.3166,$264.54M,-13.51
ZRO-XCN,0.3165,$414.41M,-38.62
BORG-ETHFI,0.3163,$538.16M,-12.08
FDUSD-TRUMP,0.3162,$703.49M,-18.18
THETA-EURCV,0.3162,$275.53M,-20.07
EARNETH-MX,0.316,$297.53M,-11.53
SEI-AWE,0.316,$392.37M,-16.3
CVX-EIGEN,0.3159,$275.41M,-7.16
ZBCN-FARTCOIN,0.3158,$300.28M,-35.93
APEPE-AIAT,0.3158,$319.34M,-6.71
ZRO-TWT,0.3156,$433.22M,-28.3
SNX-WFI,0.3156,$296.98M,-16.97
CVX-ZAMA,0.3154,$272.63M,54.22
TRAC-EURCV,0.3154,$273.10M,-9.86
EARNETH-TEL,0.3151,$321.26M,-15.96
ENS-WFI,0.3148,$350.61M,-15.66
PYTH-A7A5,0.3148,$799.56M,-7.64
AXS-ENS,0.3147,$319.76M,-34.94
THETA-CRCLON,0.3146,$218.94M,-37.1
AXS-RUNE,0.3145,$291.95M,-54.08
PENGU-RAIL,0.3145,$461.56M,-12.66
COMP-BTT,0.3143,$418.80M,-25.52
STX-TRUMP,0.3138,$607.91M,-37.67
DCR-FRAX,0.3137,$422.84M,-16.45
SN64-USDZ,0.3134,$217.38M,-13.17
MON-XPL,0.3134,$468.78M,-19.54
LUNC-EARNETH,0.3133,$425.84M,-28.35
LDO-KAITO,0.3133,$612.47M,83.29
FLOKI-TRUMP,0.3133,$555.90M,-36.11
DRV-AR,0.3132,$218.70M,4.28
FARTCOIN-MON,0.3132,$371.21M,-28.93
ONYC-USDZ,0.3132,$373.59M,0.6
DRV-ZK,0.3131,$187.00M,-14.91
KAU-AKT,0.3131,$436.70M,-12.16
TKX-MX,0.3127,$254.03M,-8.64
IMX-A7A5,0.3124,$705.53M,-17.13
DASH-EIGEN,0.3124,$538.03M,-4.99
LUNC-GRT,0.3123,$440.24M,-39.29
SAND-EURCV,0.3122,$274.62M,-22.39
ZBCN-SFP,0.3121,$280.01M,-39.05
TWT-BTT,0.312,$407.94M,-16.78
EURC-APYUSD,0.312,$608.16M,-6.04
CRCLON-BSV,0.312,$351.34M,-27.86
TIA-EURCV,0.3119,$455.93M,-5.38
REAL-SOSO,0.3118,$365.65M,4.77
GPS-REAL,0.3117,$345.07M,27.36
ULTIMA-RAY,0.3117,$344.71M,-25.47
LUNC-ZK,0.3116,$363.25M,-43.54
FLUID-A,0.3116,$188.58M,-32.8
2Z-AXS,0.3115,$346.02M,-34.77
DRV-NEO,0.3114,$236.42M,-7.27
2Z-ZBCN,0.3113,$379.61M,-35.99
EARNETH-FDUSD,0.3112,$493.04M,-8.17
TWT-JASMY,0.3112,$360.05M,-19.83
KAU-2Z,0.311,$510.64M,-18.69
BC-FLUID,0.311,$305.86M,77.37
IMX-ZANO,0.3108,$358.48M,-18.42
STAC-SHORT,0.3108,$200.20M,9.78
GOMINING-THETA,0.3108,$241.66M,-20.25
TIA-CRCLON,0.3106,$399.34M,-22.4
BTSE-GUSD,0.3106,$282.62M,-4.39
LDO-XTZ,0.3104,$528.67M,-23.25
CARDS-CRCLON,0.3104,$361.72M,-9.04
COMP-BSV,0.3104,$417.82M,-26.13
EIGEN-SN64,0.3102,$230.58M,-8.81
GLM-KAG,0.31,$308.45M,-26.86
LDO-GLM,0.3099,$397.96M,-17.27
DASH-MANA,0.3098,$528.82M,-21.53
PRL-FRAX,0.3098,$304.14M,67.18
AKT-BSV,0.3096,$386.89M,-17.23
AKT-FARTCOIN,0.3095,$251.40M,-22.24
PIEVERSE-MET,0.3095,$271.50M,1.15
MANA-COMP,0.3095,$290.71M,-29.68
PIEVERSE-GEOD,0.3094,$276.43M,31.8
DASH-SYRUP,0.3093,$604.68M,-24.52
2Z-USDA,0.3092,$298.51M,-14.07
KAU-TRUMP,0.3089,$665.70M,-22.37
NEO-TRAC,0.3089,$257.44M,-24.02
DRV-SAND,0.3087,$227.83M,-12.54
SEI-FLUID,0.3086,$372.84M,-30.57
DASH-SFP,0.3086,$500.17M,-26.1
2Z-WFI,0.3084,$376.88M,-15.49
TIBBIR-WIF,0.3083,$252.83M,-23.67
ZANO-XCN,0.3083,$260.82M,-20.77
ETHFI-ZAMA,0.3083,$537.70M,65.41
VCNT-TRUMP,0.3082,$521.83M,-20.83
KMNO-PENDLE,0.3081,$348.67M,-8.81
TIA-STRK,0.308,$495.70M,-18.35
RAIL-AR,0.308,$205.90M,3.45
LUNC-NXM,0.3079,$365.77M,-25.33
RAY-SUN,0.3079,$505.30M,-14.93
GRT-XPIN,0.3077,$306.24M,-10.15
ETHFI-COMP,0.3077,$559.22M,-16.38
ZANO-BSV,0.3076,$389.65M,-11.78
GOMINING-MANA,0.3074,$246.95M,-14.56
ZBCN-GLIDR,0.3073,$278.66M,-30.77
TIBBIR-USDF,0.3072,$218.32M,-12.43
AXS-WFI,0.3072,$318.23M,-21.43
KMNO-JTO,0.3072,$366.66M,19.52
KMNO-GOMINING,0.3072,$213.58M,-6.7
A-MET,0.3072,$191.71M,-13.07
CAKE-TIBBIR,0.3071,$553.68M,-14.64
JTO-TRUMP,0.3071,$626.03M,6.46
WIF-GOMINING,0.3071,$261.91M,-12.93
USDAT-USAT,0.3069,$325.03M,-0.11
FDUSD-PYTH,0.3069,$667.46M,-6.58
INJ-XPL,0.3066,$679.82M,7.93
RUNE-GALA,0.3066,$236.88M,-55.04
LUNC-GALA,0.3065,$367.51M,-42.18
CARDS-SN64,0.3065,$358.86M,-2.98
EURC-CRCLON,0.3065,$542.89M,-19.9
FDUSD-MX,0.3064,$496.69M,-3.53
FLOKI-GOMINING,0.3064,$314.07M,-19.66
SNX-SOSO,0.3063,$239.02M,-25.47
SN64-CRCLON,0.3063,$182.84M,-30.94
FLUID-GRASS,0.306,$302.16M,-16.62
GALA-EURCV,0.306,$238.05M,-23.4
MON-CRCLON,0.3057,$341.05M,-33.07
XTZ-VET,0.3056,$614.43M,-40.53
WIF-XEC,0.3056,$265.80M,-19.71
SPX-DRV,0.3055,$404.72M,2.21
PYTH-BAT,0.3053,$424.77M,-20.97
EARNETH-BC,0.3052,$366.51M,86.7
GNO-MET,0.3051,$372.06M,-4.57
ULTIMA-SHORT,0.3051,$279.25M,-2.56
ZRO-XTZ,0.305,$510.23M,-42.39
EARNETH-VCNT,0.3049,$311.39M,-10.82
MANA-BTT,0.3048,$390.86M,-21.66
INJ-TWT,0.3047,$607.70M,4.88
VET-WFI,0.3047,$563.50M,-19.5
LDO-DCR,0.3046,$505.97M,-17.54
USDAT-FRAX,0.3046,$359.87M,-0.09
GRASS-BSV,0.3044,$474.36M,-8.55
EARNETH-RAIL,0.3043,$236.79M,-0.55
USTBL-CAKE,0.3043,$608.03M,-1.83
SPX-TIBBIR,0.3042,$408.56M,-18.55
CAKE-FRAX,0.3042,$667.26M,-2.3
LUNC-VET,0.304,$667.85M,-38.69
EDGE-KOGE,0.304,$350.12M,26.14
NXM-PIEVERSE,0.3039,$268.95M,-6.23
FLUID-COMP,0.3039,$245.61M,-34.19
OHM-GNO,0.3037,$558.45M,-7.23
XTZ-THETA,0.3034,$351.57M,-40.7
ULTIMA-SYRUP,0.3033,$388.95M,-27.74
LUNC-SEI,0.3032,$565.45M,-33.42
TIBBIR-GLM,0.3032,$201.25M,-28.52
ZBCN-AXS,0.3031,$320.96M,-41.93
AKT-TRAC,0.3031,$252.06M,-16.26
AKT-COMP,0.3028,$287.72M,-24.65
ZK-DCR,0.3028,$287.13M,-39.67
XTZ-STX,0.3027,$475.99M,-41.68
ZRO-TIBBIR,0.3025,$391.24M,-32.67
SHORT-PEANUT,0.3025,$282.09M,-2.22
IMX-CRCLON,0.3023,$320.17M,-34.49
ZBCN-SN64,0.3019,$267.27M,-34.01
VSN-RAY,0.3018,$313.90M,-23.35
LUNC-FET,0.3017,$584.82M,-35.67
ZRO-GOMINING,0.3017,$400.32M,-21.93
VSN-XCN,0.3016,$280.55M,-28.07
DRV-CAKE,0.3016,$549.83M,6.12
NEO-ZANO,0.3016,$264.94M,-18.06
SFP-FRAX,0.3016,$322.80M,-17.53
ZBCN-KMNO,0.3014,$275.29M,-26.61
AKT-MET,0.3014,$217.81M,-5.57
DASH-IOTA,0.3013,$545.01M,-28.97
TAG-XPL,0.3013,$365.65M,24.94
SN64-BONK,0.3013,$354.94M,-25.36
AKT-MON,0.3012,$376.59M,-22.44
INJ-ZRO,0.3011,$743.99M,-7.37
XCN-ZAMA,0.3011,$267.47M,46.67
INJ-FLUID,0.3009,$545.52M,-4.51
VELVET-XTZ,0.3008,$391.98M,119.54
TIA-BONK,0.3008,$571.44M,-16.82
2Z-DCR,0.3007,$405.11M,-30.81
MON-ZAMA,0.3007,$386.01M,50.45
FDUSD-RAY,0.3006,$509.10M,-13.71
PENDLE-GUSD,0.3006,$400.16M,3.32
NFT-SUN,0.3006,$606.81M,-9.05
KAU-IOTA,0.3003,$455.88M,-24.62
2Z-ZRO,0.3003,$487.09M,-34.69
KAU-VET,0.3002,$697.26M,-22.7
GLM-DASH,0.3002,$492.20M,-24.75
NXM-SUN,0.3001,$429.16M,-6.37
ZBT-BSV,0.3001,$372.44M,-29.89
VIRTUAL-EURCV,0.2999,$519.01M,-11.31
USTBL-KAG,0.2999,$374.53M,-10.32
RUNE-THETA,0.2999,$274.35M,-51.95
DASH-AERO,0.2999,$811.81M,-11.49
TIA-RAIL,0.2995,$396.33M,3.64
IMX-RAIL,0.2994,$317.17M,-8.45
KAITO-ZAMA,0.2994,$447.08M,149.44
SAND-PIEVERSE,0.2994,$307.27M,-22.06
THETA-BONK,0.2994,$391.04M,-31.52
BONK-FRAX,0.2994,$485.01M,-12.98
AKT-XPL,0.2992,$348.98M,-12.85
FARTCOIN-KITE,0.299,$355.01M,-24.35
FARTCOIN-CRCLON,0.299,$215.86M,-32.87
ULTIMA-THETA,0.2989,$307.79M,-30.44
XTZ-FET,0.2988,$531.39M,-37.52
TWT-PIEVERSE,0.2986,$330.55M,-9.18
COMP-FRXUSD,0.2986,$269.25M,-16.81
FLUID-BORG,0.2984,$224.56M,-29.9
GNO-ZBT,0.2982,$396.59M,-27.42
LDO-FARTCOIN,0.2981,$426.21M,-15.5
EURCV-XCN,0.2981,$279.09M,-19.82
ZBCN-BORG,0.298,$315.54M,-34.05
AWE-A,0.298,$208.11M,-18.52
DYDX-VIRTUAL,0.2979,$467.43M,-20.17
VIRTUAL-RAIL,0.2979,$459.41M,-2.29
ZRO-SYRUP,0.2977,$492.00M,-36.17
FLUID-WFI,0.2977,$260.83M,-18.49
FARTCOIN-TRUMP,0.2977,$480.40M,-32.46
ZRO-SAND,0.2976,$409.94M,-41.18
TWT-COMP,0.2976,$307.79M,-24.8
JASMY-ZAMA,0.2976,$349.40M,53.2
ENS-MET,0.2975,$265.49M,-12.28
INJ-FDUSD,0.2974,$805.33M,12.82
TWT-PYTH,0.2974,$469.83M,-14.52
VSN-PEANUT,0.2973,$335.43M,-21.22
FLUID-PYTH,0.2973,$407.65M,-23.92
FARTCOIN-FET,0.2973,$428.93M,-29.77
A-CRCLON,0.2973,$195.14M,-33.88
1INCH-BC,0.2972,$335.39M,88.59
GLIDR-GRASS,0.2972,$317.25M,-8.4
CAKE-GOMINING,0.2971,$562.75M,-3.9
AKT-CHZ,0.297,$272.53M,-41.41
TIBBIR-SNX,0.297,$228.92M,-28.29
USAT-NEX,0.297,$275.56M,-15.48
MET-AR,0.297,$205.47M,-1.78
BSV-JASMY,0.297,$470.08M,-21.16
DCR-SN64,0.2968,$292.77M,-28.83
ZK-PRL,0.2967,$168.42M,43.96
NXM-ULTIMA,0.2966,$268.57M,-16.92
KAG-EURCV,0.2965,$363.13M,-12.21
IOTA-ZAMA,0.2962,$285.39M,44.66
VIRTUAL-JTO,0.2961,$638.21M,14.73
KAG-JTO,0.2961,$482.33M,13.83
DYDX-FET,0.296,$403.78M,-25.74
FLOKI-ZAMA,0.296,$336.32M,47.0
BONK-SUN,0.296,$607.24M,-14.22
VSN-ZANO,0.2959,$282.05M,-12.15
LUNC-CARDS,0.2959,$547.77M,-10.8
DYDX-SFP,0.2959,$200.60M,-27.81
US-GNO,0.2959,$701.61M,415.81
FLUID-MX,0.2959,$236.88M,-20.86
SEI-EURC,0.2958,$736.59M,-14.55
DYDX-FLOKI,0.2956,$296.37M,-28.35
DEXE-SOSO,0.2955,$390.67M,-46.51
NEO-RAIL,0.2955,$223.62M,-8.09
NXM-RAIL,0.2954,$176.71M,2.47
XTZ-JASMY,0.2953,$437.06M,-33.92
AXS-COMP,0.2951,$303.01M,-37.13
GALA-RAIL,0.2951,$178.46M,-14.38
THETA-A7A5,0.2951,$604.30M,-19.74
DYDX-ZK,0.295,$182.22M,-33.61
SPX-BONK,0.2948,$567.02M,-19.08
STRK-COMP,0.2947,$348.54M,-31.23
LUNC-1INCH,0.2946,$394.72M,-26.46
KAU-XPL,0.2946,$528.89M,-9.25
RLB-CHZ,0.2945,$248.41M,-32.81
MON-MET,0.2945,$337.61M,-12.26
MET-AERO,0.2945,$503.79M,-0.56
SFP-XPL,0.2945,$323.32M,-22.45
PENGU-SOSO,0.2944,$488.31M,-29.77
ZANO-JASMY,0.2943,$342.75M,-14.24
EURC-GLIDR,0.2943,$551.42M,-10.6
PENDLE-MANA,0.2943,$382.04M,-16.68
FARTCOIN-BTT,0.2942,$382.48M,-23.11
MET-FET,0.2942,$395.33M,-13.1
ZANO-PENGU,0.294,$502.88M,-22.63
LUNC-FLOKI,0.2939,$477.41M,-38.27
SN64-COMP,0.2938,$249.32M,-29.21
SYRUP-XPL,0.2938,$427.83M,-20.87
ULTIMA-FLOKI,0.2937,$380.21M,-29.86
DCR-GALA,0.2936,$291.39M,-38.31
UQC-THETA,0.2936,$234.11M,-20.87
MET-GRASS,0.2936,$305.29M,3.11
TKX-REAL,0.2935,$352.50M,9.14
OHM-FLUID,0.2935,$362.09M,-17.77
MX-AERO,0.2933,$564.96M,-6.3
FDUSD-GEOD,0.2932,$440.44M,32.86
VIRTUAL-DCR,0.2931,$572.35M,-26.22
LUNC-TKX,0.293,$382.34M,-25.47
AVUSD-KOGE,0.293,$330.13M,51.52
ETHFI-WFI,0.293,$574.43M,-0.68
FLOKI-CRCLON,0.2929,$291.36M,-36.51
MET-ZAMA,0.2929,$227.23M,67.32
FLUID-SUN,0.2928,$428.58M,-18.72
TKX-ULTIMA,0.2926,$285.14M,-17.05
NXM-OHM,0.2925,$362.68M,-5.43
WIF-PIEVERSE,0.2924,$328.43M,-12.44
MON-COMP,0.2924,$407.52M,-31.34
GALA-ZAMA,0.2922,$226.43M,43.09
REAL-TRUMP,0.2921,$606.45M,-3.75
AR-BSV,0.2921,$374.55M,-13.44
LDO-WFI,0.292,$477.74M,-2.21
LDO-BSV,0.2917,$561.69M,-10.49
EARNETH-REAL,0.2917,$396.00M,6.26
AXS-MON,0.2917,$391.88M,-34.92
EURCV-TRUMP,0.2915,$506.83M,-19.57
LUNC-NEO,0.2914,$412.67M,-35.9
ZBCN-A,0.2913,$279.56M,-36.95
XTZ-CHZ,0.2912,$369.61M,-55.64
SN64-XPIN,0.2911,$234.89M,-3.57
INJ-JTO,0.2909,$727.87M,37.46
PYTH-MET,0.2909,$410.78M,-4.19
DRV-DCR,0.2908,$305.42M,-8.03
DASH-CHZ,0.2906,$541.57M,-42.15
BTT-SUN,0.2906,$601.76M,-10.05
FLUID-CHZ,0.2901,$230.43M,-50.95
MON-SFP,0.2901,$350.93M,-32.04
EIGEN-TRUMP,0.29,$497.98M,-14.46
CVX-RAIL,0.2899,$224.66M,-3.25
MET-BTT,0.2899,$348.89M,-6.44
VCNT-A,0.2898,$266.73M,-18.11
BTT-ZAMA,0.2896,$397.28M,56.26
AR-GRASS,0.2896,$331.92M,-3.28
USDAT-TRUMP,0.2895,$497.19M,-18.14
RAIL-XCN,0.2895,$219.50M,-10.8
DRV-WIF,0.2894,$248.99M,-2.92
VCNT-SN64,0.2894,$254.44M,-15.17
CAKE-SHORT,0.2893,$544.74M,7.04
FLUID-FRXUSD,0.2893,$196.21M,-17.46
KITE-SYRUP,0.2893,$439.25M,-25.89
NFT-EURCV,0.2893,$413.96M,-9.23
ZBCN-EIGEN,0.2891,$317.87M,-17.94
ZK-ZAMA,0.2891,$222.16M,41.74
STX-CRCLON,0.2891,$343.37M,-38.08
FLUID-COCO,0.289,$270.51M,-38.67
KMNO-BSV,0.289,$356.51M,-14.39
INJ-AERO,0.2888,$873.61M,10.04
KAU-FARTCOIN,0.2888,$431.32M,-18.64
FDUSD-ZAMA,0.2888,$483.91M,64.92
LUNC-CVX,0.2886,$413.71M,-31.05
EARNETH-PIEVERSE,0.2886,$329.02M,-9.24
TIA-JTO,0.2886,$575.13M,20.66
KAU-GLM,0.2885,$403.07M,-20.4
OZO-GEOD,0.2885,$219.64M,33.23
PIEVERSE-ETHFI,0.2885,$581.97M,-0.76
DCR-PYTH,0.2884,$524.14M,-22.89
KMNO-XTZ,0.2884,$323.49M,-27.15
FARTCOIN-PYTH,0.2884,$444.37M,-20.86
EDGE-BTSE,0.2883,$269.09M,-36.82
TKX-RAIL,0.2883,$193.29M,2.34
TWT-GOMINING,0.2883,$264.03M,-9.68
TKX-PIEVERSE,0.2882,$285.53M,-6.36
FLOKI-XPIN,0.2882,$343.41M,-9.14
NXM-SOSO,0.2881,$203.46M,-14.65
EDGE-USTBL,0.2881,$296.82M,-24.93
TKX-SUN,0.2881,$445.73M,-6.5
KITE-VET,0.288,$620.96M,-28.41
AKT-RAIL,0.2878,$218.24M,-0.34
FDUSD-CRCLON,0.2876,$438.95M,-18.59
2Z-ZAMA,0.2875,$340.15M,50.6
BTT-WFI,0.2875,$434.02M,-9.82
ICNT-SYRUP,0.2874,$308.82M,-45.36
RAIL-GLIDR,0.2873,$191.23M,-1.66
USDTB-BC,0.2872,$575.09M,94.79
ZBCN-ETHFI,0.2872,$577.16M,-21.17
WIF-BTSE,0.2872,$279.46M,-22.76
JTO-FET,0.2871,$574.55M,9.15
SNX-BORG,0.287,$260.71M,-28.37
DRV-PENDLE,0.2869,$353.29M,4.6
KITE-AERO,0.2869,$646.38M,-12.86
TIBBIR-AERO,0.2868,$520.86M,-15.26
FDUSD-PENGU,0.2868,$717.81M,-20.28
EDGE-NEX,0.2865,$226.30M,-40.74
ZBCN-SYRUP,0.2865,$384.52M,-37.47
LUNC-XCN,0.2864,$408.56M,-38.6
IMX-XTZ,0.2864,$452.80M,-38.1
GRT-PIEVERSE,0.2863,$343.43M,-20.18
APR-SUN,0.2862,$538.68M,3.56
TIBBIR-WFI,0.2862,$281.03M,-13.47
AXS-EURC,0.2861,$593.72M,-21.75
OHM-BONK,0.286,$540.75M,-13.28
VSN-A,0.2859,$253.18M,-25.1
FARTCOIN-STX,0.2859,$373.53M,-33.94
MON-EURCV,0.2859,$397.63M,-16.04
SPX-KITE,0.2856,$534.08M,-16.15
OHM-GLIDR,0.2855,$377.19M,-9.56
VSN-PIEVERSE,0.2854,$332.98M,-10.88
ENS-ZAMA,0.2854,$313.88M,50.43
TRUMP-FET,0.2854,$663.31M,-33.5
GRT-CRCLON,0.2853,$254.20M,-37.53
SN64-CHZ,0.2853,$234.13M,-45.97
GLM-CHZ,0.2852,$238.90M,-49.65
RUNE-CHZ,0.2852,$292.40M,-69.04
GLIDR-EURCV,0.2852,$250.82M,-10.68
GLM-RAIL,0.2851,$184.61M,-8.59
NXM-APEPE,0.2849,$288.23M,-19.55
2Z-SUN,0.2847,$544.63M,-15.71
PIEVERSE-THETA,0.2847,$308.18M,-19.75
UB-TKX,0.2846,$464.28M,6.19
DRV-THETA,0.2846,$228.74M,-10.23
TWT-MANA,0.2846,$279.85M,-20.93
KAITO-WIF,0.2846,$455.61M,73.15
EIGEN-PIEVERSE,0.2845,$322.68M,2.48
KAG-WIF,0.2844,$360.04M,-22.01
COMP-AR,0.2844,$275.38M,-20.86
XTZ-GLIDR,0.2843,$326.86M,-31.31
FARTCOIN-XCN,0.2843,$252.67M,-32.7
USDAT-PENDLE,0.284,$390.45M,-3.81
XTZ-XCN,0.2839,$355.13M,-40.45
NEO-XTZ,0.2838,$359.25M,-37.74
SNX-EURC,0.2838,$572.47M,-17.29
MANA-GRASS,0.2838,$347.25M,-12.1
GNO-BSV,0.2837,$541.14M,-16.23
DCR-ZANO,0.2837,$333.94M,-18.82
JTO-BSV,0.2837,$527.13M,15.21
CRVUSD-TEL,0.2836,$386.37M,-7.91
CAKE-SUN,0.2835,$789.48M,-3.54
AVUSD-GUSD,0.2835,$265.48M,7.13
DYDX-TWT,0.2834,$246.33M,-18.36
LUNC-PRL,0.2832,$362.97M,46.97
LDO-XEC,0.2832,$422.65M,-9.57
EURC-AERO,0.2831,$864.41M,-4.26
USDAT-KAITO,0.283,$449.07M,84.39
KAU-EARNETH,0.2829,$455.25M,-12.36
KAU-NEO,0.2829,$442.08M,-19.91
DEXE-SHFL,0.2829,$395.48M,-39.71
ZANO-FET,0.2829,$437.08M,-17.84
EURC-MANA,0.2828,$581.42M,-14.3
VSN-SN64,0.2827,$240.89M,-22.16
ZBCN-JTO,0.2826,$445.91M,2.99
LDO-OHM,0.2825,$579.00M,-1.5
MX-GLIDR,0.2825,$251.97M,-12.64
EIGEN-BONK,0.2823,$405.54M,-9.29
LDO-TWT,0.2822,$451.66M,-9.17
TWT-VCNT,0.2822,$312.91M,-10.76
FLOKI-EURC,0.2822,$648.54M,-19.41
EARNETH-SUN,0.2821,$489.23M,-9.39
MON-BAT,0.282,$351.61M,-29.03
BTT-FRAX,0.282,$479.54M,-8.8
TRAC-XCN,0.2819,$253.32M,-26.73
US-GEOD,0.2818,$513.31M,455.64
TWT-EIGEN,0.2818,$289.06M,-4.39
KITE-RAY,0.2818,$395.01M,-23.62
GRT-KITE,0.2816,$393.35M,-29.02
1INCH-KAITO,0.2815,$425.09M,78.24
DCR-BAT,0.2814,$306.19M,-30.87
SPX-RAIL,0.2812,$391.92M,1.38
FLUID-XPL,0.2811,$306.87M,-22.39
VSN-WIF,0.281,$297.24M,-21.01
SYRUP-FRXUSD,0.2809,$317.17M,-15.94
FLUID-FARTCOIN,0.2808,$209.30M,-31.78
VSN-SEI,0.2806,$437.45M,-22.88
INJ-PIEVERSE,0.2804,$641.32M,11.75
VET-ZAMA,0.2804,$526.77M,46.59
GOMINING-XPL,0.2802,$336.15M,-6.63
TWT-FARTCOIN,0.2801,$271.48M,-22.39
IMX-MX,0.28,$377.91M,-19.43
IMX-VCNT,0.2799,$391.77M,-18.72
KAU-GRT,0.2799,$469.65M,-23.3
DASH-MON,0.2799,$645.63M,-23.19
FARTCOIN-COMP,0.2799,$282.34M,-31.14
KAU-CAKE,0.2798,$755.50M,-6.52
ZBCN-GLM,0.2798,$272.04M,-37.7
SNX-XPL,0.2797,$343.02M,-20.87
INJ-EURC,0.2796,$909.27M,11.51
USDAT-FARTCOIN,0.2796,$262.81M,-14.4
MON-AR,0.2796,$364.25M,-18.65
AR-ZAMA,0.2795,$253.87M,60.93
1INCH-DEXE,0.2794,$389.90M,-43.13
ZBCN-GALA,0.2794,$265.89M,-43.49
TIA-KAG,0.2793,$520.18M,-14.63
IOTA-WFI,0.2793,$322.12M,-21.42
CAKE-DCR,0.2792,$649.97M,-18.64
UUSD-REAL,0.2792,$348.84M,14.32
RLB-APEPE,0.2791,$305.63M,-13.76
ZRO-AKT,0.2791,$413.15M,-28.16
CRCLON-SFP,0.2791,$195.58M,-35.98
USDTB-SYRUP,0.279,$562.77M,-15.89
ZRO-TRUMP,0.279,$642.14M,-38.37
DRV-SNX,0.2789,$225.08M,-7.53
SHORT-CRCLON,0.2789,$190.40M,-9.22
IOTA-CHZ,0.2788,$291.71M,-53.87
NEO-TEL,0.2787,$308.09M,-23.51
ZBCN-TRUMP,0.2784,$534.66M,-39.67
TKX-TEL,0.2783,$277.76M,-13.08
DASH-A7A5,0.2782,$875.64M,-9.77
NEX-SUN,0.2782,$432.62M,-16.7
MON-XCN,0.2781,$377.85M,-32.91
DCR-SFP,0.278,$305.51M,-33.87
FARTCOIN-MANA,0.278,$254.40M,-27.27
VCNT-PYTH,0.2779,$485.80M,-9.23
AIAT-PRL,0.2779,$202.05M,75.0
EARNETH-ULTIMA,0.2778,$328.64M,-19.93
VIRTUAL-TAG,0.2775,$514.64M,20.09
USDAT-UUSD,0.2774,$239.59M,-0.07
EIGEN-CHZ,0.2772,$284.73M,-29.89
ZK-TRUMP,0.2771,$441.74M,-41.37
ZK-ZANO,0.277,$215.51M,-25.7
ZANO-STX,0.277,$381.68M,-22.0
VIRTUAL-APEPE,0.2769,$570.93M,-24.31
ZRO-CARDS,0.2769,$553.62M,-10.82
TKX-OHM,0.2768,$379.25M,-5.56
REUSD-BAT,0.2767,$270.85M,-10.81
FLUID-RAIL,0.2766,$176.13M,-9.88
DYDX-TIA,0.2765,$404.36M,-14.24
EIGEN-EURC,0.2764,$590.63M,2.24
KMNO-CHZ,0.2763,$242.16M,-38.57
PENDLE-CHZ,0.2762,$394.79M,-37.3
DRV-AXS,0.2761,$246.33M,-11.99
VSN-DASH,0.276,$548.33M,-18.35
UB-SHORT,0.276,$458.39M,20.68
TWT-MON,0.276,$396.66M,-22.59
ZK-XPIN,0.276,$229.25M,-14.4
FARTCOIN-JASMY,0.276,$334.60M,-26.17
CVX-WFI,0.2759,$309.36M,-11.87
1INCH-JTO,0.2758,$384.45M,18.36
PYTH-BONK,0.2757,$586.31M,-19.42
SPX-KAU,0.2756,$610.38M,-10.44
DASH-ZAMA,0.2755,$535.25M,56.38
GOMINING-A,0.2755,$217.85M,-17.03
A-WFI,0.2755,$276.83M,-16.45
CRCLON-XCN,0.2753,$222.51M,-36.85
ZRO-COMP,0.2751,$444.08M,-37.05
GLM-JTO,0.2751,$363.40M,8.43
ICNT-WIF,0.2751,$247.92M,-40.74
KAG-BSV,0.275,$472.18M,-20.08
1INCH-XTZ,0.2748,$341.29M,-28.31
GRT-ZAMA,0.2748,$299.16M,45.99
TRUMP-XPL,0.2748,$577.98M,-23.07
USDTB-MX,0.2746,$506.11M,-3.44
ZRO-XPL,0.2746,$505.34M,-25.25
JTO-MET,0.2746,$358.05M,26.87
IMX-STRK,0.2745,$416.53M,-30.44
EARNETH-SOSO,0.2745,$263.53M,-17.66
CRCLON-GRASS,0.2745,$308.72M,-17.7
CHZ-BSV,0.2744,$402.63M,-42.88
XPIN-JASMY,0.2743,$356.48M,-2.94
ENS-PIEVERSE,0.2742,$358.15M,-15.74
BORG-SUN,0.2742,$480.56M,-13.78
2Z-RAIL,0.274,$292.18M,-6.87
OHM-ETHFI,0.274,$675.70M,0.04
KAG-BONK,0.2739,$478.64M,-23.65
CARDS-A7A5,0.2738,$747.07M,8.32
UB-SOON,0.2737,$450.85M,40.85
SNX-DASH,0.2737,$519.87M,-24.52
PENDLE-GRASS,0.2737,$466.52M,-2.97
UB-FLOKI,0.2735,$559.34M,-6.61
RAIL-BAT,0.2735,$193.26M,-6.93
XCN-TRUMP,0.2734,$487.05M,-36.44
VCNT-SFP,0.2733,$267.18M,-20.21
ZBCN-WFI,0.2732,$351.82M,-22.65
AXS-FARTCOIN,0.2732,$266.70M,-34.72
WIF-RAIL,0.2732,$236.19M,-3.74
GNO-COCO,0.2731,$466.86M,-28.13
SEI-SYRUP,0.273,$493.80M,-29.05
DCR-MON,0.2728,$450.97M,-30.96
SAND-ZANO,0.2727,$256.35M,-23.34
MANA-BONK,0.2727,$396.33M,-25.83
GLM-FARTCOIN,0.2726,$217.77M,-30.49
VSN-STX,0.2724,$401.41M,-29.3
APEPE-GALA,0.2723,$289.97M,-36.4
BC-TKX,0.2722,$323.01M,89.58
ZRO-GLIDR,0.2722,$386.14M,-29.48
XTZ-PEANUT,0.2721,$410.01M,-33.61
1INCH-OHM,0.272,$391.62M,-6.55
DYDX-XCN,0.272,$227.52M,-28.68
USDTB-RAY,0.272,$518.53M,-13.62
AKT-TIBBIR,0.2719,$234.88M,-20.27
GNO-NEO,0.2719,$416.42M,-22.51
FDUSD-AERO,0.2719,$760.47M,-2.95
OUSG-USDA,0.2718,$476.43M,0.75
JTO-VET,0.2718,$657.59M,6.13
CVX-SOSO,0.2717,$251.40M,-20.37
TIA-TIBBIR,0.2717,$412.98M,-16.29
ZRO-CAKE,0.2717,$731.95M,-22.52
DRV-FET,0.2716,$408.56M,-7.04
BC-GALA,0.2716,$308.18M,72.87
CAKE-CARDS,0.2716,$716.06M,7.22
SOON-KITE,0.2715,$322.01M,19.46
VSN-ETHFI,0.2712,$550.78M,-9.33
DYDX-STX,0.2712,$348.38M,-29.91
CRCLON-JASMY,0.2711,$304.44M,-30.31
ETHFI-XPIN,0.271,$544.79M,9.27
BONK-XPL,0.271,$485.53M,-17.9
BORG-TRUMP,0.2708,$495.66M,-30.58
GLM-PIEVERSE,0.2707,$276.84M,-17.28
DASH-BSV,0.2706,$655.93M,-17.98
KITE-MANA,0.2706,$363.39M,-22.9
TIA-KAITO,0.2705,$615.76M,80.53
FARTCOIN-BAT,0.2705,$226.43M,-28.83
FARTCOIN-AERO,0.2705,$537.38M,-17.23
BORG-TRAC,0.2705,$261.94M,-20.86
PENDLE-SFP,0.2705,$353.38M,-21.25
NEX-AVUSD,0.2704,$206.31M,-15.37
KITE-ETHFI,0.2704,$631.89M,-9.59
FRXUSD-XCN,0.2702,$239.58M,-18.38
VIRTUAL-VCNT,0.2701,$534.01M,-12.56
VIRTUAL-GNO,0.2698,$652.21M,-16.71
COMP-JASMY,0.2697,$370.91M,-28.58
OHM-DCR,0.2696,$478.58M,-16.75
FLUID-TRUMP,0.2696,$443.68M,-35.51
EURC-MON,0.2696,$698.23M,-15.96
INJ-MET,0.2695,$548.65M,15.21
EURC-JASMY,0.2695,$661.62M,-13.2
IMX-DYDX,0.2694,$325.19M,-26.33
TAG-SN64,0.2694,$235.06M,17.48
LUNC-PEANUT,0.2693,$463.44M,-31.76
PIEVERSE-VET,0.2693,$571.04M,-19.58
TIBBIR-FDUSD,0.2692,$452.58M,-12.48
ZANO-TRUMP,0.2692,$488.55M,-20.53
CAKE-RAIL,0.2691,$537.04M,5.3
FLOKI-EURCV,0.269,$347.95M,-19.49
WFI-FET,0.269,$480.46M,-16.48
SEI-VCNT,0.2688,$451.00M,-15.88
TIA-ZANO,0.2688,$437.65M,-6.33
EURC-FET,0.2688,$755.95M,-16.8
XPIN-WFI,0.2687,$319.44M,7.8
BP-FET,0.2686,$420.15M,90.63
DCR-FARTCOIN,0.2685,$325.79M,-30.76
MON-FRXUSD,0.2685,$358.12M,-14.6
ENS-TRAC,0.2684,$299.74M,-22.97
LDO-EURC,0.2683,$753.23M,-2.54
VSN-SNX,0.2682,$273.33M,-25.62
DYDX-A,0.2682,$200.15M,-25.71
2Z-JTO,0.2682,$470.97M,10.14
FLUID-BONK,0.2682,$351.23M,-30.34
TIBBIR-DASH,0.2682,$503.92M,-21.02
MON-BSV,0.2682,$506.69M,-23.92
UB-CRCLON,0.2681,$453.69M,-7.11
KAU-SFP,0.2681,$411.04M,-21.75
GLM-VCNT,0.2681,$259.21M,-18.86
INJ-KAU,0.268,$767.54M,8.63
STAC-XTZ,0.2678,$328.12M,-21.62
PIEVERSE-MANA,0.2678,$313.47M,-14.06
ICNT-PEANUT,0.2677,$286.11M,-40.96
TWT-JTO,0.2676,$417.10M,16.53
JASMY-USDZ,0.2676,$338.98M,-12.54
USTBL-NEX,0.2675,$251.17M,-14.99
SAND-TRAC,0.2674,$248.85M,-29.29
DRV-CVX,0.2672,$237.46M,-2.43
KMNO-DASH,0.2671,$495.46M,-13.67
OZO-PENGU,0.267,$497.01M,-19.92
ZRO-SN64,0.267,$374.75M,-32.72
DCR-EIGEN,0.267,$343.37M,-12.76
STRK-A,0.267,$291.50M,-29.83
STX-ZAMA,0.267,$388.33M,45.44
MET-BONK,0.267,$354.36M,-10.62
KAG-FARTCOIN,0.2668,$336.70M,-25.09
OZO-REUSD,0.2667,$292.73M,3.94
DRV-EURCV,0.2666,$252.08M,6.89
SAND-KITE,0.2665,$357.19M,-30.9
TIBBIR-AXS,0.2664,$250.17M,-32.75
UQC-USDZ,0.2664,$235.41M,-3.01
LUNC-BORG,0.2663,$417.17M,-32.74
UB-EARNETH,0.2663,$507.78M,3.31
SUN-TRUMP,0.2662,$699.68M,-19.4
TIA-SOON,0.2661,$396.50M,25.56
FDUSD-IOTA,0.2661,$493.67M,-20.43
GLIDR-FRAX,0.2661,$321.45M,-9.25
MET-CRCLON,0.2661,$182.27M,-16.2
LUNC-IOTA,0.266,$426.47M,-40.61
STX-EURCV,0.2659,$399.95M,-21.05
A-A7A5,0.2659,$580.49M,-16.52
BC-MANA,0.2657,$350.95M,81.88
GOMINING-ETHFI,0.2657,$515.45M,-1.26
KAITO-RAY,0.2656,$472.28M,70.81
TRAC-VET,0.2656,$512.62M,-26.81
INJ-DASH,0.2655,$856.67M,4.28
TWT-DCR,0.2654,$351.25M,-24.42
MON-WFI,0.2653,$422.74M,-15.64
TIA-KITE,0.2652,$538.49M,-13.89
GNO-STX,0.2652,$533.16M,-26.45
A-ZAMA,0.2652,$240.10M,49.63
RLB-GUSD,0.2651,$253.78M,7.81
ZRO-SNX,0.2651,$407.19M,-36.17
OHM-DASH,0.2651,$673.24M,-8.98
TEL-AERO,0.2651,$588.69M,-10.74
EURC-BSV,0.2651,$708.53M,-10.75
ZRO-A7A5,0.265,$762.96M,-21.42
KITE-RAIL,0.265,$321.85M,-2.45
ZAMA-XPL,0.265,$358.40M,60.04
USDTB-XPL,0.2648,$576.11M,-4.97
ENS-SUN,0.2647,$518.36M,-15.88
TWT-MX,0.2646,$299.06M,-11.47
ICNT-RAY,0.2645,$264.58M,-43.09
SAND-ZAMA,0.2643,$263.00M,44.1
BC-KMNO,0.2642,$317.59M,89.74
ZANO-GALA,0.2642,$219.77M,-24.35
FARTCOIN-CHZ,0.2642,$267.15M,-47.89
BORG-EURCV,0.2642,$287.71M,-13.96
GOMINING-GLIDR,0.264,$216.95M,-10.86
INJ-EURCV,0.2639,$608.67M,11.43
LDO-ZBCN,0.2639,$480.47M,-22.71
TWT-KAG,0.2639,$362.16M,-18.76
LUNC-AERO,0.2638,$693.27M,-23.13
DRV-ZBCN,0.2637,$279.92M,-13.21
IMX-EURC,0.2636,$677.36M,-17.39
ZK-SUN,0.2635,$426.64M,-24.57
ZK-CRCLON,0.2634,$177.21M,-41.78
XTZ-BTT,0.2634,$484.95M,-30.86
SNX-RAIL,0.2634,$212.28M,-8.35
XPIN-XCN,0.2634,$274.56M,-9.47
SEI-ZRO,0.2632,$571.31M,-33.43
ETHFI-CRCLON,0.2632,$492.74M,-18.11
ZRO-IOTA,0.2631,$432.33M,-40.62
WIF-KITE,0.2631,$378.35M,-21.27
XTZ-WIF,0.263,$371.82M,-33.39
TIBBIR-COMP,0.2629,$265.81M,-29.17
UB-GRT,0.2628,$522.18M,-7.63
TIBBIR-GOMINING,0.2628,$222.05M,-14.05
STX-FRXUSD,0.2627,$360.44M,-19.61
NXM-KITE,0.2626,$318.87M,-15.06
KAITO-ENS,0.2625,$485.34M,69.85
JTO-FARTCOIN,0.2625,$391.65M,10.19
JTO-PENGU,0.2625,$640.35M,4.36
VCNT-USDF,0.2623,$276.28M,-2.77
PENDLE-TRUMP,0.2623,$608.04M,-21.86
FDUSD-MON,0.2622,$594.29M,-14.65
SN64-EURCV,0.2622,$239.43M,-13.92
SNX-XPIN,0.2619,$267.33M,-7.02
GNO-PEANUT,0.2618,$467.18M,-18.38
JTO-PEANUT,0.2618,$453.17M,13.06
GNO-GALA,0.2616,$371.26M,-28.79
XTZ-PENGU,0.2616,$597.19M,-42.31
APEPE-XCN,0.2615,$331.02M,-32.82
EURCV-FET,0.2614,$455.35M,-16.89
LUNC-AKT,0.2613,$407.29M,-28.14
XTZ-ETHFI,0.2613,$625.36M,-21.71
CARDS-FET,0.2612,$574.79M,-5.95
PENDLE-SUN,0.2612,$592.94M,-5.07
APEPE-TRUMP,0.2611,$558.75M,-32.57
KMNO-VCNT,0.2611,$262.47M,-7.77
SEI-EURCV,0.261,$435.99M,-14.63
MANA-EURCV,0.261,$280.82M,-14.39
NEO-RUNE,0.2608,$282.04M,-50.12
BORG-EURC,0.2606,$588.31M,-13.87
DRV-JTO,0.2604,$371.28M,32.92
ZBCN-SNX,0.2603,$299.71M,-37.46
PENDLE-BTSE,0.2601,$383.76M,-15.25
GOMINING-PIEVERSE,0.2598,$297.65M,-2.81
AKT-TAG,0.2597,$273.46M,22.04
AKT-SUN,0.2597,$470.68M,-9.18
TAG-RAIL,0.2597,$234.91M,37.46
XEC-MANA,0.2596,$250.84M,-21.34
EIGEN-WFI,0.2596,$315.14M,2.56
LUNC-SAND,0.2594,$404.09M,-41.17
UB-PEANUT,0.2594,$545.37M,-0.1
TIA-ICNT,0.2593,$408.06M,-33.36
SAND-FRXUSD,0.2593,$235.11M,-20.95
EARNETH-KAG,0.2591,$360.63M,-18.82
INJ-KAG,0.259,$672.93M,2.18
SEI-COMP,0.259,$445.88M,-29.93
AKT-BP,0.259,$242.63M,98.16
VSN-SPX,0.2589,$452.97M,-15.88
SYRUP-XPIN,0.2589,$352.14M,-7.02
VSN-SAND,0.2587,$276.08M,-30.63
DYDX-ACRED,0.2587,$212.91M,-9.98
CHEEMS-FLOKI,0.2587,$298.83M,-37.46
US-CHEEMS,0.2586,$519.28M,403.23
UB-STAC,0.2585,$463.48M,11.89
TKX-TRAC,0.2585,$227.11M,-13.59
DRV-STX,0.2583,$353.16M,-11.21
GRT-XTZ,0.2583,$386.82M,-41.14
VSN-ZAMA,0.2581,$288.71M,55.29
LDO-EURCV,0.2581,$452.63M,-2.62
ENS-GOMINING,0.258,$291.63M,-16.24
KAITO-SN64,0.2579,$399.26M,71.99
ETHFI-BSV,0.2579,$658.38M,-8.95
UB-USDA,0.2578,$457.01M,11.74
KAU-PRL,0.2578,$392.38M,62.96
TKX-SOSO,0.2578,$220.03M,-14.78
NEO-MX,0.2577,$284.36M,-19.08
ZANO-BONK,0.2576,$396.11M,-15.35
IMX-CARDS,0.2575,$496.19M,-6.53
PENDLE-BTT,0.2574,$510.12M,-12.52
OUSG-STAC,0.2573,$482.89M,0.9
NFT-BTSE,0.2572,$397.63M,-19.23
KAG-USDA,0.2571,$309.87M,-10.38
NXM-XPIN,0.257,$231.77M,3.8
TWT-CHZ,0.257,$292.61M,-41.55
VCNT-XCN,0.257,$294.10M,-21.07
FF-GEOD,0.257,$286.63M,34.58
CVX-GNO,0.2569,$417.46M,-17.67
OUSG-ONYC,0.2566,$626.46M,1.74
KMNO-SOON,0.2566,$188.03M,24.41
AXS-EURCV,0.2565,$293.12M,-21.83
BORG-WFI,0.2565,$312.81M,-13.55
EDGE-VET,0.2564,$524.93M,-43.76
KAU-FRXUSD,0.2564,$418.23M,-4.32
RUNE-MANA,0.2564,$279.65M,-48.13
TWT-ZAMA,0.2563,$286.28M,56.99
FARTCOIN-BONK,0.2563,$387.96M,-27.29
XEC-VET,0.2562,$508.41M,-26.86
NXM-EDGE,0.2561,$222.84M,-30.41
DCR-COMP,0.2561,$362.10M,-33.17
1INCH-PIEVERSE,0.256,$297.90M,-7.35
BC-CVX,0.256,$354.39M,83.99
ZK-XTZ,0.256,$309.83M,-45.38
FDUSD-SHFL,0.256,$467.50M,-2.87
CRCLON-AERO,0.256,$507.23M,-21.37
LUNC-THETA,0.2559,$404.99M,-38.86
EARNETH-SHORT,0.2559,$244.49M,1.2
US-BONK,0.2559,$683.91M,409.76
DASH-TRUMP,0.2559,$754.82M,-26.72
ACRED-CRVUSD,0.2558,$327.09M,0.32
SNX-EURCV,0.2557,$271.87M,-17.37
EURC-TRUMP,0.2556,$807.43M,-19.49
DYDX-KMNO,0.2555,$195.89M,-15.38
GNO-IOTA,0.2555,$430.22M,-27.22
BORG-CHZ,0.2555,$282.41M,-46.01
ENS-MX,0.2554,$326.66M,-18.02
ZK-STRK,0.2553,$273.56M,-37.72
EURC-MET,0.2553,$539.45M,0.91
SPX-KAITO,0.2552,$611.34M,78.27
STAC-PENDLE,0.2552,$353.30M,-3.28
DRV-FLOKI,0.2552,$301.15M,-9.64
TIBBIR-FARTCOIN,0.2552,$229.50M,-26.76
XTZ-SN64,0.2552,$315.47M,-34.55
SEI-MET,0.2551,$375.97M,-10.85
DASH-BAT,0.2551,$500.85M,-23.1
DCR-JASMY,0.255,$414.36M,-28.2
FLUID-AERO,0.2549,$500.66M,-20.28
VSN-KOGE,0.2547,$365.04M,41.75
DRV-CHZ,0.2547,$246.78M,-25.16
FLOKI-SHORT,0.2546,$296.06M,-8.73
AERO-EURCV,0.2546,$563.81M,-4.34
TIBBIR-KMNO,0.2544,$204.51M,-17.43
CHZ-PRL,0.2544,$228.21M,33.71
AERO-XPL,0.2542,$634.96M,-7.84
FDUSD-THETA,0.2541,$472.19M,-18.68
KAITO-UUSD,0.254,$409.05M,84.4
INJ-TIBBIR,0.2539,$565.72M,0.51
FDUSD-PEANUT,0.2539,$530.63M,-11.59
A7A5-AR,0.2538,$594.26M,-5.23
JASMY-TRUMP,0.2538,$568.98M,-29.9
GRT-OZO,0.2537,$286.64M,-18.75
STRK-FLOKI,0.2537,$387.72M,-32.46
USDTB-OHM,0.2536,$631.33M,-0.35
CHZ-GRASS,0.2535,$360.01M,-32.73
GLIDR-ZAMA,0.2535,$239.19M,55.81
AKT-GOMINING,0.2534,$243.96M,-9.53
GNO-XCN,0.2533,$412.30M,-25.22
KMNO-CARDS,0.2531,$366.89M,4.42
SNX-TRAC,0.2531,$246.10M,-24.28
OUSG-KAITO,0.253,$689.52M,84.84
FLUID-ETHFI,0.253,$486.18M,-17.02
TIBBIR-TAG,0.253,$251.55M,17.52
TAG-ETHFI,0.253,$544.96M,30.31
UB-ZK,0.2529,$445.19M,-11.88
UB-ENS,0.2529,$536.91M,-3.19
SEI-WFI,0.2529,$461.10M,-14.23
DYDX-WIF,0.2528,$244.21M,-21.62
APEPE-JTO,0.2528,$470.00M,10.08
CASH-USDAI,0.2527,$279.46M,-0.1
JTO-AR,0.2527,$384.69M,20.47
STAC-TEL,0.2526,$276.96M,-7.38
MWC-COMP,0.2526,$273.17M,12.63
2Z-FARTCOIN,0.2526,$325.35M,-28.78
BP-THETA,0.2526,$240.33M,87.45
GALA-CRCLON,0.2525,$181.47M,-40.42
ETHFI-MET,0.2525,$489.31M,2.71
2Z-TIBBIR,0.2524,$308.82M,-26.81
TKX-SHORT,0.2523,$201.00M,4.08
VET-SUN,0.2523,$731.25M,-19.72
VCNT-PENGU,0.2522,$536.16M,-22.93
DCR-PIEVERSE,0.2521,$384.86M,-17.55
AXS-PIEVERSE,0.252,$325.77M,-21.51
APEPE-NFT,0.2519,$465.88M,-22.23
APEPE-MET,0.2519,$290.78M,-12.17
WFI-TRUMP,0.2517,$531.93M,-19.17
KAITO-PENGU,0.2516,$680.99M,64.23
2Z-CHZ,0.2515,$346.48M,-47.94
1INCH-GNO,0.2514,$398.46M,-13.07
A-USDZ,0.2514,$229.68M,-16.11
DRV-BTT,0.2513,$362.12M,-0.38
LUNC-MON,0.2512,$527.09M,-34.83
SNX-CRCLON,0.2512,$215.29M,-34.4
THETA-XPIN,0.2512,$270.99M,-9.72
LUNC-REUSD,0.2511,$446.33M,-16.61
GRT-SOON,0.2511,$251.35M,10.43
LUNC-KMNO,0.251,$376.92M,-25.3
EARNETH-XTZ,0.251,$372.42M,-30.2
GNO-FRXUSD,0.251,$392.57M,-6.92
TIBBIR-PRL,0.251,$190.56M,54.84
MON-MANA,0.251,$379.58M,-27.47
IMX-DRV,0.2509,$329.96M,-7.62
ZK-BP,0.2509,$198.59M,82.77
GPS-KAITO,0.2509,$405.28M,97.45
DCR-AR,0.2509,$318.83M,-20.48
TIBBIR-ZANO,0.2508,$237.65M,-14.82
USDTB-FARTCOIN,0.2507,$478.53M,-14.36
TIBBIR-GRASS,0.2506,$322.35M,-11.59
TIA-ULTIMA,0.2505,$488.19M,-15.75
ZK-JTO,0.2505,$352.99M,1.28
STX-MX,0.2505,$401.11M,-23.01
USTBL-USDA,0.2504,$257.02M,0.76
PYTH-USDZ,0.2503,$448.75M,-7.23
LDO-VCNT,0.2502,$467.64M,-3.87
TIBBIR-AKE,0.2502,$202.01M,554.33
KAG-IOTA,0.2502,$361.27M,-31.08
SN64-MET,0.2502,$179.41M,-10.13
NXM-XTZ,0.2501,$312.34M,-27.18
FARTCOIN-PENDLE,0.2501,$373.66M,-18.13
VSN-FRXUSD,0.25,$260.81M,-9.77
BC-SN64,0.2499,$309.56M,82.34
TIBBIR-BP,0.2499,$220.72M,93.65
GLIDR-FRXUSD,0.2499,$211.30M,-9.24
KAU-TIA,0.2498,$614.80M,-8.18
NXM-REAL,0.2497,$335.93M,9.27
JTO-GALA,0.2497,$357.25M,2.64
BTSE-EURCV,0.2497,$282.55M,-12.96
NEO-PIEVERSE,0.2495,$315.86M,-16.79
EARNETH-KAITO,0.2494,$456.21M,76.35
USDAT-USDAI,0.2494,$297.24M,-0.08
PIEVERSE-XPIN,0.2494,$326.98M,7.72
KMNO-RAIL,0.2493,$187.86M,2.5
LDO-GRASS,0.2492,$519.07M,-0.34
USDAT-GLIDR,0.2492,$241.18M,-9.24
VSN-A7A5,0.2491,$629.10M,-10.87
DEXE-KAITO,0.2491,$583.35M,47.5
CARDS-WIF,0.2491,$415.21M,-1.82
VSN-AKT,0.249,$279.29M,-17.6
STAC-USTBL,0.2489,$263.49M,0.9
EDGE-EURCV,0.2487,$285.41M,-26.82
PENGU-SUN,0.2486,$714.01M,-21.5
KMNO-BAT,0.2485,$201.44M,-19.51
JTO-GRASS,0.2484,$484.51M,25.36
OUSG-MWC,0.2483,$494.09M,28.96
USDAT-ENS,0.2483,$315.87M,-14.62
SEI-CRCLON,0.2482,$379.41M,-31.66
TAG-PENDLE,0.2482,$395.72M,26.15
INJ-MON,0.248,$707.43M,-1.66
GNO-AXS,0.248,$426.33M,-27.23
EURC-NFT,0.2479,$714.56M,-9.15
IMX-JTO,0.2478,$495.96M,8.57
DYDX-VCNT,0.2477,$262.31M,-13.07
AKT-XTZ,0.2476,$353.87M,-29.99
OHM-AKE,0.2476,$371.33M,566.37
LUNC-RAIL,0.2475,$368.74M,-12.72
NEO-FRXUSD,0.2475,$243.70M,-15.67
RLB-KITE,0.2474,$336.28M,-9.27
KAU-BAT,0.2474,$411.72M,-18.75
DCR-FRXUSD,0.2474,$312.70M,-16.43
LUNC-TRUMP,0.2473,$636.29M,-38.36
TWT-BP,0.2473,$262.70M,98.01
BP-WIF,0.2473,$260.58M,94.76
FDUSD-GALA,0.2473,$434.71M,-22.0
MET-EURCV,0.2473,$238.85M,0.83
GNO-SYRUP,0.2472,$489.89M,-22.77
LUNC-AXS,0.2471,$422.59M,-40.62
NXM-BC,0.2471,$306.44M,89.71
EURC-SN64,0.2471,$540.03M,-13.84
EDGE-BORG,0.247,$274.24M,-37.82
SHORT-SUN,0.247,$439.84M,7.98
KMNO-ZANO,0.2469,$229.18M,-7.47
FLOKI-A7A5,0.2469,$676.71M,-19.15
TKX-USDAT,0.2466,$243.24M,-5.24
GALA-AIAT,0.2466,$206.59M,-14.15
DRV-TIBBIR,0.2465,$209.13M,-4.03
TIA-PIEVERSE,0.2465,$488.57M,-5.06
VSN-MWC,0.2463,$264.73M,18.52
LUNC-SYRUP,0.2462,$486.15M,-36.16
ZK-KITE,0.2462,$316.36M,-33.26
USDAT-RAY,0.2461,$302.81M,-13.67
TIBBIR-TRUMP,0.2461,$463.87M,-30.49
STRK-SAND,0.2461,$314.40M,-35.36
IMX-EURCV,0.246,$376.76M,-17.47
EARNETH-KITE,0.246,$378.94M,-18.08
VSN-AXS,0.2459,$294.58M,-30.08
DRV-ENS,0.2459,$278.71M,-6.22
VIRTUAL-ZAMA,0.2459,$507.38M,55.18
AVUSD-PIEVERSE,0.2459,$298.06M,-1.12
VCNT-THETA,0.2458,$290.54M,-21.32
FLUID-AR,0.2456,$202.34M,-21.51
XTZ-PRL,0.2455,$309.54M,45.12
APYUSD-MON,0.2455,$406.32M,-19.21
UB-RAY,0.2454,$523.84M,-2.23
SHORT-RAY,0.2454,$260.56M,-4.34
KAU-CRCLON,0.2453,$401.16M,-22.78
USDTB-ULTIMA,0.2453,$537.22M,-11.84
FARTCOIN-EIGEN,0.2453,$263.60M,-10.73
GNO-KAITO,0.2452,$591.91M,77.55
SAND-SUN,0.2451,$467.48M,-22.21
SNX-COMP,0.245,$281.76M,-32.67
CARDS-RAY,0.245,$431.87M,-4.17
MON-FET,0.2449,$554.11M,-29.97
BC-APYUSD,0.2448,$377.70M,90.14
CHEEMS-GALA,0.2448,$188.93M,-41.37
KAITO-GRASS,0.2448,$525.14M,85.23
GLIDR-XPL,0.2448,$321.97M,-14.18
STAC-XPL,0.2447,$323.23M,-4.48
RLB-JASMY,0.2447,$315.86M,-11.09
ZANO-SFP,0.2447,$233.89M,-19.91
PENGU-FRXUSD,0.2447,$481.64M,-20.24
DYDX-CRVUSD,0.2446,$309.92M,-10.37
BC-VET,0.2446,$608.53M,76.36
GLM-KAITO,0.2446,$404.03M,68.31
RUNE-SAND,0.2446,$273.45M,-54.11
AKT-STRK,0.2445,$317.60M,-22.33
TKX-VCNT,0.2445,$267.89M,-7.93
DEXE-UUSD,0.2444,$373.87M,-36.96
GNO-GPS,0.2443,$378.65M,6.14
XTZ-DASH,0.2443,$622.91M,-30.74
GRT-TRAC,0.2442,$285.01M,-27.41
TIA-XPIN,0.2442,$451.39M,4.97
PENDLE-AERO,0.2442,$665.02M,-6.63
USDZ-FET,0.2442,$433.31M,-16.14
GLM-FDUSD,0.2441,$440.86M,-16.21
ULTIMA-PEANUT,0.2441,$366.24M,-23.35
TRAC-CRCLON,0.244,$216.52M,-26.89
MANA-TRUMP,0.244,$488.77M,-31.0
DCR-EURC,0.2439,$652.81M,-17.79
STX-WFI,0.2439,$425.06M,-20.65
DYDX-SN64,0.2437,$187.86M,-22.78
LDO-FDUSD,0.2437,$649.29M,-1.23
TIA-AWE,0.2437,$412.31M,-7.04
CAKE-ZAMA,0.2437,$585.00M,62.77
PYTH-WFI,0.2437,$495.90M,-7.57
TWT-GRASS,0.2436,$364.34M,-7.22
VCNT-VET,0.2435,$553.40M,-21.15
PIEVERSE-GRASS,0.2435,$397.95M,-0.35
ZRO-JASMY,0.2434,$496.34M,-32.09
THETA-FRXUSD,0.2434,$236.01M,-18.63
CRCLON-GUSD,0.2433,$242.36M,-11.41
TWT-NFT,0.2432,$412.99M,-15.78
EDGE-TWT,0.2431,$284.44M,-33.36
KMNO-BP,0.2431,$212.26M,101.0
KAU-ETHFI,0.243,$708.20M,-3.88
APXUSD-A7A5,0.243,$773.26M,-7.37
PENDLE-USDAI,0.243,$408.09M,-3.81
APEPE-FDUSD,0.2429,$547.46M,-14.57
AXS-BONK,0.2429,$408.63M,-33.28
CASH-META,0.2428,$217.43M,31.28
DCR-BSV,0.2428,$461.27M,-25.75
GOMINING-COMP,0.2428,$274.89M,-18.43
PENDLE-ZAMA,0.2428,$388.46M,61.24
INJ-ZAMA,0.2427,$597.05M,77.92
KAU-WIF,0.2427,$454.65M,-15.56
RAIL-PEANUT,0.2427,$274.38M,-3.96
BC-TRUMP,0.2426,$576.96M,76.69
ZBCN-FDUSD,0.2425,$523.37M,-21.66
FLOKI-ZANO,0.2424,$329.67M,-20.44
TKX-KAITO,0.2423,$412.71M,79.23
VCNT-MANA,0.2423,$295.83M,-15.64
EDGE-META,0.2422,$231.39M,6.0
KMNO-ICNT,0.2422,$199.59M,-34.5
LUNC-INJ,0.2421,$738.13M,-7.36
GLM-MON,0.242,$342.96M,-30.69
FLOKI-SUN,0.242,$540.80M,-19.31
LUNC-CHEEMS,0.2419,$379.22M,-39.72
NXM-KAU,0.2419,$395.18M,-9.35
SAND-RAIL,0.2419,$215.03M,-13.37
LUNC-PYTH,0.2418,$600.26M,-26.76
USDTB-FF,0.2418,$547.81M,1.64
TWT-FLUID,0.2418,$234.75M,-25.44
APYUSD-REAL,0.2418,$407.19M,9.7
NXM-UB,0.2417,$447.71M,6.33
1INCH-KAU,0.2417,$424.12M,-10.47
APYUSD-GLIDR,0.2417,$259.51M,-13.85
MET-BAT,0.2417,$192.83M,-12.16
SPX-PIEVERSE,0.2416,$484.16M,-7.31
PYTH-BTSE,0.2416,$454.47M,-17.98
OHM-USAT,0.2415,$461.03M,-0.43
DRV-LDO,0.2414,$405.84M,7.22
TKX-KAG,0.2414,$317.13M,-15.93
INJ-ZANO,0.2413,$590.40M,10.48
NEO-A7A5,0.2413,$611.98M,-16.78
VSN-BORG,0.2412,$289.16M,-22.2
ZRO-GALA,0.2412,$373.37M,-42.19
GNO-A,0.2412,$384.93M,-22.26
XTZ-GRASS,0.2412,$441.34M,-21.31
PIEVERSE-A,0.2411,$284.37M,-16.53
CRCLON-XPL,0.2411,$313.44M,-23.48
UB-WIF,0.241,$507.18M,0.12
DYDX-BTT,0.241,$357.34M,-19.09
MWC-OZO,0.241,$239.14M,28.77
SEI-BC,0.2409,$506.12M,81.63
OZO-SN64,0.2409,$215.29M,-12.16
EURC-SYRUP,0.2409,$657.28M,-17.29
DRV-XPL,0.2407,$323.23M,3.39
REAL-AERO,0.2407,$663.43M,11.48
ZK-RAIL,0.2405,$174.20M,-15.73
ULTIMA-KITE,0.2405,$413.70M,-21.84
JTO-ENS,0.2405,$444.71M,9.97
MON-USDAI,0.2405,$405.63M,-14.61
INJ-BC,0.2403,$678.81M,107.69
A7A5-USDZ,0.2402,$605.59M,-1.88
AR-AERO,0.2402,$530.43M,-6.95
RLB-THETA,0.2401,$230.36M,-17.87
NEO-KAG,0.2401,$347.47M,-26.36
SPX-UB,0.24,$662.91M,5.24
DRV-BONK,0.24,$367.59M,-4.56
DCR-PRL,0.24,$286.85M,50.84
GLM-TAG,0.24,$239.83M,13.79
APYUSD-SYRUP,0.24,$365.37M,-20.54
AXS-NFT,0.2398,$408.21M,-28.11
NXM-TRAC,0.2397,$210.54M,-13.45
TKX-JTO,0.2397,$372.08M,19.35
CVX-FDUSD,0.2396,$480.91M,-10.88
ZRO-ETHFI,0.2396,$684.65M,-19.88
CRCLON-TRUMP,0.2396,$450.24M,-36.6
IMX-BC,0.2395,$446.89M,78.79
TIA-MX,0.2395,$457.08M,-7.34
ZANO-ETHFI,0.2395,$531.05M,-2.03
UQC-VET,0.2394,$496.98M,-20.7
USDAT-BONK,0.2393,$404.75M,-12.96
IMX-OHM,0.2392,$503.13M,-16.35
KAU-TAG,0.2392,$453.37M,25.64
VIRTUAL-KAITO,0.2392,$678.84M,74.6
KAG-KMNO,0.2392,$311.71M,-15.77
VCNT-DASH,0.2392,$561.88M,-11.36
PYTH-CRCLON,0.2392,$414.21M,-25.0
VET-A7A5,0.2392,$867.16M,-19.57
ZBCN-BONK,0.239,$442.22M,-34.5
EDGE-CRCLON,0.2389,$228.83M,-43.84
VELVET-GEOD,0.2388,$260.85M,174.61
VELVET-SUN,0.2388,$508.79M,140.36
RUNE-USDF,0.2388,$260.10M,-36.18
LUNC-RAY,0.2387,$441.90M,-33.89
GPS-UUSD,0.2387,$195.79M,12.99
TAG-AR,0.2387,$261.12M,25.83
XEC-FET,0.2387,$425.38M,-23.84
LUNC-SNX,0.2386,$401.33M,-36.15
DCR-MANA,0.2386,$334.16M,-29.3
FLOKI-ONYC,0.2385,$444.71M,-16.67
TEL-BONK,0.2385,$439.26M,-20.8
STAC-SYRUP,0.2383,$309.89M,-15.4
OHM-JASMY,0.2383,$487.39M,-12.16
NFT-XPL,0.2383,$485.11M,-12.72
KMNO-FRXUSD,0.2382,$207.94M,-5.08
ULTIMA-GLIDR,0.2382,$283.08M,-21.05
ZANO-COMP,0.2382,$290.49M,-19.2
GOMINING-BTT,0.2382,$375.04M,-10.4
DYDX-MANA,0.2381,$229.25M,-23.24
WIF-ZAMA,0.2381,$284.16M,53.73
VSN-AERO,0.238,$565.27M,-12.59
LUNC-TIA,0.238,$585.39M,-24.16
CVX-VCNT,0.238,$299.26M,-13.52
RAIL-THETA,0.238,$215.94M,-11.05
US-APYUSD,0.2378,$577.09M,418.04
VIRTUAL-PRL,0.2378,$453.64M,57.41
KAG-SUN,0.2378,$555.98M,-12.03
ULTIMA-GALA,0.2378,$270.31M,-33.76
GALA-NFT,0.2378,$353.14M,-29.67
RAIL-SFP,0.2378,$192.58M,-9.94
KAU-GALA,0.2377,$396.92M,-26.19
TKX-KITE,0.2377,$335.45M,-15.19
FARTCOIN-BORG,0.2377,$261.28M,-26.84
EIGEN-EURCV,0.2377,$290.03M,2.15
PEANUT-ZAMA,0.2377,$322.35M,53.51
KAU-VCNT,0.2376,$472.75M,-7.01
GNO-ZK,0.2376,$367.00M,-30.15
GNO-SFP,0.2376,$385.38M,-24.35
GALA-XPIN,0.2376,$233.51M,-13.04
MON-SUN,0.2376,$590.48M,-15.86
PRL-GLIDR,0.2376,$185.45M,58.03
GPS-APYUSD,0.2375,$254.14M,8.37
DCR-ULTIMA,0.2375,$384.48M,-28.24
KAU-KMNO,0.2374,$406.33M,-9.32
FDUSD-SAND,0.2374,$471.29M,-20.99
TIBBIR-XPIN,0.2373,$251.38M,-3.52
ZBCN-MANA,0.2372,$308.66M,-34.48
APEPE-SNX,0.2372,$323.80M,-30.37
TEL-GLIDR,0.2372,$275.70M,-17.08
RUNE-AERO,0.2371,$562.64M,-39.09
UB-SYRUP,0.237,$568.08M,-4.5
DCR-KOGE,0.237,$416.93M,35.08
TAG-BAT,0.237,$248.48M,15.45
XEC-TRUMP,0.237,$476.85M,-26.53
PENDLE-WFI,0.237,$425.20M,-4.84
PENDLE-BSV,0.237,$509.14M,-13.12
EARNETH-STRK,0.2369,$336.15M,-22.54
TIA-ZAMA,0.2369,$444.30M,61.11
ZBCN-ZBT,0.2368,$291.22M,-42.11
DASH-TRAC,0.2368,$521.10M,-17.01
REUSD-NFT,0.2368,$431.96M,-4.09
BC-SOSO,0.2367,$336.16M,85.21
CVX-PRL,0.2367,$218.89M,56.44
ZANO-PEANUT,0.2367,$315.70M,-13.93
VSN-2Z,0.2366,$353.23M,-24.14
LDO-STRK,0.2366,$492.41M,-15.59
CASH-XPL,0.2366,$342.60M,-5.03
GNO-RAY,0.2366,$445.65M,-20.5
VET-FRAX,0.2366,$609.02M,-18.47
FDUSD-JASMY,0.2365,$557.68M,-11.9
APEPE-FLUID,0.2364,$287.65M,-31.9
RUNE-PYTH,0.2363,$469.62M,-39.75
RAIL-PENDLE,0.2363,$340.50M,3.77
ZBCN-EURC,0.2362,$627.31M,-22.97
PENGU-TRAC,0.2362,$495.38M,-28.58
SHORT-A,0.2362,$199.84M,-6.1
OZO-STX,0.2361,$375.81M,-19.29
USDTB-SUN,0.236,$697.81M,-1.3
FLUID-EIGEN,0.2359,$226.88M,-13.79
GRT-XEC,0.2358,$280.80M,-27.46
RAIL-BTT,0.2358,$349.32M,-1.21
APYUSD-EURCV,0.2356,$307.56M,-6.12
FRXUSD-FET,0.2356,$415.84M,-15.45
NEO-SUN,0.2355,$476.06M,-16.93
TAG-PEANUT,0.2354,$329.60M,18.42
EDGE-CASH,0.2353,$257.99M,-25.4
APXUSD-CHZ,0.2353,$439.20M,-39.76
KAG-ONYC,0.2353,$459.90M,-9.39
RAIL-JASMY,0.2353,$301.43M,-4.27
DRV-WFI,0.2352,$277.19M,7.29
UQC-COMP,0.2352,$267.34M,-19.05
SHORT-WFI,0.2352,$272.10M,8.21
OHM-CAKE,0.2351,$723.00M,-2.6
CAKE-XEC,0.2351,$566.65M,-10.68
DCR-KMNO,0.2351,$300.80M,-21.44
KMNO-SUN,0.2351,$440.31M,-6.34
KAITO-ICNT,0.2351,$410.84M,54.97
VCNT-FF,0.2351,$356.73M,-1.1
IMX-AWE,0.235,$333.14M,-19.14
ULTIMA-JASMY,0.235,$393.29M,-23.66
TRAC-SN64,0.235,$213.66M,-20.82
USDTB-FRXUSD,0.2349,$465.44M,-0.04
US-DCR,0.2349,$621.74M,406.29
DRV-GUSD,0.2348,$252.15M,15.46
XTZ-GEOD,0.2348,$319.82M,10.84
ICNT-FDUSD,0.2348,$447.67M,-29.55
BORG-USDZ,0.2348,$265.66M,-13.21
STRCX-ETHFI,0.2347,$540.69M,-3.95
WIF-TRUMP,0.2346,$503.73M,-29.38
COCO-SHORT,0.2345,$281.77M,-11.97
FDUSD-VET,0.2345,$735.05M,-18.51
ZBCN-PYTH,0.2344,$498.63M,-28.07
VIRTUAL-FDUSD,0.2344,$715.67M,-9.92
CARDS-VET,0.2344,$657.82M,-8.96
FARTCOIN-A7A5,0.2344,$601.22M,-15.5
RLB-AKT,0.2343,$232.67M,-7.16
SNX-FRXUSD,0.2343,$232.36M,-15.93
DRV-BSV,0.2342,$361.14M,-0.99
EARNETH-JTO,0.2342,$415.58M,16.47
APEPE-ZAMA,0.2342,$339.17M,50.53
AVUSD-FRAX,0.2342,$336.04M,-0.01
1INCH-APEPE,0.2341,$317.18M,-20.67
APR-XPIN,0.2341,$341.29M,13.74
VIRTUAL-OHM,0.2341,$645.37M,-10.18
ZRO-BORG,0.2341,$423.02M,-32.76
ZK-NFT,0.2341,$348.88M,-31.02
XEC-BTT,0.2341,$378.93M,-17.18
DYDX-AR,0.234,$213.92M,-14.42
APXUSD-MON,0.234,$543.25M,-20.79
GLM-XPIN,0.234,$239.66M,-7.25
PRL-BONK,0.234,$349.02M,54.31
OHM-GUSD,0.2339,$425.31M,6.74
1INCH-KAG,0.2338,$329.51M,-16.93
OHM-FARTCOIN,0.2338,$398.82M,-14.72
FARTCOIN-SN64,0.2337,$213.00M,-26.8
GOMINING-AR,0.2337,$231.62M,-5.74
KITE-AR,0.2337,$348.06M,-14.08
KAU-TKX,0.2336,$411.75M,-9.48
OZO-KMNO,0.2336,$223.32M,-4.76
ZRO-APXUSD,0.2336,$579.81M,-26.51
TRAC-PEANUT,0.2336,$308.20M,-19.88
UB-FF,0.2335,$553.12M,13.03
AXS-ZANO,0.2335,$274.85M,-22.79
FDUSD-XCN,0.2335,$475.76M,-18.43
SAND-XEC,0.2335,$244.64M,-29.34
GOMINING-MET,0.2335,$204.98M,0.65
RAY-ZAMA,0.2335,$300.82M,51.39
ZRO-BP,0.2334,$398.99M,85.76
ZANO-BAT,0.2334,$234.57M,-16.9
NXM-STAC,0.2333,$189.51M,-4.58
INJ-FF,0.2333,$651.52M,14.54
ZRO-STRK,0.2333,$473.97M,-34.73
JASMY-EURCV,0.2333,$361.02M,-13.29
OHM-PENGU,0.2331,$647.52M,-20.55
KAG-TEL,0.2331,$388.01M,-18.61
SHORT-BONK,0.2331,$362.50M,-3.64
TIBBIR-MET,0.2329,$195.90M,-10.09
KAITO-STX,0.2329,$559.79M,64.86
NXM-SHORT,0.2328,$184.42M,4.21
DRV-2Z,0.2328,$304.98M,-6.05
ZRO-PENDLE,0.2328,$535.41M,-24.05
ACRED-REAL,0.2328,$364.10M,14.7
BORG-ONYC,0.2328,$384.48M,-11.14
VSN-GALA,0.2327,$239.51M,-31.64
CAKE-KITE,0.2327,$679.19M,-12.24
RAIL-BONK,0.2325,$354.79M,-5.38
RLB-INJ,0.2324,$563.51M,13.63
DCR-STRK,0.2324,$391.99M,-30.85
GLM-XTZ,0.2323,$320.24M,-38.24
MANA-CRCLON,0.2323,$224.24M,-31.41
USTBL-ONYC,0.2322,$407.05M,1.75
IMX-KAU,0.232,$535.63M,-20.27
META-SFP,0.232,$198.15M,13.86
TEL-APYUSD,0.2319,$332.44M,-12.52
UUSD-STRCX,0.2318,$240.58M,-4.38
GALA-XEC,0.2318,$208.07M,-30.35
VSN-GLM,0.2316,$245.66M,-25.85
RUNE-XCN,0.2316,$277.92M,-52.43
FARTCOIN-SFP,0.2316,$225.74M,-31.84
KMNO-STRCX,0.2314,$238.82M,-9.39
UUSD-SOSO,0.2313,$216.37M,-9.6
CVX-FRXUSD,0.2312,$244.74M,-10.83
AKT-KAG,0.2312,$342.09M,-18.61
GNO-PENDLE,0.2312,$533.30M,-10.65
SNX-PRL,0.2311,$206.50M,51.34
2Z-ULTIMA,0.231,$384.04M,-26.26
VIRTUAL-BP,0.231,$483.80M,96.21
VIRTUAL-SUN,0.231,$711.86M,-11.13
GNO-KMNO,0.231,$380.66M,-11.92
ULTIMA-BSV,0.2309,$440.19M,-21.2
MWC-USDF,0.2307,$225.68M,28.57
APEPE-PENGU,0.2307,$573.08M,-34.67
VSN-SYRUP,0.2306,$358.14M,-25.62
ZRO-CHZ,0.2306,$428.89M,-53.8
OUSG-CAKE,0.2305,$827.44M,-1.84
TIBBIR-FRXUSD,0.2305,$216.41M,-12.43
WIF-NFT,0.2305,$410.87M,-19.03
DRV-TRUMP,0.2304,$460.03M,-9.73
EDGE-FRAX,0.2304,$356.04M,-25.39
AWE-DASH,0.2304,$503.25M,-11.77
APYUSD-PEANUT,0.2304,$342.66M,-16.14
PIEVERSE-BONK,0.2303,$447.03M,-14.08
EURC-GRASS,0.2302,$665.90M,-0.59
DRV-PYTH,0.2301,$424.00M,1.87
AKT-JTO,0.2301,$397.03M,16.68
VCNT-RAIL,0.2301,$254.29M,4.81
STRCX-REAL,0.2301,$389.85M,10.0
GPS-SOSO,0.2299,$212.60M,3.44
OZO-THETA,0.2296,$251.39M,-18.31
VIRTUAL-RUNE,0.2296,$517.83M,-43.48
GNO-VET,0.2296,$671.60M,-25.3
BTSE-VET,0.2296,$522.07M,-29.9
SYRUP-TRUMP,0.2296,$564.64M,-33.99
NEO-ICNT,0.2295,$235.35M,-45.1
NEO-XEC,0.2295,$253.23M,-24.07
XTZ-ENS,0.2295,$401.54M,-36.69
LUNC-OZO,0.2294,$404.20M,-19.98
IOTA-FRAX,0.2294,$367.64M,-20.4
GRASS-EURCV,0.2294,$365.31M,-0.68
RLB-VIRTUAL,0.2293,$473.84M,-9.11
BC-FLOKI,0.2293,$418.08M,76.77
USTBL-META,0.2293,$256.26M,31.75
DCR-FLOKI,0.2293,$401.29M,-34.4
UB-MON,0.2292,$609.03M,-3.17
EARNETH-TRAC,0.2292,$270.61M,-16.47
SN64-TRUMP,0.2291,$447.38M,-30.54
ULTIMA-BORG,0.229,$319.97M,-24.33
EARNETH-USDAT,0.2289,$286.74M,-8.13
OHM-PEANUT,0.2289,$460.34M,-11.85
RUNE-SN64,0.2289,$238.25M,-47.77
FDUSD-USDAI,0.2288,$503.54M,-0.13
PENGU-AIAT,0.2288,$489.70M,-12.43
TEL-XPIN,0.2288,$319.21M,0.99
CHEEMS-VET,0.2287,$489.27M,-37.88
ULTIMA-XPL,0.2287,$402.29M,-16.82
RUNE-WIF,0.2287,$294.61M,-45.62
KAU-EIGEN,0.2285,$448.90M,-0.64
VELVET-US,0.2284,$585.47M,564.34
BP-FLOKI,0.2284,$312.74M,88.03
EURC-BTSE,0.2284,$583.15M,-12.88
REAL-MET,0.2284,$338.47M,16.65
SEI-PIEVERSE,0.2283,$468.64M,-14.31
TIBBIR-ZAMA,0.2283,$244.30M,52.62
CAKE-APYUSD,0.2282,$605.32M,-6.89
ICNT-GALA,0.2282,$190.19M,-51.38
USAT-TRAC,0.2282,$308.89M,-8.45
ZRO-AXS,0.2281,$428.44M,-40.63
AKT-WFI,0.2281,$302.94M,-8.95
TIBBIR-SFP,0.2281,$209.22M,-29.87
APEPE-AXS,0.228,$345.05M,-34.83
ETHFI-AKE,0.228,$495.41M,567.12
KAU-STX,0.2279,$558.82M,-23.85
BC-RAY,0.2279,$382.58M,81.16
TIA-TEL,0.2279,$480.81M,-11.78
KITE-GRASS,0.2279,$447.87M,-9.19
BC-NEO,0.2278,$353.34M,79.15
VSN-CAKE,0.2277,$598.08M,-11.97
A-XPIN,0.2277,$247.19M,-6.5
APYUSD-BONK,0.2277,$423.07M,-17.57
KAU-AR,0.2276,$424.36M,-8.36
LUNC-2Z,0.2275,$481.23M,-34.68
SNX-JTO,0.2274,$391.07M,8.66
FET-FRAX,0.2274,$525.98M,-15.46
GNO-JASMY,0.2273,$494.23M,-18.69
NEX-KOGE,0.2272,$304.48M,36.07
MX-BAT,0.2272,$254.00M,-17.91
UB-BONK,0.2271,$625.78M,-1.53
JTO-XPL,0.2271,$489.22M,19.58
AVUSD-REAL,0.2271,$365.04M,14.38
WIF-A7A5,0.2271,$624.55M,-12.42
KAU-LDO,0.2269,$611.50M,-5.42
AWE-BTT,0.2269,$365.29M,-11.89
VCNT-JASMY,0.2269,$376.03M,-14.54
INJ-TAG,0.2268,$604.30M,42.82
UQC-USDF,0.2268,$219.86M,-2.31
SOON-GRASS,0.2268,$305.88M,30.26
CAKE-NFT,0.2267,$711.71M,-10.0
VCNT-EIGEN,0.2267,$305.04M,0.9
REUSD-PRL,0.2267,$251.50M,70.89
ENS-SHORT,0.2266,$273.62M,-5.3
2Z-AWE,0.2265,$308.16M,-17.56
GNO-USDAT,0.2265,$422.44M,-6.92
KAU-XTZ,0.2264,$533.78M,-26.39
VIRTUAL-XTZ,0.2263,$595.04M,-31.94
EDGE-SNX,0.2262,$258.41M,-41.23
EIGEN-COMP,0.2262,$299.92M,-13.14
DYDX-MET,0.2261,$187.28M,-8.03
DRV-GALA,0.2261,$191.26M,-13.55
BC-SUN,0.2261,$561.86M,93.48
VSN-GOMINING,0.2259,$266.46M,-11.38
LUNC-JASMY,0.2259,$490.49M,-32.07
EDGE-EURC,0.2258,$586.01M,-26.73
SN64-A7A5,0.2258,$568.20M,-13.58
GNO-GLIDR,0.2257,$384.03M,-16.08
UB-SN64,0.2256,$450.83M,-1.04
INJ-MX,0.2256,$609.82M,9.46
AWE-SN64,0.2256,$195.81M,-15.58
CARDS-AR,0.2256,$384.92M,5.37
LUNC-DASH,0.2255,$676.33M,-28.89
USDTB-CRCLON,0.2255,$448.37M,-18.5
VIRTUAL-CARDS,0.2253,$638.44M,-0.37
KAG-FDUSD,0.2253,$559.79M,-10.82
DASH-REAL,0.2253,$646.49M,5.72
RAIL-ETHFI,0.2253,$489.73M,7.94
DRV-GLIDR,0.225,$204.03M,-0.84
APXUSD-SHORT,0.2249,$392.61M,3.05
FLOKI-RAIL,0.2249,$288.35M,-10.47
ZANO-RAY,0.2249,$294.17M,-16.06
DRV-AKT,0.2247,$231.04M,0.49
KAU-VIRTUAL,0.2247,$677.88M,-14.11
SEI-PRL,0.2247,$370.62M,54.08
COMP-WFI,0.2247,$333.87M,-17.85
ICNT-DASH,0.2246,$499.01M,-38.09
ENS-TAG,0.2246,$321.14M,15.33
NXM-JTO,0.2245,$355.51M,19.48
USDTB-USDAT,0.2245,$495.32M,-0.04
AKT-XPIN,0.2245,$273.29M,0.99
AXS-CRCLON,0.2245,$236.54M,-38.86
FDUSD-SYRUP,0.2245,$553.34M,-15.98
BORG-REAL,0.2245,$387.33M,1.87
MX-MANA,0.2245,$281.97M,-16.35
VSN-MET,0.2244,$240.31M,-7.42
DRV-AERO,0.2244,$517.02M,5.5
KAU-ZRO,0.2244,$593.06M,-24.55
APEPE-FLOKI,0.2244,$399.87M,-32.49
ZBCN-TIBBIR,0.2243,$283.76M,-33.97
GOMINING-NFT,0.2243,$380.09M,-9.41
EIGEN-XPL,0.2243,$361.18M,-1.34
RAIL-TRUMP,0.2243,$447.23M,-10.56
BC-IOTA,0.2242,$367.14M,74.44
KAG-VET,0.2242,$602.65M,-29.15
ICNT-SUN,0.2242,$443.86M,-30.76
GRT-AWE,0.2241,$267.16M,-22.17
CHZ-A7A5,0.2241,$622.34M,-34.67
LUNC-COMP,0.224,$438.22M,-37.04
KAG-SNX,0.224,$336.13M,-26.62
ULTIMA-VET,0.224,$570.66M,-30.27
SEI-APEPE,0.2239,$487.91M,-27.63
XEC-PEANUT,0.2239,$303.99M,-19.93
BC-PENGU,0.2238,$591.29M,74.59
US-GPS,0.2238,$514.98M,435.7
TIA-WFI,0.2236,$481.03M,-4.97
ULTIMA-GRASS,0.2236,$397.57M,-11.04
APEPE-ACRED,0.2234,$316.40M,-14.12
COCO-ZANO,0.2234,$315.38M,-23.68
RUNE-BAT,0.2233,$251.68M,-46.98
EURC-ETHFI,0.2233,$849.93M,-1.0
FRAX-SHFL,0.2233,$341.47M,-2.83
XPIN-FET,0.2232,$450.82M,-6.54
USDTB-MON,0.2231,$603.72M,-14.56
CVX-APXUSD,0.2231,$429.87M,-17.02
DCR-XPL,0.2231,$423.36M,-21.37
AXS-FDUSD,0.2231,$489.79M,-20.44
FDUSD-MET,0.2231,$435.51M,2.22
RAIL-PYTH,0.2231,$411.20M,1.04
1INCH-USDTB,0.223,$471.34M,-6.19
1INCH-TRAC,0.223,$239.48M,-14.58
VSN-TIBBIR,0.2229,$257.38M,-22.12
OHM-RAY,0.2229,$438.81M,-13.98
SPX-STRK,0.2228,$491.29M,-20.61
XTZ-IOTA,0.2228,$373.05M,-42.46
BC-AXS,0.2227,$363.26M,74.43
EURC-XPL,0.2227,$670.62M,-6.37
KITE-SHFL,0.2227,$353.40M,-12.77
APYUSD-CRCLON,0.2227,$250.98M,-23.15
VET-FRXUSD,0.2227,$498.88M,-18.46
VCNT-WIF,0.2226,$310.79M,-14.01
BC-BORG,0.2225,$357.84M,82.31
ZBCN-MET,0.2225,$266.69M,-19.26
RUNE-WFI,0.2225,$322.81M,-35.77
NFT-TRUMP,0.2225,$621.91M,-25.85
UB-INJ,0.2224,$820.07M,24.3
TIA-A7A5,0.2224,$784.70M,-5.04
XEC-BONK,0.2224,$384.40M,-21.36
WFI-ZAMA,0.2224,$312.36M,63.94
AERO-ZAMA,0.2224,$552.18M,62.15
NXM-KAG,0.2223,$300.56M,-15.8
CARDS-USDZ,0.2223,$396.26M,8.73
KAU-USDZ,0.2221,$435.70M,-5.01
KAU-BONK,0.2218,$573.25M,-17.2
CHZ-USDZ,0.2218,$271.53M,-34.26
ZRO-STX,0.2217,$535.27M,-39.85
ICNT-XPL,0.2217,$322.16M,-34.44
VCNT-RAY,0.2217,$327.45M,-16.36
SPX-A7A5,0.2215,$780.28M,-7.3
GLM-TRAC,0.2215,$218.43M,-24.51
US-APXUSD,0.2214,$714.02M,416.46
UB-STX,0.2213,$611.35M,-8.18
GRT-TEL,0.2213,$335.66M,-26.9
VCNT-IOTA,0.2213,$312.02M,-23.08
JTO-BTT,0.2213,$528.11M,15.81
LUNC-BTT,0.2212,$538.37M,-29.01
CAKE-KAITO,0.2212,$756.46M,82.19
FF-GOMINING,0.2212,$307.85M,-0.02
ZBCN-AWE,0.2211,$283.09M,-24.72
NEO-JTO,0.2211,$402.41M,8.92
SEI-CARDS,0.221,$555.42M,-3.69
ZBCN-TWT,0.221,$325.74M,-29.6
XTZ-CARDS,0.221,$494.34M,-12.65
UUSD-NEX,0.2209,$190.11M,-15.43
UUSD-PENDLE,0.2209,$350.44M,-3.8
ZBCN-XPL,0.2208,$397.86M,-26.54
CVX-APYUSD,0.2208,$292.94M,-15.44
GNO-CAKE,0.2208,$729.84M,-9.12
FLUID-CRCLON,0.2208,$179.14M,-35.92
GOMINING-BAT,0.2208,$218.98M,-16.12
REAL-CRCLON,0.2208,$341.91M,-4.16
VSN-GRASS,0.2207,$366.76M,-8.92
OZO-US,0.2207,$544.26M,422.96
TWT-XPIN,0.2207,$293.36M,0.85
DYDX-PYTH,0.2206,$419.23M,-16.83
APXUSD-EURCV,0.2205,$444.49M,-7.71
LUNC-SFP,0.2204,$381.63M,-37.74
VCNT-AR,0.2204,$280.50M,-6.82
CHEEMS-AERO,0.2202,$514.69M,-22.32
RAY-FRXUSD,0.2202,$272.93M,-13.67
MX-VET,0.2202,$539.55M,-21.86
GRT-CARDS,0.2201,$430.21M,-9.56
NXM-NFT,0.22,$351.39M,-12.82
ENS-XPIN,0.22,$320.97M,-5.71
IMX-FDUSD,0.2199,$573.42M,-16.08
COCO-A7A5,0.2199,$662.43M,-22.39
VCNT-GALA,0.2199,$253.06M,-24.65
SHORT-APYUSD,0.2198,$255.68M,4.64
KAU-GRASS,0.2197,$524.18M,-3.48
CRVUSD-SNX,0.2197,$334.49M,-15.93
WFI-XCN,0.2196,$304.20M,-19.42
KAU-BSV,0.2195,$566.80M,-13.63
CARDS-GRASS,0.2195,$484.74M,10.26
XEC-ZBT,0.2195,$233.40M,-28.97
NXM-STRK,0.2194,$276.08M,-19.52
SNX-GOMINING,0.2194,$238.00M,-17.55
DRV-ETHFI,0.2193,$502.53M,8.76
AXS-XTZ,0.2193,$369.16M,-42.47
OUSG-KAG,0.2192,$593.94M,-10.32
AKT-COCO,0.2192,$312.61M,-29.13
ULTIMA-CRCLON,0.2192,$274.55M,-30.35
SPX-BP,0.2191,$416.31M,99.88
BP-FRXUSD,0.2191,$224.16M,106.0
ZK-RUNE,0.2189,$232.62M,-56.06
XEC-THETA,0.2189,$245.55M,-27.03
BP-XPL,0.2188,$334.82M,101.07
ZANO-BORG,0.2188,$269.43M,-14.91
FARTCOIN-GRASS,0.2188,$338.88M,-13.56
IMX-TRAC,0.2187,$350.99M,-24.37
OHM-NEO,0.2187,$409.58M,-15.99
CARDS-A,0.2187,$371.16M,-5.92
MET-WFI,0.2187,$263.96M,1.23
FRXUSD-TRUMP,0.2187,$467.31M,-18.14
AKT-CARDS,0.2185,$397.26M,1.58
FDUSD-KITE,0.2185,$578.10M,-10.08
BC-PENDLE,0.2184,$470.22M,91.02
META-FRXUSD,0.2184,$205.34M,31.3
COMP-FRAX,0.2184,$379.39M,-16.83
USDTB-PENDLE,0.2183,$606.17M,-3.77
TIA-SUN,0.2183,$648.78M,-5.2
GRT-ICNT,0.2182,$262.92M,-48.49
KAITO-SNX,0.2182,$431.70M,68.54
RLB-XEC,0.218,$223.73M,-7.71
APEPE-PYTH,0.2179,$522.72M,-20.98
BC-SAND,0.2178,$344.76M,73.88
XEC-JASMY,0.2178,$331.04M,-20.24
STX-PIEVERSE,0.2178,$432.60M,-20.73
KAU-TWT,0.2176,$456.77M,-12.3
FLUID-SOSO,0.2175,$202.87M,-26.99
TRAC-AERO,0.2175,$538.04M,-11.25
PYTH-COMP,0.2175,$480.69M,-23.27
TAG-BTSE,0.2174,$278.18M,18.44
MX-XCN,0.2173,$280.25M,-21.78
IMX-XPIN,0.2171,$372.22M,-7.12
USDAT-IOTA,0.2171,$287.37M,-20.39
TEL-THBILL,0.2171,$292.25M,-7.84
TKX-STRK,0.217,$292.65M,-19.65
NXM-FRAX,0.2169,$306.94M,-5.12
DYDX-DASH,0.2169,$495.30M,-18.96
LDO-RAIL,0.2169,$393.04M,6.4
APEPE-ZANO,0.2169,$332.52M,-16.91
NEO-XPIN,0.2169,$278.67M,-6.76
GLM-BTSE,0.2167,$227.87M,-27.61
REAL-PRL,0.2167,$333.13M,81.58
NXM-KAITO,0.2166,$396.14M,79.36
SPX-FRXUSD,0.2166,$412.00M,-6.2
UB-TIA,0.2166,$667.33M,7.5
INJ-GOMINING,0.2165,$574.80M,11.25
APEPE-GUSD,0.2165,$350.87M,-7.39
FLUID-XEC,0.2164,$205.74M,-25.85
FDUSD-BONK,0.2164,$611.04M,-13.01
KAITO-MON,0.2162,$557.46M,69.87
XEC-SN64,0.2162,$209.45M,-20.87
VSN-EIGEN,0.2161,$291.49M,-6.09
KMNO-EURC,0.2161,$548.06M,-6.44
GRT-ULTIMA,0.216,$343.04M,-30.87
DYDX-GALA,0.2159,$186.48M,-32.25
KAU-ZK,0.2159,$392.66M,-27.55
OZO-VIRTUAL,0.2159,$494.87M,-9.55
STRK-GLIDR,0.2159,$290.59M,-23.65
KMNO-ETHFI,0.2156,$497.91M,-4.64
KAG-ULTIMA,0.2155,$395.39M,-22.58
KAITO-VET,0.2155,$698.23M,66.01
LUNC-CRCLON,0.2154,$371.75M,-38.77
STAC-WFI,0.2154,$277.19M,-0.58
FLOKI-PIEVERSE,0.2154,$380.59M,-19.17
GOMINING-EIGEN,0.2153,$256.16M,1.98
DYDX-APEPE,0.2152,$299.23M,-24.81
DRV-GRT,0.2152,$263.99M,-10.66
2Z-XTZ,0.2152,$427.81M,-36.52
LUNC-ETHFI,0.215,$678.79M,-19.86
USAT-GUSD,0.215,$334.73M,7.02
TRAC-PYTH,0.215,$445.03M,-14.88
COCO-EURC,0.2149,$634.26M,-22.64
JTO-MON,0.2149,$516.83M,9.99
XEC-SYRUP,0.2149,$326.70M,-24.33
MX-GRASS,0.2149,$366.46M,-2.64
GRT-FRAX,0.2146,$381.41M,-19.08
CAKE-RUNE,0.2146,$595.45M,-37.59
MWC-TWT,0.2145,$262.31M,21.12
AXS-FRXUSD,0.2145,$253.61M,-20.4
WIF-SHORT,0.2145,$243.90M,-2.0
JTO-REAL,0.2144,$517.69M,38.9
SOON-EIGEN,0.2144,$230.60M,33.09
A7A5-XPL,0.2144,$698.79M,-6.12
VSN-FET,0.2143,$456.81M,-25.13
DYDX-SAND,0.2143,$223.05M,-31.24
USDZ-XCN,0.2142,$257.05M,-19.08
NFT-ETHFI,0.2141,$664.41M,-7.35
PEANUT-SUN,0.2141,$526.83M,-12.8
ULTIMA-WIF,0.214,$328.04M,-23.13
FDUSD-BAT,0.214,$449.51M,-14.56
OHM-SAND,0.2138,$400.99M,-21.26
CAKE-SOON,0.2138,$537.20M,27.21
OHM-AR,0.2137,$391.86M,-4.44
LUNC-ENS,0.2136,$454.97M,-34.85
MWC-CRVUSD,0.2136,$325.89M,28.48
2Z-COCO,0.2136,$386.56M,-35.66
VIRTUAL-KAG,0.2136,$583.26M,-20.56
FARTCOIN-ETHFI,0.2136,$522.90M,-13.96
KITE-MX,0.2136,$382.59M,-13.43
SPX-AWE,0.2133,$407.90M,-9.3
OZO-FLOKI,0.2133,$323.81M,-17.73
USDAT-VET,0.2133,$528.76M,-18.46
TEL-SYRUP,0.2133,$381.56M,-23.77
VSN-DEXE,0.2132,$424.97M,-46.66
1INCH-FDUSD,0.2132,$461.91M,-6.28
STRK-WFI,0.2132,$363.75M,-15.52
DCR-AVUSD,0.2131,$318.76M,-16.36
AXS-ZAMA,0.2131,$281.50M,44.66
RUNE-FET,0.2131,$454.18M,-46.05
VSN-RUNE,0.213,$299.16M,-46.81
TAG-FET,0.213,$450.99M,14.51
KAU-BC,0.2129,$527.88M,90.51
FARTCOIN-SOON,0.2129,$213.02M,15.09
1INCH-FRXUSD,0.2128,$225.74M,-6.24
DYDX-GPS,0.2128,$193.88M,2.68
MX-THETA,0.2128,$276.68M,-22.03
DEXE-ZAMA,0.2127,$411.89M,28.08
BTT-CRCLON,0.2127,$352.33M,-27.25
KAITO-FLOKI,0.2126,$507.78M,66.42
SOON-CHZ,0.2126,$234.15M,-4.07
ICNT-MET,0.2125,$190.99M,-27.15
PYTH-TRUMP,0.2125,$678.75M,-24.59
NFT-FRAX,0.2125,$484.59M,-7.8
UB-FET,0.2124,$666.75M,-4.01
FARTCOIN-STRCX,0.2124,$263.81M,-18.71
GALA-SUN,0.2124,$430.90M,-23.22
RLB-COCO,0.2123,$288.49M,-20.53
STRK-MET,0.2123,$278.63M,-12.14
PENGU-SHORT,0.2123,$469.27M,-10.91
GEOD-CHZ,0.2122,$238.48M,-0.58
APXUSD-EURC,0.2121,$745.09M,-7.63
SAND-NFT,0.2121,$389.71M,-28.66
KITE-THETA,0.212,$358.10M,-28.59
FET-ZAMA,0.212,$443.73M,49.6
AXS-VCNT,0.2119,$308.13M,-23.09
ZANO-CRCLON,0.2119,$224.01M,-20.93
ZBCN-MX,0.2118,$327.86M,-25.01
UUSD-COMP,0.2118,$259.11M,-16.8
NXM-GNO,0.2117,$369.51M,-11.95
XTZ-AR,0.2117,$341.53M,-26.2
KITE-PEANUT,0.2117,$416.54M,-21.49
IMX-TEL,0.2116,$401.64M,-23.87
ZBCN-XTZ,0.2116,$402.75M,-43.68
XTZ-EIGEN,0.2116,$366.07M,-18.48
ZANO-CHZ,0.2116,$275.30M,-35.96
ZK-ULTIMA,0.2115,$266.05M,-35.12
BTT-SOSO,0.2115,$376.06M,-18.32
2Z-VCNT,0.2114,$366.78M,-17.15
VIRTUAL-KITE,0.2114,$601.57M,-19.82
GNO-SAND,0.2114,$407.83M,-27.78
UQC-WFI,0.2114,$282.56M,-3.35
EIGEN-CRCLON,0.2114,$233.44M,-14.87
DRV-PEANUT,0.2113,$287.18M,-3.13
EURC-PENDLE,0.2113,$700.69M,-5.16
LDO-KAG,0.2112,$516.89M,-11.87
EARNETH-APXUSD,0.2112,$442.00M,-14.32
NFT-VET,0.2112,$653.48M,-26.17
US-FF,0.2111,$611.25M,424.32
KMNO-BTSE,0.2111,$231.13M,-16.52
GUSD-FRAX,0.2111,$369.57M,7.04
UB-BORG,0.211,$499.11M,-1.08
META-CAKE,0.211,$542.61M,29.09
VCNT-FET,0.211,$470.36M,-18.14
CARDS-XPL,0.211,$489.45M,4.49
PIEVERSE-AR,0.211,$298.14M,-5.24
USTBL-FRAX,0.2109,$380.91M,0.36
BP-PENGU,0.2109,$485.95M,85.84
TEL-WFI,0.2108,$348.86M,-8.95
EDGE-CARDS,0.2107,$404.84M,-15.88
EURCV-XPL,0.2107,$370.02M,-6.45
DRV-SFP,0.2106,$205.37M,-9.11
OHM-COMP,0.2106,$435.13M,-17.13
JTO-STX,0.2106,$519.15M,4.98
OHM-SFP,0.2105,$378.54M,-17.83
TWT-TAG,0.2105,$293.53M,21.89
TAG-SHORT,0.2105,$242.62M,39.2
PENDLE-EURCV,0.2105,$400.09M,-5.25
KAU-GLIDR,0.2103,$409.69M,-13.48
2Z-CHEEMS,0.2103,$302.65M,-33.87
ZK-CARDS,0.2103,$353.22M,-13.81
RUNE-ZANO,0.2103,$279.42M,-35.83
STRK-WIF,0.2103,$335.55M,-25.73
APXUSD-SYRUP,0.2102,$502.30M,-22.13
OHM-RUNE,0.2101,$424.07M,-36.04
SFP-WFI,0.2101,$277.28M,-18.55
STX-KITE,0.21,$482.52M,-29.57
BP-EIGEN,0.2099,$254.83M,109.67
UQC-THBILL,0.2099,$225.95M,-2.24
LUNC-A,0.2098,$381.19M,-35.64
RAIL-SN64,0.2098,$179.84M,-4.9
EARNETH-GNO,0.2097,$429.59M,-14.96
KITE-PENDLE,0.2097,$482.65M,-13.76
KAG-SFP,0.2096,$316.42M,-28.21
VCNT-USDZ,0.2096,$291.83M,-3.47
GNO-PYTH,0.2095,$604.00M,-13.38
IOTA-XEC,0.2095,$267.03M,-28.78
BP-COMP,0.2094,$273.56M,89.27
CVX-TRAC,0.2093,$258.48M,-19.18
GPS-AR,0.2093,$212.06M,8.93
US-SHORT,0.2092,$516.52M,431.97
APEPE-THETA,0.2092,$327.45M,-33.07
IOTA-TRAC,0.2092,$271.24M,-28.73
ULTIMA-CHZ,0.2091,$325.84M,-45.37
XEC-PYTH,0.2091,$440.82M,-14.93
STX-GOMINING,0.2091,$366.08M,-21.23
DYDX-OZO,0.209,$223.16M,-10.06
META-USDF,0.209,$207.25M,31.3
DCR-CHZ,0.209,$346.92M,-49.92
TKX-APXUSD,0.2089,$398.50M,-11.43
STRK-PYTH,0.2089,$510.57M,-20.95
WEMIX-PRL,0.2089,$184.49M,59.04
FARTCOIN-PIEVERSE,0.2089,$305.09M,-15.52
XTZ-ONYC,0.2088,$471.68M,-20.78
SOON-WIF,0.2088,$236.35M,18.17
ONYC-BONK,0.2088,$511.15M,-11.59
CAKE-SOSO,0.2087,$563.78M,-11.82
KAITO-DASH,0.2086,$706.70M,75.8
DRV-ZRO,0.2084,$387.40M,-11.91
EDGE-CAKE,0.2084,$583.17M,-27.58
SEI-OZO,0.2083,$411.85M,-12.88
CARDS-BTSE,0.2083,$401.98M,-2.02
APYUSD-SOSO,0.2083,$274.72M,-14.22
DYDX-GRT,0.2082,$259.21M,-29.36
VIRTUAL-CRCLON,0.2081,$462.42M,-28.33
FDUSD-XPL,0.2081,$566.68M,-5.06
ACRED-TRAC,0.2081,$238.71M,-8.03
NXM-VCNT,0.208,$251.31M,-7.8
RLB-REUSD,0.2079,$271.71M,4.38
2Z-CARDS,0.2079,$471.20M,-4.95
ZBCN-GPS,0.2079,$273.28M,-8.56
AKT-FLUID,0.2079,$214.68M,-25.3
NEO-ULTIMA,0.2079,$315.48M,-27.48
ULTIMA-XCN,0.2079,$311.36M,-30.19
SNX-MX,0.2079,$273.02M,-19.33
TRAC-AR,0.2079,$239.72M,-12.47
OZO-SFP,0.2078,$228.03M,-17.2
PENGU-AKE,0.2078,$467.24M,546.53
TKX-XTZ,0.2077,$328.92M,-27.31
APEPE-FF,0.2077,$393.65M,-12.85
NFT-MANA,0.2077,$395.91M,-20.66
LUNC-MANA,0.2076,$410.28M,-33.17
STRK-BORG,0.2076,$327.48M,-26.93
CVX-CARDS,0.2075,$403.68M,-1.33
BC-JASMY,0.2074,$431.16M,82.98
BP-SYRUP,0.2074,$321.48M,90.14
MX-SYRUP,0.2074,$357.84M,-19.34
IMX-KAITO,0.2072,$536.59M,68.44
KAG-SYRUP,0.2072,$420.94M,-26.62
ZANO-A,0.2071,$233.45M,-17.81
XEC-EIGEN,0.2071,$260.05M,-4.8
FLUID-DCR,0.207,$289.06M,-33.81
AXS-A7A5,0.207,$621.89M,-21.5
EURC-CHZ,0.207,$594.17M,-34.92
UB-1INCH,0.2069,$476.65M,5.2
1INCH-A7A5,0.2069,$594.02M,-7.34
EDGE-AKT,0.2069,$264.37M,-33.22
DEXE-CVX,0.2069,$408.90M,-47.73
USTBL-RAIL,0.2069,$250.69M,7.95
GOMINING-SYRUP,0.2069,$322.81M,-17.55
FLUID-NFT,0.2068,$350.81M,-25.17
1INCH-RUNE,0.2067,$264.08M,-40.99
VSN-AR,0.2066,$266.95M,-13.81
OZO-BORG,0.2066,$263.57M,-12.2
AKT-NFT,0.2066,$392.92M,-15.63
KMNO-RUNE,0.2066,$246.28M,-43.04
FDUSD-SNX,0.2066,$468.53M,-15.98
SHORT-XPL,0.2066,$318.14M,4.31
PYTH-FRXUSD,0.2066,$431.28M,-6.54
FLUID-A7A5,0.2065,$564.49M,-18.56
BP-SFP,0.2065,$216.97M,88.56
KAITO-JTO,0.2064,$577.91M,108.99
USAT-EIGEN,0.2064,$325.82M,3.56
KAITO-GLIDR,0.2063,$410.65M,75.23
GLIDR-SOSO,0.2062,$217.97M,-18.78
OZO-MON,0.2061,$373.49M,-14.29
NEO-KAITO,0.2061,$443.04M,68.8
FDUSD-MANA,0.2061,$477.48M,-12.99
USDA-AERO,0.2061,$510.55M,-2.52
ZANO-SN64,0.2061,$221.15M,-14.87
SPX-ACRED,0.2059,$417.12M,-5.8
APR-GLIDR,0.2059,$297.77M,-4.34
UQC-GEOD,0.2059,$202.36M,30.67
SHORT-SYRUP,0.2059,$304.80M,-6.61
DRV-XTZ,0.2058,$328.12M,-13.74
USDTB-BORG,0.2058,$493.79M,-12.48
TIA-TRUMP,0.2057,$663.88M,-22.0
DCR-GOMINING,0.2057,$318.34M,-18.05
KAITO-THETA,0.2057,$435.36M,65.84
SHORT-BAT,0.2057,$200.97M,-5.19
LUNC-SPX,0.2056,$580.97M,-26.42
META-AVUSD,0.2056,$211.39M,31.38
ACRED-MON,0.2056,$363.24M,-14.21
BORG-TAG,0.2054,$283.34M,17.44
AKT-KITE,0.2053,$360.40M,-17.87
AXS-BTSE,0.2053,$276.80M,-31.84
ZK-TRAC,0.2052,$208.02M,-31.66
LUNC-GLM,0.2051,$373.66M,-36.39
RLB-XCN,0.2051,$233.93M,-17.62
OHM-MANA,0.205,$407.19M,-13.26
USDTB-APXUSD,0.2049,$650.58M,-6.23
LDO-AKE,0.2048,$398.72M,565.58
GNO-PENGU,0.2048,$654.36M,-27.07
KAG-STRCX,0.2048,$354.49M,-15.08
OUSG-BONK,0.2047,$645.20M,-12.52
CRVUSD-NFT,0.2047,$476.57M,-7.79
DASH-RAIL,0.2047,$487.28M,-1.09
IMX-KITE,0.2046,$459.32M,-25.98
BC-GLIDR,0.2046,$320.95M,85.58
ENS-KITE,0.2046,$408.07M,-24.58
SYRUP-SOSO,0.2046,$323.84M,-25.47
RUNE-A,0.2045,$250.55M,-50.51
JTO-AVUSD,0.2045,$384.61M,24.59
VSN-GRT,0.2044,$312.24M,-28.75
OHM-COCO,0.2044,$460.03M,-21.6
SAND-MX,0.2044,$275.78M,-24.35
VIRTUAL-SOON,0.2043,$459.58M,19.63
ZANO-GLIDR,0.2043,$232.54M,-11.63
FLOKI-TRAC,0.2041,$322.17M,-26.39
RAIL-BSV,0.2041,$348.34M,-1.81
KAU-SNX,0.204,$430.74M,-20.17
BC-CAKE,0.204,$666.76M,92.54
CVX-KAG,0.204,$348.51M,-21.52
CAKE-FDUSD,0.204,$793.29M,-2.33
GLM-XEC,0.204,$214.22M,-24.56
KAITO-SAND,0.204,$434.46M,63.52
VSN-BC,0.2039,$370.46M,85.06
UB-ONYC,0.2039,$607.04M,12.73
META-PIEVERSE,0.2039,$277.50M,30.18
FLUID-TIBBIR,0.2039,$192.77M,-29.81
GRT-SHORT,0.2038,$258.90M,-9.74
XTZ-EURC,0.2038,$675.51M,-23.51
GLM-CRVUSD,0.2037,$306.81M,-16.16
SHORT-GLIDR,0.2036,$198.94M,0.08
CASH-THBILL,0.2035,$239.95M,-0.02
ZRO-MANA,0.2035,$416.14M,-33.18
USDAT-STX,0.2035,$390.32M,-19.61
GPS-CRCLON,0.2035,$188.86M,-5.49
TAG-BONK,0.2034,$410.01M,16.99
ETHFI-EURCV,0.2034,$549.33M,-1.08
ICNT-JTO,0.2033,$370.21M,-4.91
FLOKI-FRXUSD,0.2033,$308.43M,-18.05
REAL-USDZ,0.2033,$376.45M,13.61
INJ-USDZ,0.2031,$586.63M,12.17
MWC-NFT,0.2031,$378.36M,20.69
GLM-ZANO,0.2031,$225.92M,-18.56
LUNC-CAKE,0.203,$726.09M,-22.51
ULTIMA-BAT,0.203,$285.11M,-26.32
STRK-FARTCOIN,0.203,$312.22M,-28.81
VSN-DCR,0.2029,$353.67M,-26.12
RLB-AIAT,0.2029,$222.25M,8.49
EDGE-USDAT,0.2029,$275.77M,-25.38
KAU-MON,0.2029,$556.50M,-18.84
EARNETH-FRAX,0.2029,$367.01M,-8.14
XTZ-SAND,0.2029,$350.66M,-43.02
MANA-ZAMA,0.2029,$269.20M,52.1
ULTIMA-BONK,0.2028,$446.65M,-24.77
ACRED-GRASS,0.2028,$330.91M,1.16
COMP-XPL,0.2028,$379.91M,-21.75
INJ-RAIL,0.2027,$549.08M,20.45
BP-FF,0.2027,$306.52M,107.67
USDTB-FDUSD,0.2026,$701.62M,-0.08
APXUSD-PEANUT,0.2026,$479.59M,-17.73
GRT-GNO,0.2025,$443.99M,-25.9
APXUSD-MET,0.2025,$384.47M,-3.92
APXUSD-AR,0.2025,$411.11M,-10.32
ACRED-AERO,0.2025,$529.41M,-2.51
SOON-JASMY,0.2025,$301.60M,17.65
CVX-PIEVERSE,0.2024,$316.90M,-11.95
KAG-AERO,0.2024,$628.07M,-13.59
IMX-USDZ,0.2023,$354.71M,-16.72
CASH-ZRO,0.2023,$406.77M,-20.33
XTZ-COMP,0.2023,$384.80M,-38.88
BP-JASMY,0.2023,$325.82M,94.23
STRK-THETA,0.2023,$315.30M,-33.05
RLB-ZANO,0.2022,$235.43M,-1.71
1INCH-XPIN,0.2021,$260.71M,2.68
SEI-XPIN,0.2021,$431.45M,-4.28
VELVET-KITE,0.2021,$398.51M,131.66
APEPE-RAY,0.2021,$364.37M,-28.1
FLUID-XTZ,0.2021,$311.76M,-39.53
ULTIMA-SNX,0.2021,$304.14M,-27.74
BAT-SUN,0.2021,$445.70M,-15.77
VSN-PENDLE,0.202,$401.55M,-13.49
IMX-ULTIMA,0.202,$409.02M,-27.84
KAITO-PEANUT,0.202,$493.81M,72.93
SNX-TRUMP,0.2019,$479.82M,-33.99
STRCX-PIEVERSE,0.2019,$322.88M,-5.5
COMP-USDZ,0.2019,$286.71M,-17.51
VSN-XPL,0.2018,$371.48M,-14.7
IMX-GNO,0.2018,$509.97M,-22.87
OUSG-SUN,0.2018,$722.54M,-0.89
KITE-CRCLON,0.2018,$324.86M,-28.5
RUNE-JASMY,0.2017,$359.85M,-46.54
EDGE-WIF,0.2016,$282.32M,-36.62
SEI-TAG,0.2016,$431.62M,16.76
GPS-KMNO,0.2016,$194.03M,7.97
REUSD-CRCLON,0.2015,$260.29M,-14.85
CASH-WEMIX,0.2014,$222.44M,-8.25
ZRO-USTBL,0.2014,$445.60M,-19.87
KITE-NFT,0.2014,$496.53M,-17.74
APYUSD-MET,0.2014,$247.54M,-2.34
TIA-CARDS,0.2013,$575.36M,5.56
WIF-TAG,0.2013,$291.41M,18.64
FRXUSD-PEANUT,0.2012,$294.46M,-11.54
VSN-XTZ,0.2011,$376.37M,-31.84
1INCH-KITE,0.201,$347.82M,-16.19
EDGE-GLIDR,0.201,$237.36M,-34.54
BC-MON,0.201,$467.76M,80.22
VCNT-STX,0.201,$414.96M,-22.3
SHORT-ETHFI,0.201,$497.44M,9.68
2Z-FRAX,0.2008,$422.40M,-14.47
TIBBIR-EURCV,0.2008,$255.92M,-13.87
GRT-VCNT,0.2007,$325.79M,-21.76
2Z-GNO,0.2007,$484.98M,-21.29
CASH-CRCLON,0.2007,$214.87M,-18.56
TIA-XTZ,0.2007,$531.96M,-26.01
PRL-XPL,0.2007,$304.66M,62.26
SPX-ULTIMA,0.2005,$483.78M,-18.0
CAKE-ULTIMA,0.2005,$628.89M,-14.09
STRK-ETHFI,0.2005,$589.10M,-14.05
ZRO-EURCV,0.2004,$434.19M,-21.76
SAND-VCNT,0.2004,$289.63M,-23.64
SPX-USDAI,0.2003,$459.51M,-6.2
DCR-BORG,0.2003,$341.05M,-28.87
SAND-APYUSD,0.2003,$283.31M,-25.55
ZRO-KITE,0.2002,$516.76M,-30.27
OHM-STX,0.2002,$526.32M,-19.93
WFI-GRASS,0.2002,$390.41M,-0.27
SPX-NFT,0.2001,$566.60M,-13.91
LUNC-SN64,0.2,$368.89M,-32.7
EDGE-ZK,0.2,$220.33M,-48.61
SEI-ULTIMA,0.2,$468.25M,-25.0
NFT-SFP,0.2,$367.25M,-25.23
USDAT-AVUSD,0.1999,$255.78M,-0.0
CARDS-STX,0.1999,$519.38M,-10.11
SOSO-AERO,0.1999,$530.96M,-12.44
EDGE-KITE,0.1998,$367.98M,-35.33
VELVET-CASH,0.1998,$288.52M,141.6
UQC-MET,0.1997,$197.44M,0.03
FLOKI-VCNT,0.1996,$362.95M,-20.74
GALA-PIEVERSE,0.1996,$270.70M,-23.07
ZBT-SOSO,0.1996,$230.53M,-30.11
STRK-USDAI,0.1993,$346.65M,-14.49
GOMINING-USDZ,0.1993,$242.95M,-2.39
INJ-VCNT,0.1992,$623.68M,10.17
KAU-ICNT,0.1992,$409.88M,-33.74
GNO-CHEEMS,0.1991,$382.96M,-26.33
KITE-JASMY,0.1991,$443.59M,-21.8
BP-MET,0.199,$203.65M,108.35
AIAT-JASMY,0.199,$329.57M,-4.04
APR-USAT,0.1989,$381.62M,4.79
ICNT-BSV,0.1989,$360.06M,-38.81
ZANO-XPIN,0.1989,$276.06M,6.44
FF-CHZ,0.1988,$336.42M,-31.89
ZANO-PIEVERSE,0.1988,$313.24M,-3.58
TAG-RAY,0.1988,$308.07M,16.29
EDGE-XPL,0.1987,$356.56M,-30.31
XTZ-RAIL,0.1987,$315.32M,-14.57
ACRED-KITE,0.1987,$347.04M,-9.63
JTO-XCN,0.1987,$398.30M,6.21
DYDX-PENGU,0.1986,$469.58M,-30.53
VCNT-XPL,0.1985,$385.03M,-7.7
DRV-A7A5,0.1984,$580.85M,7.22
GNO-TIBBIR,0.1984,$389.13M,-19.27
PIEVERSE-FET,0.1982,$488.00M,-16.56
KAU-JTO,0.1981,$576.94M,20.28
TEL-CRCLON,0.1979,$267.17M,-26.38
ZRO-MET,0.1978,$374.17M,-17.97
TEL-XCN,0.1978,$303.97M,-26.22
FLUID-ZANO,0.1977,$217.45M,-19.85
STRK-ENS,0.1975,$365.28M,-29.03
FDUSD-A,0.1974,$448.39M,-15.46
USDAT-SN64,0.1973,$229.79M,-12.48
ZK-FDUSD,0.1973,$430.45M,-23.36
VSN-CARDS,0.1972,$419.76M,-0.26
LUNC-STRK,0.1972,$468.11M,-34.71
USDTB-WFI,0.1972,$530.07M,-1.07
WIF-SUN,0.1972,$488.63M,-12.58
GEOD-WFI,0.1972,$268.89M,31.88
TIBBIR-EIGEN,0.1971,$247.08M,-8.76
VELVET-XPL,0.197,$387.09M,136.68
GNO-BORG,0.197,$420.91M,-19.36
DCR-ZBT,0.197,$316.72M,-36.93
GRT-TAG,0.1969,$306.41M,10.89
KMNO-EURCV,0.1969,$247.46M,-6.52
ICNT-USDF,0.1969,$213.41M,-29.5
PIEVERSE-RAY,0.1969,$345.09M,-14.78
MX-BONK,0.1969,$415.53M,-16.37
GNO-THETA,0.1968,$408.74M,-25.47
SHORT-PYTH,0.1968,$418.91M,2.78
AIAT-USDAI,0.1968,$275.42M,7.73
USDTB-UUSD,0.1967,$455.31M,-0.02
OHM-GALA,0.1967,$364.42M,-22.27
GNO-FLOKI,0.1967,$481.15M,-24.89
UUSD-THBILL,0.1967,$217.72M,0.01
STAC-BC,0.1966,$322.21M,95.28
GRT-USDAI,0.1965,$318.78M,-19.07
KAG-SHORT,0.1965,$311.24M,-1.45
ZANO-KOGE,0.1965,$345.31M,49.05
WIF-TRAC,0.1965,$270.01M,-19.66
1INCH-SUN,0.1964,$458.11M,-7.5
KAITO-PYTH,0.1964,$630.63M,77.93
KAITO-BSV,0.1964,$567.76M,75.08
ZANO-EIGEN,0.1964,$271.75M,1.2
XTZ-VCNT,0.1963,$389.92M,-24.84
KAITO-TRUMP,0.1963,$666.66M,66.34
ZBCN-ACRED,0.1961,$292.31M,-21.21
STX-USDZ,0.1961,$377.91M,-20.31
GOMINING-TRAC,0.1961,$239.23M,-10.04
CHEEMS-JASMY,0.196,$311.90M,-31.26
PENGU-KITE,0.196,$603.72M,-30.19
APYUSD-BSV,0.196,$416.62M,-13.99
COCO-EURCV,0.1959,$333.66M,-22.73
DASH-EURC,0.1959,$847.47M,-10.02
GOMINING-XPIN,0.1959,$260.46M,7.22
MANA-THBILL,0.1959,$249.32M,-12.86
SHORT-AR,0.1958,$213.61M,5.2
STAC-TWT,0.1956,$251.11M,-7.53
UB-LDO,0.1955,$664.03M,10.26
CASH-BP,0.1955,$236.25M,105.98
APXUSD-SAND,0.1955,$420.24M,-27.14
JTO-EIGEN,0.1955,$409.23M,28.19
KAITO-MANA,0.1953,$440.65M,71.53
ICNT-UUSD,0.1953,$201.36M,-29.49
REUSD-AIAT,0.1953,$285.41M,11.42
JASMY-SHFL,0.1953,$332.99M,-14.59
LUNC-LDO,0.1952,$582.10M,-21.4
CVX-AWE,0.1952,$240.64M,-13.94
XCN-FRAX,0.1952,$349.72M,-18.39
DRV-META,0.1951,$198.06M,39.7
DCR-EURCV,0.1951,$352.21M,-17.87
USTBL-BAT,0.195,$264.26M,-14.06
TWT-REAL,0.195,$397.53M,6.32
FLUID-GLM,0.195,$181.05M,-33.54
NEO-TAG,0.195,$278.84M,14.28
WIF-ONYC,0.195,$392.55M,-9.95
SPX-TAG,0.1949,$447.14M,23.76
OZO-JASMY,0.1949,$336.88M,-11.53
CASH-UQC,0.1949,$230.04M,-2.33
BC-STX,0.1948,$470.09M,75.21
XEC-RAY,0.1948,$282.46M,-22.06
APXUSD-FLOKI,0.1947,$493.57M,-24.24
USDZ-XPL,0.1947,$347.98M,-5.71
DCR-MET,0.1946,$292.19M,-14.09
TRAC-SHFL,0.1946,$245.07M,-11.16
BTSE-AR,0.1946,$249.17M,-15.57
BSV-EURCV,0.1946,$407.93M,-10.83
SPX-VCNT,0.1945,$466.52M,-8.89
GNO-MANA,0.1944,$414.03M,-19.78
FF-STRCX,0.1944,$333.08M,-2.72
SHORT-FET,0.1944,$403.47M,-6.13
CARDS-COMP,0.1942,$428.19M,-7.31
SPX-FDUSD,0.1941,$648.17M,-6.25
KAG-FLOKI,0.1941,$412.20M,-28.74
ICNT-USAT,0.1941,$286.80M,-29.53
IOTA-MX,0.1941,$298.16M,-23.79
CHEEMS-IOTA,0.194,$247.89M,-39.8
UQC-PIEVERSE,0.194,$290.10M,-3.43
KAU-USAT,0.1939,$493.54M,-4.35
2Z-XEC,0.1939,$321.79M,-22.85
SYRUP-EURCV,0.1939,$356.68M,-17.37
1INCH-STRK,0.1938,$305.03M,-20.65
OHM-BTT,0.1938,$535.28M,-9.1
KAITO-GALA,0.1938,$397.88M,62.51
EDGE-RAY,0.1937,$298.98M,-38.96
VIRTUAL-APXUSD,0.1937,$664.63M,-16.06
UQC-BSV,0.1937,$366.51M,-11.63
ICNT-PENGU,0.1937,$473.29M,-49.66
SEI-BTSE,0.1936,$419.66M,-24.63
GNO-SN64,0.1936,$372.64M,-19.32
WEMIX-GOMINING,0.1936,$215.99M,-9.85
NFT-AR,0.1936,$380.58M,-11.84
ULTIMA-SAND,0.1935,$306.89M,-32.75
AWE-AR,0.1935,$221.87M,-7.23
BTSE-PEANUT,0.1935,$317.65M,-22.98
CAKE-MX,0.1934,$597.78M,-5.69
ZK-TAG,0.1934,$229.42M,6.64
CRCLON-WFI,0.1934,$267.40M,-19.58
UB-ULTIMA,0.1932,$542.54M,-0.45
TKX-THBILL,0.1932,$221.38M,-5.16
CARDS-JASMY,0.1932,$480.45M,-2.35
EIGEN-MON,0.1932,$388.79M,-10.93
PYTH-PIEVERSE,0.1932,$503.44M,-7.65
UB-TAG,0.1931,$505.90M,41.31
OUSG-FET,0.1931,$686.17M,-15.0
FDUSD-APYUSD,0.1931,$504.22M,-4.73
FDUSD-BTT,0.1931,$605.57M,-8.84
VSN-INJ,0.193,$610.13M,3.18
1INCH-ULTIMA,0.193,$297.52M,-18.04
ZBCN-REAL,0.193,$426.33M,-7.23
LUNC-TIBBIR,0.1929,$385.38M,-32.66
SPX-KAG,0.1929,$515.77M,-16.89
ZBCN-PIEVERSE,0.1929,$359.36M,-22.73
FARTCOIN-USDAI,0.1929,$280.45M,-14.4
PEANUT-AKE,0.1928,$280.06M,555.23
BC-ZK,0.1925,$303.92M,71.51
KAG-SHFL,0.1925,$335.09M,-13.51
ZRO-VCNT,0.1922,$449.20M,-23.01
CAKE-JTO,0.1922,$715.83M,22.31
ACRED-PYTH,0.1922,$436.40M,-6.14
KAU-USDAT,0.192,$448.11M,-4.32
ZK-FRXUSD,0.192,$194.27M,-23.31
COCO-CRVUSD,0.192,$396.27M,-21.28
INJ-TRUMP,0.1919,$816.63M,-5.19
APEPE-WFI,0.1919,$375.90M,-15.55
SNX-TEL,0.1919,$296.75M,-23.77
IMX-APEPE,0.1918,$428.68M,-30.47
USTBL-SNX,0.1918,$283.28M,-15.48
CARDS-BSV,0.1918,$527.36M,0.11
COMP-GRASS,0.1918,$375.19M,-15.97
CASH-USTBL,0.1917,$282.86M,0.35
TKX-GNO,0.1917,$386.09M,-12.08
CRVUSD-GUSD,0.1917,$361.56M,7.06
OHM-TWT,0.1915,$424.27M,-8.38
USAT-XEC,0.1915,$304.69M,-8.5
STRCX-CRCLON,0.1915,$233.65M,-22.85
CRCLON-SUN,0.1915,$435.14M,-19.8
STAC-TIBBIR,0.1914,$209.13M,-11.9
SNX-SUN,0.1913,$464.72M,-17.19
SNX-ZAMA,0.1913,$260.25M,49.12
RLB-EIGEN,0.1912,$244.86M,4.35
KAITO-SFP,0.1911,$412.00M,66.96
PIEVERSE-PEANUT,0.1911,$366.62M,-12.65
VSN-SFP,0.1909,$253.63M,-27.2
STAC-SUN,0.1909,$444.93M,-0.81
EIGEN-SUN,0.1909,$482.88M,2.33
EURC-BTT,0.1909,$709.51M,-10.15
CHZ-ZAMA,0.1908,$281.95M,31.48
UB-COCO,0.1907,$545.06M,-9.85
NEO-STRK,0.1907,$322.99M,-30.09
KAU-MX,0.1906,$458.90M,-7.72
AKT-TRUMP,0.1906,$485.78M,-25.97
DASH-BTSE,0.1906,$530.55M,-20.11
APR-BTT,0.1905,$455.86M,-3.89
EDGE-EARNETH,0.1905,$282.92M,-33.42
KAU-RAIL,0.1905,$398.15M,3.26
WFI-BONK,0.1904,$439.49M,-14.0
DASH-ZANO,0.1903,$528.59M,-11.06
NFT-THETA,0.1903,$390.61M,-26.35
AKT-A7A5,0.1902,$606.60M,-9.02
DEXE-ZANO,0.19,$405.24M,-39.36
TIA-FDUSD,0.19,$652.59M,-3.99
US-AIAT,0.19,$536.94M,430.45
ZK-SOON,0.19,$174.36M,6.18
CARDS-EIGEN,0.19,$409.46M,13.09
MWC-KAITO,0.1899,$423.11M,104.17
LDO-JTO,0.1899,$571.83M,23.42
CVX-XEC,0.1899,$254.27M,-19.22
APR-INJ,0.1898,$655.63M,17.77
KAU-PEANUT,0.1898,$492.84M,-15.78
GRT-SUN,0.1898,$503.63M,-20.32
USDTB-CVX,0.1898,$490.34M,-10.79
AWE-THETA,0.1898,$231.91M,-21.74
PENGU-SHFL,0.1898,$493.12M,-22.98
COCO-GLIDR,0.1897,$285.60M,-30.45
DCR-NEX,0.1897,$293.11M,-31.8
BP-BORG,0.1897,$252.51M,93.56
OZO-PYTH,0.1896,$446.66M,-6.22
ZRO-MON,0.1896,$532.95M,-34.84
ZK-BTSE,0.1896,$217.46M,-34.75
SOSO-CRCLON,0.1896,$209.44M,-28.08
COCO-XCN,0.1895,$313.88M,-39.59
RAIL-SYRUP,0.1895,$297.09M,-8.35
META-BONK,0.1894,$360.36M,18.41
APR-BP,0.1893,$310.63M,110.9
SEI-A7A5,0.1893,$764.76M,-14.3
GPS-TEL,0.1893,$270.32M,5.14
GLM-FF,0.1893,$287.05M,-14.49
FLUID-APYUSD,0.1892,$244.41M,-22.06
CRVUSD-AVUSD,0.1892,$328.03M,0.0
TAG-A,0.1892,$247.36M,14.54
TEL-RAY,0.1891,$337.32M,-21.5
MX-PEANUT,0.1891,$335.13M,-14.94
KAITO-SYRUP,0.189,$516.52M,68.54
EDGE-KAU,0.1889,$444.28M,-29.62
VELVET-USDF,0.1889,$278.34M,141.62
DASH-SUN,0.1889,$739.72M,-9.93
IOTA-APYUSD,0.1888,$305.70M,-24.99
DRV-FDUSD,0.1887,$448.74M,8.28
LDO-MX,0.1887,$453.79M,-4.58
GOMINING-MON,0.1887,$363.76M,-16.22
KOGE-USDAI,0.1887,$371.59M,51.44
RLB-USDZ,0.1886,$231.66M,-0.01
2Z-GOMINING,0.1886,$317.90M,-16.07
KAITO-MX,0.1886,$459.86M,80.99
AIAT-CRCLON,0.1886,$210.83M,-10.74
INJ-ICNT,0.1885,$560.81M,-16.56
APXUSD-WFI,0.1885,$469.60M,-7.3
RUNE-GOMINING,0.1885,$263.83M,-37.56
SPX-JTO,0.1884,$570.71M,18.4
ZANO-XPL,0.1884,$351.75M,-7.4
PIEVERSE-GUSD,0.1884,$331.59M,5.94
VCNT-ENS,0.1883,$340.52M,-17.31
UB-RAIL,0.1882,$450.68M,18.94
USDTB-BSV,0.1882,$614.01M,-9.35
DCR-A,0.1882,$305.07M,-31.77
GALA-TRAC,0.1882,$212.28M,-30.3
SHORT-SHFL,0.1882,$218.95M,6.5
STAC-TKX,0.1881,$206.09M,-4.71
DASH-EURCV,0.1881,$546.87M,-10.11
STRK-GALA,0.188,$277.83M,-36.37
MX-WFI,0.188,$325.13M,-4.51
VELVET-ZBT,0.1879,$280.45M,121.12
BC-PYTH,0.1879,$540.93M,88.29
APEPE-AERO,0.1878,$615.73M,-17.34
TIBBIR-WEMIX,0.1878,$206.91M,-20.59
COMP-ZAMA,0.1878,$297.14M,48.24
REAL-THBILL,0.1877,$366.99M,14.39
RUNE-USDA,0.1876,$244.44M,-35.24
BTSE-A7A5,0.1876,$611.32M,-12.62
UB-NEO,0.1875,$494.61M,-4.24
LDO-GNO,0.1875,$585.84M,-8.02
USDTB-TRUMP,0.1875,$712.91M,-18.09
USTBL-BORG,0.1875,$299.11M,-12.07
META-FF,0.1875,$287.70M,32.97
AR-USDZ,0.1875,$243.44M,-4.82
BC-XPL,0.1874,$440.16M,89.81
META-GRASS,0.1874,$311.28M,32.14
VCNT-PEANUT,0.1874,$348.98M,-14.23
NXM-APXUSD,0.1873,$381.93M,-11.3
FLUID-ONYC,0.1873,$332.49M,-16.08
XTZ-MET,0.1873,$314.89M,-19.8
ICNT-VET,0.1873,$490.53M,-47.89
GEOD-GLIDR,0.1873,$195.73M,23.75
US-PRL,0.1872,$503.04M,489.92
OUSG-OHM,0.1871,$656.05M,0.05
DEXE-XPIN,0.1871,$418.98M,-28.06
ZBCN-BSV,0.1871,$435.77M,-30.92
PRL-BSV,0.1871,$342.56M,57.88
OZO-GALA,0.187,$213.91M,-21.64
AKT-USDZ,0.187,$255.78M,-8.61
APR-TRUMP,0.1869,$553.78M,-13.23
APXUSD-SHFL,0.1869,$416.46M,-9.01
ZANO-EURC,0.1869,$581.20M,-3.82
BC-ULTIMA,0.1868,$401.27M,82.94
USDAT-MX,0.1868,$290.39M,-3.48
FLUID-GUSD,0.1868,$235.79M,-10.33
SAND-XPIN,0.1868,$270.08M,-12.03
STAC-EARNETH,0.1867,$249.59M,-7.59
ZRO-CRCLON,0.1867,$377.61M,-38.78
CHEEMS-XTZ,0.1867,$325.79M,-41.57
TEL-REAL,0.1867,$423.37M,6.47
DRV-KAITO,0.1865,$411.91M,92.8
ZBCN-ZAMA,0.1865,$315.09M,43.44
OHM-ZK,0.1865,$360.16M,-23.63
OHM-FLOKI,0.1865,$474.31M,-18.36
SHORT-BSV,0.1865,$356.04M,-0.07
MX-BTT,0.1865,$410.06M,-12.19
RLB-TIA,0.1864,$410.76M,-3.18
ZBCN-NEX,0.1864,$267.60M,-36.98
GPS-ICNT,0.1864,$197.58M,-16.45
SOSO-SHFL,0.1864,$237.99M,-12.36
DEXE-STX,0.1863,$524.60M,-56.51
FLUID-JTO,0.1863,$354.92M,7.14
XTZ-AKE,0.1863,$321.00M,544.61
PENGU-XEC,0.1863,$491.17M,-28.63
EIGEN-KITE,0.1863,$372.60M,-6.36
EDGE-PENDLE,0.1862,$386.63M,-29.11
OHM-ULTIMA,0.1862,$457.51M,-12.2
2Z-MX,0.1861,$352.92M,-17.86
AR-TRUMP,0.1861,$473.44M,-22.18
BC-2Z,0.186,$421.91M,80.37
FLUID-USDAI,0.1859,$243.72M,-17.46
ACRED-MX,0.1859,$265.63M,-3.08
TEL-USDAI,0.1859,$331.75M,-7.92
MWC-META,0.1858,$209.26M,59.58
META-USAT,0.1858,$280.64M,31.27
A7A5-BAT,0.1858,$581.62M,-15.61
KAITO-CRCLON,0.1857,$402.12M,65.93
BP-XCN,0.1857,$243.89M,87.7
SNX-KITE,0.1857,$354.44M,-25.88
FARTCOIN-XPIN,0.1856,$267.91M,-5.49
NFT-BAT,0.1856,$367.94M,-22.22
FRXUSD-GRASS,0.1856,$325.79M,0.76
DRV-SYRUP,0.1855,$309.89M,-7.53
US-PIEVERSE,0.1855,$601.05M,421.53
CHZ-MON,0.1855,$392.33M,-48.09
FLUID-ZBT,0.1853,$200.23M,-37.96
BP-IOTA,0.1853,$261.81M,85.69
BC-ENS,0.1852,$395.64M,80.2
CVX-TAG,0.1852,$279.88M,19.12
US-STRCX,0.1852,$559.76M,418.34
XTZ-AERO,0.1852,$639.85M,-24.97
VSN-TIA,0.1851,$457.38M,-13.63
SPX-TRUMP,0.1851,$659.46M,-24.25
GALA-FRXUSD,0.1851,$198.54M,-21.96
WFI-XPL,0.1851,$395.13M,-6.05
VSN-MANA,0.185,$282.28M,-22.63
LDO-NFT,0.185,$567.72M,-8.89
OZO-VET,0.185,$514.25M,-18.14
USDAI-FRAX,0.185,$377.50M,-0.09
LUNC-GOMINING,0.1849,$394.46M,-21.92
DASH-PIEVERSE,0.1849,$579.52M,-9.78
EARNETH-NFT,0.1848,$411.46M,-15.84
OZO-TIA,0.1848,$431.79M,-3.62
EURC-A7A5,0.1848,$928.24M,-2.54
NFT-MON,0.1848,$512.72M,-22.32
ETHFI-PRL,0.1847,$483.96M,67.63
MWC-AWE,0.1846,$219.66M,25.99
CVX-A7A5,0.1846,$613.02M,-11.94
OHM-XCN,0.1846,$405.46M,-18.7
NEO-VCNT,0.1846,$298.22M,-18.37
ULTIMA-TRUMP,0.1846,$539.09M,-29.94
STX-SUN,0.1846,$592.81M,-20.87
TRAC-PENDLE,0.1846,$374.32M,-12.15
LDO-OZO,0.1845,$428.49M,-0.86
APEPE-RUNE,0.1845,$349.62M,-50.6
SPX-BTSE,0.1844,$435.19M,-17.64
DCR-ZAMA,0.1844,$340.59M,48.62
CARDS-BORG,0.1843,$407.14M,-3.02
US-KMNO,0.1842,$516.99M,417.64
RLB-STX,0.1841,$354.79M,-18.85
USDTB-2Z,0.1841,$557.86M,-14.41
LUNC-IMX,0.184,$506.22M,-36.25
LUNC-GNO,0.184,$561.54M,-27.14
STAC-FARTCOIN,0.184,$225.66M,-13.87
2Z-TEL,0.184,$376.65M,-22.29
VSN-EDGE,0.1839,$286.87M,-35.06
DYDX-INJ,0.1838,$557.10M,2.57
ZBCN-CRCLON,0.1838,$270.13M,-40.08
KITE-TRUMP,0.1838,$589.39M,-28.09
RUNE-BTT,0.1837,$407.74M,-43.29
BP-XPIN,0.1837,$259.13M,114.91
APEPE-EURC,0.1836,$651.40M,-15.87
GNO-ENS,0.1836,$458.71M,-21.46
TWT-RAIL,0.1836,$238.31M,-0.49
ULTIMA-PYTH,0.1836,$503.06M,-18.34
TWT-KAITO,0.1835,$457.74M,76.41
UUSD-SOON,0.1835,$189.80M,29.43
BORG-KITE,0.1835,$370.27M,-22.47
CARDS-PENGU,0.1834,$640.58M,-10.74
CHZ-WFI,0.1834,$318.68M,-34.6
ZBCN-TEL,0.1833,$351.59M,-29.45
TKX-FRAX,0.1833,$323.51M,-5.25
INJ-KOGE,0.1832,$673.38M,64.38
APYUSD-TRUMP,0.1832,$515.52M,-22.74
EARNETH-APEPE,0.1831,$348.30M,-22.56
AKT-VCNT,0.1831,$292.84M,-10.61
RUNE-A7A5,0.1831,$626.47M,-37.11
KITE-GLIDR,0.1831,$333.39M,-19.19
KAG-TRAC,0.183,$337.36M,-19.11
STRK-AR,0.183,$305.27M,-18.54
JTO-PYTH,0.183,$590.00M,18.06
TRAC-THETA,0.183,$249.76M,-26.98
LUNC-WIF,0.1829,$425.24M,-31.54
USDTB-KAITO,0.1829,$664.79M,84.43
ULTIMA-ENS,0.1829,$357.77M,-26.43
UB-CAKE,0.1828,$808.03M,9.15
STAC-STRK,0.1828,$291.85M,-13.96
USDTB-APYUSD,0.1828,$513.65M,-4.64
NXM-USDAT,0.1827,$226.67M,-5.11
VCNT-TEL,0.1827,$338.76M,-10.61
BORG-TEL,0.1827,$312.59M,-20.36
STRK-ZBT,0.1826,$303.16M,-34.99
FF-ETHFI,0.1826,$592.18M,2.03
TKX-TAG,0.1825,$248.51M,24.71
VCNT-ZAMA,0.1825,$302.26M,62.28
MX-SUN,0.1825,$492.88M,-4.74
UQC-CARDS,0.1824,$376.89M,7.18
SOON-A,0.1824,$192.30M,14.08
LDO-ZANO,0.1823,$434.36M,-3.57
ZBCN-CHZ,0.1823,$321.41M,-55.1
USDAT-ETHFI,0.1823,$539.69M,0.36
KAITO-FET,0.1823,$615.19M,69.02
SNX-NFT,0.1823,$386.96M,-23.64
FDUSD-BORG,0.1822,$484.37M,-12.57
ZANO-NEX,0.1822,$221.49M,-17.83
PYTH-XPIN,0.1822,$466.26M,2.38
UB-ETHFI,0.1821,$760.73M,11.8
UB-CHZ,0.1821,$504.98M,-22.13
AWE-SHFL,0.1821,$227.22M,-5.93
GALA-MX,0.1821,$239.20M,-25.36
TEL-KOGE,0.1821,$388.46M,43.6
KITE-BONK,0.1821,$496.95M,-22.92
TRAC-BAT,0.1821,$227.08M,-22.85
GRT-USDZ,0.182,$288.73M,-19.76
IOTA-KOGE,0.182,$361.72M,31.13
US-TIBBIR,0.1819,$525.45M,410.29
KAG-A,0.1819,$315.98M,-26.11
USTBL-GOMINING,0.1818,$276.40M,-1.24
UUSD-USAT,0.1818,$285.01M,-0.1
BC-BSV,0.1817,$478.06M,85.43
ACRED-REUSD,0.1817,$282.47M,4.01
RAIL-TRAC,0.1817,$213.51M,-0.84
PENDLE-MX,0.1817,$401.24M,-7.21
DYDX-XPL,0.1816,$318.45M,-15.31
DRV-PIEVERSE,0.1816,$284.73M,7.21
AKT-ZAMA,0.1816,$266.20M,57.13
UQC-ONYC,0.1816,$354.22M,-0.94
DASH-NFT,0.1816,$661.96M,-16.38
VSN-TRUMP,0.1815,$508.28M,-27.82
FLOKI-SOSO,0.1815,$315.10M,-27.58
AWE-KITE,0.1815,$337.82M,-13.14
TEL-PEANUT,0.1815,$358.85M,-19.38
BTSE-GRASS,0.1815,$348.98M,-10.68
RLB-OZO,0.1814,$229.57M,1.0
LDO-GOMINING,0.1814,$418.76M,-2.8
KAG-RAY,0.1814,$376.70M,-24.36
RAIL-A,0.1814,$192.13M,-7.84
NXM-COCO,0.1813,$271.09M,-26.32
SPX-SOSO,0.1813,$418.66M,-15.73
INJ-AVUSD,0.1813,$575.21M,12.94
GNO-TRUMP,0.1813,$640.03M,-24.97
KMNO-A7A5,0.1813,$576.23M,-6.18
APEPE-SHFL,0.1812,$322.76M,-17.26
COCO-FRXUSD,0.1812,$294.14M,-21.29
SOSO-BONK,0.1812,$381.53M,-22.5
CAKE-A7A5,0.1811,$925.40M,-3.39
VCNT-CRCLON,0.181,$257.30M,-21.24
EIGEN-XPIN,0.181,$285.49M,12.51
KITE-SHORT,0.1809,$329.56M,-0.71
WFI-SUN,0.1809,$516.83M,-2.37
EDGE-2Z,0.1808,$338.31M,-39.75
ZBCN-SOSO,0.1808,$293.86M,-31.15
KAG-GLIDR,0.1808,$315.07M,-19.93
PIEVERSE-AERO,0.1808,$596.46M,-4.02
AERO-SHFL,0.1808,$535.77M,-5.65
VSN-JTO,0.1807,$419.53M,14.83
LUNC-TWT,0.1807,$427.37M,-28.29
KAG-GEOD,0.1807,$308.04M,22.22
TAG-SUN,0.1807,$487.36M,28.62
CRVUSD-BTSE,0.1806,$345.16M,-11.52
EURC-AKE,0.1806,$545.56M,565.33
MON-USDF,0.1806,$360.03M,-14.6
DRV-USDAT,0.1805,$242.44M,8.33
BC-PEANUT,0.1805,$404.11M,83.29
CASH-USDZ,0.1805,$249.41M,-0.79
TWT-WFI,0.1805,$323.01M,-9.1
ZK-SHORT,0.1805,$181.91M,-13.99
UUSD-AWE,0.1805,$205.61M,-3.17
VCNT-A7A5,0.1805,$642.65M,-3.87
NEO-FRAX,0.1804,$353.84M,-15.69
STRK-BONK,0.1804,$454.16M,-27.38
USDAT-TIBBIR,0.1803,$246.28M,-12.43
STX-A7A5,0.1803,$728.72M,-20.72
EIGEN-USDZ,0.1803,$267.98M,2.9
NXM-MWC,0.1802,$200.71M,23.51
ZRO-FLUID,0.1802,$371.04M,-37.7
DCR-AIAT,0.1802,$320.76M,-8.63
ULTIMA-STX,0.1802,$432.22M,-31.42
BAT-FRAX,0.1802,$323.48M,-14.52
VIRTUAL-FRXUSD,0.1801,$479.49M,-9.87
USTBL-JASMY,0.1801,$372.43M,-11.4
DCR-WFI,0.1801,$377.32M,-17.47
NFT-GEOD,0.1801,$358.87M,25.2
VSN-ZBCN,0.18,$328.17M,-31.3
APR-GUSD,0.18,$345.90M,11.96
REUSD-ONYC,0.1799,$413.64M,4.99
DYDX-TIBBIR,0.1798,$204.35M,-22.73
FDUSD-GLIDR,0.1797,$447.48M,-9.29
JTO-AERO,0.1797,$683.01M,21.69
DRV-INJ,0.1796,$561.88M,21.27
ZRO-FDUSD,0.1796,$630.85M,-20.36
CARDS-GUSD,0.1796,$418.37M,16.55
USDTB-VET,0.1795,$744.48M,-18.42
GNO-XPL,0.1795,$503.23M,-11.85
PENGU-FRAX,0.1795,$591.78M,-20.25
DRV-CARDS,0.1794,$371.51M,17.83
MWC-THBILL,0.1794,$231.77M,28.6
ULTIMA-NEX,0.1794,$272.03M,-27.25
DASH-GOMINING,0.1794,$513.00M,-10.28
STX-TRAC,0.1794,$374.18M,-27.96
KITE-XPL,0.1794,$452.59M,-14.96
DRV-A,0.1793,$204.93M,-7.01
SN64-FRXUSD,0.1793,$199.91M,-12.48
IMX-OZO,0.1792,$352.62M,-15.71
LDO-TIBBIR,0.1792,$409.68M,-13.53
XEC-BAT,0.1792,$222.87M,-22.9
MWC-ONYC,0.1791,$360.05M,29.89
PENGU-BTSE,0.1791,$504.83M,-31.68
CRCLON-AR,0.179,$208.91M,-22.59
VSN-WFI,0.1789,$325.44M,-10.8
DRV-GRASS,0.1789,$318.51M,9.17
INJ-KAITO,0.1789,$768.50M,97.34
KOGE-GUSD,0.1789,$363.65M,58.57
PRL-GUSD,0.1789,$233.58M,74.33
COCO-GOMINING,0.1788,$299.78M,-22.9
TAG-PYTH,0.1788,$466.43M,23.42
AIAT-A7A5,0.1788,$596.18M,6.63
MX-SFP,0.1787,$253.32M,-20.92
NXM-PRL,0.1786,$170.94M,62.16
KAITO-STRK,0.1785,$498.48M,69.98
OZO-TRUMP,0.1784,$482.69M,-17.82
VIRTUAL-TRAC,0.1784,$493.23M,-18.21
APEPE-FARTCOIN,0.1784,$324.37M,-28.84
USDAT-COMP,0.1784,$299.12M,-16.81
CAKE-STRK,0.1784,$636.40M,-16.7
NEO-UQC,0.1784,$241.79M,-17.91
TRAC-SYRUP,0.1784,$330.91M,-24.28
GUSD-THBILL,0.1784,$267.44M,7.13
1INCH-FRAX,0.1783,$335.88M,-6.25
DEXE-APYUSD,0.1783,$432.21M,-41.58
OZO-EIGEN,0.1783,$265.89M,3.91
XEC-STX,0.1783,$369.97M,-28.01
OUSG-EIGEN,0.1782,$520.84M,4.04
TWT-KMNO,0.1782,$246.49M,-13.07
XTZ-PENDLE,0.1782,$476.13M,-25.88
STRK-JTO,0.1782,$457.85M,10.11
PENGU-MX,0.1782,$522.31M,-23.64
MX-XPL,0.1782,$371.18M,-8.41
MON-GUSD,0.1782,$397.70M,-7.47
USDAT-TWT,0.178,$288.27M,-8.07
AXS-MX,0.178,$294.28M,-23.8
ULTIMA-ICNT,0.178,$283.27M,-41.31
AWE-MX,0.178,$256.41M,-6.59
CARDS-KITE,0.178,$500.87M,-0.53
USDA-MET,0.178,$185.59M,2.65
USDTB-NEO,0.1779,$489.30M,-15.63
MWC-TKX,0.1778,$217.28M,23.24
KMNO-FARTCOIN,0.1778,$221.03M,-19.4
STRK-SNX,0.1778,$311.65M,-30.34
ICNT-JASMY,0.1778,$313.16M,-41.27
VSN-LUNC,0.1777,$429.79M,-29.99
TAG-VET,0.1777,$534.02M,11.49
US-AERO,0.1776,$833.34M,419.82
OHM-ENS,0.1776,$451.88M,-14.94
ICNT-MANA,0.1776,$232.96M,-42.37
STAC-EURCV,0.1775,$252.08M,-0.99
SHORT-VET,0.1775,$486.51M,-9.14
APR-ACRED,0.1774,$311.43M,5.22
SAND-TEL,0.1774,$299.50M,-28.79
NFT-FRXUSD,0.1774,$374.44M,-7.79
VSN-TWT,0.1773,$299.36M,-17.75
STAC-MON,0.1773,$350.84M,-14.07
US-AKE,0.1773,$514.49M,989.41
IMX-RLB,0.1772,$331.59M,-15.27
USDTB-GLIDR,0.1772,$456.90M,-9.2
APEPE-CRVUSD,0.1772,$413.41M,-14.51
SUN-XCN,0.1772,$471.95M,-19.64
1INCH-TEL,0.1771,$290.13M,-14.07
OZO-CASH,0.1771,$247.31M,0.22
XTZ-RAY,0.1771,$388.48M,-35.74
RAY-FRAX,0.1771,$383.07M,-13.68
UB-PENGU,0.177,$732.55M,-8.8
TWT-FRAX,0.177,$368.53M,-8.08
PRL-GRASS,0.177,$299.94M,68.04
LDO-USDTB,0.1769,$658.72M,-1.14
GPS-WIF,0.1768,$242.35M,1.73
FDUSD-FRAX,0.1768,$566.16M,-0.14
CASH-USDA,0.1767,$218.20M,0.29
UQC-CRCLON,0.1767,$200.87M,-20.78
UUSD-BTT,0.1767,$359.26M,-8.78
SHORT-XCN,0.1767,$227.21M,-9.06
MANA-WFI,0.1767,$305.93M,-13.98
SPX-OHM,0.1766,$577.88M,-6.51
ZANO-USDF,0.1766,$243.00M,-2.47
A7A5-SFP,0.1766,$580.94M,-18.62
TIBBIR-RAIL,0.1765,$196.33M,-4.85
NFT-SHFL,0.1765,$385.92M,-10.53
GRT-APXUSD,0.1764,$456.40M,-25.26
GNO-WFI,0.1764,$457.19M,-7.95
FDUSD-ACRED,0.1764,$461.14M,0.27
SPX-PRL,0.1763,$386.15M,61.08
LDO-GEOD,0.1763,$397.54M,31.81
AXS-RAIL,0.1763,$233.53M,-12.82
ACRED-BTT,0.1762,$374.51M,-8.39
UB-GEOD,0.176,$455.18M,44.35
1INCH-ICNT,0.176,$217.39M,-35.66
GRT-STRK,0.176,$350.56M,-33.48
BP-SAND,0.176,$239.42M,85.13
SN64-BTSE,0.176,$223.10M,-23.92
SOSO-XCN,0.176,$246.25M,-27.92
DYDX-EIGEN,0.1759,$238.46M,-6.7
KAU-SEI,0.1759,$594.86M,-17.43
BC-FDUSD,0.1759,$565.67M,94.7
CHZ-BONK,0.1759,$409.09M,-46.45
CASH-WIF,0.1758,$268.36M,-11.34
UB-CVX,0.1757,$495.65M,0.6
APR-PIEVERSE,0.1756,$378.47M,3.71
VSN-KAITO,0.1755,$460.16M,74.71
OUSG-THBILL,0.1755,$498.18M,0.45
PENGU-TEL,0.1755,$546.03M,-28.07
RAY-XPIN,0.1755,$307.90M,-4.75
SN64-SUN,0.1755,$432.28M,-13.74
TIA-VCNT,0.1754,$470.93M,-6.63
FDUSD-PENDLE,0.1754,$596.75M,-3.86
AR-BONK,0.1754,$381.00M,-17.01
LUNC-BSV,0.1753,$537.39M,-29.61
DEXE-ZBT,0.1753,$388.03M,-57.47
ICNT-PENDLE,0.1752,$352.22M,-33.23
APEPE-MON,0.1751,$449.55M,-29.04
FDUSD-STX,0.1751,$596.61M,-19.66
EDGE-TKX,0.175,$239.42M,-30.54
SEI-XTZ,0.175,$512.03M,-35.26
TIA-GNO,0.175,$589.13M,-10.78
TIA-TRAC,0.175,$430.16M,-12.28
AVUSD-BTSE,0.175,$249.09M,-11.44
APYUSD-WFI,0.175,$332.67M,-5.72
SPX-SUN,0.1749,$644.36M,-7.46
ZBCN-EURCV,0.1749,$326.71M,-23.05
OHM-A,0.1749,$378.09M,-15.73
XTZ-MANA,0.1749,$356.86M,-35.02
RUNE-VET,0.1749,$537.22M,-53.25
BP-ONYC,0.1749,$360.44M,107.37
DASH-XPIN,0.1749,$542.33M,0.25
EDGE-KAITO,0.1748,$445.24M,59.09
OHM-USDAT,0.1748,$415.60M,-0.4
TWT-STRK,0.1748,$337.68M,-22.48
KAITO-MET,0.1748,$398.69M,86.74
FLOKI-APYUSD,0.1748,$356.64M,-22.65
TRAC-GLIDR,0.1748,$225.05M,-17.59
BC-WFI,0.1747,$394.11M,93.71
TKX-COCO,0.1747,$287.66M,-26.45
AXS-BP,0.1747,$257.92M,85.68
UQC-ENS,0.1746,$284.09M,-16.86
DYDX-ZRO,0.1745,$382.62M,-30.61
EDGE-RAIL,0.1745,$225.82M,-17.8
USDTB-USAT,0.1745,$540.75M,-0.07
ULTIMA-SHFL,0.1745,$303.10M,-14.63
GLIDR-USDAI,0.1745,$258.82M,-9.24
EARNETH-CARDS,0.1744,$415.81M,1.38
XTZ-BAT,0.1744,$328.89M,-36.58
WFI-AERO,0.1744,$588.92M,-3.94
VIRTUAL-ULTIMA,0.1743,$551.27M,-21.68
KAU-BORG,0.1741,$446.58M,-16.76
XTZ-ZAMA,0.1741,$363.29M,42.9
UUSD-GRASS,0.1741,$315.65M,0.77
OHM-VET,0.174,$664.76M,-18.78
LUNC-ACRED,0.1739,$393.94M,-19.9
APR-OHM,0.1739,$472.20M,4.51
USDAT-BTT,0.1739,$399.27M,-8.79
KAG-BAT,0.1739,$317.11M,-25.2
CARDS-ENS,0.1739,$444.94M,-5.12
GNO-TWT,0.1738,$431.11M,-14.9
RUNE-NEX,0.1738,$238.59M,-52.32
CVX-KITE,0.1737,$366.82M,-20.78
PRL-MET,0.1737,$173.49M,69.54
VSN-DRV,0.1736,$253.54M,-1.36
XTZ-ZBT,0.1736,$339.42M,-42.65
UB-BTSE,0.1735,$493.95M,-0.08
OZO-MANA,0.1735,$256.68M,-12.63
ZRO-PIEVERSE,0.1735,$466.84M,-21.43
USDAT-PENGU,0.1735,$511.52M,-20.24
SOON-SYRUP,0.1735,$297.26M,13.56
TEL-PIEVERSE,0.1735,$356.40M,-9.03
NFT-ONYC,0.1735,$510.73M,-6.42
US-ZRO,0.1734,$703.72M,402.41
BP-PYTH,0.1734,$435.60M,99.54
PENDLE-USDZ,0.1734,$378.04M,-4.5
MANA-SUN,0.1734,$473.67M,-14.21
JTO-BONK,0.1733,$533.58M,11.63
2Z-KAITO,0.1732,$511.61M,70.02
GLM-UQC,0.1732,$202.78M,-18.4
RAIL-MANA,0.1732,$221.23M,-5.37
USDAT-EURCV,0.1731,$289.24M,-1.52
SOON-STRCX,0.1731,$230.80M,25.11
KAU-GNO,0.173,$590.95M,-11.15
GRT-KAG,0.173,$375.04M,-29.75
KMNO-XEC,0.173,$217.48M,-13.47
SHORT-BTSE,0.173,$230.66M,-2.2
IMX-FRXUSD,0.1729,$337.24M,-16.03
SYRUP-USDAI,0.1729,$364.69M,-15.94
OUSG-FRAX,0.1728,$600.32M,0.36
SEI-USDZ,0.1728,$413.94M,-13.89
SOON-MET,0.1728,$179.43M,31.76
KMNO-TRUMP,0.1727,$455.41M,-23.14
USDA-BONK,0.1726,$361.12M,-12.58
ZANO-SOSO,0.1726,$247.75M,-12.0
TEL-MON,0.1726,$422.51M,-22.44
EURCV-AKE,0.1726,$244.96M,565.25
USDTB-TIBBIR,0.1725,$462.01M,-12.39
ENS-FRAX,0.1725,$396.14M,-14.64
ICNT-CRCLON,0.1724,$194.42M,-47.97
AVUSD-MET,0.1724,$205.39M,2.35
US-UQC,0.1723,$526.99M,420.41
TIBBIR-NEX,0.1723,$196.81M,-27.8
KAG-GRASS,0.1723,$429.56M,-9.93
KAITO-AR,0.1723,$425.32M,80.35
OHM-FET,0.1722,$581.72M,-15.76
VCNT-PENDLE,0.1722,$415.10M,-6.5
COCO-GLM,0.1721,$278.98M,-37.37
BP-VET,0.1721,$503.19M,87.62
SAND-FRAX,0.1721,$345.25M,-20.96
MET-THBILL,0.1721,$207.35M,2.35
ZBCN-OHM,0.1719,$453.08M,-21.93
FDUSD-ENS,0.1719,$522.17M,-14.67
JTO-THETA,0.1719,$394.73M,5.96
KITE-FET,0.1719,$537.92M,-25.4
ZANO-RAIL,0.1718,$221.00M,5.11
SHORT-EURCV,0.1718,$246.99M,7.8
APR-DEXE,0.1717,$470.47M,-32.07
EDGE-SEI,0.1717,$422.53M,-38.49
INJ-WFI,0.1717,$633.78M,11.83
KAITO-ONYC,0.1717,$555.47M,85.77
STAC-RAY,0.1716,$265.65M,-13.13
DYDX-ZAMA,0.1715,$235.68M,54.68
WIF-SOSO,0.1715,$262.93M,-20.86
KITE-PYTH,0.1715,$553.36M,-16.49
DCR-SUN,0.1714,$545.07M,-17.69
STRCX-SHORT,0.1714,$238.35M,4.93
BC-BAT,0.1713,$322.98M,80.31
GALA-SHORT,0.1713,$186.17M,-12.63
XEC-ETHFI,0.1713,$519.35M,-8.03
GOMINING-CHZ,0.1713,$259.70M,-35.18
EDGE-SUN,0.1712,$478.26M,-26.64
VSN-US,0.1711,$569.86M,412.96
VELVET-ETHFI,0.1711,$566.39M,142.05
OHM-TEL,0.1711,$450.12M,-8.23
TIBBIR-PIEVERSE,0.1711,$288.57M,-13.55
NXM-GPS,0.171,$182.88M,7.94
OZO-CAKE,0.171,$572.49M,-1.97
ICNT-GRASS,0.171,$317.44M,-28.66
ZRO-EURC,0.1709,$734.79M,-21.67
AKT-BONK,0.1709,$393.34M,-20.8
GOMINING-BTSE,0.1709,$248.67M,-13.13
GOMINING-GRASS,0.1708,$331.43M,-0.85
EDGE-TEL,0.1707,$310.29M,-33.22
RAIL-AERO,0.1707,$504.22M,4.68
DRV-BAT,0.1706,$206.06M,-6.11
GLM-WFI,0.1706,$269.31M,-17.2
BORG-ZAMA,0.1706,$276.08M,52.53
GRASS-USDAI,0.1706,$373.31M,0.76
AXS-TRAC,0.1705,$267.35M,-28.74
ACRED-USDZ,0.1705,$242.43M,-0.38
SNX-USDAI,0.1703,$279.87M,-15.93
DASH-AIAT,0.1703,$515.41M,-0.86
EARNETH-THBILL,0.1702,$264.88M,-8.04
GRT-BP,0.1702,$275.58M,87.01
TKX-XPIN,0.1702,$248.34M,3.67
META-USDAI,0.1702,$252.85M,31.3
TRAC-SUN,0.1702,$465.96M,-9.68
APXUSD-FLUID,0.1701,$381.34M,-23.65
CRCLON-USDZ,0.17,$220.24M,-19.24
OHM-SYRUP,0.1699,$483.05M,-16.25
SAND-A7A5,0.1699,$603.39M,-22.05
RAY-APYUSD,0.1699,$321.13M,-18.27
MWC-VCNT,0.1698,$278.29M,26.3
USDAT-PEANUT,0.1698,$324.34M,-11.54
PENGU-NFT,0.1698,$636.24M,-27.95
STX-TEL,0.1698,$424.83M,-27.45
1INCH-USDAT,0.1697,$255.62M,-6.24
OHM-FF,0.1695,$468.09M,1.28
GNO-FDUSD,0.1695,$628.74M,-6.96
CHZ-FRXUSD,0.1695,$254.06M,-33.57
SPX-TRAC,0.1694,$425.74M,-14.54
BC-MET,0.1694,$308.99M,97.09
COCO-BTT,0.1694,$443.69M,-30.0
TIBBIR-MX,0.1694,$257.07M,-15.83
SNX-A7A5,0.1694,$600.64M,-17.04
1INCH-CARDS,0.1693,$384.68M,3.26
BC-WIF,0.1693,$365.91M,83.5
META-BP,0.1693,$209.65M,137.38
APR-FF,0.1692,$388.68M,6.5
SEI-SHORT,0.1692,$384.11M,-3.87
OHM-APXUSD,0.1692,$570.86M,-6.58
CARDS-JTO,0.1692,$537.50M,34.02
TRAC-COMP,0.1692,$282.99M,-25.16
AR-THBILL,0.1692,$233.99M,-4.04
MWC-UQC,0.1691,$221.86M,26.28
USDAT-SUN,0.1691,$482.09M,-1.34
BAT-USDZ,0.169,$230.80M,-15.21
FLUID-RUNE,0.1689,$234.55M,-51.16
GLIDR-XPIN,0.1689,$246.28M,-0.33
STRK-SYRUP,0.1688,$396.46M,-30.35
MWC-CARDS,0.1687,$382.71M,38.08
KAITO-TRAC,0.1687,$432.94M,76.05
ZBT-APYUSD,0.1687,$272.07M,-25.18
SOSO-PEANUT,0.1687,$301.13M,-21.07
MWC-FLOKI,0.1686,$312.35M,10.65
GRT-PRL,0.1686,$245.41M,48.21
VELVET-ACRED,0.1686,$281.54M,142.01
OHM-APYUSD,0.1686,$433.93M,-5.0
STAC-COMP,0.1685,$261.97M,-16.28
DCR-TRAC,0.1685,$326.44M,-24.78
ULTIMA-COMP,0.1685,$341.03M,-28.62
MET-FRXUSD,0.1684,$199.34M,2.27
SPX-XPIN,0.1683,$446.97M,2.71
USTBL-KOGE,0.1683,$374.99M,51.89
GEOD-USDF,0.1683,$206.18M,32.91
SEI-STRK,0.1682,$475.76M,-27.61
ZBCN-SUN,0.1682,$519.56M,-22.87
XPIN-SFP,0.1682,$247.63M,-8.6
NXM-ACRED,0.1681,$201.91M,-4.72
EDGE-TRUMP,0.1681,$493.36M,-43.43
KITE-A,0.1681,$334.29M,-25.37
BC-GOMINING,0.168,$335.13M,93.13
CHEEMS-EIGEN,0.168,$240.91M,-15.82
REUSD-USDF,0.168,$279.27M,3.62
GOMINING-SHORT,0.168,$213.12M,7.63
THETA-SUN,0.168,$468.38M,-19.89
STAC-KITE,0.1679,$334.65M,-9.5
EDGE-PEANUT,0.1679,$320.51M,-36.84
FDUSD-EURC,0.1679,$796.13M,-1.48
VCNT-AERO,0.1679,$578.82M,-5.59
OHM-WFI,0.1678,$450.35M,-1.43
TIBBIR-EURC,0.1678,$556.52M,-13.79
UUSD-XEC,0.1678,$219.24M,-8.46
CARDS-REUSD,0.1678,$436.30M,13.12
NFT-GUSD,0.1678,$414.03M,-0.66
LDO-ICNT,0.1677,$404.77M,-30.6
SAND-SHORT,0.1677,$222.74M,-11.62
KITE-SUN,0.1676,$574.29M,-11.29
SEI-CHEEMS,0.1675,$386.87M,-32.61
IOTA-SOSO,0.1675,$264.16M,-29.92
APYUSD-A7A5,0.1675,$636.33M,-5.79
IMX-CHEEMS,0.1674,$327.64M,-35.45
2Z-KITE,0.1674,$434.34M,-24.41
APXUSD-PYTH,0.1674,$616.42M,-12.73
TWT-ZANO,0.1674,$279.63M,-10.45
MWC-BONK,0.1673,$378.79M,15.61
CVX-XPIN,0.1673,$279.71M,-1.92
ZRO-AWE,0.1673,$390.58M,-23.42
ZK-AWE,0.1673,$190.17M,-26.42
ICNT-STX,0.1673,$352.09M,-49.04
DYDX-AXS,0.1672,$241.55M,-30.69
2Z-OHM,0.1672,$478.14M,-14.77
TKX-NFT,0.1672,$367.96M,-12.95
TIBBIR-CHZ,0.1672,$250.62M,-45.92
INJ-OZO,0.1671,$584.53M,13.18
BC-DCR,0.1671,$422.35M,78.39
APXUSD-PENGU,0.1671,$666.77M,-26.43
ENS-PRL,0.1671,$260.14M,52.65
SPX-EDGE,0.167,$438.05M,-31.5
RLB-UQC,0.167,$212.29M,-1.56
CRVUSD-PIEVERSE,0.167,$394.13M,-1.19
WIF-PRL,0.167,$230.41M,55.95
IMX-GPS,0.1669,$323.33M,-2.98
SEI-GNO,0.1669,$569.20M,-20.03
ZBCN-KAITO,0.1669,$486.54M,62.86
TKX-UQC,0.1669,$211.46M,-7.48
APEPE-SOSO,0.1669,$317.95M,-24.05
XTZ-BONK,0.1669,$490.42M,-35.03
GEOD-FRXUSD,0.1669,$204.27M,32.91
KAU-THETA,0.1668,$434.40M,-22.87
APEPE-CHZ,0.1668,$345.50M,-48.01
PENGU-APYUSD,0.1668,$529.84M,-24.84
RUNE-DASH,0.1667,$545.70M,-42.26
WFI-BSV,0.1667,$433.04M,-10.42
APR-CAKE,0.1666,$643.58M,2.62
TAG-XCN,0.1666,$274.73M,11.57
EARNETH-COCO,0.1665,$331.16M,-29.33
EDGE-MON,0.1664,$384.17M,-39.9
KAU-FLOKI,0.1664,$506.82M,-22.29
US-AWE,0.1664,$524.79M,419.54
WEMIX-TEL,0.1664,$274.74M,-16.07
THBILL-SHFL,0.1664,$239.33M,-2.74
COCO-CHZ,0.1663,$328.36M,-54.78
KMNO-CRCLON,0.1663,$190.87M,-23.55
NFT-AERO,0.1663,$678.90M,-10.62
DYDX-NEO,0.1662,$231.64M,-25.97
APR-XEC,0.1662,$315.85M,-3.57
USDAT-SYRUP,0.1662,$347.05M,-15.94
COCO-ETHFI,0.1662,$584.11M,-20.85
LUNC-APEPE,0.1661,$480.26M,-34.74
BC-TIA,0.1661,$526.06M,90.88
USTBL-SAND,0.1661,$286.03M,-20.5
BC-ZANO,0.166,$350.73M,92.36
RUNE-EIGEN,0.166,$288.85M,-26.82
ZBT-MX,0.166,$264.53M,-23.98
CAKE-AWE,0.1659,$553.01M,-5.39
RUNE-AR,0.1659,$264.32M,-37.42
TAG-GLIDR,0.1659,$246.45M,20.71
EIGEN-THBILL,0.1659,$258.53M,3.68
ZBT-USDF,0.1659,$225.78M,-20.58
DRV-GOMINING,0.1658,$218.21M,6.71
AWE-JASMY,0.1658,$317.41M,-14.95
JTO-BORG,0.1658,$406.91M,12.08
COMP-EURCV,0.1658,$308.76M,-18.25
SPX-BC,0.1657,$521.64M,88.63
DRV-KAU,0.1657,$410.95M,4.09
META-WEMIX,0.1657,$195.84M,23.14
GNO-XPIN,0.1657,$427.54M,2.0
UQC-PRL,0.1657,$192.09M,64.96
DCR-XTZ,0.1656,$428.25M,-38.5
DCR-FDUSD,0.1656,$548.88M,-16.48
RUNE-ENS,0.1656,$324.33M,-48.21
CRVUSD-AIAT,0.1656,$330.03M,7.73
EURC-KITE,0.1656,$682.04M,-11.39
1INCH-EDGE,0.1655,$251.79M,-31.53
USDTB-JASMY,0.1655,$567.11M,-11.81
USTBL-WFI,0.1655,$335.39M,-0.66
APXUSD-RAY,0.1655,$458.06M,-19.86
USDAT-DCR,0.1655,$342.58M,-16.43
RUNE-FLOKI,0.1655,$346.77M,-51.62
OHM-THETA,0.1654,$401.90M,-18.95
OZO-BAT,0.1653,$228.71M,-14.19
CVX-SOON,0.1653,$224.83M,18.66
FDUSD-WIF,0.1653,$492.44M,-11.37
LDO-A7A5,0.1652,$781.40M,-2.28
NFT-SYRUP,0.1652,$471.77M,-23.65
UB-SEI,0.1651,$647.39M,-1.76
MWC-ZANO,0.1651,$245.00M,26.25
EARNETH-USDTB,0.1651,$502.46M,-8.08
FF-TEL,0.1651,$366.60M,-6.25
RAY-SOSO,0.1651,$279.59M,-23.2
JASMY-BONK,0.1651,$476.53M,-24.73
UB-SNX,0.165,$483.27M,-4.5
LDO-ULTIMA,0.165,$484.90M,-12.99
USDTB-COMP,0.165,$514.85M,-16.77
XPIN-USDAI,0.165,$302.33M,8.83
KAITO-EIGEN,0.1649,$449.86M,88.07
OUSG-DCR,0.1648,$583.03M,-15.99
TIA-USDAI,0.1648,$463.93M,-3.94
TKX-PRL,0.1648,$187.51M,62.03
KAITO-SUN,0.1648,$651.56M,83.13
KMNO-BONK,0.1647,$362.97M,-17.96
KAITO-BONK,0.1647,$574.22M,71.51
APXUSD-REAL,0.1646,$544.12M,8.12
CAKE-CRVUSD,0.1646,$659.24M,-2.28
UUSD-USDF,0.1645,$211.62M,-0.06
ETHFI-APYUSD,0.1645,$558.02M,-4.24
GOMINING-CRCLON,0.1644,$208.42M,-20.16
GEOD-SOSO,0.1644,$210.93M,23.38
US-FRAX,0.1643,$639.03M,422.63
GOMINING-PENDLE,0.1642,$366.21M,-5.42
UB-DEXE,0.1641,$634.92M,-25.54
OZO-GOMINING,0.1641,$240.86M,-1.38
OHM-WIF,0.1641,$422.15M,-11.64
JTO-SUN,0.1641,$610.93M,23.26
FRXUSD-AERO,0.1641,$524.29M,-2.9
OZO-FET,0.164,$431.22M,-15.13
STRK-JASMY,0.164,$400.80M,-26.26
DCR-GLM,0.1639,$297.54M,-32.52
GRT-NFT,0.1638,$425.87M,-26.78
CHEEMS-KMNO,0.1638,$198.34M,-24.5
DRV-SOON,0.1637,$192.65M,37.82
COCO-SNX,0.1637,$306.66M,-37.14
XTZ-GALA,0.1637,$314.09M,-44.03
AIAT-BONK,0.1637,$382.93M,-5.16
DRV-RAIL,0.1636,$192.49M,15.91
APEPE-KMNO,0.1636,$299.38M,-19.52
FDUSD-FLOKI,0.1636,$544.61M,-18.1
GALA-SOON,0.1636,$178.62M,7.54
TIBBIR-FRAX,0.1635,$326.55M,-12.45
CHEEMS-STRK,0.1635,$289.53M,-33.91
KAU-AWE,0.1634,$414.13M,-7.42
KAU-FET,0.1634,$614.23M,-19.69
GRT-A7A5,0.1634,$639.55M,-20.17
APXUSD-USDF,0.1634,$406.89M,-6.27
FLOKI-MX,0.1634,$349.10M,-21.45
AWE-GRASS,0.1634,$321.69M,-2.34
1INCH-VCNT,0.1633,$280.26M,-8.93
CVX-FRAX,0.1633,$354.88M,-10.84
APEPE-TWT,0.1633,$349.83M,-22.5
CASH-GOMINING,0.1632,$237.58M,-1.71
GNO-WIF,0.1632,$428.99M,-18.16
BP-RAY,0.1632,$277.24M,92.41
CARDS-XEC,0.1632,$388.32M,1.03
CARDS-GLIDR,0.1632,$370.25M,0.26
LUNC-CHZ,0.1631,$423.04M,-53.79
APEPE-GRASS,0.1631,$417.23M,-13.68
KAG-USAT,0.1631,$398.92M,-10.8
STRCX-EURCV,0.1631,$290.23M,-5.83
FRXUSD-SFP,0.1631,$212.65M,-17.52
OUSG-TRUMP,0.1629,$737.64M,-17.69
OZO-A,0.1629,$227.59M,-15.1
USTBL-EIGEN,0.1629,$301.43M,4.05
ICNT-STRCX,0.1629,$242.37M,-33.81
BAT-XPIN,0.1629,$248.31M,-5.6
IMX-XEC,0.1628,$346.78M,-24.42
SPX-CHEEMS,0.1628,$402.39M,-25.61
DRV-AVUSD,0.1628,$218.62M,8.4
EDGE-FRXUSD,0.1628,$245.90M,-25.38
OZO-EURCV,0.1628,$274.73M,-1.2
DYDX-ENS,0.1627,$273.94M,-24.92
MWC-EARNETH,0.1626,$260.78M,20.51
GRT-BTSE,0.1626,$294.46M,-30.51
BC-UQC,0.1626,$327.59M,92.51
VIRTUAL-CHEEMS,0.1626,$469.89M,-29.28
SPX-GNO,0.1625,$584.72M,-13.04
EDGE-CVX,0.1625,$270.79M,-36.13
EARNETH-XPIN,0.1625,$291.84M,0.79
NXM-TAG,0.1624,$231.94M,24.84
EARNETH-PRL,0.1624,$231.01M,59.15
BC-TRAC,0.1624,$343.24M,86.4
KMNO-ZAMA,0.1624,$235.83M,59.97
ZANO-XEC,0.1624,$250.62M,-10.86
XEC-GOMINING,0.1624,$235.02M,-10.09
OHM-MON,0.1623,$524.00M,-14.92
TIBBIR-PENDLE,0.1623,$357.14M,-16.16
MX-MON,0.1623,$398.78M,-18.01
USDTB-CAKE,0.1622,$802.71M,-2.24
FARTCOIN-NFT,0.1622,$387.53M,-22.11
USDTB-MET,0.1621,$444.94M,2.31
BC-COMP,0.1621,$378.89M,78.01
TKX-CARDS,0.1621,$372.31M,4.26
BORG-XEC,0.1621,$257.73M,-20.91
OZO-CHEEMS,0.162,$225.61M,-19.18
KMNO-GUSD,0.162,$247.53M,2.05
CVX-WEMIX,0.1619,$235.24M,-18.99
KAG-APYUSD,0.1619,$371.82M,-15.37
SOON-STX,0.1619,$340.53M,9.88
LUNC-GRASS,0.1618,$494.77M,-19.46
FLOKI-CARDS,0.1618,$467.38M,-8.55
CARDS-GALA,0.1618,$357.48M,-12.46
AERO-SUN,0.1618,$756.66M,-4.16
1INCH-APYUSD,0.1617,$273.94M,-10.84
INJ-GEOD,0.1617,$553.58M,45.86
THETA-USDZ,0.1617,$253.48M,-19.33
VELVET-WFI,0.1616,$341.05M,140.58
TWT-AWE,0.1616,$254.29M,-11.17
RUNE-PEANUT,0.1616,$332.80M,-45.74
USDTB-KMNO,0.1615,$453.54M,-5.04
US-XEC,0.1615,$538.42M,414.25
VIRTUAL-THBILL,0.1615,$487.50M,-9.79
KAITO-NFT,0.1615,$573.79M,76.68
INJ-PRL,0.1614,$543.31M,80.14
TIA-SHORT,0.1614,$404.04M,5.38
AWE-WFI,0.1613,$280.36M,-4.22
STRCX-EURC,0.1613,$590.83M,-5.74
TRAC-WFI,0.1613,$298.21M,-9.46
GALA-KITE,0.1612,$320.62M,-31.91
MON-SOSO,0.1612,$364.78M,-24.14
SUN-XPL,0.1612,$562.88M,-6.27
ULTIMA-MON,0.1611,$429.89M,-26.41
SOON-MON,0.1611,$338.20M,14.89
EURC-COMP,0.1611,$609.36M,-18.17
KITE-BSV,0.1611,$490.50M,-19.34
TRAC-MANA,0.1611,$255.05M,-21.29
GPS-FRXUSD,0.1609,$205.93M,12.97
UUSD-PIEVERSE,0.1609,$281.87M,-1.18
CAKE-PRL,0.1608,$531.26M,64.99
STRK-EIGEN,0.1608,$329.80M,-10.82
DYDX-CHEEMS,0.1607,$198.18M,-29.79
USTBL-MANA,0.1607,$292.23M,-12.49
NEO-APYUSD,0.1607,$291.90M,-20.28
KMNO-FDUSD,0.1607,$444.12M,-5.13
RUNE-REAL,0.1607,$397.32M,-20.37
SAND-JTO,0.1607,$393.82M,3.65
ZBCN-XPIN,0.1606,$322.17M,-12.7
TIBBIR-RUNE,0.1606,$254.75M,-47.95
AXS-AWE,0.1606,$249.51M,-23.5
KAU-RAY,0.1604,$471.31M,-17.9
APEPE-A7A5,0.1604,$679.57M,-15.62
VCNT-BAT,0.1604,$267.86M,-17.2
USAT-AIAT,0.1603,$303.21M,7.7
UB-NFT,0.1602,$625.36M,3.65
ULTIMA-MANA,0.1602,$313.08M,-24.75
BP-DASH,0.1602,$511.67M,97.41
KITE-ZAMA,0.1602,$369.81M,55.02
FDUSD-WFI,0.1601,$520.64M,-1.16
FF-ZAMA,0.1601,$330.10M,66.64
A7A5-COMP,0.1601,$637.53M,-17.92
OUSG-KITE,0.16,$612.25M,-9.58
APEPE-SAND,0.16,$326.55M,-35.39
DASH-MX,0.16,$548.02M,-12.07
WFI-EURCV,0.16,$323.98M,-2.55
NXM-AWE,0.1598,$192.69M,-8.22
2Z-USDAT,0.1598,$342.14M,-14.45
FARTCOIN-TRAC,0.1598,$246.68M,-22.74
FDUSD-TAG,0.1597,$491.16M,29.83
UB-EIGEN,0.1596,$501.43M,15.03
VELVET-USDAT,0.1596,$306.30M,141.61
OZO-XCN,0.1596,$254.96M,-18.06
CVX-BP,0.1596,$249.05M,95.25
GLM-USDZ,0.1596,$222.15M,-16.86
VSN-USDTB,0.1595,$506.42M,-9.72
EDGE-NEO,0.1595,$269.75M,-40.97
TAG-GUSD,0.1595,$294.57M,37.01
PYTH-APYUSD,0.1595,$479.49M,-11.14
COMP-TRUMP,0.1595,$516.71M,-34.87
GNO-ZAMA,0.1594,$420.46M,58.13
CARDS-RAIL,0.1594,$358.71M,17.0
DYDX-GRASS,0.1593,$313.73M,-9.53
VELVET-FRXUSD,0.1593,$276.42M,141.62
GNO-FET,0.1593,$588.56M,-22.29
LDO-APXUSD,0.1592,$598.25M,-7.37
EARNETH-UQC,0.1592,$254.96M,-10.36
GLM-KOGE,0.1592,$308.91M,35.35
AWE-SFP,0.1592,$208.55M,-20.62
SPX-SOON,0.1591,$392.08M,23.3
EDGE-FLOKI,0.1591,$334.48M,-43.35
GPS-ONYC,0.1591,$342.21M,14.35
KMNO-TRAC,0.1591,$221.69M,-13.42
AWE-FARTCOIN,0.1591,$228.83M,-17.51
EDGE-AXS,0.159,$279.66M,-45.69
INJ-FRAX,0.159,$679.30M,12.85
ETHFI-SUN,0.159,$742.18M,-0.9
ZBCN-MON,0.1589,$425.47M,-36.14
GPS-DCR,0.1589,$298.79M,-3.38
DCR-MX,0.1589,$353.37M,-19.84
FDUSD-ETHFI,0.1589,$745.99M,0.31
FLOKI-TEL,0.1589,$372.82M,-25.89
ULTIMA-EIGEN,0.1588,$322.29M,-8.21
BP-STX,0.1588,$364.75M,86.47
VCNT-TRAC,0.1588,$288.11M,-11.11
TAG-PRL,0.1588,$229.14M,97.15
RAY-MX,0.1587,$313.59M,-17.07
FRXUSD-ZAMA,0.1587,$247.73M,64.97
FLUID-STRK,0.1586,$275.50M,-31.87
DCR-KAITO,0.1586,$512.05M,68.04
KAITO-JASMY,0.1586,$520.86M,72.62
RUNE-GRASS,0.1586,$364.13M,-32.16
STRK-PENGU,0.1586,$560.93M,-34.65
STRK-PEANUT,0.1586,$373.75M,-25.95
FDUSD-REAL,0.1586,$595.16M,14.26
STAC-EURC,0.1585,$552.68M,-0.9
INJ-USDAT,0.1585,$599.04M,12.87
AIAT-TRUMP,0.1585,$475.37M,-10.33
PRL-FET,0.1585,$389.99M,51.83
GNO-MX,0.1584,$433.23M,-10.32
TIBBIR-SOON,0.1584,$196.49M,17.06
CRCLON-FET,0.1584,$398.77M,-33.91
AR-FRAX,0.1584,$336.12M,-4.14
LUNC-UB,0.1583,$639.73M,-8.86
UB-APR,0.1583,$557.23M,16.26
OHM-AXS,0.1583,$419.49M,-20.71
OHM-MX,0.1583,$426.39M,-3.8
ZK-ICNT,0.1583,$185.92M,-52.74
AWE-NFT,0.1583,$370.34M,-10.9
GUSD-GRASS,0.1583,$365.37M,7.89
KAU-TIBBIR,0.1581,$414.79M,-16.67
APEPE-GLM,0.1581,$296.12M,-30.6
ULTIMA-AERO,0.158,$596.07M,-14.71
REUSD-USDAI,0.158,$324.87M,3.62
FARTCOIN-REAL,0.158,$372.07M,-0.02
SOON-USDF,0.158,$201.85M,29.42
PENDLE-NFT,0.1579,$515.17M,-11.52
GEOD-XPIN,0.1579,$239.24M,41.82
TKX-STRCX,0.1578,$244.24M,-9.55
BP-GALA,0.1578,$202.85M,84.12
AWE-FRXUSD,0.1578,$215.74M,-3.19
TAG-KITE,0.1578,$377.07M,19.92
PENDLE-A7A5,0.1578,$728.86M,-4.91
USDAT-FLUID,0.1577,$226.09M,-17.46
KAITO-VCNT,0.1577,$473.71M,81.7
ZRO-BAT,0.1576,$388.17M,-34.75
GLM-AWE,0.1576,$200.58M,-19.27
CRVUSD-JTO,0.1576,$480.69M,24.52
SUN-FET,0.1576,$648.21M,-16.71
DYDX-SEI,0.1575,$384.42M,-23.49
DRV-TEL,0.1575,$276.96M,0.49
WEMIX-ENS,0.1575,$276.49M,-22.78
VET-XPIN,0.1574,$533.85M,-9.55
PRL-XPIN,0.1574,$228.97M,76.11
RLB-KMNO,0.1573,$202.29M,-4.32
EDGE-BSV,0.1573,$394.47M,-34.69
ZK-FRAX,0.1573,$304.42M,-23.32
XTZ-BP,0.1573,$339.71M,83.93
SOON-MANA,0.1573,$221.39M,16.55
ETHFI-USDZ,0.1573,$527.28M,-0.34
APEPE-MANA,0.1572,$332.74M,-27.38
ACRED-JTO,0.1572,$383.68M,24.91
CARDS-THETA,0.1572,$394.96M,-9.13
IMX-SUN,0.1571,$569.61M,-17.29
STAC-NFT,0.1571,$367.17M,-7.26
GRT-FDUSD,0.1571,$507.44M,-19.11
SEI-CASH,0.1571,$408.57M,-13.21
OZO-AR,0.1571,$241.35M,-3.81
TAG-SYRUP,0.1571,$352.32M,14.02
EDGE-USDAI,0.157,$293.41M,-25.38
SYRUP-ZAMA,0.157,$345.06M,49.12
VSN-RAIL,0.1569,$240.74M,-2.18
NXM-RUNE,0.1569,$235.13M,-40.4
OZO-ZK,0.1569,$209.65M,-22.99
IOTA-GUSD,0.1569,$297.08M,-13.26
ENS-BTSE,0.1569,$309.18M,-26.06
USDTB-AXS,0.1568,$499.21M,-20.35
ZBCN-A7A5,0.1568,$655.48M,-22.71
USTBL-REUSD,0.1568,$328.27M,4.07
SNX-ONYC,0.1568,$368.64M,-14.56
TAG-GRASS,0.1568,$360.94M,30.72
KAG-FRXUSD,0.1567,$323.61M,-10.77
FLOKI-SOON,0.1567,$288.52M,11.45
PRL-USDZ,0.1567,$211.46M,66.5
OUSG-TRAC,0.1566,$503.92M,-7.97
SEI-NFT,0.1566,$551.08M,-20.91
FDUSD-JTO,0.1566,$614.73M,24.47
UB-2Z,0.1565,$563.17M,-3.02
USDTB-PEANUT,0.1565,$540.06M,-11.5
VELVET-PENDLE,0.1565,$417.15M,137.89
SAND-CARDS,0.1565,$394.06M,-11.45
CHEEMS-TEL,0.1564,$274.63M,-27.33
CARDS-SOON,0.1564,$358.88M,38.92
EDGE-WFI,0.1563,$310.52M,-26.41
NFT-RAY,0.1563,$427.53M,-21.38
VELVET-AWE,0.1562,$272.32M,138.51
ZRO-RAIL,0.1562,$374.60M,-12.74
CARDS-PYTH,0.1562,$590.23M,2.96
RAIL-GUSD,0.1561,$239.35M,14.63
SPX-ZANO,0.156,$433.24M,-8.59
WIF-STRCX,0.156,$287.14M,-15.63
CHZ-EURCV,0.156,$293.58M,-35.01
USDTB-BAT,0.1559,$458.94M,-14.47
CASH-US,0.1559,$540.98M,422.63
AVUSD-GLIDR,0.1559,$217.36M,-9.17
AKT-TEL,0.1558,$302.71M,-15.76
CARDS-NEX,0.1557,$359.20M,-5.94
FARTCOIN-SUN,0.1557,$465.30M,-15.66
STAC-OZO,0.1556,$227.94M,0.77
KAITO-EURCV,0.1556,$458.71M,82.95
STRK-ZAMA,0.1556,$327.02M,50.56
DEXE-FRAX,0.1555,$494.15M,-36.98
OZO-USDZ,0.1555,$252.69M,-0.46
STRK-RAY,0.1555,$352.22M,-28.08
ZANO-WIF,0.1555,$277.50M,-13.71
TRAC-ZAMA,0.1555,$261.48M,56.63
MON-A7A5,0.1555,$726.40M,-15.71
USAT-TRUMP,0.1554,$542.62M,-18.17
JTO-IOTA,0.1554,$416.21M,4.21
DYDX-A7A5,0.1553,$576.07M,-11.48
APEPE-EURCV,0.1552,$350.80M,-15.96
KAG-PEANUT,0.1552,$398.23M,-22.23
ULTIMA-ZANO,0.1552,$312.86M,-14.28
VCNT-EURCV,0.1552,$313.88M,-4.21
JASMY-FRAX,0.1552,$431.65M,-11.86
SEI-ACRED,0.1551,$401.59M,-12.8
DCR-TRUMP,0.1551,$560.17M,-34.49
COCO-PYTH,0.1549,$505.58M,-27.75
USTBL-STRK,0.1548,$350.05M,-14.04
FLOKI-XEC,0.1548,$317.97M,-26.44
UB-APYUSD,0.1547,$518.96M,6.75
SEI-AKE,0.1547,$382.08M,553.57
USDAT-XCN,0.1547,$269.46M,-18.38
KAITO-FRXUSD,0.1547,$419.19M,84.39
TEL-AR,0.1547,$290.37M,-11.96
BTT-EURCV,0.1547,$408.91M,-10.23
VSN-GNO,0.1546,$433.54M,-16.6
LUNC-ZANO,0.1546,$410.06M,-22.69
OUSG-GUSD,0.1546,$529.76M,7.5
STAC-GNO,0.1546,$385.29M,-6.38
RLB-SYRUP,0.1546,$311.52M,-15.17
RLB-SHFL,0.1546,$225.67M,-2.06
US-USDAI,0.1546,$576.40M,422.64
VIRTUAL-A7A5,0.1546,$847.77M,-10.97
XTZ-FLOKI,0.1546,$423.98M,-40.12
AKT-FDUSD,0.1545,$474.49M,-7.97
KAITO-AERO,0.1545,$723.64M,81.57
2Z-SOSO,0.1544,$318.92M,-23.99
VIRTUAL-ICNT,0.1544,$471.14M,-39.29
TIBBIR-REAL,0.1544,$355.54M,1.95
CHEEMS-TAG,0.1544,$245.39M,10.46
STRK-SN64,0.1544,$279.20M,-26.89
UB-AWE,0.1543,$466.66M,8.25
DRV-PRL,0.1543,$186.71M,75.6
ZK-USDAI,0.1543,$241.79M,-23.31
NEO-USDAI,0.1543,$291.21M,-15.68
TEL-A,0.1543,$276.60M,-23.26
WFI-USDAI,0.1543,$331.98M,-1.11
OHM-SHFL,0.1542,$397.20M,-3.14
DRV-MANA,0.1541,$234.03M,-4.54
AXS-XEC,0.1541,$263.15M,-28.79
USDA-GEOD,0.1541,$190.52M,33.3
CASH-TRAC,0.154,$245.68M,-8.44
IMX-ICNT,0.1539,$328.89M,-45.45
TKX-WEMIX,0.1539,$203.87M,-13.4
CAKE-ICNT,0.1539,$548.76M,-31.71
FDUSD-SFP,0.1539,$448.83M,-17.56
JTO-A,0.1539,$370.93M,9.18
BTSE-MET,0.1539,$222.53M,-9.17
STX-XPIN,0.1538,$395.41M,-10.7
GOMINING-SUN,0.1538,$457.85M,-2.95
MX-COMP,0.1538,$309.91M,-20.22
APR-UUSD,0.1537,$296.18M,4.84
ZANO-JTO,0.1537,$399.80M,22.13
KAU-ZAMA,0.1536,$446.12M,60.73
VELVET-USAT,0.1536,$351.73M,141.58
CASH-USAT,0.1536,$307.25M,-0.13
USDA-USDF,0.1535,$208.02M,0.31
REAL-PEANUT,0.1535,$433.60M,2.85
EARNETH-STRCX,0.1534,$287.74M,-12.43
ZK-TEL,0.1534,$258.67M,-31.15
GLM-A7A5,0.1534,$572.97M,-17.27
VIRTUAL-GPS,0.1533,$465.58M,3.18
TAG-NFT,0.1533,$409.59M,22.16
AIAT-VET,0.1533,$506.94M,-10.65
WFI-THBILL,0.1533,$292.48M,-1.03
SPX-DYDX,0.1532,$399.94M,-16.49
BC-GPS,0.1532,$315.58M,107.8
CHEEMS-GRASS,0.1532,$316.19M,-18.65
OUSG-NEX,0.1531,$470.58M,-15.0
BC-FARTCOIN,0.1531,$342.58M,80.42
USTBL-XCN,0.153,$290.50M,-17.93
TIBBIR-JTO,0.153,$375.12M,12.16
KAG-STX,0.153,$464.21M,-30.3
BP-BAT,0.153,$217.65M,91.57
PIEVERSE-NFT,0.153,$446.60M,-8.91
OUSG-XCN,0.1529,$509.91M,-17.93
DCR-REUSD,0.1529,$370.21M,-12.74
KMNO-ONYC,0.1529,$344.23M,-3.71
XTZ-XEC,0.1529,$344.93M,-30.54
SAND-PRL,0.1529,$209.26M,46.33
BC-USDAT,0.1528,$359.37M,94.74
CVX-NFT,0.1528,$399.34M,-18.54
APXUSD-MANA,0.1528,$426.44M,-19.14
AWE-TRUMP,0.1528,$463.21M,-21.24
GPS-TRUMP,0.1527,$453.40M,-5.08
KAITO-USAT,0.1527,$494.50M,84.36
ZANO-MANA,0.1527,$262.54M,-15.34
CRCLON-ZAMA,0.1527,$230.66M,46.51
AKT-ULTIMA,0.1526,$310.09M,-19.73
A7A5-PEANUT,0.1526,$662.74M,-12.64
DYDX-US,0.1525,$516.83M,412.35
CVX-MX,0.1525,$285.40M,-14.23
ZRO-KAITO,0.1525,$594.02M,64.15
USTBL-ZK,0.1525,$245.19M,-22.86
BP-APYUSD,0.1525,$272.36M,101.4
SEI-SOON,0.1524,$376.56M,16.3
OHM-MET,0.1524,$365.22M,1.95
FLUID-ULTIMA,0.1524,$267.99M,-29.27
CRVUSD-XPIN,0.1524,$356.95M,8.84
STRCX-USDF,0.1524,$252.63M,-4.39
LDO-PIEVERSE,0.1523,$485.28M,-2.3
GPS-BP,0.1523,$210.24M,119.05
DCR-SOSO,0.1523,$319.37M,-25.97
CARDS-ZBT,0.1523,$382.81M,-11.08
BORG-BTSE,0.1523,$271.38M,-23.96
AWE-AKE,0.1522,$201.34M,563.58
ZANO-SHFL,0.1522,$252.56M,-5.21
ENS-A7A5,0.1522,$654.28M,-15.73
RAY-USDAI,0.1522,$320.44M,-13.67
NXM-XEC,0.1521,$206.33M,-13.5
OUSG-ULTIMA,0.1521,$561.95M,-11.44
STAC-PEANUT,0.1521,$287.18M,-11.01
USDAT-GLM,0.1521,$234.56M,-16.17
FDUSD-EURCV,0.1521,$495.53M,-1.57
EIGEN-SHFL,0.1521,$261.99M,0.85
USDTB-KOGE,0.152,$569.67M,51.48
APEPE-ZK,0.152,$285.71M,-37.75
COCO-UUSD,0.152,$284.01M,-21.28
TEL-VET,0.152,$563.27M,-26.3
GOMINING-EURCV,0.152,$265.00M,-3.13
AIAT-THETA,0.152,$244.07M,-10.83
LDO-XPIN,0.1519,$448.09M,7.73
KAU-CASH,0.1518,$430.32M,-4.34
ICNT-BONK,0.1518,$366.52M,-42.39
BP-UQC,0.1517,$222.26M,103.76
KITE-MON,0.1517,$480.20M,-24.56
RAIL-WFI,0.1517,$264.39M,6.47
USDTB-IOTA,0.1516,$503.10M,-20.34
USTBL-NEO,0.1516,$294.62M,-15.22
OHM-BAT,0.1516,$379.22M,-14.83
GPS-MX,0.1516,$246.60M,9.57
KAITO-FARTCOIN,0.1516,$432.28M,70.07
TRAC-SFP,0.1516,$226.40M,-25.86
GEOD-SFP,0.1516,$197.08M,15.47
THETA-PRL,0.1516,$210.16M,48.64
OUSG-UUSD,0.1515,$480.04M,0.38
STRK-UUSD,0.1515,$289.00M,-14.48
AVUSD-WFI,0.1515,$290.52M,-1.04
KITE-XCN,0.1515,$361.66M,-28.33
UB-ZANO,0.1514,$492.00M,8.97
DRV-BORG,0.1514,$240.91M,-4.11
SEI-VELVET,0.1514,$453.06M,128.5
NEO-PRL,0.1514,$217.84M,51.6
FDUSD-FF,0.1514,$538.38M,1.55
FLOKI-AIAT,0.1514,$316.49M,-10.24
STX-PRL,0.1514,$334.59M,47.66
IMX-BP,0.1513,$341.56M,90.05
DRV-TIA,0.1513,$409.13M,4.47
META-BTSE,0.1513,$228.53M,19.86
TWT-TRAC,0.1513,$272.13M,-16.41
GPS-XPIN,0.1513,$240.91M,21.89
TEL-EIGEN,0.1513,$314.91M,-4.24
UB-GALA,0.1512,$449.45M,-10.52
TIBBIR-THBILL,0.1512,$224.42M,-12.35
TRAC-GUSD,0.1512,$273.17M,-1.29
UB-EURCV,0.1511,$510.27M,9.92
MWC-XCN,0.1511,$243.50M,10.37
BP-PEANUT,0.1511,$298.77M,94.54
ICNT-AR,0.1511,$217.63M,-33.55
AWE-VET,0.1511,$494.78M,-21.57
PRL-SFP,0.1511,$186.80M,49.76
WIF-USDZ,0.151,$273.73M,-12.02
XEC-XPL,0.151,$340.04M,-13.41
LUNC-FDUSD,0.1509,$625.00M,-20.35
LDO-USDAT,0.1509,$443.00M,-1.18
USDTB-STX,0.1509,$606.04M,-19.57
TIBBIR-TEL,0.1509,$280.80M,-20.27
CHEEMS-ULTIMA,0.1509,$282.02M,-31.3
CRVUSD-RAIL,0.1509,$301.89M,7.51
RAIL-CRCLON,0.1509,$182.70M,-10.96
SPX-GOMINING,0.1508,$417.64M,-7.81
GPS-GLM,0.1508,$190.77M,-3.11
WEMIX-REUSD,0.1508,$267.86M,-4.54
UUSD-FLOKI,0.1508,$298.29M,-18.04
AWE-MET,0.1508,$195.24M,-0.84
USAT-COMP,0.1508,$344.55M,-16.84
JTO-COMP,0.1508,$427.96M,7.78
GOMINING-ZBT,0.1508,$229.51M,-22.19
VSN-JASMY,0.1507,$362.48M,-21.53
BC-AERO,0.1506,$633.94M,91.92
USAT-GEOD,0.1506,$279.57M,32.88
MWC-CASH,0.1505,$235.86M,28.5
CAKE-TAG,0.1505,$592.26M,27.67
PIEVERSE-SN64,0.1505,$272.07M,-13.6
LDO-TRAC,0.1504,$426.86M,-9.52
APXUSD-KITE,0.1504,$527.06M,-16.22
ULTIMA-APYUSD,0.1504,$339.83M,-16.49
AVUSD-THBILL,0.1504,$233.91M,0.08
RAY-AIAT,0.1504,$280.98M,-5.86
KAU-USDTB,0.1503,$663.83M,-4.27
KAU-PENDLE,0.1503,$558.96M,-8.05
GRT-USDF,0.1503,$273.18M,-19.06
OHM-IOTA,0.1503,$423.38M,-20.7
NEO-USDZ,0.1503,$261.16M,-16.37
STRK-SFP,0.1503,$291.94M,-31.93
EDGE-REUSD,0.1502,$303.41M,-21.68
US-ACRED,0.1502,$534.01M,423.04
APXUSD-PRL,0.1502,$379.13M,61.0
CAKE-TRAC,0.1502,$570.86M,-10.63
DCR-RAIL,0.1502,$292.62M,-8.85
OZO-2Z,0.1501,$327.63M,-14.14
DRV-OHM,0.15,$378.45M,8.01
DEXE-APXUSD,0.15,$569.14M,-43.16
USTBL-FLOKI,0.15,$359.35M,-17.6
XTZ-BTSE,0.15,$358.59M,-33.59
AIAT-MON,0.15,$366.17M,-6.8
TWT-SUN,0.1499,$490.76M,-9.33
AXS-THBILL,0.1499,$261.62M,-20.31
EDGE-ENS,0.1498,$312.05M,-39.92
OZO-WIF,0.1498,$271.64M,-11.0
TKX-APEPE,0.1498,$304.80M,-19.68
OHM-STRK,0.1498,$465.02M,-14.81
GNO-ICNT,0.1498,$384.22M,-36.34
KAG-ZANO,0.1498,$344.85M,-13.16
STAC-AR,0.1497,$218.70M,-3.59
1INCH-SOON,0.1497,$205.83M,23.26
KMNO-WFI,0.1497,$272.56M,-6.11
CRVUSD-THBILL,0.1497,$329.98M,0.01
VSN-ZBT,0.1496,$264.84M,-30.26
EDGE-SAND,0.1496,$261.16M,-46.24
VELVET-UUSD,0.1496,$266.29M,141.63
DEXE-AWE,0.1496,$379.90M,-40.08
AXS-KITE,0.1496,$375.69M,-30.35
XEC-WFI,0.1496,$294.00M,-9.51
TIA-GOMINING,0.1495,$422.05M,-5.55
GPS-CHEEMS,0.1495,$196.33M,-6.44
CHEEMS-ETHFI,0.1495,$500.21M,-19.06
CVX-TEL,0.1494,$309.13M,-18.67
APEPE-SOON,0.1494,$291.37M,14.98
CHEEMS-A,0.1494,$202.61M,-34.83
SOON-VET,0.1494,$478.97M,11.03
ETHFI-USDF,0.1494,$511.73M,0.36
MWC-ETHFI,0.1493,$513.73M,29.02
CRVUSD-SUN,0.1493,$554.34M,-1.33
JTO-GOMINING,0.1493,$384.20M,22.9
AVUSD-SUN,0.1493,$458.27M,-1.26
STAC-BTT,0.1492,$362.12M,-8.26
WEMIX-USAT,0.1492,$285.65M,-8.26
GALA-USDZ,0.1492,$216.00M,-22.65
VSN-ONYC,0.1491,$397.10M,-8.39
DRV-EIGEN,0.1491,$243.24M,12.0
KAU-TRAC,0.1491,$431.97M,-12.66
BC-BONK,0.1491,$484.52M,81.86
ZBCN-META,0.1491,$272.69M,9.77
OHM-PENDLE,0.1491,$526.46M,-4.12
GLM-RUNE,0.1491,$243.02M,-50.21
AXS-USDA,0.1491,$239.87M,-20.01
STRCX-FET,0.1491,$446.71M,-19.76
AKE-ZAMA,0.1491,$233.33M,631.74
GRT-CASH,0.149,$283.36M,-19.08
TEL-MX,0.149,$324.90M,-11.32
SHORT-CHZ,0.149,$241.69M,-24.25
DYDX-THETA,0.1489,$223.96M,-28.93
UUSD-XPIN,0.1489,$244.68M,8.85
SOON-ETHFI,0.1489,$489.90M,29.85
CVX-STRK,0.1488,$324.03M,-25.24
CAKE-UQC,0.1488,$555.21M,-4.52
CARDS-SOSO,0.1488,$385.46M,-0.11
STAC-GLM,0.1487,$197.41M,-15.63
ULTIMA-MET,0.1487,$271.12M,-9.54
RUNE-XEC,0.1487,$267.72M,-38.42
TWT-FDUSD,0.1486,$494.56M,-8.11
ICNT-FARTCOIN,0.1486,$224.58M,-43.82
2Z-XPIN,0.1485,$347.23M,-5.54
A-SHFL,0.1485,$223.69M,-18.16
PRL-COMP,0.1485,$243.40M,50.46
DRV-FARTCOIN,0.1484,$225.65M,-6.0
USDAT-A,0.1484,$242.09M,-15.42
JTO-SYRUP,0.1484,$475.88M,8.66
DRV-SEI,0.1483,$389.20M,-4.79
USDTB-VIRTUAL,0.1483,$725.09M,-9.83
FLOKI-NFT,0.1483,$463.03M,-25.76
EDGE-ETHFI,0.1482,$535.87M,-24.94
AWE-USAT,0.1482,$291.05M,-3.22
OUSG-USDF,0.1481,$492.09M,0.37
VELVET-CVX,0.1481,$301.32M,130.86
2Z-USDAI,0.1481,$359.77M,-14.46
WEMIX-THBILL,0.1481,$218.36M,-8.15
A7A5-WFI,0.1481,$652.75M,-2.22
CRCLON-USDF,0.1481,$204.69M,-18.54
OZO-SAND,0.148,$250.48M,-20.63
IMX-FRAX,0.1478,$447.39M,-16.04
EDGE-GRT,0.1478,$297.32M,-44.36
US-USDA,0.1478,$515.14M,423.03
GPS-BONK,0.1478,$360.96M,0.09
CASH-MX,0.1477,$272.61M,-3.5
FLUID-XPIN,0.1477,$231.18M,-8.55
SPX-APEPE,0.1476,$503.44M,-20.64
ZK-KAG,0.1476,$298.05M,-34.0
XTZ-GOMINING,0.1476,$341.04M,-23.76
AIAT-GUSD,0.1476,$267.48M,14.86
VSN-SUN,0.1475,$493.18M,-11.02
VIRTUAL-SHORT,0.1475,$467.12M,-0.55
ZRO-USDZ,0.1475,$412.14M,-21.01
ZBT-AKE,0.1475,$209.47M,546.19
RLB-BTSE,0.1474,$237.38M,-10.76
DYDX-OHM,0.1474,$373.67M,-10.69
DYDX-META,0.1474,$193.28M,21.0
TIA-GPS,0.1474,$402.50M,9.11
CAKE-KAG,0.1474,$660.88M,-12.97
CHEEMS-BTT,0.1474,$359.79M,-28.21
PIEVERSE-JASMY,0.1474,$393.67M,-12.96
VET-SOSO,0.1474,$505.55M,-28.0
USTBL-FET,0.1473,$466.76M,-15.0
USDAT-FRXUSD,0.1473,$249.72M,-0.08
NFT-MET,0.1473,$353.94M,-5.44
GRASS-TRUMP,0.1473,$573.26M,-17.29
RLB-PYTH,0.1472,$425.63M,-5.78
JTO-MX,0.1472,$419.23M,21.12
VET-USDZ,0.147,$516.35M,-19.16
STAC-BTSE,0.1469,$235.76M,-10.99
1INCH-TAG,0.1469,$260.88M,23.72
PENDLE-PIEVERSE,0.1469,$432.73M,-4.92
UB-REUSD,0.1468,$528.27M,15.05
STAC-TIA,0.1468,$409.13M,-3.41
APEPE-STRK,0.1468,$390.57M,-28.93
SHORT-SN64,0.1468,$187.54M,-3.16
MX-USDAI,0.1468,$308.03M,-3.48
ZK-VCNT,0.1467,$248.80M,-26.0
CHEEMS-ENS,0.1467,$276.39M,-34.04
PENGU-A7A5,0.1467,$849.92M,-21.34
KAU-MET,0.1466,$397.72M,-1.97
APXUSD-THETA,0.1466,$421.15M,-24.82
KMNO-KAITO,0.1466,$407.29M,79.39
DYDX-BC,0.1465,$317.44M,84.45
COCO-FDUSD,0.1465,$530.32M,-21.33
CRVUSD-BORG,0.1465,$350.32M,-12.51
SNX-TAG,0.1465,$267.50M,14.02
IMX-USTBL,0.1464,$388.16M,-15.58
MANA-A7A5,0.1464,$609.59M,-14.05
NXM-DYDX,0.1463,$184.74M,-15.41
RLB-SNX,0.1463,$226.71M,-15.17
AKT-PIEVERSE,0.1463,$310.48M,-9.03
NEO-FDUSD,0.1463,$479.87M,-15.72
MX-CRCLON,0.1463,$243.44M,-21.95
LUNC-MWC,0.1462,$392.74M,8.48
EDGE-BAT,0.1462,$239.39M,-39.81
US-TAG,0.1462,$564.03M,452.6
EDGE-TIA,0.1461,$442.47M,-29.24
CASH-IOTA,0.1461,$269.59M,-20.41
ICNT-EIGEN,0.1461,$242.16M,-25.83
VELVET-ULTIMA,0.146,$348.20M,129.81
ZRO-UQC,0.146,$392.77M,-22.55
TWT-STRCX,0.146,$289.26M,-12.37
ENS-TEL,0.146,$350.39M,-22.46
RAY-BTSE,0.146,$296.12M,-25.11
CHZ-AERO,0.146,$558.51M,-36.39
APR-USDAI,0.1459,$353.83M,4.82
KAITO-KITE,0.1459,$541.27M,74.44
UQC-BORG,0.1459,$246.29M,-14.76
CVX-SHORT,0.1458,$232.37M,-1.51
COCO-EIGEN,0.1458,$324.81M,-17.61
NXM-CARDS,0.1457,$355.74M,4.39
VELVET-PRL,0.1456,$250.57M,208.89
ZBCN-FRAX,0.1456,$397.34M,-21.62
STRK-TRAC,0.1456,$312.88M,-22.83
ACRED-XPL,0.1456,$335.63M,-4.62
EARNETH-A7A5,0.1455,$625.15M,-9.23
USDTB-DCR,0.1455,$558.30M,-16.39
EDGE-GALA,0.1454,$224.59M,-47.25
KAU-DCR,0.1454,$511.09M,-20.67
2Z-ICNT,0.1454,$303.91M,-43.88
FLUID-SOON,0.1454,$176.30M,12.04
BORG-NFT,0.1454,$402.79M,-20.23
NXM-BTSE,0.1453,$219.98M,-16.55
DRV-THBILL,0.1453,$220.58M,8.41
VIRTUAL-AIAT,0.1452,$487.55M,-2.06
SYRUP-THBILL,0.1452,$325.18M,-15.85
APR-EDGE,0.1451,$332.36M,-20.47
OZO-GRASS,0.1451,$341.17M,1.08
VIRTUAL-USDZ,0.1451,$496.96M,-10.56
USDAT-RUNE,0.1451,$288.06M,-36.18
GPS-ETHFI,0.1451,$495.90M,13.41
BP-CARDS,0.1451,$383.10M,115.5
PENDLE-BAT,0.1451,$354.07M,-18.24
1INCH-SHORT,0.145,$213.37M,3.09
MWC-PEANUT,0.145,$298.38M,16.96
USDAT-AERO,0.145,$554.17M,-2.9
FLUID-ICNT,0.145,$187.86M,-46.88
EIGEN-BTSE,0.145,$273.70M,-7.85
VIRTUAL-NFT,0.1449,$634.09M,-17.58
PIEVERSE-MX,0.1449,$332.67M,-4.6
LUNC-TAG,0.1448,$423.97M,9.65
CVX-THBILL,0.1448,$252.75M,-10.75
XTZ-BSV,0.1448,$483.97M,-31.46
BP-A,0.1448,$216.52M,90.66
EURC-SHORT,0.1448,$547.59M,7.89
ZBCN-US,0.1447,$596.24M,401.11
ZBCN-FLUID,0.1447,$263.56M,-38.99
VSN-IOTA,0.1446,$298.47M,-30.07
ZK-GPS,0.1446,$180.36M,-10.26
ZK-A7A5,0.1446,$562.56M,-24.42
GLM-TEL,0.1446,$269.08M,-24.0
RUNE-UQC,0.1446,$256.28M,-38.38
KITE-EURCV,0.1446,$381.44M,-11.47
USDTB-GALA,0.1445,$444.14M,-21.91
CHEEMS-USAT,0.1445,$285.55M,-19.53
USAT-BONK,0.1445,$450.17M,-12.99
MX-SOSO,0.1445,$267.18M,-13.02
MX-FET,0.1445,$456.51M,-18.85
SPX-USDAT,0.1444,$441.87M,-6.2
COCO-BORG,0.1444,$322.49M,-33.73
KAG-XCN,0.1444,$343.35M,-29.07
BP-GRASS,0.1444,$330.10M,106.84
APR-JASMY,0.1443,$407.98M,-6.95
OHM-KAITO,0.1443,$585.07M,84.08
FF-NFT,0.1443,$456.81M,-6.12
TAG-TRAC,0.1443,$268.73M,21.53
LDO-APYUSD,0.1442,$461.32M,-5.78
USDAT-CHZ,0.1442,$283.94M,-33.57
GEOD-MON,0.1442,$342.54M,18.39
EARNETH-TAG,0.1441,$292.01M,21.83
EARNETH-XEC,0.1441,$266.40M,-16.52
GNO-AR,0.1441,$398.70M,-10.96
JTO-GLIDR,0.1441,$370.02M,15.35
UB-VET,0.144,$749.79M,-7.03
INJ-XEC,0.144,$578.69M,4.47
GLM-CRCLON,0.144,$187.61M,-34.63
GRT-FF,0.1439,$353.63M,-17.39
SEI-USAT,0.1439,$471.78M,-13.22
US-THBILL,0.1439,$536.90M,422.73
KMNO-KITE,0.1439,$330.02M,-15.03
CARDS-USDAI,0.1439,$426.31M,9.42
ZBT-REAL,0.1439,$363.00M,-6.19
SHORT-AERO,0.1439,$511.93M,6.42
1INCH-DYDX,0.1438,$213.68M,-16.53
THETA-BTSE,0.1438,$259.20M,-30.07
BC-CHEEMS,0.1437,$319.89M,75.33
UQC-IOTA,0.1437,$255.59M,-22.62
WIF-XPIN,0.1437,$291.24M,-2.41
TAG-THETA,0.1437,$271.16M,11.32
TRAC-ETHFI,0.1437,$523.56M,-7.98
NFT-BSV,0.1437,$523.01M,-17.1
A7A5-JASMY,0.1436,$689.79M,-12.95
LUNC-MET,0.1435,$368.31M,-17.95
APR-UQC,0.1435,$304.41M,2.59
US-KAITO,0.1435,$728.24M,507.12
APXUSD-A,0.1435,$397.35M,-21.61
GPS-COMP,0.1434,$255.33M,-3.76
NEO-NFT,0.1434,$398.30M,-23.39
ICNT-AWE,0.1434,$207.39M,-32.61
FARTCOIN-XPL,0.1434,$343.60M,-19.34
TIBBIR-ACRED,0.1433,$221.53M,-12.04
AXS-JTO,0.1433,$412.32M,4.2
KMNO-GEOD,0.1433,$192.37M,27.91
SHORT-TRUMP,0.1433,$454.94M,-8.81
NXM-RLB,0.1432,$191.14M,-4.35
RLB-FET,0.1432,$410.19M,-14.69
DRV-MET,0.1432,$192.06M,10.67
BC-TAG,0.1432,$364.64M,124.7
CAKE-BTSE,0.1432,$580.30M,-13.72
OHM-GRASS,0.1431,$491.67M,0.45
EIGEN-A7A5,0.1431,$618.80M,2.49
THETA-SOSO,0.1431,$242.68M,-28.17
PRL-CRCLON,0.1431,$176.92M,48.73
STAC-FF,0.143,$294.93M,2.13
EDGE-SOON,0.143,$225.98M,4.12
TIBBIR-CARDS,0.143,$375.35M,-2.93
APEPE-KAITO,0.1429,$510.63M,69.95
ULTIMA-STRK,0.1429,$370.91M,-26.3
RAIL-SUN,0.1429,$432.13M,6.24
VELVET-MX,0.1428,$317.09M,138.21
CASH-GLM,0.1428,$216.78M,-16.18
TAG-SHFL,0.1427,$266.47M,27.13
DRV-XEC,0.1426,$222.10M,-0.07
OZO-AXS,0.1426,$268.99M,-20.08
USTBL-BTT,0.1426,$420.31M,-8.34
ULTIMA-EURC,0.1426,$631.74M,-13.24
RUNE-MET,0.1426,$237.68M,-30.77
USDA-AVUSD,0.1426,$212.15M,0.38
XEC-SFP,0.1426,$222.19M,-25.91
BC-EIGEN,0.1425,$360.16M,98.42
CASH-KAITO,0.1425,$431.29M,84.37
REUSD-TAG,0.1425,$312.50M,33.57
RLB-WFI,0.1424,$278.82M,-0.35
ENS-SOON,0.1424,$266.08M,14.87
APYUSD-MANA,0.1424,$289.51M,-17.55
GRT-FRXUSD,0.1423,$271.27M,-19.07
CHEEMS-PYTH,0.1423,$421.68M,-25.95
STRK-BTT,0.1423,$448.68M,-23.2
ZK-KAITO,0.1422,$393.62M,61.16
ZK-XEC,0.1422,$203.81M,-31.71
UQC-XEC,0.1422,$227.48M,-10.71
FRXUSD-USDAI,0.1422,$267.36M,-0.08
GUSD-JASMY,0.1422,$361.09M,-4.72
CVX-JTO,0.1421,$403.45M,13.76
AWE-CARDS,0.1421,$374.69M,6.32
ZK-COCO,0.142,$268.57M,-44.52
FDUSD-COMP,0.142,$505.42M,-16.86
PIEVERSE-SHFL,0.142,$303.48M,-3.94
DASH-TEL,0.1419,$571.75M,-16.51
REUSD-THETA,0.1419,$293.53M,-14.94
XEC-GLIDR,0.1419,$220.84M,-17.63
SEI-COCO,0.1418,$470.77M,-34.4
DCR-KAG,0.1418,$416.47M,-27.12
SOON-PIEVERSE,0.1418,$272.09M,28.3
TRAC-A7A5,0.1418,$601.87M,-9.53
DRV-APEPE,0.1417,$304.00M,-6.11
SAND-FF,0.1417,$317.47M,-19.27
JTO-ETHFI,0.1417,$668.53M,24.96
OHM-TRUMP,0.1416,$633.19M,-18.45
META-SHFL,0.1416,$216.81M,28.56
UB-WFI,0.1415,$535.38M,10.32
US-BSV,0.1415,$677.46M,413.33
CHEEMS-PEANUT,0.1415,$284.85M,-30.95
DASH-REUSD,0.1415,$564.87M,-4.97
DRV-SUN,0.1414,$444.93M,7.07
CASH-CHZ,0.1414,$266.16M,-33.59
META-KOGE,0.1414,$309.56M,82.82
AXS-STRK,0.1414,$332.90M,-34.81
RLB-MWC,0.1413,$218.11M,29.09
GRT-APYUSD,0.1413,$319.47M,-23.67
APEPE-CAKE,0.1413,$648.55M,-16.72
BTSE-XCN,0.1413,$262.77M,-29.82
OUSG-VIRTUAL,0.1412,$749.82M,-9.42
CARDS-BONK,0.1412,$533.81M,-3.46
STRCX-ONYC,0.1411,$387.00M,-3.01
PRL-BTT,0.1411,$343.54M,58.48
CHEEMS-WIF,0.141,$246.66M,-30.74
GALA-A7A5,0.141,$566.82M,-23.06
IMX-SHORT,0.1409,$324.87M,-6.71
LDO-CARDS,0.1409,$572.06M,8.32
BC-KAG,0.1409,$433.26M,84.05
ULTIMA-BTSE,0.1409,$314.81M,-23.33
AWE-SHORT,0.1409,$203.37M,6.14
STX-FRAX,0.1409,$470.58M,-19.63
GLM-SHORT,0.1408,$192.31M,-6.84
FARTCOIN-PRL,0.1408,$207.08M,52.87
OZO-GLM,0.1407,$220.06M,-15.85
TEL-ONYC,0.1407,$420.52M,-6.54
BC-PRL,0.1406,$303.64M,162.02
ZBCN-SHFL,0.1406,$298.67M,-24.35
CRVUSD-NEX,0.1406,$302.38M,-15.44
ZANO-KITE,0.1406,$363.16M,-12.42
CVX-USDZ,0.1405,$262.21M,-11.53
CRVUSD-DASH,0.1405,$609.48M,-8.66
1INCH-PRL,0.1404,$199.89M,61.04
KAG-FET,0.1404,$519.61M,-26.14
XTZ-XPL,0.1404,$446.06M,-27.08
BTSE-FRAX,0.1404,$353.18M,-11.53
STAC-TRAC,0.1403,$226.31M,-7.89
DRV-KOGE,0.1403,$316.79M,59.84
USDTB-USDF,0.1403,$467.36M,-0.03
GPS-RAIL,0.1403,$185.85M,20.55
NFT-JASMY,0.1403,$476.11M,-19.56
EARNETH-OZO,0.1402,$272.24M,-7.81
BC-OHM,0.1402,$495.37M,94.43
CHEEMS-TRUMP,0.1402,$457.71M,-37.55
STRK-BSV,0.1402,$447.70M,-23.8
GALA-TAG,0.1402,$233.68M,8.0
RAIL-MX,0.1402,$240.43M,4.1
REAL-USDF,0.1402,$360.90M,14.31
SEI-RAIL,0.1401,$376.40M,-5.61
USTBL-GRASS,0.1401,$376.71M,1.21
USDAT-THETA,0.1401,$265.89M,-18.63
KAG-AR,0.1401,$329.75M,-14.82
RUNE-CARDS,0.1401,$417.13M,-33.17
IMX-USDAI,0.14,$384.76M,-16.03
META-ETHFI,0.14,$495.31M,31.74
USAT-PENDLE,0.14,$435.88M,-3.84
SHFL-USDF,0.14,$233.24M,-2.82
LUNC-VCNT,0.1399,$443.34M,-22.99
DYDX-2Z,0.1399,$300.20M,-24.75
BC-XEC,0.1399,$339.03M,86.35
OZO-APXUSD,0.1399,$420.35M,-5.95
ICNT-FET,0.1399,$407.49M,-44.87
STAC-FLOKI,0.1398,$301.15M,-17.52
ZRO-UUSD,0.1398,$384.54M,-20.3
USDAT-TEL,0.1398,$314.11M,-7.92
FRXUSD-SHFL,0.1398,$231.32M,-2.82
LUNC-KAU,0.1397,$587.21M,-24.54
DYDX-FRAX,0.1397,$317.93M,-10.39
OZO-AERO,0.1397,$539.67M,-2.58
GNO-BTT,0.1397,$542.12M,-15.63
EURC-WFI,0.1397,$624.58M,-2.47
NFT-PEANUT,0.1397,$449.06M,-19.25
AIAT-XCN,0.1397,$247.64M,-10.57
MX-REAL,0.1397,$399.65M,10.91
FRXUSD-JASMY,0.1397,$321.51M,-11.85
VSN-USDAT,0.1396,$290.69M,-9.77
APEPE-GNO,0.1396,$484.00M,-21.36
KAITO-EURC,0.1396,$759.30M,83.04
DASH-SHORT,0.1396,$494.99M,0.66
SPX-USDTB,0.1395,$657.60M,-6.15
APEPE-IOTA,0.1395,$348.94M,-34.83
DRV-FRAX,0.1394,$322.71M,8.31
GNO-BAT,0.1394,$386.06M,-21.35
USDAT-NEO,0.1394,$273.57M,-15.67
A-APYUSD,0.1394,$260.42M,-20.02
NXM-USDTB,0.1393,$442.39M,-5.07
BC-SYRUP,0.1393,$426.82M,78.89
NEO-NEX,0.1393,$224.10M,-31.04
AWE-STRCX,0.1393,$246.62M,-7.49
DYDX-VET,0.1392,$486.82M,-28.76
KAITO-COMP,0.1392,$468.59M,67.66
VCNT-STRCX,0.1392,$305.24M,-7.08
KAU-PENGU,0.1391,$680.02M,-24.47
2Z-USDZ,0.1391,$329.73M,-15.15
CVX-ULTIMA,0.1391,$316.52M,-22.64
CHEEMS-SAND,0.139,$225.51M,-40.36
AWE-BAT,0.139,$209.24M,-17.62
AVUSD-XPIN,0.139,$260.87M,8.91
DYDX-ZBCN,0.1389,$275.14M,-31.91
EARNETH-GPS,0.1389,$242.95M,4.93
TIBBIR-UQC,0.1389,$214.50M,-14.67
XTZ-SUN,0.1389,$567.76M,-23.41
SYRUP-GUSD,0.1389,$356.75M,-8.8
GPS-REUSD,0.1388,$263.44M,16.67
USAT-FARTCOIN,0.1388,$308.24M,-14.43
GALA-BTSE,0.1388,$221.73M,-33.4
BORG-THBILL,0.1388,$256.20M,-12.44
EARNETH-RUNE,0.1387,$295.20M,-43.36
CASH-CARDS,0.1387,$390.88M,9.4
META-KMNO,0.1387,$193.44M,26.3
AXS-CARDS,0.1387,$412.56M,-10.9
MANA-FRAX,0.1387,$351.45M,-12.96
COMP-THBILL,0.1387,$277.26M,-16.73
BAT-SOSO,0.1387,$220.00M,-24.05
ULTIMA-PENDLE,0.1386,$432.35M,-15.62
KITE-WFI,0.1386,$406.55M,-11.07
APR-ZK,0.1385,$280.74M,-18.41
APXUSD-JASMY,0.1385,$506.64M,-18.04
CRVUSD-PYTH,0.1385,$533.41M,-6.53
EURC-ZAMA,0.1385,$587.85M,63.62
DYDX-CAKE,0.1384,$545.06M,-12.58
VELVET-TAG,0.1384,$311.57M,171.57
2Z-ZANO,0.1384,$333.50M,-16.84
STAC-EDGE,0.1383,$238.62M,-24.84
TKX-AWE,0.1383,$209.26M,-8.35
JTO-TRAC,0.1383,$392.30M,16.17
IOTA-REAL,0.1383,$396.63M,-6.0
VSN-UUSD,0.1382,$250.68M,-9.75
RLB-US,0.1382,$523.24M,423.41
COCO-WFI,0.1382,$358.76M,-22.32
SOSO-FET,0.1382,$422.51M,-24.98
DASH-KITE,0.1381,$629.44M,-18.62
AVUSD-USDF,0.1381,$227.82M,-0.0
PYTH-PRL,0.1381,$405.43M,60.74
NXM-UQC,0.138,$194.89M,-7.35
NEO-AWE,0.138,$239.60M,-18.78
2Z-STRK,0.1379,$391.55M,-28.87
CASH-ZBT,0.1379,$235.96M,-20.6
MX-ZAMA,0.1379,$288.40M,61.57
CHZ-REAL,0.1379,$393.20M,-19.18
INJ-FRXUSD,0.1378,$569.16M,12.87
XTZ-FRXUSD,0.1378,$335.40M,-22.15
KAITO-SOON,0.1378,$399.28M,113.89
ZANO-FRAX,0.1378,$351.23M,-2.48
SOON-ONYC,0.1378,$336.22M,30.79
RAIL-XPL,0.1378,$310.43M,2.57
STAC-BORG,0.1377,$240.91M,-11.99
META-ZANO,0.1377,$226.57M,28.91
REAL-FRXUSD,0.1377,$358.98M,14.31
VSN-ACRED,0.1376,$265.93M,-9.37
RUNE-SNX,0.1376,$270.70M,-50.24
ACRED-USDF,0.1376,$226.88M,0.32
AIAT-FRXUSD,0.1376,$227.90M,7.73
VET-REAL,0.1376,$638.02M,-4.08
THBILL-USDF,0.1376,$229.77M,0.0
SPX-USDZ,0.1375,$429.46M,-6.89
MWC-GEOD,0.1375,$208.19M,68.03
UB-CASH,0.1374,$482.85M,11.34
UB-BTT,0.1373,$620.31M,2.65
CASH-EURC,0.1373,$572.05M,-1.45
SPX-REUSD,0.1372,$469.51M,-2.5
OZO-NEO,0.1372,$259.07M,-15.36
ULTIMA-AKE,0.1372,$277.22M,554.88
ICNT-THETA,0.1372,$227.66M,-48.06
VCNT-SOON,0.1372,$254.45M,26.72
BSV-SUN,0.1372,$600.78M,-10.65
KAG-AWE,0.1371,$319.51M,-13.87
WEMIX-STRCX,0.1371,$241.22M,-12.54
MX-XPIN,0.1371,$295.49M,5.43
OUSG-STRK,0.137,$569.46M,-14.04
RLB-AR,0.137,$220.33M,-3.37
SEI-SUN,0.137,$628.84M,-14.45
LUNC-TEL,0.1369,$453.21M,-28.14
UB-FDUSD,0.1369,$706.93M,11.31
DEXE-AKE,0.1369,$369.60M,529.79
GRT-JTO,0.1368,$429.98M,5.53
FF-COMP,0.1368,$351.61M,-15.14
GOMINING-JASMY,0.1368,$327.15M,-13.46
DCR-KITE,0.1367,$434.78M,-26.39
APYUSD-CHZ,0.1367,$302.27M,-38.17
COCO-JTO,0.1366,$452.86M,3.31
GUSD-USDF,0.1366,$261.34M,7.05
LUNC-ZBT,0.1365,$392.84M,-40.8
USDTB-KITE,0.1365,$587.52M,-9.99
CVX-USDAI,0.1365,$292.25M,-10.83
APXUSD-BSV,0.1363,$553.55M,-15.58
TIBBIR-CRVUSD,0.1363,$318.54M,-12.43
VCNT-BSV,0.1363,$422.94M,-12.08
EDGE-SN64,0.1362,$225.97M,-37.78
BC-REAL,0.1362,$468.63M,109.13
CVX-GUSD,0.1362,$284.32M,-3.7
USTBL-VET,0.1362,$549.80M,-18.01
KAG-GOMINING,0.1362,$329.26M,-12.38
RUNE-RAY,0.1362,$311.27M,-47.81
APYUSD-XCN,0.1362,$287.79M,-22.99
UB-CARDS,0.1361,$629.70M,20.86
1INCH-SOSO,0.1361,$232.41M,-15.77
RLB-BAT,0.1361,$207.69M,-13.75
RUNE-CRCLON,0.1361,$241.11M,-54.29
ZANO-TRAC,0.1361,$254.83M,-10.81
OUSG-COMP,0.136,$539.57M,-16.37
USDTB-TIA,0.136,$662.01M,-3.9
BP-TRUMP,0.1359,$471.63M,87.94
DRV-CHEEMS,0.1358,$202.96M,-11.09
MWC-TAG,0.1358,$258.91M,56.42
GLIDR-USDZ,0.1358,$228.77M,-9.94
UB-A,0.1357,$463.13M,-3.98
KAU-XPIN,0.1357,$453.20M,4.6
TIA-FRAX,0.1357,$526.56M,-3.95
AKT-FRXUSD,0.1357,$238.31M,-7.92
ONYC-FRXUSD,0.1357,$356.13M,1.3
EDGE-PENGU,0.1356,$507.69M,-45.53
GRT-MX,0.1356,$311.93M,-22.47
KOGE-BTT,0.1356,$473.62M,42.73
STAC-LDO,0.1355,$405.84M,-0.65
USDTB-THETA,0.1355,$481.61M,-18.59
OZO-SOON,0.1355,$215.31M,29.73
BP-USDZ,0.1355,$241.62M,105.3
LDO-UQC,0.1354,$411.22M,-3.42
USDTB-CRVUSD,0.1354,$567.57M,-0.03
ZRO-SHFL,0.1354,$406.15M,-23.06
CHEEMS-MX,0.1354,$250.91M,-22.9
IOTA-TEL,0.1354,$321.89M,-28.23
STAC-VELVET,0.1352,$269.15M,142.15
US-BP,0.1352,$533.20M,528.72
KAG-REAL,0.1352,$462.75M,3.62
BP-PENDLE,0.1352,$364.89M,102.27
NEO-CARDS,0.1351,$402.64M,-6.17
LDO-SHORT,0.135,$400.75M,8.14
USTBL-SN64,0.135,$250.83M,-12.03
REUSD-THBILL,0.135,$285.37M,3.7
STRCX-SHFL,0.135,$262.19M,-7.13
DCR-JTO,0.1349,$471.41M,8.16
ZANO-SUN,0.1349,$473.45M,-3.73
AVUSD-AR,0.1349,$232.03M,-4.05
DYDX-IOTA,0.1348,$245.44M,-30.68
DYDX-BAT,0.1348,$201.28M,-24.81
2Z-TAG,0.1348,$347.40M,15.5
TWT-ULTIMA,0.1348,$330.17M,-19.87
OUSG-SNX,0.1347,$502.68M,-15.48
GRT-OHM,0.1347,$437.15M,-19.38
APEPE-NEO,0.1347,$335.14M,-30.11
USDAT-ICNT,0.1347,$241.37M,-29.5
TRAC-A,0.1347,$225.95M,-23.76
PENDLE-FRXUSD,0.1347,$360.57M,-3.81
JASMY-AKE,0.1347,$307.11M,554.92
RLB-ZBCN,0.1346,$281.55M,-20.85
RLB-WIF,0.1345,$250.62M,-10.56
EDGE-SYRUP,0.1345,$343.22M,-41.23
SEI-OHM,0.1345,$562.36M,-13.51
ZRO-XPIN,0.1345,$429.65M,-11.4
WEMIX-ZANO,0.1345,$231.58M,-10.62
SOON-SUN,0.1345,$432.30M,28.16
ONYC-FET,0.1345,$552.12M,-14.07
OUSG-ACRED,0.1344,$495.29M,0.77
SEI-FF,0.1344,$478.84M,-11.52
KAITO-A,0.1344,$411.56M,69.05
THETA-FRAX,0.1344,$346.16M,-18.65
OUSG-GEOD,0.1343,$474.60M,33.36
KAU-ONYC,0.1343,$554.51M,-2.94
APYUSD-VET,0.1343,$547.08M,-23.07
USDAT-CRCLON,0.1342,$232.65M,-18.54
BC-META,0.1341,$314.98M,126.12
FLOKI-KITE,0.1341,$430.51M,-28.0
NEX-IOTA,0.1341,$237.90M,-35.75
IOTA-PIEVERSE,0.1341,$329.66M,-21.5
DRV-SN64,0.134,$192.63M,-4.07
USTBL-BTSE,0.134,$293.95M,-11.07
RLB-COMP,0.1339,$263.60M,-16.05
AKT-APEPE,0.1339,$329.75M,-22.36
KAITO-BTSE,0.1339,$442.38M,72.95
FDUSD-CRVUSD,0.1339,$558.15M,-0.12
FDUSD-AR,0.1339,$462.15M,-4.17
SN64-PRL,0.1339,$174.06M,54.8
UB-APXUSD,0.1338,$655.89M,5.17
USDTB-CARDS,0.1338,$624.39M,9.46
OZO-WFI,0.1338,$299.84M,-0.79
ACRED-BAT,0.1338,$218.46M,-14.11
CHZ-USDAI,0.1338,$301.58M,-33.57
EURCV-ZAMA,0.1338,$287.25M,63.53
NXM-USDAI,0.1337,$244.31M,-5.11
ZBCN-PENDLE,0.1337,$427.93M,-25.34
APEPE-USDF,0.1337,$313.20M,-14.52
CHEEMS-USDAI,0.1337,$257.76M,-19.5
AWE-EIGEN,0.1337,$246.41M,0.49
MWC-USDZ,0.1336,$241.23M,27.91
MWC-TRUMP,0.1336,$471.23M,10.32
APXUSD-PENDLE,0.1336,$545.71M,-10.0
STRK-A7A5,0.1336,$667.42M,-15.59
SPX-TEL,0.1335,$476.39M,-14.04
EDGE-ICNT,0.1335,$237.55M,-54.8
USTBL-COCO,0.1335,$345.06M,-20.84
USTBL-STX,0.1335,$411.36M,-19.16
RLB-GLM,0.1334,$199.03M,-15.41
RLB-PENDLE,0.1334,$354.92M,-3.05
CVX-COCO,0.1334,$319.04M,-32.04
XTZ-XPIN,0.1334,$370.37M,-13.24
NEX-PIEVERSE,0.1334,$272.41M,-16.56
ONYC-SOSO,0.1334,$362.79M,-8.24
APEPE-TIBBIR,0.1333,$307.85M,-26.87
FARTCOIN-TAG,0.1333,$268.08M,15.55
MWC-CRCLON,0.1332,$206.69M,9.96
SEI-ONYC,0.1332,$532.76M,-11.82
ZRO-ZAMA,0.1332,$422.57M,44.73
META-PENGU,0.1332,$467.13M,11.14
BC-US,0.1331,$638.54M,517.47
DEXE-GPS,0.1331,$370.09M,-23.92
GLM-BP,0.1331,$209.00M,89.91
XTZ-UQC,0.1331,$333.49M,-24.39
UQC-EIGEN,0.1331,$248.61M,1.36
FDUSD-ZANO,0.1331,$477.26M,-2.52
AWE-MANA,0.1331,$237.21M,-16.05
VELVET-SOSO,0.133,$283.09M,132.08
BC-AKT,0.133,$347.96M,86.91
USTBL-JTO,0.133,$429.48M,24.97
NXM-THBILL,0.1329,$204.80M,-5.03
LDO-SOON,0.1329,$393.21M,28.31
USDTB-WEMIX,0.1329,$455.95M,-8.19
OZO-AKT,0.1329,$253.69M,-7.6
UUSD-WFI,0.1329,$274.33M,-1.1
SFP-SUN,0.1329,$445.02M,-18.78
GUSD-BONK,0.1329,$414.45M,-5.83
UUSD-AVUSD,0.1328,$215.76M,0.01
STAC-MWC,0.1327,$216.48M,29.04
TKX-XEC,0.1327,$222.90M,-13.64
ICNT-ENS,0.1327,$277.64M,-44.05
SOSO-SUN,0.1327,$458.88M,-10.87
XTZ-UUSD,0.1326,$325.26M,-22.14
JTO-SOSO,0.1326,$385.22M,14.98
GNO-BP,0.1325,$396.88M,99.16
REAL-BTT,0.1325,$508.53M,5.6
GRT-USTBL,0.1324,$322.19M,-18.61
USDAT-APYUSD,0.1324,$297.93M,-4.68
FLUID-PIEVERSE,0.1324,$268.37M,-18.57
RUNE-SFP,0.1324,$250.99M,-51.6
APEPE-ULTIMA,0.1323,$383.06M,-26.32
XTZ-FRAX,0.1323,$445.54M,-22.16
KAU-ACRED,0.1322,$423.35M,-3.92
GPS-GALA,0.1322,$184.62M,-8.9
SAND-BTSE,0.1322,$258.30M,-32.39
VCNT-THBILL,0.1322,$282.38M,-2.69
LUNC-CRVUSD,0.1321,$490.95M,-20.3
RLB-OHM,0.1321,$380.08M,0.37
KAU-AIAT,0.1321,$426.29M,3.49
2Z-USTBL,0.1321,$363.18M,-14.0
CAKE-XPIN,0.1321,$592.09M,6.63
AWE-BORG,0.1321,$244.09M,-15.62
UB-EURC,0.132,$810.87M,10.0
ZBCN-USDAI,0.132,$334.71M,-21.61
TIBBIR-MANA,0.132,$237.87M,-25.3
AIAT-THBILL,0.132,$235.91M,7.81
RLB-SOSO,0.1319,$220.86M,-8.85
USDAI-USDZ,0.1319,$284.83M,-0.78
TIA-APEPE,0.1318,$507.85M,-18.38
TRUMP-ZAMA,0.1318,$495.20M,46.92
TIA-USDZ,0.1317,$433.88M,-4.63
VCNT-REAL,0.1317,$413.50M,11.62
LDO-META,0.1316,$398.61M,30.2
AKT-GUSD,0.1316,$277.90M,-0.79
APXUSD-ZK,0.1316,$379.41M,-29.5
ICNT-SAND,0.1316,$226.76M,-50.37
UUSD-SUN,0.1316,$442.08M,-1.33
EURC-SOSO,0.1316,$566.62M,-10.97
WEMIX-UUSD,0.1315,$200.21M,-8.22
STAC-1INCH,0.1314,$218.46M,-5.7
DRV-AKE,0.1314,$198.17M,575.09
XEC-TEL,0.1314,$293.77M,-16.31
KITE-APYUSD,0.1314,$390.13M,-14.63
NFT-BONK,0.1314,$529.47M,-20.68
ICNT-SOSO,0.1313,$218.16M,-39.04
AWE-APYUSD,0.1313,$263.95M,-7.79
COMP-SOSO,0.1313,$275.91M,-26.35
VSN-KAG,0.1312,$364.59M,-20.45
INJ-XPIN,0.1312,$604.13M,21.78
OZO-MX,0.1312,$275.89M,-3.16
2Z-NEX,0.1312,$292.67M,-29.82
META-NEX,0.1312,$185.74M,15.93
ACRED-USDA,0.1312,$211.22M,0.7
ZANO-APYUSD,0.1312,$289.29M,-7.07
XCN-THBILL,0.1312,$247.59M,-18.3
SPX-STAC,0.1311,$404.72M,-5.66
UQC-STX,0.1311,$358.54M,-21.85
STX-BTSE,0.1311,$383.63M,-31.05
REAL-COMP,0.1311,$408.38M,-2.43
DYDX-AKT,0.131,$226.26M,-18.21
INJ-CARDS,0.1309,$728.10M,22.37
JTO-SN64,0.1309,$358.63M,12.12
EDGE-TRAC,0.1308,$259.64M,-33.72
USDTB-TKX,0.1308,$458.96M,-5.2
GPS-TRAC,0.1308,$219.68M,4.63
BP-ENS,0.1308,$290.31M,91.46
STRK-FET,0.1308,$495.13M,-29.86
NXM-UUSD,0.1306,$186.66M,-5.1
TEL-JASMY,0.1306,$385.90M,-19.69
RAIL-EURCV,0.1306,$239.28M,6.06
GNO-CHZ,0.1305,$426.78M,-40.41
TAG-ZAMA,0.1305,$282.88M,94.93
KITE-BTSE,0.1305,$365.11M,-21.47
VSN-GEOD,0.1304,$245.24M,23.23
APEPE-COMP,0.1304,$360.69M,-31.25
KAITO-NEX,0.1304,$399.60M,69.03
FLOKI-BTSE,0.1304,$331.62M,-29.49
IOTA-AIAT,0.1304,$265.55M,-12.58
DRV-TRAC,0.1303,$226.31M,-0.02
APEPE-DASH,0.1303,$598.79M,-23.11
APEPE-STX,0.1303,$451.88M,-34.05
RUNE-BORG,0.1303,$286.53M,-45.97
IOTA-PRL,0.1303,$231.64M,46.89
SOON-RAY,0.1303,$253.02M,15.83
PRL-XCN,0.1303,$213.73M,48.89
LUNC-META,0.1302,$374.31M,11.08
VIRTUAL-BTSE,0.1302,$502.68M,-21.31
MX-USDF,0.1302,$262.43M,-3.48
MANA-FRXUSD,0.1302,$241.31M,-12.95
LUNC-DRV,0.1301,$381.54M,-11.9
UB-VIRTUAL,0.1301,$730.41M,1.57
DYDX-COCO,0.1301,$282.09M,-31.58
DRV-ZAMA,0.1301,$240.45M,73.38
VIRTUAL-COCO,0.1301,$553.79M,-31.08
SNX-ZANO,0.1301,$253.60M,-18.32
AVUSD-GEOD,0.1301,$210.32M,32.99
EDGE-MET,0.13,$225.39M,-23.03
TKX-GPS,0.13,$199.45M,7.81
FLUID-KOGE,0.13,$300.43M,34.06
STRK-VET,0.13,$578.17M,-32.87
DASH-USDZ,0.1299,$524.82M,-9.36
A7A5-FET,0.1299,$784.12M,-16.55
UB-US,0.1298,$779.80M,434.08
LDO-SOSO,0.1298,$419.79M,-10.72
APR-MWC,0.1297,$310.23M,33.22
EDGE-MX,0.1297,$286.56M,-28.78
SEI-FDUSD,0.1297,$632.65M,-13.24
OZO-A7A5,0.1297,$603.50M,-0.86
CHEEMS-SUN,0.1297,$442.61M,-20.75
RUNE-STX,0.1297,$398.78M,-53.38
GOMINING-PRL,0.1297,$199.63M,65.58
WFI-USDF,0.1297,$286.38M,-1.11
CASH-APXUSD,0.1296,$417.07M,-6.29
ZRO-USDA,0.1296,$380.93M,-19.93
USDTB-EURC,0.1294,$805.56M,-1.39
BP-NFT,0.1293,$378.76M,98.29
FARTCOIN-TEL,0.1293,$297.33M,-22.24
STX-USDF,0.1293,$362.36M,-19.61
STAC-SOSO,0.1292,$219.23M,-9.08
DYDX-JASMY,0.1292,$309.45M,-22.14
APXUSD-GALA,0.1292,$383.67M,-28.15
GPS-GLIDR,0.1292,$197.39M,3.81
FF-USDAI,0.1292,$349.72M,1.59
BTSE-CRCLON,0.1292,$225.96M,-29.99
NEO-FF,0.1291,$326.06M,-14.0
AXS-KAITO,0.1291,$452.96M,64.08
XTZ-MON,0.1291,$473.67M,-36.67
CRVUSD-SFP,0.1291,$314.78M,-17.51
ZANO-FRXUSD,0.1291,$241.08M,-2.47
MWC-ICNT,0.129,$215.41M,-0.5
CASH-AR,0.1289,$238.07M,-4.14
PENDLE-PRL,0.1288,$334.72M,63.47
NFT-A,0.1288,$366.81M,-23.13
BONK-USDF,0.1288,$376.78M,-12.96
APR-PEANUT,0.1287,$380.93M,-6.64
INJ-USDAI,0.1287,$616.67M,12.86
MWC-GLIDR,0.1287,$215.22M,19.48
CRVUSD-XCN,0.1287,$341.71M,-18.38
FDUSD-BSV,0.1286,$604.59M,-9.44
WEMIX-PENGU,0.1286,$472.14M,-28.39
BSV-USDAI,0.1286,$415.93M,-9.39
META-XPL,0.1285,$316.00M,26.37
BP-VCNT,0.1285,$278.68M,103.31
ACRED-AWE,0.1285,$220.86M,-2.79
CARDS-MON,0.1285,$517.06M,-5.1
EDGE-VCNT,0.1284,$300.42M,-28.07
KAU-NFT,0.1284,$572.83M,-12.03
CAKE-USDAI,0.1284,$604.63M,-2.29
UQC-CRVUSD,0.1284,$320.07M,-2.31
TIA-TAG,0.1283,$451.56M,26.02
UQC-BONK,0.1283,$372.97M,-15.2
ICNT-RAIL,0.1283,$191.42M,-21.92
SNX-SOON,0.1283,$212.44M,13.56
USAT-THBILL,0.1283,$303.16M,-0.03
SOON-USDAI,0.1283,$247.45M,29.41
TIA-GUSD,0.1282,$456.00M,3.19
TIBBIR-TRAC,0.1282,$230.15M,-20.78
ACRED-A,0.1282,$217.33M,-15.02
MX-CHZ,0.1282,$294.73M,-36.97
NXM-SOON,0.1281,$176.88M,24.38
DYDX-SNX,0.1281,$220.30M,-26.23
APR-ZBCN,0.1281,$373.66M,-16.71
WIF-FRXUSD,0.1281,$256.27M,-11.32
TAG-XPIN,0.1281,$289.96M,38.79
APEPE-MX,0.128,$351.95M,-17.92
BP-SOON,0.128,$204.25M,135.49
AWE-BTSE,0.128,$238.93M,-14.63
USDA-REAL,0.128,$345.24M,14.69
AKT-RUNE,0.1279,$276.66M,-39.94
FLUID-CRVUSD,0.1279,$298.34M,-17.45
AWE-AIAT,0.1279,$223.80M,4.62
VELVET-BSV,0.1278,$424.99M,132.3
CRVUSD-USDA,0.1278,$308.23M,0.31
PENDLE-USDF,0.1278,$362.49M,-3.81
A7A5-BSV,0.1278,$736.70M,-10.49
INJ-NEX,0.1277,$549.56M,-2.5
XPIN-PEANUT,0.1277,$329.43M,-2.63
1INCH-XEC,0.1276,$235.27M,-14.63
LDO-USDZ,0.1276,$430.59M,-1.88
GPS-GEOD,0.1276,$190.35M,45.96
KAG-VCNT,0.1276,$378.14M,-13.46
ULTIMA-DASH,0.1276,$579.13M,-20.47
USDA-SOON,0.1276,$186.19M,29.8
JTO-RAIL,0.1276,$358.48M,32.1
1INCH-NFT,0.1275,$380.34M,-13.95
TEL-PENDLE,0.1275,$424.97M,-11.65
THETA-USDAI,0.1275,$283.53M,-18.63
APR-THBILL,0.1274,$314.32M,4.91
OZO-ZAMA,0.1274,$263.11M,65.29
GLM-KITE,0.1274,$326.77M,-26.12
DRV-ONYC,0.1273,$348.85M,9.7
KAU-APYUSD,0.1273,$466.43M,-8.92
ICNT-BAT,0.1273,$204.99M,-43.93
VCNT-APYUSD,0.1273,$322.57M,-7.37
CASH-VIRTUAL,0.1272,$491.59M,-9.89
TEL-THETA,0.1272,$300.41M,-26.47
APYUSD-FRAX,0.1272,$378.19M,-4.69
2Z-REAL,0.1271,$451.39M,-0.07
DYDX-STRK,0.1269,$287.08M,-24.79
META-EURCV,0.1269,$244.85M,29.86
KAG-PENGU,0.1269,$585.41M,-30.93
KAG-THBILL,0.1269,$331.63M,-10.69
CRVUSD-FARTCOIN,0.1269,$335.06M,-14.4
GRASS-FRAX,0.1269,$435.94M,0.75
VELVET-WIF,0.1268,$312.85M,130.37
TWT-A7A5,0.1268,$626.67M,-9.17
INJ-GNO,0.1267,$741.88M,6.03
OZO-SNX,0.1267,$247.73M,-15.61
TIBBIR-USDAI,0.1267,$263.92M,-12.43
IOTA-USDAI,0.1267,$305.01M,-20.39
GEOD-BSV,0.1267,$352.84M,23.6
LUNC-XPL,0.1266,$499.49M,-25.24
UB-BSV,0.1266,$619.33M,2.05
UUSD-ZAMA,0.1266,$237.60M,64.98
REUSD-PENDLE,0.1266,$418.08M,-0.11
TWT-SHORT,0.1265,$246.02M,1.26
NXM-A7A5,0.1264,$565.08M,-6.21
APR-CRVUSD,0.1264,$408.44M,4.83
ZBCN-ICNT,0.1264,$278.85M,-51.03
KMNO-MX,0.1264,$248.61M,-8.48
NEX-FET,0.1264,$396.25M,-30.81
MWC-A,0.1263,$216.13M,13.26
LDO-USDF,0.1263,$415.04M,-1.18
XTZ-WEMIX,0.1263,$325.90M,-30.3
COMP-SUN,0.1263,$501.61M,-18.07
SOSO-JASMY,0.1263,$328.18M,-21.38
VELVET-VCNT,0.1262,$330.95M,138.92
TIA-RUNE,0.1262,$454.75M,-36.35
KAITO-BTT,0.1262,$568.74M,75.68
AKT-REUSD,0.1261,$295.83M,-4.22
ICNT-KITE,0.1261,$333.57M,-39.45
BTSE-XPL,0.1261,$353.70M,-16.45
OHM-XPIN,0.126,$420.70M,8.52
CRVUSD-SHORT,0.126,$309.60M,9.25
DASH-SOSO,0.126,$514.02M,-18.2
ZANO-TEL,0.126,$305.48M,-10.31
COCO-TIBBIR,0.1259,$290.71M,-33.64
AWE-CHZ,0.1259,$249.96M,-36.67
ENS-AKE,0.1259,$271.59M,552.14
BC-SFP,0.1258,$322.30M,77.31
APXUSD-VET,0.1258,$684.01M,-24.65
ZK-CRVUSD,0.1258,$296.40M,-23.31
CHEEMS-XPL,0.1258,$320.90M,-24.43
BP-SN64,0.1258,$204.23M,93.6
FF-XEC,0.1258,$311.74M,-6.8
MX-JASMY,0.1258,$362.18M,-15.25
UB-CRVUSD,0.1257,$572.89M,11.36
DYDX-DRV,0.1256,$200.51M,-1.97
EDGE-DASH,0.1256,$533.41M,-33.97
BC-ZBCN,0.1256,$396.84M,73.21
CHEEMS-MANA,0.1256,$231.70M,-32.36
JTO-SFP,0.1256,$371.37M,7.08
ZRO-ACRED,0.1255,$399.80M,-19.92
GPS-TAG,0.1255,$241.08M,42.93
KAG-EIGEN,0.1255,$354.28M,-7.1
ACRED-AIAT,0.1255,$233.02M,8.13
ZBT-SHFL,0.1255,$235.35M,-23.32
SHORT-ZAMA,0.1255,$235.36M,74.29
LUNC-GEOD,0.1254,$373.24M,12.69
KAU-AVUSD,0.1254,$424.28M,-4.24
NEX-FARTCOIN,0.1254,$213.34M,-29.77
KOGE-CRCLON,0.1254,$307.00M,32.97
NEX-MX,0.1253,$240.92M,-18.85
DRV-KAG,0.1252,$316.33M,-2.36
USDTB-A7A5,0.1252,$833.73M,-1.14
2Z-BP,0.1252,$316.57M,91.63
ZBCN-COMP,0.1252,$336.60M,-38.35
RAIL-FRAX,0.1252,$309.91M,7.49
USTBL-USDF,0.1251,$272.68M,0.37
AXS-XPIN,0.1251,$288.58M,-11.48
ACRED-PIEVERSE,0.1251,$297.12M,-0.8
APR-2Z,0.125,$398.73M,-9.55
DRV-FF,0.125,$294.93M,10.0
COCO-A,0.125,$286.51M,-36.63
A-MX,0.125,$252.88M,-18.82
SPX-CARDS,0.1249,$570.94M,3.3
ZBCN-GOMINING,0.1249,$292.84M,-23.23
TIBBIR-CRCLON,0.1249,$199.34M,-30.9
SOON-XPL,0.1249,$310.60M,24.48
US-RUNE,0.1248,$567.23M,415.75
FLUID-FDUSD,0.1248,$432.38M,-17.51
XTZ-SNX,0.1248,$347.91M,-38.0
UQC-SFP,0.1248,$210.75M,-19.75
STRK-MON,0.1248,$437.41M,-29.02
ICNT-FF,0.1248,$293.86M,-27.83
UQC-TEL,0.1247,$282.33M,-10.15
AWE-A7A5,0.1247,$584.03M,-4.29
SNX-FF,0.1247,$314.72M,-14.26
VCNT-SHFL,0.1247,$285.84M,-5.51
VCNT-MET,0.1246,$253.86M,-0.42
MANA-XPIN,0.1246,$276.28M,-4.03
STAC-ULTIMA,0.1245,$284.34M,-11.35
APR-LDO,0.1245,$499.59M,3.72
XTZ-FARTCOIN,0.1245,$348.49M,-36.47
ICNT-MON,0.1245,$349.77M,-44.03
APR-SFP,0.1244,$299.12M,-12.61
REUSD-JTO,0.1244,$436.07M,28.21
PENGU-XPIN,0.1244,$516.61M,-11.32
DRV-CRVUSD,0.1243,$314.69M,8.33
COCO-ZBT,0.1243,$298.17M,-41.79
UB-USDAT,0.1242,$500.64M,11.36
DRV-SHORT,0.1242,$200.20M,17.65
EDGE-STX,0.1242,$386.49M,-44.91
ZK-UQC,0.1242,$192.37M,-25.55
XTZ-SYRUP,0.1242,$432.72M,-38.01
STRK-GRASS,0.1242,$405.08M,-13.65
NEX-EURC,0.1242,$540.36M,-16.8
ENS-USDAI,0.1242,$333.51M,-14.62
XEC-FRXUSD,0.1242,$229.38M,-8.47
TRAC-FRXUSD,0.1242,$233.59M,-8.42
A7A5-EURCV,0.1242,$627.64M,-2.62
OUSG-DEXE,0.1241,$654.33M,-36.52
DYDX-ETHFI,0.1241,$497.76M,-9.94
APR-TEL,0.1241,$370.71M,-3.01
APR-KOGE,0.1241,$410.54M,56.34
SEI-TRAC,0.1241,$410.22M,-21.54
KAG-A7A5,0.1241,$691.90M,-11.87
UQC-FDUSD,0.1241,$454.12M,-2.36
JTO-PIEVERSE,0.1241,$450.72M,23.4
A-PRL,0.1241,$186.36M,51.86
EARNETH-BP,0.124,$261.18M,97.95
IMX-USDTB,0.1239,$582.84M,-15.99
DRV-VCNT,0.1239,$267.09M,5.63
EDGE-ULTIMA,0.1239,$317.67M,-37.18
TKX-USDAI,0.1239,$260.88M,-5.24
CRVUSD-USDAI,0.1239,$369.49M,-0.08
APEPE-XPIN,0.1238,$346.26M,-5.61
APXUSD-AXS,0.1238,$438.74M,-26.59
CRVUSD-GEOD,0.1238,$306.40M,32.92
GALA-PRL,0.1238,$172.68M,45.32
APEPE-NEX,0.1237,$291.69M,-29.88
KAG-BORG,0.1237,$351.96M,-23.21
LUNC-ZRO,0.1236,$563.65M,-40.54
RLB-SEI,0.1236,$390.83M,-12.43
CASH-FET,0.1236,$427.94M,-15.47
APEPE-APYUSD,0.1236,$359.49M,-19.12
CHEEMS-SYRUP,0.1236,$307.57M,-35.35
UQC-GOMINING,0.1236,$223.58M,-3.93
CASH-AXS,0.1235,$265.71M,-20.41
COCO-ENS,0.1235,$360.29M,-35.83
VSN-FARTCOIN,0.1234,$273.90M,-24.09
AVUSD-PYTH,0.1234,$437.34M,-6.46
TRAC-BTT,0.1234,$383.14M,-17.13
ZBCN-BP,0.1233,$291.51M,84.47
CASH-PRL,0.1232,$206.09M,67.18
USTBL-RUNE,0.1232,$309.10M,-35.76
CAKE-NEX,0.1232,$537.52M,-17.65
REAL-GLIDR,0.1232,$350.44M,5.14
BC-USDAI,0.1231,$377.01M,94.74
OZO-PEANUT,0.1231,$309.83M,-11.22
VCNT-CARDS,0.1231,$433.31M,6.73
CARDS-GEOD,0.1231,$363.21M,42.41
TAG-BSV,0.1231,$403.56M,20.56
XEC-EURC,0.1231,$569.49M,-9.83
DYDX-ZBT,0.123,$211.81M,-30.87
EDGE-BONK,0.123,$400.92M,-38.26
REAL-MON,0.123,$497.25M,-0.22
AERO-FRAX,0.123,$634.44M,-2.92
UB-WEMIX,0.1229,$461.26M,3.2
UB-PYTH,0.1229,$682.20M,4.9
APR-XTZ,0.1229,$421.86M,-17.25
KAU-SUN,0.1229,$650.60M,-5.58
BC-VCNT,0.1229,$384.01M,92.05
ZBCN-RAIL,0.1229,$267.12M,-14.03
ZRO-XEC,0.1229,$404.21M,-28.71
USDAT-PRL,0.1229,$223.87M,67.19
AXS-CHEEMS,0.1229,$244.01M,-39.81
NXM-WEMIX,0.1228,$187.29M,-13.27
DYDX-LDO,0.1228,$401.06M,-11.48
US-ETHFI,0.1228,$818.86M,423.08
AKT-SOSO,0.1228,$244.98M,-17.45
RUNE-FRXUSD,0.1228,$258.18M,-36.17
COCO-BAT,0.1227,$287.64M,-35.72
CHEEMS-XCN,0.1227,$229.98M,-37.8
IMX-EDGE,0.1226,$363.30M,-41.33
META-CRVUSD,0.1226,$307.46M,31.3
STRK-IOTA,0.1226,$336.79M,-34.8
EDGE-UUSD,0.1225,$235.76M,-25.37
KAU-AERO,0.1225,$722.68M,-7.14
GNO-DASH,0.1225,$680.08M,-15.5
KAG-RAIL,0.1225,$303.54M,-3.19
JTO-ONYC,0.1225,$514.84M,25.89
PEANUT-FRAX,0.1225,$404.60M,-11.55
IMX-SOON,0.1224,$317.33M,13.46
MWC-UUSD,0.1224,$213.63M,28.5
EARNETH-WEMIX,0.1224,$247.37M,-16.28
BC-ICNT,0.1224,$321.14M,65.32
OHM-A7A5,0.1224,$754.01M,-1.5
FLUID-TRAC,0.1224,$209.95M,-25.8
GPS-PIEVERSE,0.1224,$278.09M,11.86
BP-ETHFI,0.1224,$514.13M,106.44
FDUSD-STRCX,0.1224,$486.89M,-4.44
EIGEN-MX,0.1224,$291.18M,0.19
EURC-RAIL,0.1224,$539.88M,6.14
PRL-PEANUT,0.1224,$268.61M,55.74
SOSO-SFP,0.1224,$219.32M,-27.05
SPX-FRAX,0.1223,$522.14M,-6.21
APR-BONK,0.1222,$461.34M,-8.06
KAU-BTT,0.1222,$567.78M,-13.03
UUSD-TAG,0.1222,$244.85M,29.89
FLOKI-AWE,0.1222,$304.33M,-21.15
TKX-UUSD,0.1221,$203.23M,-5.23
OHM-KITE,0.1221,$507.81M,-10.35
OHM-BSV,0.1221,$534.30M,-9.71
USDAT-FLOKI,0.1221,$338.31M,-18.05
CHEEMS-ACRED,0.1221,$215.36M,-19.1
GALA-ONYC,0.1221,$334.82M,-20.58
VSN-ULTIMA,0.122,$332.59M,-21.57
EDGE-TAG,0.122,$281.04M,4.58
SEI-CRVUSD,0.122,$498.60M,-13.19
SEI-FARTCOIN,0.122,$409.56M,-27.52
SHORT-REAL,0.122,$346.61M,23.63
KAU-XCN,0.1219,$437.97M,-22.62
EARNETH-AWE,0.1219,$252.76M,-11.23
BC-APXUSD,0.1219,$514.63M,88.55
CHEEMS-THETA,0.1219,$226.41M,-38.05
DRV-KMNO,0.1218,$200.66M,3.32
GRT-UQC,0.1218,$269.36M,-21.3
NEO-KITE,0.1218,$365.78M,-25.63
REUSD-AR,0.1218,$283.49M,-0.43
MET-FRAX,0.1218,$309.48M,2.26
LDO-NEX,0.1217,$393.53M,-16.55
USTBL-KAITO,0.1217,$470.11M,84.84
UUSD-SNX,0.1217,$222.22M,-15.92
VCNT-BTT,0.1217,$423.92M,-11.48
RAIL-XPIN,0.1217,$234.74M,16.41
VIRTUAL-MX,0.1216,$520.16M,-13.27
USTBL-THETA,0.1216,$286.93M,-18.18
KAG-GALA,0.1216,$302.31M,-32.65
DYDX-BP,0.1215,$212.10M,95.7
ZBCN-KITE,0.1215,$409.28M,-31.56
USTBL-MX,0.1215,$311.43M,-3.03
TIA-OHM,0.1214,$582.30M,-4.25
NEX-USDAI,0.1214,$247.77M,-15.45
GEOD-USDZ,0.1213,$221.73M,32.22
A7A5-ZAMA,0.1213,$616.02M,63.87
2Z-AIAT,0.1212,$320.32M,-6.65
DCR-TEL,0.1212,$377.09M,-24.27
TAG-MX,0.1212,$295.66M,26.47
REAL-BONK,0.1212,$514.00M,1.42
ICNT-SHFL,0.1211,$222.97M,-32.24
PRL-A7A5,0.1211,$562.27M,66.09
JASMY-THBILL,0.1211,$329.52M,-11.77
GALA-APYUSD,0.121,$246.74M,-26.56
EDGE-DCR,0.1209,$338.75M,-41.73
MWC-BTSE,0.1209,$246.95M,18.66
OZO-BTSE,0.1209,$258.41M,-11.2
APXUSD-REUSD,0.1209,$462.49M,-2.57
COCO-SYRUP,0.1209,$391.47M,-37.14
AVUSD-A,0.1209,$218.27M,-15.34
TAG-BTT,0.1209,$404.54M,21.17
TRAC-BSV,0.1209,$382.16M,-17.73
RAY-SHFL,0.1209,$284.41M,-16.41
APXUSD-IOTA,0.1208,$442.63M,-26.58
FLUID-CHEEMS,0.1208,$186.60M,-36.87
PENGU-ONYC,0.1208,$617.92M,-18.86
GEOD-ONYC,0.1208,$340.55M,34.29
APR-FARTCOIN,0.1207,$319.40M,-9.5
TIA-XEC,0.1207,$425.95M,-12.33
VCNT-XPIN,0.1207,$309.34M,6.14
KOGE-ZAMA,0.1207,$351.96M,116.49
SPX-GEOD,0.1206,$396.42M,26.79
UQC-ZANO,0.1206,$239.18M,-4.71
VSN-MX,0.1205,$301.48M,-13.17
GRT-SOSO,0.1205,$277.93M,-28.6
BC-USDZ,0.1205,$346.96M,94.05
AKT-KAITO,0.1205,$437.66M,76.55
DYDX-NFT,0.1204,$362.39M,-18.09
JTO-EURC,0.1204,$718.67M,23.16
XEC-AR,0.1204,$235.51M,-12.52
RLB-ETHFI,0.1203,$504.16M,1.12
EDGE-VELVET,0.1203,$302.48M,116.32
EARNETH-UUSD,0.1203,$246.73M,-8.11
SPX-SHORT,0.1201,$399.63M,3.12
CASH-ETHFI,0.1201,$521.91M,0.34
APXUSD-SOON,0.1201,$385.07M,23.23
USDA-EURCV,0.1201,$245.61M,-1.13
A-USDAI,0.1201,$259.73M,-15.42
PEANUT-USDZ,0.1201,$311.93M,-12.23
DEXE-MX,0.12,$424.67M,-40.37
2Z-FDUSD,0.12,$548.43M,-14.5
ZBCN-SOON,0.12,$267.28M,7.88
TWT-COCO,0.12,$332.69M,-29.27
USDA-THBILL,0.12,$214.11M,0.39
RAIL-PRL,0.12,$173.91M,74.78
PIEVERSE-SYRUP,0.12,$389.33M,-17.05
INJ-AWE,0.1199,$565.06M,9.76
LUNC-DYDX,0.1198,$376.76M,-30.6
STAC-USDAT,0.1198,$242.44M,0.45
DYDX-XTZ,0.1198,$323.34M,-32.45
OZO-SUN,0.1198,$467.59M,-1.02
USTBL-USDAI,0.1198,$318.28M,0.37
META-RAIL,0.1198,$185.26M,38.88
FDUSD-USDF,0.1198,$457.94M,-0.12
2Z-SOON,0.1197,$292.35M,15.04
NFT-XCN,0.1197,$394.18M,-26.09
CHZ-THBILL,0.1197,$262.07M,-33.49
GPS-THETA,0.1195,$222.10M,-5.58
STX-SHFL,0.1195,$371.92M,-22.36
RAIL-BTSE,0.1195,$222.96M,-3.94
SEI-US,0.1194,$705.52M,409.53
VELVET-UQC,0.1194,$274.52M,139.38
CHEEMS-GLIDR,0.1194,$201.70M,-28.66
NEX-USDF,0.1193,$202.17M,-15.44
SOON-ZBT,0.1193,$203.96M,8.92
STRCX-SOSO,0.1193,$257.38M,-13.92
TRAC-FET,0.1193,$429.58M,-23.79
ONYC-PEANUT,0.1193,$430.74M,-10.16
IMX-USDAT,0.1192,$367.12M,-16.03
TAG-WFI,0.1192,$319.61M,28.84
ONYC-BSV,0.1192,$504.70M,-8.02
VSN-VCNT,0.1191,$315.34M,-12.46
OZO-FRAX,0.1191,$345.36M,0.23
AKT-MX,0.1191,$278.98M,-11.32
APXUSD-FDUSD,0.119,$641.15M,-6.32
USAT-FRXUSD,0.119,$295.15M,-0.11
PENGU-REAL,0.119,$620.78M,-5.85
XPIN-TRUMP,0.119,$502.29M,-9.22
OHM-SN64,0.1189,$365.80M,-12.79
RAIL-A7A5,0.1189,$568.05M,6.4
MWC-XPIN,0.1188,$258.74M,37.73
GRT-VELVET,0.1188,$327.85M,122.63
ICNT-IOTA,0.1188,$249.15M,-49.81
AIAT-BTSE,0.1188,$251.09M,-3.71
USDTB-PENGU,0.1186,$727.24M,-20.19
CASH-STRCX,0.1186,$262.81M,-4.41
APXUSD-ULTIMA,0.1186,$476.76M,-18.08
WEMIX-BSV,0.1186,$358.92M,-17.55
ONYC-THBILL,0.1186,$364.14M,1.38
STAC-ZK,0.1185,$187.00M,-22.78
DEXE-NEO,0.1185,$407.86M,-52.57
OZO-FF,0.1185,$317.58M,1.91
LUNC-TRAC,0.1184,$402.56M,-28.64
CASH-AWE,0.1184,$227.84M,-3.2
US-GRASS,0.1184,$634.83M,423.49
XEC-KITE,0.1184,$351.46M,-18.42
CASH-GPS,0.1183,$218.03M,12.96
CASH-GUSD,0.1183,$271.52M,7.03
MANA-USDZ,0.1183,$258.77M,-13.64
NXM-CRVUSD,0.1182,$298.92M,-5.11
DEXE-PRL,0.1182,$358.15M,30.3
COCO-FET,0.1182,$490.14M,-36.66
VCNT-GLIDR,0.1182,$265.83M,-11.93
ZBCN-APEPE,0.1181,$378.63M,-36.05
CARDS-PEANUT,0.1181,$453.40M,-2.04
BTSE-USDZ,0.1181,$260.50M,-12.22
KAG-TAG,0.118,$358.76M,19.19
NFT-SOSO,0.118,$381.11M,-17.33
NXM-USTBL,0.1179,$247.71M,-4.66
1INCH-BP,0.1179,$230.05M,99.84
RLB-TIBBIR,0.1179,$210.76M,-11.67
APXUSD-ZBT,0.1179,$409.00M,-26.77
USDA-SN64,0.1179,$186.17M,-12.09
ENS-NFT,0.1179,$440.59M,-22.34
XEC-PIEVERSE,0.1179,$301.54M,-9.59
FRXUSD-SOSO,0.1179,$226.51M,-9.62
XPIN-ZAMA,0.1179,$282.71M,73.88
EDGE-FLUID,0.1178,$222.26M,-42.76
BC-KOGE,0.1178,$433.72M,146.26
USTBL-SOON,0.1178,$250.85M,29.87
USDAT-NEX,0.1178,$230.13M,-15.45
GEOD-MX,0.1178,$244.93M,29.51
LUNC-USTBL,0.1177,$439.74M,-19.85
UB-BC,0.1177,$580.41M,106.18
SEI-KAITO,0.1177,$595.82M,71.28
TWT-UQC,0.1177,$256.49M,-10.3
KMNO-ZBT,0.1177,$211.97M,-25.58
VET-PRL,0.1177,$473.03M,48.81
MET-SUN,0.1177,$431.71M,1.01
SYRUP-FRAX,0.1177,$427.31M,-15.95
BC-ETHFI,0.1176,$619.46M,95.18
WEMIX-MON,0.1176,$348.62M,-22.76
FRXUSD-CRCLON,0.1176,$202.77M,-18.54
DYDX-KAG,0.1175,$311.56M,-21.07
GNO-COMP,0.1175,$441.97M,-23.65
RAIL-ZAMA,0.1175,$227.66M,72.55
KOGE-SUN,0.1175,$556.44M,50.18
VELVET-GOMINING,0.1174,$282.07M,140.0
AKT-META,0.1174,$223.81M,23.46
OHM-XPL,0.1174,$496.39M,-5.33
ZK-NEX,0.1174,$174.68M,-38.68
ULTIMA-A,0.1174,$283.99M,-27.22
UQC-BAT,0.1174,$211.43M,-16.75
SOON-PENGU,0.1174,$461.73M,9.26
SOSO-ZAMA,0.1174,$254.40M,55.44
CASH-KMNO,0.1173,$220.04M,-5.1
CASH-ICNT,0.1173,$223.59M,-29.52
APEPE-RAIL,0.1173,$291.20M,-6.94
APXUSD-GLIDR,0.1173,$396.44M,-15.43
ULTIMA-JTO,0.1173,$450.34M,12.71
ULTIMA-TRAC,0.1173,$305.37M,-20.23
GOMINING-KOGE,0.1173,$329.71M,49.82
KAU-KITE,0.1172,$540.31M,-14.27
OZO-RAY,0.1172,$288.30M,-13.35
GOMINING-EURC,0.1172,$565.60M,-3.05
PYTH-FRAX,0.1172,$541.43M,-6.55
TIA-USDA,0.1171,$402.67M,-3.55
ICNT-BTT,0.1171,$361.04M,-38.21
AWE-PENGU,0.1171,$477.54M,-23.34
FF-EURCV,0.1171,$341.72M,0.15
TAG-CRCLON,0.1171,$237.92M,11.41
SPX-RUNE,0.117,$450.34M,-39.67
RLB-2Z,0.117,$306.61M,-13.69
VELVET-A,0.117,$268.79M,126.28
APXUSD-TRUMP,0.117,$652.45M,-24.33
COCO-CRCLON,0.117,$277.07M,-39.75
JTO-THBILL,0.117,$386.57M,24.6
LUNC-DCR,0.1169,$481.68M,-36.66
1INCH-USTBL,0.1169,$276.66M,-5.78
RLB-UUSD,0.1169,$204.06M,0.69
TWT-APYUSD,0.1169,$306.59M,-12.67
KAG-ICNT,0.1169,$315.26M,-40.19
FARTCOIN-USDZ,0.1169,$250.40M,-15.1
CASH-BTT,0.1168,$381.49M,-8.81
APEPE-SFP,0.1168,$304.09M,-31.95
TEL-COMP,0.1168,$333.64M,-24.65
STRK-PRL,0.1167,$273.28M,52.78
CARDS-USAT,0.1167,$454.10M,9.39
BTSE-ZAMA,0.1167,$270.92M,53.53
VSN-THBILL,0.1166,$268.83M,-9.68
ULTIMA-WFI,0.1166,$356.24M,-12.92
CARDS-BTT,0.1166,$528.34M,0.71
THETA-SHFL,0.1166,$247.49M,-21.38
BSV-FRAX,0.1166,$478.56M,-9.4
APXUSD-RUNE,0.1165,$443.32M,-43.38
WEMIX-XPL,0.1165,$321.01M,-13.17
AWE-IOTA,0.1165,$253.40M,-23.49
AWE-ENS,0.1165,$281.89M,-17.73
STX-GUSD,0.1165,$400.02M,-12.48
DYDX-UUSD,0.1164,$197.65M,-10.36
OZO-ENS,0.1164,$301.37M,-14.3
USTBL-AR,0.1164,$276.90M,-3.67
XTZ-BORG,0.1164,$363.74M,-34.59
SAND-SOSO,0.1164,$241.78M,-30.48
REUSD-AVUSD,0.1164,$283.41M,3.69
REUSD-GEOD,0.1164,$261.78M,36.61
RLB-EARNETH,0.1163,$251.21M,-7.37
CAKE-REAL,0.1163,$696.25M,12.1
STRK-ACRED,0.1163,$304.25M,-14.09
VCNT-BTSE,0.1163,$297.56M,-14.21
SUN-AKE,0.1163,$437.81M,565.43
MWC-APXUSD,0.1162,$408.90M,22.28
META-GPS,0.1162,$191.42M,44.35
STRK-GEOD,0.1162,$283.56M,18.5
AWE-PENDLE,0.1162,$356.47M,-6.91
NXM-STRCX,0.1161,$227.67M,-9.42
OUSG-NFT,0.1161,$644.77M,-7.34
OZO-CVX,0.1161,$260.11M,-10.51
CASH-TIA,0.1161,$428.51M,-3.96
VIRTUAL-SHFL,0.1161,$490.97M,-12.61
COCO-JASMY,0.1161,$395.81M,-33.06
STRK-CHZ,0.1161,$333.35M,-47.98
LUNC-EURC,0.116,$728.93M,-21.66
KAU-TEL,0.116,$482.62M,-12.16
CASH-FF,0.116,$314.30M,1.57
TKX-BP,0.116,$217.68M,100.84
COCO-ICNT,0.116,$285.79M,-50.71
ACRED-BONK,0.116,$379.99M,-12.57
PYTH-NFT,0.116,$585.88M,-14.25
2Z-KAG,0.1159,$416.03M,-25.14
APXUSD-DASH,0.1159,$692.49M,-14.86
COCO-MON,0.1159,$432.42M,-35.81
ZBT-SN64,0.1159,$203.94M,-32.98
GUSD-EURCV,0.1159,$298.94M,5.61
BC-CHZ,0.1158,$363.71M,61.26
AXS-AIAT,0.1158,$261.67M,-12.59
VCNT-WFI,0.1158,$338.99M,-3.8
TIBBIR-AWE,0.1157,$212.31M,-15.54
VCNT-ETHFI,0.1157,$564.34M,-2.33
FARTCOIN-MX,0.1157,$273.60M,-17.8
ZRO-TEL,0.1156,$459.07M,-28.15
TWT-FF,0.1156,$340.75M,-6.39
WEMIX-FF,0.1156,$292.71M,-6.56
SEI-KITE,0.1155,$518.56M,-23.15
SAND-SOON,0.1155,$215.20M,8.55
KOGE-FRAX,0.1155,$434.21M,51.43
AWE-XPIN,0.1154,$250.72M,5.73
USDAT-CAKE,0.1153,$586.99M,-2.28
COCO-GUSD,0.1153,$333.73M,-14.16
AVUSD-XCN,0.1153,$245.64M,-18.31
A7A5-BTT,0.1153,$737.68M,-9.89
ZRO-SHORT,0.1152,$382.31M,-10.99
DCR-FF,0.1152,$395.06M,-14.76
AVUSD-BSV,0.1152,$374.47M,-9.31
PENGU-PIEVERSE,0.1151,$553.80M,-21.35
APXUSD-ETHFI,0.115,$694.95M,-5.83
FLUID-VCNT,0.115,$250.73M,-20.15
RUNE-ETHFI,0.115,$548.15M,-33.51
ICNT-ETHFI,0.115,$501.46M,-29.06
XEC-MON,0.115,$367.65M,-23.0
UB-SAND,0.1149,$486.02M,-9.51
APXUSD-TWT,0.1149,$443.52M,-14.26
AKT-ICNT,0.1148,$229.96M,-37.34
APXUSD-CAKE,0.1148,$742.25M,-8.47
SHORT-USDAI,0.1148,$254.99M,9.24
A7A5-FRXUSD,0.1148,$588.13M,-1.18
AXS-GUSD,0.1147,$293.19M,-13.26
MWC-PENGU,0.1146,$485.56M,8.22
SEI-JTO,0.1146,$555.19M,11.4
XTZ-RUNE,0.1146,$373.74M,-55.88
BP-SHORT,0.1146,$211.79M,115.32
APYUSD-SHFL,0.1146,$279.53M,-7.43
APXUSD-FRXUSD,0.1145,$404.98M,-6.27
DRV-JASMY,0.1144,$314.23M,-3.44
RAIL-AIAT,0.1144,$207.82M,15.31
INJ-USTBL,0.1143,$620.08M,13.32
USDTB-WIF,0.1143,$501.87M,-11.28
WEMIX-SOON,0.1143,$190.43M,21.26
MWC-BC,0.1142,$333.41M,121.94
COCO-AR,0.1142,$300.27M,-25.33
KAG-THETA,0.1142,$339.78M,-29.32
KAITO-RUNE,0.1142,$457.53M,38.89
PENDLE-SHFL,0.1142,$372.05M,-6.55
UUSD-ZBT,0.1141,$213.73M,-20.57
GOMINING-RAIL,0.1141,$205.41M,5.89
NFT-THBILL,0.1141,$382.46M,-7.71
USDAT-BAT,0.114,$243.21M,-14.51
GPS-FRAX,0.114,$316.08M,12.96
DCR-NFT,0.114,$467.30M,-24.15
USAT-SOON,0.114,$275.24M,29.38
PENGU-THBILL,0.114,$489.65M,-20.16
XEC-AERO,0.114,$533.83M,-11.3
VSN-BAT,0.1139,$254.31M,-24.2
KMNO-AIAT,0.1139,$216.00M,2.73
XTZ-CRCLON,0.1139,$318.33M,-40.61
ULTIMA-IOTA,0.1139,$329.27M,-32.19
AWE-PEANUT,0.1139,$290.36M,-14.64
USAT-CRCLON,0.1139,$278.08M,-18.58
MET-USDZ,0.1139,$216.81M,1.57
UB-KAG,0.1138,$574.53M,0.67
UB-XCN,0.1138,$490.49M,-6.95
OZO-ACRED,0.1138,$240.34M,0.64
APEPE-FET,0.1138,$507.28M,-29.89
GPS-EIGEN,0.1138,$236.60M,16.65
NEO-SHORT,0.1138,$231.33M,-6.35
SOSO-USDZ,0.1138,$243.98M,-10.31
1INCH-USDAI,0.1137,$273.25M,-6.24
XTZ-WFI,0.1137,$400.02M,-23.18
WEMIX-COMP,0.1137,$259.75M,-24.97
AWE-RAY,0.1137,$268.83M,-16.77
GALA-SOSO,0.1137,$205.20M,-31.49
BORG-GEOD,0.1137,$232.62M,20.47
USDTB-SOON,0.1136,$445.53M,29.46
ICNT-CRVUSD,0.1136,$313.62M,-29.5
BORG-GUSD,0.1136,$287.78M,-5.39
USAT-GRASS,0.1135,$401.10M,0.73
XEC-COMP,0.1135,$278.78M,-25.21
DYDX-DEXE,0.1134,$371.95M,-47.27
DRV-USAT,0.1134,$287.87M,8.29
OZO-UQC,0.1134,$233.32M,-2.0
CVX-ICNT,0.1134,$236.39M,-40.25
CHEEMS-KITE,0.1134,$332.32M,-29.45
WEMIX-SYRUP,0.1134,$307.67M,-24.09
PIEVERSE-CRCLON,0.1134,$274.93M,-19.66
EURC-USDF,0.1133,$561.87M,-1.43
TRAC-FRAX,0.1133,$343.73M,-8.43
SEI-AVUSD,0.1132,$402.53M,-13.12
OHM-BTSE,0.1132,$408.92M,-11.84
GLM-ACRED,0.1132,$209.80M,-15.77
CARDS-ETHFI,0.1132,$668.76M,9.86
USDF-XPL,0.1132,$332.43M,-5.01
DYDX-RAY,0.1131,$260.87M,-23.96
LDO-BP,0.1131,$417.43M,104.9
GRT-COCO,0.1131,$345.57M,-40.27
INJ-TRAC,0.113,$582.90M,4.52
USDTB-FET,0.113,$661.44M,-15.41
SPX-FF,0.1129,$494.36M,-4.53
DRV-RUNE,0.1129,$250.91M,-21.7
GLM-FRAX,0.1129,$314.83M,-16.18
ICNT-USDZ,0.1129,$228.96M,-30.2
AWE-STX,0.1129,$356.34M,-22.72
TEL-SFP,0.1129,$277.05M,-25.35
MWC-SOSO,0.1128,$230.43M,18.74
RUNE-UUSD,0.1128,$248.05M,-36.17
CRVUSD-GRASS,0.1128,$427.92M,0.77
MET-USDF,0.1128,$201.25M,2.27
BSV-USDZ,0.1128,$385.88M,-10.09
VELVET-GNO,0.1127,$449.15M,134.78
USTBL-SUN,0.1127,$503.13M,-0.89
USDAT-GALA,0.1127,$228.41M,-21.96
DASH-SOON,0.1127,$487.44M,20.83
ZANO-NFT,0.1127,$395.68M,-10.18
FARTCOIN-USDF,0.1127,$234.85M,-14.4
SOSO-TRUMP,0.1127,$473.98M,-27.67
SAND-ONYC,0.1126,$371.39M,-19.57
USAT-FET,0.1126,$491.15M,-15.48
EURC-PRL,0.1126,$534.11M,65.84
BTSE-MON,0.1126,$381.31M,-26.05
TWT-PRL,0.1124,$232.54M,59.21
GPS-JTO,0.1124,$364.65M,37.57
RUNE-AKE,0.1124,$243.79M,377.63
RAY-GUSD,0.1124,$312.51M,-6.53
SOSO-WFI,0.1124,$291.13M,-10.65
UQC-XPL,0.1123,$328.61M,-7.25
ONYC-ZAMA,0.1123,$384.02M,66.35
VSN-XEC,0.1122,$270.35M,-18.16
STAC-GLIDR,0.1122,$204.03M,-8.71
INJ-STRK,0.1122,$648.45M,-1.55
TIA-CHEEMS,0.1122,$406.81M,-23.36
XTZ-AWE,0.1122,$331.29M,-25.26
ENS-ONYC,0.1122,$422.28M,-13.25
NFT-WFI,0.1122,$439.07M,-8.83
FRXUSD-EURCV,0.1122,$259.36M,-1.52
OUSG-ICNT,0.1121,$481.82M,-29.05
OUSG-GRASS,0.1121,$596.12M,1.21
BC-MX,0.1121,$370.16M,91.34
ZBT-CRCLON,0.1121,$206.80M,-39.04
USDAT-AR,0.112,$255.85M,-4.13
XTZ-ZANO,0.112,$356.63M,-24.54
STRCX-EIGEN,0.112,$281.39M,-0.71
MWC-SOON,0.1119,$203.85M,56.62
TIA-STRCX,0.1119,$447.29M,-8.25
ZK-MX,0.1119,$234.94M,-26.71
USAT-MANA,0.1119,$316.61M,-12.98
GEOD-USDAI,0.1119,$251.78M,32.91
INJ-GUSD,0.1117,$608.74M,20.0
US-APEPE,0.1117,$620.33M,408.21
ZANO-EURCV,0.1117,$280.60M,-3.91
STAC-KAG,0.1116,$316.34M,-10.24
META-FARTCOIN,0.1116,$218.43M,16.98
CHEEMS-PIEVERSE,0.1116,$282.40M,-20.61
CRVUSD-FRAX,0.1116,$432.12M,-0.09
SOON-XEC,0.1116,$209.47M,21.02
STRCX-RAIL,0.1116,$230.64M,3.19
TEL-KITE,0.1116,$406.32M,-17.87
DEXE-SNX,0.1115,$396.52M,-52.82
KMNO-REUSD,0.1115,$265.45M,-1.38
ACRED-EURCV,0.1115,$264.48M,-1.12
TKX-A7A5,0.1114,$581.65M,-6.35
COCO-XPIN,0.1114,$329.12M,-12.37
KAG-XPIN,0.1114,$358.59M,-1.86
SAND-USDAI,0.1114,$282.63M,-20.95
DRV-MON,0.1113,$350.84M,-6.2
USDAT-USDZ,0.1113,$267.19M,-0.77
GPS-RUNE,0.1113,$244.27M,-27.07
ICNT-KOGE,0.1113,$315.72M,22.02
USAT-XPIN,0.1113,$330.13M,8.8
KMNO-ACRED,0.1112,$213.06M,-4.68
UQC-UUSD,0.1112,$207.80M,-2.3
ACRED-NEX,0.1112,$205.37M,-15.05
SAND-USDZ,0.1112,$252.58M,-21.64
TIBBIR-DCR,0.1111,$309.26M,-28.79
KAITO-REUSD,0.1111,$476.70M,88.09
VCNT-ZANO,0.1111,$295.60M,-5.16
OUSG-TAG,0.111,$525.32M,30.32
RLB-GRT,0.111,$265.62M,-18.3
COCO-FLOKI,0.111,$382.73M,-39.26
TIBBIR-VCNT,0.111,$270.93M,-15.12
UQC-KITE,0.111,$340.02M,-12.27
WIF-MX,0.111,$296.93M,-14.72
EDGE-GRASS,0.1109,$351.84M,-24.54
VELVET-OHM,0.1109,$442.31M,141.3
USDAT-CARDS,0.1109,$408.67M,9.42
RUNE-ONYC,0.1109,$394.47M,-34.83
WEMIX-SN64,0.1109,$190.42M,-20.63
EURC-FRXUSD,0.1109,$559.96M,-1.44
UB-USDAI,0.1108,$518.27M,11.36
US-FARTCOIN,0.1108,$541.98M,408.32
USTBL-ACRED,0.1108,$275.88M,0.77
ACRED-ETHFI,0.1108,$514.93M,0.76
PYTH-SHFL,0.1108,$442.76M,-9.28
USDTB-GRASS,0.1107,$571.39M,0.81
ZK-APYUSD,0.1107,$242.48M,-27.92
ENS-THBILL,0.1107,$294.00M,-14.54
CRCLON-FRAX,0.1107,$312.92M,-18.56
ZRO-DCR,0.1106,$487.53M,-36.67
USTBL-ENS,0.1106,$336.91M,-14.17
STRK-MANA,0.1106,$320.60M,-27.36
PRL-WFI,0.1106,$258.61M,66.16
LUNC-GPS,0.1105,$374.91M,-7.25
UB-FLUID,0.1105,$447.12M,-6.02
DYDX-USTBL,0.1105,$258.71M,-9.92
CASH-NEX,0.1105,$212.35M,-15.46
OHM-SNX,0.1105,$398.24M,-16.25
DCR-REAL,0.1105,$451.84M,-2.05
NEO-SOON,0.1105,$223.78M,13.82
UUSD-VCNT,0.1105,$264.23M,-2.76
USDA-EURC,0.1105,$546.21M,-1.05
EDGE-USDTB,0.1104,$491.50M,-25.33
US-AXS,0.1104,$562.65M,402.33
GLM-MX,0.1104,$245.35M,-19.57
ULTIMA-EURCV,0.1104,$331.14M,-13.32
ZANO-AVUSD,0.1104,$247.14M,-2.39
REUSD-STRCX,0.1104,$308.23M,-0.69
XEC-USDF,0.1103,$231.30M,-8.47
KITE-AKE,0.1103,$327.53M,556.73
1INCH-COCO,0.1102,$300.04M,-27.44
RLB-IOTA,0.1102,$251.85M,-19.63
DYDX-EARNETH,0.1102,$244.81M,-18.42
DYDX-KOGE,0.1102,$312.01M,41.14
APR-COMP,0.1102,$355.72M,-11.91
UQC-FRXUSD,0.1102,$217.94M,-2.32
BTSE-SFP,0.1102,$235.84M,-28.96
OZO-USDAI,0.1101,$282.73M,0.24
APEPE-BAT,0.11,$304.77M,-28.95
GPS-GOMINING,0.11,$211.57M,11.36
KAITO-STRCX,0.11,$450.06M,80.08
BC-RUNE,0.1099,$367.83M,52.82
AWE-AERO,0.1099,$520.19M,-6.01
TAG-JASMY,0.1099,$356.65M,18.11
SHORT-FRXUSD,0.1099,$207.47M,9.24
APEPE-PENDLE,0.1098,$452.01M,-18.25
BTSE-AERO,0.1098,$547.48M,-14.34
LUNC-AIAT,0.1097,$396.88M,-12.49
CASH-SOON,0.1097,$212.03M,29.4
CHEEMS-WFI,0.1097,$274.86M,-20.53
APYUSD-XPL,0.1097,$378.71M,-9.62
KOGE-CHZ,0.1097,$358.29M,17.95
SPX-MWC,0.1096,$415.92M,22.67
STAC-RUNE,0.1096,$250.91M,-35.68
DYDX-EURC,0.1096,$547.90M,-11.73
TEL-AKE,0.1096,$269.84M,558.85
UB-GUSD,0.1095,$510.34M,18.49
OZO-KOGE,0.1095,$339.45M,51.76
2Z-NFT,0.1095,$466.86M,-22.17
COCO-IOTA,0.1095,$331.80M,-41.59
STX-GEOD,0.1095,$344.86M,13.38
TEL-TRUMP,0.1095,$531.70M,-25.97
PENDLE-APYUSD,0.1095,$408.78M,-8.41
1INCH-AWE,0.1094,$221.64M,-9.34
CASH-AKT,0.1094,$250.41M,-7.94
META-BORG,0.1094,$233.68M,18.86
FLOKI-PRL,0.1094,$282.58M,49.23
GUSD-BSV,0.1094,$408.00M,-2.26
USTBL-FF,0.1093,$353.13M,2.04
STRK-XPL,0.1093,$409.80M,-19.42
GALA-GUSD,0.1093,$238.12M,-14.83
LUNC-BAT,0.1092,$382.31M,-34.73
KAG-BTT,0.1092,$473.16M,-19.48
ULTIMA-WEMIX,0.1092,$282.12M,-20.04
KAITO-WEMIX,0.1092,$409.69M,76.24
FF-WFI,0.1092,$366.83M,0.56
MWC-DEXE,0.1091,$387.92M,-7.87
EARNETH-USTBL,0.1091,$307.78M,-7.67
ULTIMA-FET,0.1091,$487.62M,-27.26
FF-GUSD,0.1091,$341.79M,8.72
USDA-TEL,0.1091,$270.49M,-7.53
REUSD-TEL,0.1091,$341.75M,-4.22
IOTA-ONYC,0.1091,$393.78M,-19.01
TEL-TRAC,0.109,$297.98M,-16.26
PENDLE-XPIN,0.109,$395.55M,5.1
SOSO-FRAX,0.109,$336.65M,-9.63
NXM-BP,0.1089,$201.11M,100.97
VIRTUAL-AKE,0.1089,$465.09M,556.9
OHM-WEMIX,0.1089,$376.23M,-8.55
GPS-FET,0.1089,$401.93M,-2.4
ULTIMA-CARDS,0.1089,$450.57M,-2.39
AVUSD-AERO,0.1089,$530.35M,-2.83
FARTCOIN-RAIL,0.1089,$212.86M,-6.82
UB-USAT,0.1088,$546.06M,11.33
LDO-ZBT,0.1088,$417.14M,-21.68
FDUSD-CARDS,0.1088,$614.96M,9.37
AVUSD-FRXUSD,0.1088,$225.90M,-0.0
GEOD-ZAMA,0.1088,$232.16M,97.96
SN64-SOSO,0.1088,$206.58M,-22.01
DEXE-SOON,0.1087,$364.09M,-7.48
META-EIGEN,0.1087,$236.01M,34.97
FDUSD-EIGEN,0.1087,$486.69M,3.55
XPIN-USDF,0.1087,$256.74M,8.84
UB-APEPE,0.1086,$562.20M,-3.08
REUSD-BTSE,0.1086,$300.54M,-7.82
PENDLE-THBILL,0.1086,$368.59M,-3.73
STAC-CVX,0.1085,$237.46M,-10.3
RLB-USDTB,0.1085,$459.79M,0.72
ZRO-REUSD,0.1085,$452.19M,-16.62
APXUSD-COCO,0.1085,$479.28M,-27.48
COCO-SAND,0.1085,$309.41M,-42.15
FF-ZANO,0.1085,$323.45M,-0.8
WIF-GUSD,0.1085,$295.85M,-4.19
TEL-MET,0.1085,$263.73M,-5.57
SEI-META,0.1084,$381.97M,18.18
SOON-BSV,0.1084,$348.50M,20.1
A7A5-XCN,0.1084,$607.86M,-19.49
DEXE-SYRUP,0.1083,$481.33M,-52.83
US-SOON,0.1083,$508.98M,452.14
COCO-WEMIX,0.1083,$284.64M,-29.44
FF-MET,0.1083,$281.70M,3.94
USDAI-ZAMA,0.1083,$295.25M,64.97
MWC-OHM,0.1082,$389.65M,28.38
MWC-SHORT,0.1082,$211.39M,38.89
ENS-SOSO,0.1082,$292.66M,-24.16
STAC-MET,0.1081,$192.06M,2.8
USTBL-BP,0.1081,$275.08M,106.45
UQC-XCN,0.1081,$237.68M,-20.62
USAT-MON,0.108,$433.42M,-14.63
EURC-FRAX,0.108,$670.10M,-1.45
USDTB-ONYC,0.1079,$601.73M,1.34
VELVET-2Z,0.1079,$368.84M,127.24
GPS-FLOKI,0.1079,$294.52M,-5.0
ACRED-SYRUP,0.1079,$322.29M,-15.54
NEX-KITE,0.1079,$322.33M,-25.4
DRV-UQC,0.1078,$210.66M,6.09
CAKE-COCO,0.1078,$631.41M,-23.49
GPS-PYTH,0.1078,$417.37M,6.52
DCR-WEMIX,0.1078,$303.20M,-24.59
CHEEMS-RUNE,0.1078,$248.58M,-55.59
IMX-MWC,0.1077,$341.16M,12.7
BC-DASH,0.1077,$617.00M,86.16
TKX-FF,0.1077,$295.73M,-3.57
ULTIMA-TEL,0.1077,$356.02M,-19.72
TEL-SOSO,0.1077,$290.90M,-17.45
VELVET-FDUSD,0.1076,$512.60M,141.57
ICNT-SN64,0.1076,$191.56M,-41.9
TAG-TRUMP,0.1076,$502.46M,11.82
LUNC-ULTIMA,0.1075,$460.60M,-32.11
US-TKX,0.1075,$522.41M,417.48
TIBBIR-CHEEMS,0.1075,$206.80M,-31.85
TIBBIR-KAITO,0.1075,$415.75M,72.04
ULTIMA-SN64,0.1075,$271.69M,-24.29
CARDS-PRL,0.1075,$352.94M,76.7
OZO-XPIN,0.1074,$270.19M,9.15
GLM-CHEEMS,0.1074,$195.08M,-35.58
SNX-USDF,0.1074,$234.27M,-15.93
NFT-GRASS,0.1074,$480.39M,-6.95
BTSE-FET,0.1074,$439.03M,-26.89
UB-TEL,0.1073,$535.15M,3.52
OUSG-USDAT,0.1073,$520.05M,0.37
KAU-WFI,0.1073,$482.85M,-5.35
USDTB-DASH,0.1073,$752.96M,-8.62
GPS-KAG,0.1073,$309.70M,2.28
ZANO-AR,0.1073,$247.21M,-6.52
ZANO-USDAI,0.1073,$288.60M,-2.47
USDAT-GOMINING,0.1072,$255.36M,-1.69
USDAT-ZAMA,0.1072,$277.61M,64.97
COCO-GALA,0.1072,$272.84M,-43.16
KAITO-CARDS,0.1072,$578.14M,93.89
MX-SHFL,0.1072,$271.99M,-6.22
RLB-ONYC,0.1071,$350.48M,2.06
TKX-RUNE,0.1071,$251.71M,-41.01
OHM-CHEEMS,0.1071,$376.12M,-19.81
USDAT-JASMY,0.1071,$351.39M,-11.85
AVUSD-TRUMP,0.1071,$473.37M,-18.06
ICNT-TRAC,0.107,$225.24M,-37.84
FDUSD-PRL,0.107,$430.17M,67.15
SOON-AR,0.107,$206.06M,25.37
SPX-STRCX,0.1069,$442.87M,-10.51
MWC-SYRUP,0.1069,$321.09M,12.54
UUSD-JTO,0.1069,$368.42M,24.53
GNO-XTZ,0.1068,$508.12M,-28.99
SNX-VCNT,0.1068,$286.88M,-18.62
FF-AR,0.1068,$308.34M,-2.45
IOTA-TAG,0.1068,$292.64M,9.57
TAG-STX,0.1068,$395.59M,10.34
DYDX-MWC,0.1067,$211.71M,18.48
OHM-XTZ,0.1067,$501.28M,-22.47
BC-A,0.1066,$321.86M,79.41
CASH-KOGE,0.1066,$336.17M,51.42
USTBL-EURCV,0.1066,$310.28M,-1.07
1INCH-OZO,0.1065,$241.11M,-5.92
NEO-CRVUSD,0.1065,$345.83M,-15.67
XTZ-EURCV,0.1065,$374.91M,-23.59
NEX-MET,0.1065,$179.75M,-13.1
BONK-ZAMA,0.1065,$402.76M,52.09
1INCH-APXUSD,0.1064,$410.87M,-12.43
APR-SEI,0.1064,$482.94M,-8.29
USDA-FRXUSD,0.1064,$206.10M,0.31
XPIN-BONK,0.1064,$409.84M,-4.05
NXM-AIAT,0.1063,$204.85M,2.7
USDTB-ZBT,0.1063,$469.47M,-20.54
US-RAY,0.1063,$581.97M,409.06
RUNE-GLIDR,0.1063,$249.65M,-44.61
REUSD-APYUSD,0.1063,$325.56M,-0.99
1INCH-ZBT,0.1062,$229.76M,-26.73
RLB-ACRED,0.1062,$219.31M,1.08
AKT-AWE,0.1062,$234.21M,-11.02
COCO-AVUSD,0.1062,$300.20M,-21.21
STRK-XCN,0.1062,$318.87M,-32.79
USDTB-NEX,0.1061,$445.85M,-15.4
COCO-REAL,0.1061,$433.28M,-6.9
IOTA-SUN,0.1061,$489.86M,-21.65
SOON-SN64,0.1061,$180.00M,17.02
XPIN-AERO,0.106,$559.27M,6.01
APEPE-TRAC,0.1059,$325.03M,-22.86
APXUSD-NEO,0.1059,$428.83M,-21.86
TIBBIR-STRK,0.1059,$295.70M,-26.84
PRL-SHFL,0.1059,$205.47M,64.45
GRASS-USDZ,0.1059,$343.26M,0.07
WEMIX-VCNT,0.1058,$264.87M,-10.92
A7A5-MET,0.1058,$567.62M,1.17
DEXE-PENDLE,0.1056,$524.73M,-40.7
APXUSD-STRK,0.1056,$484.27M,-20.68
FARTCOIN-KOGE,0.1056,$337.16M,37.12
BTSE-JASMY,0.1056,$344.70M,-23.29
FRXUSD-AR,0.1056,$225.98M,-4.13
AVUSD-GOMINING,0.1055,$231.54M,-1.62
EURC-USDAI,0.1055,$607.47M,-1.44
A-BTSE,0.1055,$235.40M,-26.86
OZO-FRXUSD,0.1054,$235.22M,0.24
APEPE-BP,0.1054,$315.60M,91.56
USTBL-ULTIMA,0.1054,$342.54M,-11.43
TWT-BTSE,0.1054,$281.58M,-19.51
ZBT-GLIDR,0.1054,$215.33M,-29.74
OUSG-AWE,0.1053,$486.07M,-2.74
INJ-ULTIMA,0.1053,$640.94M,1.06
GRT-DEXE,0.1053,$435.42M,-55.96
USDTB-ACRED,0.1053,$470.56M,0.36
US-MX,0.1053,$569.55M,419.24
APXUSD-WIF,0.1053,$441.40M,-17.51
FDUSD-DASH,0.1053,$743.53M,-8.71
UUSD-MET,0.1053,$189.20M,2.28
MWC-PENDLE,0.1052,$364.49M,25.01
APXUSD-TIBBIR,0.1052,$401.54M,-18.62
ULTIMA-RAIL,0.1052,$271.54M,-4.31
ACRED-FLOKI,0.1052,$313.55M,-17.65
PRL-FRXUSD,0.1052,$193.99M,67.19
EARNETH-FF,0.1051,$339.23M,-6.45
ZRO-BTSE,0.1051,$417.87M,-31.76
USDAT-SAND,0.1051,$264.99M,-20.95
CAKE-GEOD,0.1051,$541.54M,30.71
VCNT-BONK,0.1051,$429.39M,-15.65
TEL-AIAT,0.1051,$292.29M,-0.11
STAC-XEC,0.105,$222.10M,-7.94
OUSG-JTO,0.1049,$648.89M,24.97
USDTB-ETHFI,0.1049,$755.41M,0.4
GPS-SAND,0.1049,$221.20M,-7.89
STRCX-A7A5,0.1049,$619.00M,-5.49
META-XPIN,0.1048,$240.31M,40.21
BP-KOGE,0.1048,$328.38M,157.52
UQC-REAL,0.1048,$357.08M,12.07
GEOD-COMP,0.1048,$253.67M,16.18
ZAMA-USDF,0.1048,$249.65M,64.97
RLB-SOON,0.1047,$194.28M,30.18
OZO-DCR,0.1047,$328.08M,-16.12
OZO-SHFL,0.1047,$246.70M,-2.5
AKT-FF,0.1047,$320.68M,-6.25
TIBBIR-GPS,0.1047,$202.49M,0.62
ACRED-PENDLE,0.1047,$365.69M,-3.41
USDA-APYUSD,0.1047,$254.30M,-4.3
LUNC-SUN,0.1046,$621.19M,-21.56
US-VCNT,0.1046,$583.41M,419.95
GLM-AVUSD,0.1046,$210.74M,-16.09
KAG-RUNE,0.1046,$361.95M,-48.06
TEL-GOMINING,0.1046,$289.88M,-9.53
OUSG-A7A5,0.1045,$858.45M,-0.73
MWC-VET,0.1045,$502.80M,10.09
DEXE-BTT,0.1045,$533.55M,-45.68
OHM-ICNT,0.1045,$377.38M,-29.82
VSN-TAG,0.1044,$295.96M,20.19
DEXE-TEL,0.1044,$448.40M,-44.81
CVX-FF,0.1044,$327.10M,-9.16
APXUSD-WEMIX,0.1044,$395.48M,-14.42
UUSD-SN64,0.1044,$189.78M,-12.47
LUNC-EIGEN,0.1043,$419.49M,-16.63
OZO-CHZ,0.1042,$269.44M,-33.25
OHM-USDAI,0.1042,$433.24M,-0.4
CAKE-THBILL,0.1042,$565.12M,-2.2
NFT-CRCLON,0.1042,$357.37M,-26.26
OUSG-FF,0.1041,$572.53M,2.04
STAC-AKE,0.1041,$198.17M,567.22
OZO-CRVUSD,0.1041,$337.35M,0.24
ACRED-STX,0.1041,$365.56M,-19.22
AIAT-AERO,0.1041,$532.35M,4.9
OUSG-MANA,0.104,$511.63M,-12.5
CASH-EURCV,0.104,$271.45M,-1.54
US-BTSE,0.104,$552.08M,411.2
ZRO-NFT,0.104,$549.28M,-28.03
KAG-KITE,0.104,$445.69M,-20.72
USAT-USDF,0.104,$297.07M,-0.11
RAY-ONYC,0.1039,$409.21M,-12.29
UB-PRL,0.1038,$444.91M,78.63
STAC-ENS,0.1038,$278.71M,-14.09
TIBBIR-XEC,0.1038,$225.94M,-20.83
BP-USDA,0.1038,$210.41M,106.39
STAC-NEO,0.1037,$236.42M,-15.14
RLB-EURC,0.1037,$554.31M,-0.68
APR-AXS,0.1037,$340.08M,-15.49
MWC-GPS,0.1037,$209.85M,40.64
NEO-BP,0.1037,$248.01M,90.4
NEO-USAT,0.1037,$319.00M,-15.7
ULTIMA-BTT,0.1037,$441.17M,-20.6
SFP-USDZ,0.1037,$230.12M,-18.21
OUSG-GLM,0.1036,$475.01M,-15.72
VELVET-SNX,0.1036,$288.94M,125.76
COCO-PEANUT,0.1036,$368.76M,-32.75
GPS-A,0.1036,$198.30M,-2.36
GPS-MANA,0.1036,$227.39M,0.11
FF-ZBT,0.1036,$306.23M,-18.91
DYDX-XPIN,0.1035,$242.76M,-1.46
AKT-GNO,0.1035,$411.04M,-14.76
META-STX,0.1035,$345.93M,11.77
APR-NEX,0.1034,$286.72M,-10.54
GNO-JTO,0.1034,$551.28M,17.68
RUNE-BTSE,0.1034,$281.37M,-44.43
FARTCOIN-GEOD,0.1034,$217.36M,18.59
PIEVERSE-THBILL,0.1034,$300.02M,-1.11
LDO-BTSE,0.1033,$436.31M,-12.62
VELVET-ZRO,0.1033,$451.26M,121.38
WEMIX-PIEVERSE,0.1033,$282.51M,-9.35
US-CRVUSD,0.1032,$631.02M,422.65
VIRTUAL-USDAT,0.1032,$509.37M,-9.87
BORG-SOSO,0.1032,$254.86M,-22.05
KOGE-BSV,0.1032,$472.64M,42.13
ENS-USDF,0.1031,$287.91M,-14.62
EDGE-EIGEN,0.103,$276.57M,-21.7
CVX-KAITO,0.103,$444.08M,73.64
FRXUSD-BTT,0.103,$369.39M,-8.79
BC-COCO,0.1029,$403.79M,73.54
CASH-AIAT,0.1029,$240.00M,7.71
REUSD-A7A5,0.1029,$645.64M,2.51
KOGE-PRL,0.1029,$298.22M,118.71
EDGE-REAL,0.1028,$385.03M,-10.99
USDTB-PRL,0.1028,$439.59M,67.24
META-ONYC,0.1028,$341.62M,32.67
GNO-REAL,0.1028,$531.70M,7.47
COCO-USDF,0.1028,$296.06M,-21.28
SNX-REAL,0.1028,$371.49M,-1.55
KOGE-MON,0.1028,$462.34M,36.91
DEXE-ZRO,0.1027,$558.83M,-57.21
CASH-GLIDR,0.1027,$223.40M,-9.26
USDAT-WEMIX,0.1027,$240.22M,-8.23
TIBBIR-SHORT,0.1027,$204.04M,-3.11
CHEEMS-ZBT,0.1027,$214.26M,-39.99
EIGEN-KOGE,0.1027,$354.74M,55.11
DRV-SHFL,0.1026,$224.04M,5.58
CASH-KITE,0.1026,$354.02M,-10.05
KITE-SFP,0.1026,$334.73M,-27.47
PIEVERSE-SFP,0.1026,$284.81M,-18.63
CARDS-TAG,0.1025,$413.93M,39.38
GOMINING-A7A5,0.1025,$593.77M,-2.8
GLIDR-ONYC,0.1025,$347.59M,-7.87
KAU-GOMINING,0.1024,$423.87M,-5.93
UQC-GLIDR,0.1024,$209.40M,-11.48
ONYC-BTT,0.1024,$505.68M,-7.41
BC-UUSD,0.1023,$319.35M,94.76
KMNO-USDZ,0.1023,$225.41M,-5.78
KAITO-USDAI,0.1023,$466.71M,84.39
ICNT-GOMINING,0.1023,$217.14M,-31.12
ICNT-PRL,0.1023,$185.64M,37.77
FF-AIAT,0.1023,$310.26M,9.4
PENGU-GEOD,0.1023,$466.06M,12.75
USDTB-RAIL,0.1022,$445.37M,7.54
STAC-MX,0.1021,$253.23M,-2.95
MWC-APYUSD,0.1021,$271.97M,23.86
OZO-CRCLON,0.1021,$218.15M,-18.23
FLOKI-USAT,0.1021,$383.74M,-18.08
SOON-THETA,0.1021,$216.10M,10.86
APXUSD-MX,0.102,$445.65M,-9.67
ACRED-AR,0.102,$231.10M,-3.73
USDA-SHFL,0.102,$217.58M,-2.44
RLB-TRAC,0.1018,$227.94M,-7.66
TAG-EIGEN,0.1018,$285.66M,33.55
APXUSD-BONK,0.1017,$560.00M,-19.15
ZK-ACRED,0.1017,$199.39M,-22.92
OUSG-DRV,0.1016,$482.89M,8.77
OUSG-FDUSD,0.1016,$726.35M,0.32
OUSG-USAT,0.1016,$565.48M,0.34
CVX-RUNE,0.1016,$283.08M,-45.59
OHM-XEC,0.1016,$395.26M,-8.79
JTO-WFI,0.1016,$443.18M,23.48
BORG-MX,0.1016,$288.86M,-15.92
TEL-BAT,0.1016,$277.73M,-22.35
USDAT-EURC,0.1015,$589.84M,-1.44
AXS-SOON,0.1015,$233.70M,9.1
UUSD-JASMY,0.1015,$311.37M,-11.84
PENGU-USDZ,0.1015,$499.11M,-20.93
ZBT-EURCV,0.1015,$263.38M,-22.02
CVX-BTSE,0.1014,$267.93M,-22.27
US-BTT,0.1014,$678.44M,413.94
CRVUSD-A,0.1014,$314.34M,-15.41
FRAX-ZAMA,0.1014,$357.88M,64.96
CARDS-FRAX,0.1013,$488.93M,9.41
JTO-BAT,0.1013,$372.05M,10.09
APEPE-BTSE,0.1012,$334.47M,-25.96
FLUID-GEOD,0.1012,$180.63M,15.53
OZO-TKX,0.1011,$228.74M,-4.92
CVX-UUSD,0.1011,$234.60M,-10.82
GLM-CARDS,0.1011,$363.63M,-6.67
STRCX-XCN,0.1011,$270.45M,-22.69
CHZ-FRAX,0.1011,$364.21M,-33.58
SUN-USDF,0.1011,$454.13M,-1.34
VSN-UQC,0.101,$258.91M,-12.0
UB-JASMY,0.101,$572.42M,-0.41
DRV-STRK,0.101,$291.85M,-6.09
EDGE-AWE,0.101,$241.80M,-28.48
EDGE-USDF,0.101,$247.81M,-25.37
INJ-BP,0.101,$573.47M,118.95
FLUID-SHORT,0.101,$183.84M,-8.14
GPS-XPL,0.101,$316.60M,8.04
AXS-KAG,0.101,$357.38M,-31.09
NEX-TRUMP,0.101,$447.72M,-33.5
TAG-USDAI,0.101,$302.51M,29.87
GEOD-XPL,0.101,$314.93M,27.98
PRL-BAT,0.101,$187.48M,52.76
OUSG-CARDS,0.1009,$649.12M,9.87
1INCH-CHEEMS,0.1009,$216.13M,-25.65
USTBL-COMP,0.1009,$320.17M,-16.36
USDAT-SFP,0.1009,$242.53M,-17.52
GPS-STX,0.1009,$346.53M,-6.56
USAT-SUN,0.1009,$527.52M,-1.37
GEOD-XCN,0.1009,$224.00M,14.61
UB-FARTCOIN,0.1008,$483.85M,-2.96
OUSG-BORG,0.1008,$518.52M,-12.07
FF-AVUSD,0.1008,$308.26M,1.67
FF-EURC,0.1008,$642.32M,0.24
OUSG-ZRO,0.1007,$665.00M,-19.87
OUSG-CRCLON,0.1007,$473.10M,-18.1
APR-SYRUP,0.1007,$403.64M,-11.03
GRT-APEPE,0.1007,$362.70M,-33.5
RUNE-IOTA,0.1007,$295.84M,-54.15
PENGU-TAG,0.1007,$516.79M,9.72
MWC-RAY,0.1006,$276.85M,14.57
DEXE-REAL,0.1006,$523.14M,-22.59
VIRTUAL-ONYC,0.1006,$615.77M,-8.49
COCO-CARDS,0.1006,$453.09M,-11.79
ZBT-PRL,0.1006,$198.02M,46.7
XPIN-USDZ,0.1006,$272.29M,8.14
UB-AKT,0.1005,$489.23M,3.52
CAKE-STRCX,0.1005,$587.99M,-6.59
COCO-SOSO,0.1005,$300.81M,-30.82
KMNO-USDF,0.1005,$209.86M,-5.08
BP-PIEVERSE,0.1005,$296.32M,104.88
ACRED-VET,0.1005,$504.00M,-18.07
EDGE-MANA,0.1004,$267.36M,-38.24
SEI-REUSD,0.1004,$453.99M,-9.5
KITE-TRAC,0.1004,$355.67M,-18.37
CRCLON-SHFL,0.1004,$214.25M,-21.29
STAC-WEMIX,0.1003,$203.07M,-7.7
MWC-BTT,0.1003,$373.31M,19.84
LDO-CHEEMS,0.1003,$403.51M,-20.6
REUSD-FET,0.1003,$473.35M,-11.75
UB-UUSD,0.1002,$460.62M,11.37
OZO-AWE,0.1002,$231.12M,-2.87
CASH-APEPE,0.1002,$323.38M,-14.54
ACRED-NFT,0.1002,$379.56M,-7.39
KITE-CHZ,0.1002,$376.14M,-43.52
RAY-USDZ,0.1002,$290.40M,-14.36
CAKE-TEL,0.1001,$621.51M,-10.12
KMNO-THBILL,0.1001,$215.95M,-5.0
ICNT-AIAT,0.1001,$219.55M,-21.69
SOON-FET,0.1001,$395.93M,14.05
XEC-NFT,0.1001,$383.98M,-16.18
XEC-EURCV,0.1001,$268.89M,-9.91
RLB-FLOKI,0.1,$302.78M,-17.29
TIA-KOGE,0.1,$520.64M,47.58
KMNO-STRK,0.1,$287.23M,-19.49
FDUSD-AWE,0.1,$451.92M,-3.23
PENGU-GUSD,0.1,$521.22M,-13.11
THETA-GUSD,0.1,$275.60M,-11.5
RLB-USDAT,0.0999,$244.07M,0.68
GRT-USDTB,0.0999,$516.87M,-19.02
VIRTUAL-APYUSD,0.0999,$527.70M,-14.47
USTBL-OHM,0.0999,$436.65M,0.06
ICNT-ONYC,0.0999,$347.78M,-28.13
SHORT-SFP,0.0999,$200.28M,-8.19
GLIDR-THBILL,0.0999,$219.32M,-9.16
OUSG-SOSO,0.0998,$496.84M,-9.17
STAC-GRASS,0.0998,$318.51M,1.3
KAU-DEXE,0.0998,$582.39M,-41.21
LDO-UUSD,0.0998,$402.98M,-1.17
USDTB-BTSE,0.0998,$488.63M,-11.48
USTBL-AKE,0.0998,$256.36M,567.14
NEO-BTSE,0.0998,$266.89M,-27.12
UUSD-GOMINING,0.0998,$215.35M,-1.68
USAT-PIEVERSE,0.0998,$367.31M,-1.23
KAU-SAND,0.0997,$433.49M,-25.18
USDAT-BTSE,0.0997,$272.91M,-11.52
CHEEMS-BAT,0.0997,$203.73M,-33.93
KITE-BTT,0.0997,$491.48M,-18.74
BTSE-BTT,0.0997,$392.58M,-20.23
IMX-APXUSD,0.0996,$522.38M,-22.22
APR-KMNO,0.0996,$294.41M,-0.18
MWC-SN64,0.0996,$203.83M,15.15
FLOKI-FRAX,0.0996,$418.57M,-18.06
DRV-NEX,0.0995,$192.97M,-7.04
DRV-NFT,0.0995,$367.17M,0.61
OZO-TRAC,0.0995,$248.96M,-8.1
GNO-USAT,0.0995,$467.87M,-6.95
CAKE-VCNT,0.0995,$611.64M,-4.97
KAU-ZANO,0.0994,$439.47M,-6.71
AWE-WIF,0.0994,$252.16M,-14.43
VELVET-AKE,0.0993,$262.03M,708.38
CVX-GEOD,0.0993,$229.16M,22.16
ZRO-WEMIX,0.0993,$385.18M,-28.47
USTBL-TAG,0.0993,$305.91M,30.33
META-ICNT,0.0993,$196.99M,1.88
AXS-GEOD,0.0993,$238.03M,12.6
AIAT-GRASS,0.0993,$333.85M,8.57
LUNC-OUSG,0.0992,$659.15M,-19.85
AKT-STRCX,0.0992,$269.19M,-12.23
APEPE-BTT,0.0992,$460.83M,-23.23
USAT-A7A5,0.0992,$663.43M,-1.21
BORG-APYUSD,0.0992,$296.40M,-17.12
OZO-APEPE,0.0991,$326.66M,-14.2
SOON-BTSE,0.0991,$223.12M,17.97
VSN-USDA,0.099,$247.07M,-9.38
VSN-REUSD,0.099,$318.33M,-6.07
LUNC-APYUSD,0.099,$437.03M,-24.91
UB-EDGE,0.099,$496.81M,-13.94
OZO-AVUSD,0.099,$241.27M,0.32
GNO-BONK,0.099,$547.59M,-19.8
COCO-RUNE,0.099,$332.48M,-56.0
KMNO-UQC,0.099,$206.04M,-7.32
FF-SHORT,0.099,$289.84M,10.92
INJ-SOSO,0.0989,$575.82M,3.33
DEXE-BONK,0.0989,$539.03M,-49.86
OZO-XTZ,0.0989,$350.77M,-21.83
FF-BSV,0.0989,$450.78M,-7.72
KAITO-ZBT,0.0988,$423.22M,63.89
1INCH-WEMIX,0.0987,$216.24M,-14.39
2Z-PRL,0.0987,$286.41M,52.82
VELVET-IOTA,0.0986,$314.08M,121.31
APXUSD-AWE,0.0986,$400.88M,-9.37
TIBBIR-ONYC,0.0986,$352.69M,-11.06
RLB-A7A5,0.0985,$582.48M,-0.42
ZBCN-CRVUSD,0.0985,$389.32M,-21.61
US-VET,0.0985,$807.92M,404.26
US-PEANUT,0.0985,$603.50M,411.19
WEMIX-BORG,0.0985,$238.69M,-20.67
NFT-MX,0.0985,$415.11M,-11.19
NFT-FET,0.0985,$570.44M,-23.16
THETA-APYUSD,0.0985,$284.22M,-23.24
SYRUP-USDF,0.0985,$319.09M,-15.93
RLB-NFT,0.0984,$368.79M,-7.03
DRV-ZANO,0.0984,$233.80M,5.94
INJ-NFT,0.0984,$723.76M,5.15
MWC-AIAT,0.0984,$231.82M,36.57
OZO-AIAT,0.0984,$243.28M,8.05
CASH-FLOKI,0.0984,$320.53M,-18.07
CVX-OHM,0.0984,$410.62M,-11.15
ZK-USDZ,0.0984,$211.74M,-24.01
KAITO-XEC,0.0984,$428.73M,76.0
UUSD-CRVUSD,0.0984,$311.84M,-0.06
UUSD-CHZ,0.0984,$243.92M,-33.56
RAIL-SHORT,0.0984,$187.40M,16.82
TRAC-USDAI,0.0984,$281.10M,-8.42
APR-KITE,0.0983,$428.39M,-5.13
ZBCN-STRCX,0.0983,$318.07M,-25.92
USDA-PENDLE,0.0983,$346.83M,-3.42
STRCX-SFP,0.0983,$243.53M,-21.82
AKE-USDF,0.0983,$207.36M,566.69
APEPE-REUSD,0.0982,$368.79M,-10.82
USTBL-ZANO,0.0982,$292.00M,-2.02
USTBL-SFP,0.0982,$263.57M,-17.07
CHEEMS-AR,0.0982,$216.37M,-23.54
KAITO-XPIN,0.0982,$454.17M,93.3
ONYC-SHFL,0.0982,$367.61M,-1.45
USDAI-TRUMP,0.0982,$514.83M,-18.14
VSN-STRK,0.0981,$340.10M,-24.18
SPX-XEC,0.0981,$421.53M,-14.59
OUSG-RAIL,0.0981,$470.09M,7.95
LDO-TEL,0.0981,$477.51M,-9.02
MON-SHFL,0.0981,$369.59M,-17.35
USDAT-TAG,0.098,$284.87M,29.88
NEO-SHFL,0.098,$255.17M,-18.42
REUSD-MANA,0.098,$298.82M,-9.25
NFT-XPIN,0.098,$409.42M,1.12
MX-SN64,0.098,$240.58M,-15.88
VSN-APXUSD,0.0979,$445.95M,-15.96
RLB-BONK,0.0979,$369.22M,-12.2
MWC-CHEEMS,0.0979,$214.16M,9.1
MWC-USDA,0.0979,$210.02M,28.31
SAND-AWE,0.0978,$231.01M,-24.05
CRVUSD-KITE,0.0978,$444.05M,-10.03
SOON-AERO,0.0978,$504.38M,26.59
AKE-THBILL,0.0978,$213.46M,566.77
CVX-APEPE,0.0977,$336.18M,-25.27
AVUSD-NFT,0.0977,$380.50M,-7.71
NXM-FRXUSD,0.0976,$196.79M,-5.11
AXS-REAL,0.0976,$392.75M,-6.01
KAG-MON,0.0976,$461.89M,-25.29
ACRED-JASMY,0.0976,$326.63M,-11.45
AWE-FET,0.0976,$411.74M,-18.55
ETHFI-USDAI,0.0976,$557.33M,0.36
OUSG-MX,0.0975,$530.84M,-3.03
1INCH-MWC,0.0975,$229.66M,22.31
MWC-BSV,0.0975,$372.33M,19.46
USDTB-NFT,0.0975,$620.04M,-7.75
BC-STRCX,0.0975,$360.36M,90.44
MWC-WEMIX,0.0974,$214.26M,22.44
US-ZBT,0.0974,$532.91M,402.15
USAT-BSV,0.0974,$443.72M,-9.42
STAC-FRAX,0.0973,$322.71M,0.44
USTBL-AVUSD,0.0973,$276.82M,0.45
AVUSD-SHFL,0.0973,$237.38M,-2.75
AKE-SHFL,0.0973,$216.92M,563.94
LUNC-KAG,0.0972,$492.59M,-30.99
GRT-STRCX,0.0972,$302.14M,-23.37
CRVUSD-USAT,0.0972,$397.28M,-0.11
ZBT-PENDLE,0.0972,$364.60M,-24.31
MWC-STRK,0.0971,$303.05M,14.42
STRK-REAL,0.0971,$438.27M,-0.1
AKE-TRUMP,0.0971,$452.91M,548.63
CAKE-ONYC,0.097,$693.40M,-0.91
GLM-ICNT,0.097,$196.33M,-45.59
US-FLUID,0.0969,$505.25M,405.27
ZRO-MX,0.0969,$435.34M,-23.72
APEPE-WIF,0.0969,$347.70M,-25.76
OHM-ZAMA,0.0969,$413.62M,64.66
ULTIMA-CRVUSD,0.0969,$393.75M,-11.88
KAU-XEC,0.0968,$427.76M,-12.71
USTBL-EURC,0.0968,$610.88M,-0.98
BP-FRAX,0.0968,$334.30M,105.99
STRCX-PEANUT,0.0968,$325.33M,-15.85
STRCX-XPL,0.0968,$361.38M,-9.32
OHM-FRXUSD,0.0967,$385.73M,-0.4
ZK-CHEEMS,0.0967,$184.67M,-42.73
KAU-MANA,0.0966,$439.69M,-17.18
CASH-JASMY,0.0966,$333.60M,-11.87
DCR-USDAI,0.0966,$360.22M,-16.44
AIAT-SYRUP,0.0966,$325.23M,-8.13
VIRTUAL-UUSD,0.0965,$469.35M,-9.86
STAC-DASH,0.0964,$500.08M,-8.13
GNO-ONYC,0.0964,$528.85M,-5.54
USDAT-BORG,0.0963,$278.07M,-12.52
SHORT-PENDLE,0.0963,$348.20M,5.51
MET-SOSO,0.0963,$206.00M,-7.27
USTBL-AIAT,0.0962,$278.82M,8.18
ZK-STRCX,0.0962,$225.15M,-27.62
TEL-GEOD,0.0962,$268.66M,25.07
RLB-PIEVERSE,0.0961,$286.36M,-0.43
EDGE-SHFL,0.0961,$257.37M,-28.12
UUSD-FRAX,0.0961,$319.85M,-0.08
AWE-GALA,0.0961,$194.44M,-25.06
NEX-GLIDR,0.0961,$191.71M,-24.61
NEX-SYRUP,0.0961,$297.58M,-31.3
STRCX-STX,0.0961,$391.31M,-23.92
LDO-WEMIX,0.096,$403.62M,-9.34
APEPE-BONK,0.096,$466.31M,-27.4
USTBL-SOSO,0.096,$277.43M,-9.16
UQC-TRUMP,0.096,$465.41M,-20.37
DEXE-TRUMP,0.0959,$631.47M,-55.03
WEMIX-KITE,0.0959,$332.43M,-18.19
VSN-AIAT,0.0958,$268.87M,-1.96
STAC-FLUID,0.0958,$188.93M,-16.93
FDUSD-UUSD,0.0958,$445.88M,-0.11
FF-SUN,0.0958,$534.57M,0.33
BORG-FRXUSD,0.0958,$248.19M,-12.52
INJ-WEMIX,0.0957,$559.66M,4.71
OZO-PRL,0.0957,$209.37M,67.51
TIBBIR-SOSO,0.0957,$223.07M,-21.97
USDZ-SHFL,0.0957,$248.79M,-3.52
DYDX-KAU,0.0956,$406.17M,-14.61
APR-OZO,0.0956,$321.69M,5.14
GRT-GUSD,0.0956,$310.85M,-11.93
BC-AVUSD,0.0956,$335.55M,94.82
AKT-GEOD,0.0956,$222.74M,25.07
META-TRUMP,0.0956,$452.80M,13.24
GNO-STRCX,0.0956,$423.44M,-11.23
GALA-TEL,0.0956,$262.93M,-29.79
CASH-VCNT,0.0955,$286.46M,-2.79
KITE-USDF,0.0955,$343.84M,-10.03
ETHFI-A7A5,0.0955,$878.10M,-0.74
ZBCN-CARDS,0.0954,$446.14M,-12.11
ZRO-WFI,0.0954,$459.30M,-21.35
META-EURC,0.0954,$545.45M,29.94
CRVUSD-GLIDR,0.0954,$313.43M,-9.24
DASH-TAG,0.0954,$542.50M,21.29
CARDS-XCN,0.0954,$398.53M,-8.88
ZANO-FARTCOIN,0.0954,$254.17M,-16.79
SOON-GUSD,0.0954,$239.52M,36.55
USDAT-COCO,0.0953,$324.02M,-21.29
ICNT-TEL,0.0953,$275.89M,-37.34
USAT-GALA,0.0953,$273.84M,-21.99
NEX-AERO,0.0953,$504.70M,-18.27
SPX-GUSD,0.0952,$451.58M,0.93
DRV-ACRED,0.0952,$217.68M,8.72
OZO-META,0.0952,$220.71M,31.62
KAG-WEMIX,0.0952,$314.12M,-18.92
CARDS-MX,0.0952,$419.46M,6.02
SOON-EURCV,0.0952,$239.45M,27.98
DRV-BP,0.0951,$216.88M,114.4
AKT-APYUSD,0.0951,$286.52M,-12.52
KAG-SN64,0.0951,$303.68M,-23.17
ICNT-ACRED,0.0951,$216.61M,-29.11
TEL-FRAX,0.0951,$394.38M,-7.93
APR-TWT,0.095,$344.86M,-3.16
USDAT-GEOD,0.095,$234.15M,32.91
APYUSD-JASMY,0.095,$369.71M,-16.45
A7A5-GRASS,0.095,$694.07M,-0.34
DCR-UUSD,0.0949,$302.56M,-16.42
CHEEMS-SFP,0.0949,$203.05M,-36.93
BP-SNX,0.0949,$236.67M,90.15
CARDS-SUN,0.0949,$611.16M,8.16
STX-APYUSD,0.0949,$408.64M,-24.22
SHORT-AKE,0.0949,$193.08M,576.01
ZBCN-AIAT,0.0948,$295.25M,-13.8
US-FRXUSD,0.0948,$528.89M,422.65
VIRTUAL-USTBL,0.0948,$530.41M,-9.42
USDAT-UQC,0.0948,$247.82M,-2.32
PIEVERSE-BAT,0.0948,$285.50M,-15.63
STAC-VCNT,0.0947,$267.09M,-2.24
INJ-COCO,0.0947,$643.46M,-8.34
CASH-EIGEN,0.0947,$262.61M,3.58
APYUSD-SUN,0.0947,$500.42M,-5.94
IMX-PRL,0.0946,$311.39M,51.24
RLB-CARDS,0.0946,$373.14M,10.18
KMNO-KOGE,0.0946,$312.17M,46.44
CRVUSD-MX,0.0946,$362.64M,-3.48
UB-BP,0.0945,$475.07M,117.44
APR-TIBBIR,0.0945,$302.88M,-7.53
APR-ULTIMA,0.0945,$378.09M,-6.98
KAU-ULTIMA,0.0945,$490.01M,-16.12
ZRO-RUNE,0.0945,$433.02M,-54.76
AWE-PYTH,0.0945,$427.18M,-9.64
STRCX-BTT,0.0945,$400.27M,-13.1
EIGEN-ZAMA,0.0945,$278.40M,68.65
SHORT-THBILL,0.0945,$215.49M,9.32
VSN-TRAC,0.0944,$274.56M,-18.11
IMX-UB,0.0944,$588.16M,-4.59
STAC-A7A5,0.0944,$580.85M,-0.65
USTBL-GALA,0.0944,$249.46M,-21.51
OHM-META,0.0944,$371.22M,30.98
USAT-WIF,0.0944,$331.57M,-11.35
NEX-JASMY,0.0944,$301.92M,-27.21
JTO-GUSD,0.0944,$418.14M,31.65
EDGE-RUNE,0.0943,$284.24M,-60.22
DEXE-ULTIMA,0.0943,$455.78M,-48.78
ZRO-USDAT,0.0943,$424.55M,-20.32
ZRO-ULTIMA,0.0943,$466.45M,-32.12
AKT-PRL,0.0943,$212.46M,59.36
APR-FDUSD,0.0942,$542.49M,4.78
BP-BSV,0.0942,$372.73M,96.69
ZANO-MET,0.0942,$220.58M,-0.12
TAG-ZBT,0.0942,$259.01M,9.38
PYTH-AKE,0.0942,$416.88M,560.23
PIEVERSE-BTT,0.0942,$441.56M,-9.91
OHM-SUN,0.0941,$618.09M,-1.65
WEMIX-SHORT,0.0941,$197.98M,1.09
DYDX-GLIDR,0.094,$199.25M,-19.54
GRT-BC,0.094,$380.91M,75.76
USTBL-CRVUSD,0.094,$372.89M,0.38
XTZ-THBILL,0.094,$343.41M,-22.07
ULTIMA-A7A5,0.094,$659.90M,-12.99
TRAC-MON,0.094,$371.86M,-22.95
APR-NEO,0.0939,$330.17M,-10.77
XTZ-KOGE,0.0939,$439.62M,29.37
DASH-XEC,0.0939,$516.89M,-17.06
BONK-USDZ,0.0939,$392.34M,-13.66
OUSG-JASMY,0.0938,$591.84M,-11.4
EDGE-STRK,0.0938,$325.19M,-39.79
US-CHZ,0.0938,$563.10M,389.16
CHEEMS-XEC,0.0938,$219.77M,-27.89
BP-MANA,0.0938,$245.62M,93.13
FDUSD-TEL,0.0938,$520.41M,-7.97
GRT-RUNE,0.0937,$309.61M,-52.81
FLOKI-USDAI,0.0937,$355.95M,-18.05
XEC-SHFL,0.0937,$240.86M,-11.21
KITE-GUSD,0.0937,$381.51M,-2.9
ONYC-SUN,0.0937,$588.50M,0.04
VSN-CRVUSD,0.0936,$362.94M,-9.76
APEPE-META,0.0936,$296.77M,16.86
GLM-NFT,0.0936,$359.28M,-23.88
AXS-SHORT,0.0936,$241.24M,-11.07
AWE-TAG,0.0936,$250.89M,26.77
BC-VIRTUAL,0.0935,$589.14M,84.95
EIGEN-TRAC,0.0935,$264.26M,-4.75
EURCV-SHFL,0.0935,$270.84M,-4.26
LDO-VELVET,0.0934,$469.70M,140.51
USDAT-ULTIMA,0.0934,$321.50M,-11.89
TRAC-USDF,0.0934,$235.50M,-8.42
APXUSD-CRCLON,0.0933,$387.91M,-24.73
CAKE-USDZ,0.0933,$574.58M,-2.98
US-ICNT,0.0932,$520.54M,393.22
GPS-CHZ,0.0932,$240.15M,-20.51
RUNE-VCNT,0.0932,$312.71M,-38.29
ZBT-PEANUT,0.0932,$298.48M,-32.04
KITE-USDAI,0.0932,$389.44M,-10.03
FRXUSD-BSV,0.0932,$368.41M,-9.39
KAU-UUSD,0.0931,$408.09M,-4.3
UQC-PENDLE,0.0931,$358.67M,-6.05
WEMIX-A7A5,0.0931,$578.63M,-9.34
UUSD-WIF,0.0931,$246.13M,-11.31
MWC-BORG,0.093,$252.11M,16.4
AXS-ULTIMA,0.093,$325.39M,-32.2
NEX-AIAT,0.093,$208.31M,-7.64
ZBT-A,0.093,$216.23M,-35.92
OUSG-CHZ,0.0929,$524.39M,-33.12
STAC-GEOD,0.0929,$196.99M,33.44
MWC-VELVET,0.0929,$280.34M,168.82
VELVET-RAY,0.0929,$329.51M,128.03
GNO-CARDS,0.0929,$551.51M,2.58
GNO-ZANO,0.0929,$413.80M,-9.31
GNO-XEC,0.0929,$402.10M,-15.31
IMX-ACRED,0.0928,$342.36M,-15.63
SNX-THBILL,0.0928,$240.37M,-15.85
NXM-VELVET,0.0927,$253.37M,136.58
GRT-USDAT,0.0927,$301.14M,-19.07
APEPE-SHORT,0.0927,$298.91M,-5.2
KMNO-USDA,0.0927,$194.20M,-4.69
CARDS-TRAC,0.0927,$392.53M,1.08
DYDX-BORG,0.0926,$236.14M,-22.81
KAU-SHFL,0.0926,$429.71M,-7.06
BC-ZAMA,0.0926,$357.38M,159.8
CASH-DASH,0.0926,$519.45M,-8.69
USTBL-TIBBIR,0.0926,$267.33M,-11.98
ZK-FF,0.0926,$276.64M,-21.64
TRAC-ONYC,0.0926,$369.87M,-7.05
KOGE-BTSE,0.0926,$347.26M,40.0
VET-GUSD,0.0926,$538.46M,-11.33
EDGE-BC,0.0925,$355.54M,69.45
GPS-PRL,0.0925,$180.08M,80.25
FDUSD-GUSD,0.0925,$495.60M,7.0
EARNETH-FRXUSD,0.0924,$256.86M,-8.13
GLM-SUN,0.0924,$437.05M,-17.43
KAG-REUSD,0.0924,$381.13M,-7.07
KAG-USDF,0.0924,$325.53M,-10.77
ACRED-USDAI,0.0924,$272.48M,0.32
NEX-COMP,0.0924,$249.65M,-32.18
EDGE-AR,0.0923,$252.03M,-29.42
KAU-SYRUP,0.0923,$515.55M,-20.17
FLUID-REUSD,0.0923,$253.72M,-13.76
STAC-CHEEMS,0.0922,$202.96M,-18.96
DYDX-CHZ,0.0922,$242.00M,-43.86
APR-USDAT,0.0922,$336.19M,4.82
APR-TRAC,0.0922,$320.06M,-3.52
INJ-SHORT,0.0922,$556.79M,22.19
USDAT-SOON,0.0922,$229.81M,29.41
CHEEMS-UUSD,0.0922,$200.10M,-19.48
FF-MON,0.0922,$440.48M,-12.93
VELVET-USDAI,0.0921,$323.94M,141.61
APEPE-SYRUP,0.0921,$408.61M,-30.37
TIBBIR-STRCX,0.0921,$247.28M,-16.74
AXS-ICNT,0.0921,$245.26M,-49.82
RLB-DEXE,0.092,$378.35M,-36.21
SHORT-PRL,0.092,$181.62M,76.52
LUNC-FRXUSD,0.0919,$388.82M,-20.3
EARNETH-USDAI,0.0919,$304.38M,-8.13
WEMIX-SHFL,0.0919,$221.82M,-10.98
MX-AR,0.0919,$266.64M,-7.53
BTSE-MANA,0.0919,$264.50M,-24.39
GEOD-APYUSD,0.0918,$252.47M,28.31
OZO-ICNT,0.0917,$226.87M,-29.18
META-VET,0.0917,$484.37M,12.92
RAIL-USDZ,0.0917,$217.23M,6.81
STAC-EIGEN,0.0916,$243.24M,4.13
RLB-A,0.0916,$206.56M,-14.66
DYDX-UQC,0.0916,$205.89M,-12.61
OZO-PENDLE,0.0916,$375.95M,-3.49
RAIL-REAL,0.0916,$338.90M,21.89
MWC-RUNE,0.0915,$262.10M,-8.4
SOON-BORG,0.0915,$228.28M,16.98
VIRTUAL-FRAX,0.0914,$589.64M,-9.88
FDUSD-ONYC,0.0914,$592.30M,1.25
TAG-EURCV,0.0914,$294.50M,28.44
USDA-SOSO,0.0913,$212.77M,-9.23
VIRTUAL-XEC,0.0912,$489.03M,-18.26
ZRO-AIAT,0.0912,$402.73M,-12.51
ACRED-BTSE,0.0912,$248.15M,-11.12
LUNC-ZAMA,0.0911,$416.71M,44.75
AXS-USDF,0.0911,$255.53M,-20.39
ICNT-AVUSD,0.0911,$217.55M,-29.43
STRCX-SYRUP,0.0911,$348.04M,-20.24
BTSE-TRUMP,0.0911,$490.50M,-29.58
EDGE-LDO,0.091,$439.17M,-26.48
VELVET-META,0.091,$261.92M,172.99
OHM-CARDS,0.091,$544.67M,9.11
COCO-VET,0.091,$573.18M,-39.67
RUNE-PENGU,0.091,$519.98M,-54.26
FARTCOIN-SOSO,0.091,$239.60M,-23.94
KAU-ZBCN,0.0909,$485.58M,-25.85
USTBL-PENGU,0.0909,$532.56M,-19.79
BP-MON,0.0909,$362.43M,91.48
BP-SHFL,0.0909,$235.64M,103.26
NEX-PENGU,0.0909,$462.05M,-35.6
STRCX-TEL,0.0909,$315.11M,-12.23
UB-PIEVERSE,0.0908,$542.92M,10.24
EDGE-STRCX,0.0908,$276.77M,-29.69
OZO-NFT,0.0908,$389.82M,-7.47
ACRED-PENGU,0.0908,$486.76M,-19.84
ZANO-MON,0.0908,$379.35M,-16.99
KAU-SN64,0.0906,$398.30M,-16.72
META-PRL,0.0906,$179.48M,98.57
UQC-PENGU,0.0906,$479.74M,-22.47
USDA-FET,0.0906,$402.10M,-15.06
CHZ-CRCLON,0.0906,$236.99M,-52.03
USDTB-BP,0.0905,$469.76M,106.04
GEOD-A7A5,0.0905,$572.55M,31.81
MX-BTSE,0.0905,$283.70M,-14.92
CASH-ZAMA,0.0904,$259.83M,64.95
OHM-AERO,0.0904,$690.18M,-3.22
KAG-TRUMP,0.0904,$571.08M,-28.83
ULTIMA-REAL,0.0904,$430.76M,2.5
UQC-FF,0.0904,$300.30M,-0.64
BTSE-WFI,0.0904,$307.66M,-12.55
OUSG-COCO,0.0903,$564.47M,-20.84
EDGE-GEOD,0.0903,$230.32M,7.61
AXS-USDZ,0.0903,$271.08M,-21.09
KITE-SN64,0.0903,$321.99M,-22.43
LUNC-AWE,0.0902,$384.72M,-23.41
GLM-WEMIX,0.0902,$195.19M,-24.32
UUSD-FARTCOIN,0.0902,$222.80M,-14.39
TRAC-APYUSD,0.0902,$281.79M,-13.03
NEO-AIAT,0.0901,$251.75M,-7.87
CRCLON-USDAI,0.0901,$250.29M,-18.55
VSN-OHM,0.09,$426.70M,-10.08
BC-SHORT,0.09,$317.12M,104.07
AWE-XCN,0.0899,$235.48M,-21.49
ZBT-GRASS,0.0899,$329.81M,-19.74
STAC-GRT,0.0898,$263.99M,-18.53
1INCH-KOGE,0.0898,$329.97M,45.28
BONK-THBILL,0.0898,$382.88M,-12.88
BC-AR,0.0897,$335.62M,90.7
ZRO-COCO,0.0897,$468.98M,-41.52
BP-JTO,0.0897,$382.87M,130.6
MWC-TRAC,0.0896,$237.51M,21.04
CVX-CHEEMS,0.0896,$235.13M,-30.25
RAY-PRL,0.0896,$247.08M,53.61
PRL-SOSO,0.0896,$200.66M,57.66
1INCH-USDA,0.0895,$211.99M,-5.85
VELVET-KAITO,0.0895,$475.77M,226.09
CAKE-PIEVERSE,0.0895,$629.27M,-3.4
JTO-XEC,0.0895,$388.09M,16.12
FRXUSD-WFI,0.0895,$284.47M,-1.11
OZO-USTBL,0.0894,$286.14M,0.69
CASH-FDUSD,0.0894,$468.11M,-0.14
AVUSD-ONYC,0.0894,$362.18M,1.37
EIGEN-SOSO,0.0894,$257.18M,-5.94
KOGE-PEANUT,0.0894,$398.69M,39.98
UB-IOTA,0.0893,$508.41M,-8.95
EDGE-CRVUSD,0.0893,$348.02M,-25.37
USDAT-SOSO,0.0893,$256.39M,-9.62
AWE-VCNT,0.0893,$270.26M,-5.88
UB-AR,0.0892,$476.89M,7.31
CASH-CRVUSD,0.0892,$334.07M,-0.09
ACRED-APYUSD,0.0892,$273.17M,-4.29
APEPE-VCNT,0.0891,$365.80M,-17.21
APXUSD-CRVUSD,0.0891,$507.11M,-6.26
UB-SHFL,0.089,$482.24M,8.62
META-CHZ,0.089,$239.55M,-2.19
COCO-TAG,0.089,$329.29M,8.67
BP-A7A5,0.089,$592.44M,104.9
ACRED-USAT,0.089,$300.27M,0.29
FF-APYUSD,0.089,$350.41M,-3.01
REUSD-EIGEN,0.089,$308.03M,7.29
TAG-APYUSD,0.0889,$303.19M,25.27
ZBT-SHORT,0.0889,$211.50M,-11.26
UB-USTBL,0.0888,$521.68M,11.81
US-WFI,0.0888,$593.51M,421.61
AKT-USDA,0.0888,$224.57M,-7.53
AXS-PRL,0.0888,$227.76M,46.88
UQC-AERO,0.0888,$522.39M,-5.14
FARTCOIN-GOMINING,0.0888,$238.57M,-16.02
SHORT-JASMY,0.0888,$309.14M,-2.53
SPX-UUSD,0.0887,$401.86M,-6.19
RLB-AKE,0.0887,$199.80M,567.45
ZRO-NEX,0.0887,$375.08M,-35.68
GLM-STRK,0.0887,$283.97M,-30.58
RUNE-SOON,0.0887,$238.27M,-27.69
CRVUSD-GOMINING,0.0887,$327.61M,-1.69
VET-THBILL,0.0887,$506.89M,-18.38
OUSG-REAL,0.0886,$629.31M,14.75
MWC-CVX,0.0886,$248.66M,17.99
META-JTO,0.0886,$364.05M,55.9
APXUSD-AVUSD,0.0886,$411.03M,-6.19
AWE-EURCV,0.0886,$255.26M,-4.62
LUNC-XEC,0.0885,$398.36M,-28.69
GNO-KITE,0.0885,$514.65M,-16.87
MON-FRAX,0.0885,$468.26M,-14.62
VELVET-BC,0.0884,$386.07M,236.44
AKT-APXUSD,0.0884,$423.45M,-14.11
GPS-XTZ,0.0884,$321.48M,-9.1
NEO-USDF,0.0884,$245.61M,-15.67
ZBT-XPL,0.0884,$334.53M,-25.51
UB-XEC,0.0883,$480.29M,2.97
TKX-SOON,0.0883,$193.45M,24.25
APR-VET,0.0882,$585.35M,-13.56
TIA-US,0.0882,$725.46M,418.79
AKT-USTBL,0.0882,$289.23M,-7.47
SAND-GEOD,0.0882,$219.53M,12.04
FARTCOIN-ZAMA,0.0882,$260.82M,50.65
WIF-TEL,0.0882,$320.66M,-19.16
EURC-PIEVERSE,0.0882,$632.12M,-2.55
BTSE-USDAI,0.0882,$290.55M,-11.52
CHZ-GUSD,0.0882,$293.64M,-26.44
PRL-JASMY,0.0882,$295.66M,55.43
GRASS-USDF,0.0882,$327.71M,0.77
STAC-KMNO,0.0881,$200.66M,-4.55
APXUSD-BORG,0.0881,$433.33M,-18.71
ICNT-XCN,0.0881,$231.23M,-47.8
FF-REUSD,0.0881,$359.72M,5.29
TAG-TEL,0.0881,$319.38M,22.04
RAY-USDF,0.0881,$274.84M,-13.66
SEI-USTBL,0.088,$447.39M,-12.74
ICNT-XEC,0.088,$221.03M,-37.89
REUSD-XPIN,0.088,$312.33M,12.53
IMX-SOSO,0.0879,$343.91M,-25.57
USDTB-FLOKI,0.0879,$554.03M,-18.01
OHM-SOSO,0.0879,$392.39M,-9.93
GNO-GRASS,0.0879,$498.51M,-6.08
XTZ-TRUMP,0.0879,$582.86M,-40.21
ICNT-COMP,0.0879,$260.90M,-46.24
ENS-APYUSD,0.0879,$334.20M,-19.23
EARNETH-USDZ,0.0878,$274.33M,-8.82
DEXE-TIBBIR,0.0878,$380.57M,-49.33
REUSD-GRASS,0.0878,$383.30M,4.46
GOMINING-AKE,0.0878,$211.09M,565.07
RLB-PENGU,0.0877,$475.99M,-19.48
RLB-VET,0.0877,$493.23M,-17.7
KAU-UQC,0.0877,$416.33M,-6.55
DEXE-IOTA,0.0877,$421.66M,-57.28
APEPE-ENS,0.0877,$377.43M,-29.06
META-RAY,0.0877,$258.42M,17.71
GPS-EURC,0.0877,$546.04M,11.62
RUNE-ICNT,0.0877,$249.83M,-61.95
BP-SUN,0.0877,$456.53M,104.74
ZANO-ZBT,0.0877,$245.11M,-22.97
PRL-AERO,0.0877,$498.44M,64.37
DYDX-APYUSD,0.0876,$255.99M,-14.98
AVUSD-FET,0.0876,$421.90M,-15.37
PIEVERSE-SOSO,0.0876,$298.67M,-10.73
RLB-DCR,0.0875,$307.05M,-15.67
APR-BC,0.0875,$415.96M,99.65
AXS-APYUSD,0.0875,$301.81M,-25.0
ZANO-WFI,0.0875,$305.70M,-3.5
SPX-ZBT,0.0874,$416.02M,-26.7
USTBL-SHORT,0.0874,$258.39M,9.69
FF-GLIDR,0.0874,$293.67M,-7.57
AVUSD-RAY,0.0874,$278.98M,-13.59
APXUSD-VCNT,0.0873,$459.50M,-8.96
GNO-ETHFI,0.0873,$682.53M,-6.48
ULTIMA-XEC,0.0873,$301.16M,-20.28
NEX-SHORT,0.0873,$187.88M,-6.12
GALA-GEOD,0.0873,$182.96M,11.03
MWC-ZRO,0.0872,$398.60M,8.43
DEXE-STRCX,0.0872,$414.87M,-41.28
BTT-USDF,0.0872,$371.31M,-8.79
EDGE-APEPE,0.0871,$337.33M,-39.82
MWC-JTO,0.0871,$382.48M,52.66
MWC-AERO,0.0871,$528.21M,26.37
USDTB-EURCV,0.0871,$504.96M,-1.48
CVX-KOGE,0.0871,$348.96M,40.69
USTBL-PENDLE,0.0871,$411.49M,-3.36
JTO-AKE,0.0871,$364.16M,591.28
TIA-COCO,0.087,$490.71M,-25.15
META-COCO,0.087,$279.64M,10.09
UUSD-PEANUT,0.087,$284.32M,-11.53
AWE-COMP,0.087,$265.15M,-19.92
FLUID-EURCV,0.0869,$235.72M,-18.9
XTZ-SOSO,0.0869,$342.06M,-31.69
RUNE-FARTCOIN,0.0869,$271.27M,-49.74
STRK-APYUSD,0.0869,$347.34M,-19.09
STRK-BTSE,0.0869,$322.32M,-25.93
SOON-KOGE,0.0869,$304.16M,80.93
EDGE-COCO,0.0868,$320.20M,-46.59
TIA-APXUSD,0.0868,$601.55M,-10.13
KAITO-XPL,0.0868,$529.86M,79.46
MET-AKE,0.0868,$184.94M,569.03
MWC-2Z,0.0867,$316.18M,14.09
KAU-A7A5,0.0867,$786.51M,-5.42
META-USDA,0.0867,$191.59M,31.68
CHEEMS-TRAC,0.0867,$223.98M,-27.84
FF-PIEVERSE,0.0867,$374.37M,0.48
APYUSD-SFP,0.0867,$260.86M,-22.12
VELVET-ZK,0.0866,$250.86M,118.38
AXS-KOGE,0.0866,$357.84M,31.12
NEX-BTT,0.0866,$349.80M,-24.15
STAC-THBILL,0.0865,$220.58M,0.53
APR-GOMINING,0.0865,$311.95M,3.21
EDGE-THETA,0.0865,$262.07M,-43.93
EDGE-A7A5,0.0865,$614.18M,-26.48
USTBL-XEC,0.0865,$280.30M,-8.02
USAT-BAT,0.0865,$288.64M,-14.54
REAL-A7A5,0.0865,$727.26M,13.2
APR-ETHFI,0.0864,$596.28M,5.26
EDGE-GLM,0.0864,$230.74M,-41.46
TKX-USTBL,0.0864,$264.28M,-4.79
WEMIX-STX,0.0864,$350.94M,-27.77
BAT-GUSD,0.0864,$252.92M,-7.38
NXM-US,0.0863,$505.84M,417.61
1INCH-REAL,0.0863,$364.88M,8.15
DYDX-AIAT,0.0863,$215.85M,-2.57
APR-RAY,0.0863,$359.40M,-8.76
MWC-COCO,0.0863,$298.06M,7.21
CASH-USDF,0.0863,$233.86M,-0.1
GALA-STRCX,0.0863,$229.41M,-26.27
RLB-WEMIX,0.0862,$204.70M,-7.47
RLB-GALA,0.0862,$192.89M,-21.2
DRV-USDF,0.0862,$214.48M,8.33
LDO-ONYC,0.0862,$549.40M,0.19
BC-USTBL,0.0862,$380.41M,95.2
US-PYTH,0.0862,$740.33M,416.19
COCO-SHFL,0.0862,$305.62M,-24.03
REUSD-GLIDR,0.0862,$268.82M,-5.55
DRV-USDTB,0.0861,$458.16M,8.37
OHM-FRAX,0.0861,$495.87M,-0.41
META-SAND,0.0861,$220.60M,10.43
GPS-IOTA,0.0861,$243.58M,-7.33
BORG-PIEVERSE,0.0861,$320.35M,-13.63
KAU-OZO,0.086,$433.60M,-4.0
BC-BTT,0.086,$479.04M,86.03
BC-FET,0.086,$525.49M,79.38
US-COMP,0.086,$578.29M,405.91
ACRED-XPIN,0.086,$259.94M,9.23
AVUSD-XPL,0.086,$336.56M,-4.94
VSN-KAU,0.0859,$459.20M,-14.0
LDO-FF,0.0859,$495.48M,0.49
META-ZK,0.0859,$179.77M,8.07
APXUSD-FF,0.0859,$487.34M,-4.6
GNO-KOGE,0.0859,$496.79M,44.6
DCR-ICNT,0.0859,$304.35M,-45.86
RUNE-EURC,0.0859,$598.30M,-37.55
AWE-EURC,0.0859,$555.86M,-4.54
ZBT-USDZ,0.0859,$241.34M,-21.27
ONYC-XCN,0.0859,$375.86M,-17.01
GPS-ACRED,0.0858,$211.05M,13.37
WEMIX-MX,0.0858,$251.01M,-11.64
PRL-SUN,0.0858,$426.36M,65.94
USDZ-ZAMA,0.0858,$265.20M,64.28
STAC-AVUSD,0.0857,$218.62M,0.53
TIBBIR-USAT,0.0857,$291.71M,-12.46
BP-WFI,0.0857,$288.78M,104.97
ACRED-GEOD,0.0857,$209.39M,33.31
UUSD-FRXUSD,0.0857,$209.71M,-0.07
CASH-GNO,0.0856,$404.66M,-6.94
APXUSD-CARDS,0.0856,$563.92M,3.23
CHEEMS-BTSE,0.0856,$233.43M,-30.94
UUSD-FF,0.0856,$292.07M,1.61
IOTA-A7A5,0.0856,$625.78M,-21.49
STRCX-XEC,0.0856,$260.25M,-12.78
REAL-BSV,0.0856,$507.55M,5.0
1INCH-AIAT,0.0855,$233.80M,1.57
EDGE-XCN,0.0855,$265.63M,-43.68
DEXE-KMNO,0.0855,$372.10M,-41.97
OZO-UUSD,0.0855,$225.08M,0.25
FDUSD-XEC,0.0855,$465.55M,-8.52
ACRED-PEANUT,0.0855,$299.58M,-11.14
KITE-KOGE,0.0855,$446.15M,41.49
ETHFI-GUSD,0.0855,$549.40M,7.49
AR-GUSD,0.0855,$265.56M,3.01
SEI-USDF,0.0854,$398.39M,-13.19
OZO-GNO,0.0854,$407.94M,-6.6
GNO-VCNT,0.0854,$447.09M,-9.61
STRCX-COMP,0.0854,$300.12M,-21.12
RAIL-MON,0.0854,$338.04M,-7.02
APR-EARNETH,0.0853,$343.33M,-3.22
EARNETH-SOON,0.0853,$236.95M,21.37
VCNT-PIEVERSE,0.0853,$346.53M,-3.89
SHORT-XPIN,0.0853,$242.45M,18.16
SHORT-USDF,0.0853,$209.39M,9.25
STAC-TAG,0.0852,$247.71M,30.41
1INCH-THBILL,0.0852,$233.75M,-6.15
AKT-USDAT,0.0852,$268.19M,-7.92
GNO-EURCV,0.0852,$432.08M,-8.36
STRK-PIEVERSE,0.0852,$371.29M,-15.61
SOON-BAT,0.0852,$193.42M,14.98
OUSG-SHORT,0.0851,$477.80M,9.69
EARNETH-BTSE,0.0851,$280.05M,-19.57
KAITO-AWE,0.0851,$415.09M,81.29
BONK-EURCV,0.0851,$414.38M,-14.4
UB-SOSO,0.085,$477.42M,1.82
APR-CHZ,0.085,$340.53M,-28.66
SEI-UUSD,0.085,$386.34M,-13.18
VELVET-COCO,0.085,$350.72M,120.41
BC-CRVUSD,0.085,$431.62M,94.75
DCR-SHORT,0.085,$300.33M,-7.11
MANA-AKE,0.085,$226.91M,553.82
1INCH-UUSD,0.0849,$215.60M,-6.22
NXM-AKE,0.0847,$182.39M,561.65
OUSG-BTT,0.0847,$639.72M,-8.34
INJ-GPS,0.0847,$555.24M,25.92
2Z-BTSE,0.0847,$335.45M,-25.9
ZBCN-NFT,0.0847,$441.80M,-29.32
ZANO-MX,0.0847,$281.75M,-5.87
ZBT-COMP,0.0847,$273.27M,-37.31
NXM-CHEEMS,0.0846,$187.19M,-24.53
DYDX-CASH,0.0846,$219.88M,-10.39
DYDX-WFI,0.0846,$272.41M,-11.41
FF-MANA,0.0846,$323.67M,-11.27
LUNC-REAL,0.0845,$527.96M,-5.92
CASH-SYRUP,0.0845,$329.27M,-15.95
USDAT-GUSD,0.0845,$289.31M,7.05
KMNO-PRL,0.0845,$182.09M,62.19
UUSD-BTSE,0.0845,$232.90M,-11.51
SNX-APYUSD,0.0845,$280.56M,-20.54
CARDS-AKE,0.0845,$364.39M,576.19
EIGEN-REAL,0.0845,$389.65M,17.98
BTSE-REAL,0.0845,$382.17M,2.87
GLIDR-AKE,0.0845,$196.91M,557.52
FRXUSD-XPL,0.0845,$330.51M,-5.01
OHM-FDUSD,0.0844,$621.90M,-0.44
GNO-ACRED,0.0844,$397.69M,-6.52
FLUID-EURC,0.0844,$536.32M,-18.81
ZBT-FRXUSD,0.0844,$223.87M,-20.58
OUSG-OZO,0.0843,$505.55M,0.69
OZO-ZBT,0.0843,$239.24M,-20.26
ZRO-GEOD,0.0843,$379.10M,12.67
TWT-SHFL,0.0843,$269.87M,-10.81
OUSG-SAND,0.0842,$505.44M,-20.5
STAC-WIF,0.0842,$248.99M,-10.79
VIRTUAL-STRK,0.0842,$558.78M,-24.28
AKT-ACRED,0.0842,$243.43M,-7.52
USDAT-XPL,0.0842,$360.39M,-5.01
AXS-ACRED,0.0842,$258.73M,-20.0
REUSD-BSV,0.0842,$425.93M,-5.69
BONK-SHFL,0.0842,$386.35M,-15.71
XCN-USDF,0.0842,$241.50M,-18.38
US-GUSD,0.0841,$568.47M,429.78
OHM-CHZ,0.0841,$419.94M,-33.88
CARDS-NFT,0.0841,$533.39M,1.71
NEX-USDZ,0.0841,$217.72M,-16.14
FARTCOIN-ONYC,0.0841,$369.22M,-13.03
XEC-CRCLON,0.0841,$212.31M,-26.94
STAC-BONK,0.084,$367.59M,-12.43
KAU-META,0.084,$403.72M,27.06
APEPE-XPL,0.084,$421.95M,-19.45
APXUSD-USDAI,0.084,$452.49M,-6.27
MET-XPIN,0.084,$234.31M,11.18
UB-RUNE,0.0839,$509.10M,-19.69
BC-GNO,0.0839,$502.21M,87.91
ZBCN-USDA,0.0839,$273.45M,-21.23
TIA-BP,0.0839,$420.73M,102.14
AWE-XEC,0.0839,$225.28M,-11.58
USAT-MET,0.0839,$274.64M,2.24
GEOD-SYRUP,0.0839,$301.59M,17.06
DYDX-KAITO,0.0838,$407.14M,74.1
LDO-USAT,0.0838,$488.43M,-1.21
BC-PIEVERSE,0.0838,$401.65M,93.63
DEXE-WIF,0.0838,$420.42M,-48.21
ZBCN-RUNE,0.0838,$325.54M,-54.6
META-PENDLE,0.0838,$346.07M,27.57
KITE-GEOD,0.0838,$326.35M,22.96
AIAT-MANA,0.0838,$249.36M,-5.14
SN64-REAL,0.0838,$339.05M,1.91
CVX-US,0.0837,$553.78M,411.89
US-EIGEN,0.0837,$559.56M,426.32
APXUSD-USDZ,0.0837,$422.45M,-6.96
CARDS-MET,0.0837,$358.28M,11.77
USAT-AR,0.0837,$301.28M,-4.16
REUSD-RAIL,0.0837,$257.28M,11.2
IMX-AIAT,0.0836,$345.30M,-8.22
RLB-USDAI,0.0836,$261.71M,0.68
US-DASH,0.0836,$816.40M,414.06
ACRED-FARTCOIN,0.0836,$238.05M,-14.0
US-A,0.0835,$521.25M,407.31
ZRO-REAL,0.0835,$533.81M,-5.93
GNO-STRK,0.0835,$471.85M,-21.33
ICNT-FLOKI,0.0835,$300.08M,-47.47
AWE-ZANO,0.0835,$236.98M,-5.57
FF-FARTCOIN,0.0835,$315.30M,-12.73
STRCX-KITE,0.0835,$372.80M,-14.34
LUNC-WEMIX,0.0834,$379.32M,-28.46
USDTB-GEOD,0.0834,$449.87M,32.95
KAU-CHEEMS,0.0833,$408.62M,-23.73
DEXE-XTZ,0.0833,$499.55M,-59.04
OHM-KAG,0.0833,$489.50M,-11.08
GNO-USDAI,0.0833,$440.08M,-6.92
EARNETH-AKE,0.0832,$242.47M,558.64
VCNT-JTO,0.0832,$433.08M,21.83
REUSD-MON,0.0832,$415.63M,-10.91
ENS-USDZ,0.0832,$303.46M,-15.32
CASH-APYUSD,0.0831,$280.14M,-4.7
ZBCN-USTBL,0.0831,$338.12M,-21.16
GLM-FRXUSD,0.0831,$204.68M,-16.17
KAG-XPL,0.0831,$434.28M,-15.7
BORG-XPIN,0.0831,$283.17M,-3.61
REAL-JASMY,0.0831,$460.65M,2.54
LDO-COCO,0.083,$487.42M,-22.39
OZO-PIEVERSE,0.083,$307.38M,-0.88
ZBCN-AVUSD,0.083,$293.25M,-21.53
TIBBIR-USDZ,0.083,$233.87M,-13.13
KAG-SOON,0.083,$303.70M,18.73
IOTA-KITE,0.083,$379.58M,-30.34
USDTB-MANA,0.0829,$486.91M,-12.9
VELVET-KAG,0.0829,$380.19M,130.93
GPS-PENGU,0.0829,$467.73M,-7.18
CHEEMS-JTO,0.0829,$368.95M,5.1
ULTIMA-GOMINING,0.0829,$297.26M,-13.5
BP-PRL,0.0829,$198.31M,173.27
ACRED-THETA,0.0829,$241.13M,-18.24
PIEVERSE-KOGE,0.0829,$396.23M,50.32
UB-AKE,0.0828,$456.36M,578.12
OUSG-SEI,0.0828,$666.80M,-12.75
GPS-BORG,0.0828,$234.28M,0.53
BP-REAL,0.0828,$363.29M,120.39
STRCX-AR,0.0828,$256.85M,-8.43
AR-USDF,0.0828,$227.89M,-4.12
DYDX-BTSE,0.0827,$230.98M,-21.82
BC-AWE,0.0827,$325.39M,91.64
CASH-ACRED,0.0827,$237.06M,0.3
CHEEMS-PRL,0.0827,$184.39M,47.78
AWE-ZAMA,0.0827,$243.63M,61.87
APR-KAITO,0.0826,$505.66M,89.3
DRV-DEXE,0.0826,$376.72M,-28.57
APEPE-ICNT,0.0826,$302.93M,-43.94
TRAC-TRUMP,0.0826,$481.06M,-26.48
SPX-USAT,0.0825,$487.30M,-6.23
UB-DASH,0.0825,$758.27M,2.77
1INCH-REUSD,0.0825,$283.25M,-2.54
RLB-RUNE,0.0825,$252.53M,-36.75
INJ-UQC,0.0825,$567.26M,10.63
TKX-FRXUSD,0.0825,$213.36M,-5.24
APXUSD-BP,0.0825,$409.29M,99.81
TIBBIR-GUSD,0.0825,$255.99M,-5.3
RUNE-SHFL,0.0825,$269.66M,-38.44
UUSD-SHFL,0.0825,$221.19M,-2.81
AWE-USDF,0.0825,$217.66M,-3.18
FF-STX,0.0825,$442.80M,-17.94
TEL-BTSE,0.0825,$307.43M,-19.36
2Z-GPS,0.0824,$298.35M,-1.4
META-THBILL,0.0824,$213.35M,31.38
USDAT-JTO,0.0824,$408.44M,24.52
GEOD-SN64,0.0824,$184.34M,20.51
VSN-MON,0.0823,$399.09M,-24.29
USDTB-BONK,0.0823,$620.47M,-12.92
VELVET-STRCX,0.0823,$307.30M,137.31
VSN-CRCLON,0.0822,$243.75M,-28.23
ZBCN-UUSD,0.0822,$277.06M,-21.6
XTZ-FF,0.0822,$417.76M,-20.48
CARDS-KOGE,0.0822,$483.02M,60.94
EURC-BONK,0.0822,$714.98M,-14.32
USDTB-US,0.0821,$774.49M,422.69
CASH-THETA,0.0821,$248.11M,-18.65
CHEEMS-USDZ,0.0821,$227.71M,-20.19
UUSD-SHORT,0.0821,$197.34M,9.25
NEX-GOMINING,0.0821,$205.89M,-17.06
SOON-GLIDR,0.0821,$191.39M,20.25
KOGE-SHFL,0.0821,$335.55M,48.7
DEXE-CASH,0.082,$396.10M,-36.99
VIRTUAL-ACRED,0.082,$484.61M,-9.47
VCNT-FRAX,0.082,$384.51M,-2.78
AVUSD-EURCV,0.082,$265.41M,-1.44
TRAC-GRASS,0.082,$339.53M,-7.58
LDO-RUNE,0.0819,$451.46M,-34.92
US-XPL,0.0819,$639.55M,417.71
TKX-AKE,0.0819,$198.97M,561.52
CARDS-EURCV,0.0819,$418.30M,7.98
VSN-GUSD,0.0818,$300.40M,-2.63
DRV-ZBT,0.0818,$216.59M,-12.17
MWC-KOGE,0.0818,$327.99M,80.04
OZO-DASH,0.0818,$522.73M,-8.35
USDAT-MET,0.0818,$229.22M,2.27
ULTIMA-SOON,0.0818,$271.71M,17.61
REUSD-FARTCOIN,0.0818,$290.44M,-10.71
STAC-DEXE,0.0817,$376.72M,-36.44
INJ-KITE,0.0817,$691.24M,2.91
META-JASMY,0.0817,$307.00M,19.53
APXUSD-KAG,0.0817,$508.75M,-16.96
UUSD-REUSD,0.0817,$267.22M,3.63
USDA-BORG,0.0817,$234.45M,-12.13
DCR-CRVUSD,0.0816,$414.83M,-16.43
BP-RAIL,0.0816,$204.08M,113.58
THBILL-ZAMA,0.0816,$255.75M,65.05
LUNC-XTZ,0.0815,$504.37M,-42.37
DYDX-EURCV,0.0815,$247.30M,-11.81
CHEEMS-STRCX,0.0815,$241.11M,-23.8
DEXE-VCNT,0.0814,$438.52M,-39.66
NEX-RAIL,0.0814,$180.17M,-7.86
STAC-XPIN,0.0813,$247.54M,9.37
APEPE-VET,0.0813,$590.32M,-32.9
USDAT-EIGEN,0.0813,$280.39M,3.59
UUSD-AR,0.0813,$215.84M,-4.11
USAT-AKE,0.0813,$280.75M,566.65
JTO-EURCV,0.0813,$418.07M,23.08
NFT-USDF,0.0813,$376.36M,-7.79
1INCH-USDZ,0.0812,$243.21M,-6.93
MWC-TEL,0.0812,$288.16M,21.22
VELVET-DCR,0.0812,$369.28M,125.26
DEXE-ACRED,0.0812,$389.12M,-36.58
2Z-ACRED,0.0812,$317.38M,-14.06
CRVUSD-CRCLON,0.0812,$304.90M,-18.54
NEX-WIF,0.0812,$236.67M,-26.69
LUNC-KOGE,0.0811,$493.05M,31.22
OUSG-ENS,0.0811,$556.32M,-14.18
RLB-STRK,0.0811,$293.48M,-13.73
LDO-STRCX,0.0811,$443.99M,-5.49
ZANO-SHORT,0.0811,$228.71M,6.85
RLB-AERO,0.081,$518.65M,-2.14
STRK-NEX,0.081,$279.54M,-29.86
KITE-THBILL,0.081,$349.94M,-9.95
AIAT-SHFL,0.081,$239.38M,4.99
KAU-FLUID,0.0809,$394.59M,-21.7
OZO-KAG,0.0809,$338.99M,-10.45
DEXE-ETHFI,0.0808,$673.97M,-36.53
COCO-KITE,0.0808,$416.22M,-31.24
GLM-ZBT,0.0808,$208.71M,-36.66
RUNE-CRVUSD,0.0808,$360.31M,-36.16
SOSO-EURCV,0.0808,$266.02M,-11.05
EURCV-USDZ,0.0808,$276.83M,-2.21
ICNT-EURCV,0.0807,$251.01M,-30.94
WFI-AKE,0.0807,$270.07M,565.65
AERO-AKE,0.0807,$509.90M,563.86
UB-THETA,0.0806,$486.93M,-7.2
STAC-FRXUSD,0.0806,$212.57M,0.45
RLB-BP,0.0806,$218.51M,106.76
CASH-FRAX,0.0806,$342.08M,-0.11
FLUID-AKE,0.0806,$181.81M,549.31
ULTIMA-FDUSD,0.0806,$527.80M,-11.93
ACRED-AKE,0.0806,$210.56M,567.08
VCNT-GEOD,0.0806,$258.79M,30.22
CARDS-REAL,0.0806,$517.93M,23.81
TEL-GUSD,0.0806,$323.82M,-0.79
LUNC-USAT,0.0805,$464.13M,-20.33
SPX-USTBL,0.0805,$462.92M,-5.75
MWC-GLM,0.0805,$208.60M,13.07
CASH-TEL,0.0805,$296.33M,-7.94
UQC-SOON,0.0805,$198.03M,27.18
WEMIX-ETHFI,0.0805,$500.31M,-7.8
FF-SYRUP,0.0805,$399.53M,-14.26
FF-TRUMP,0.0805,$549.67M,-16.46
XPIN-BSV,0.0805,$403.39M,-0.48
STAC-2Z,0.0804,$304.98M,-13.92
META-FRAX,0.0804,$315.48M,31.29
AXS-FRAX,0.0804,$363.75M,-20.41
KAITO-CRVUSD,0.0804,$521.32M,84.4
RUNE-ZBT,0.0804,$262.21M,-56.52
FF-BTSE,0.0804,$325.40M,-9.85
SOON-EURC,0.0804,$540.05M,28.06
TAG-REAL,0.0804,$394.13M,44.26
SN64-FRAX,0.0804,$310.06M,-12.49
A7A5-SOSO,0.0804,$594.79M,-10.72
RLB-ZAMA,0.0803,$242.08M,65.73
DRV-FLUID,0.0803,$188.93M,-9.05
GPS-ZBT,0.0803,$209.96M,-7.53
GLM-GEOD,0.0802,$189.11M,16.83
BORG-AKE,0.0802,$233.79M,554.25
FRXUSD-USDF,0.0802,$221.76M,-0.08
SOSO-GRASS,0.0802,$332.46M,-8.77
RLB-DYDX,0.0801,$202.14M,-9.62
APR-GLM,0.0801,$291.15M,-11.26
TWT-USAT,0.0801,$333.70M,-8.1
IMX-AVUSD,0.08,$343.30M,-15.95
APR-SN64,0.08,$286.38M,-7.58
OZO-XPL,0.08,$345.88M,-4.69
AKT-GPS,0.08,$224.40M,5.13
TKX-BTSE,0.08,$236.55M,-16.68
USTBL-NFT,0.08,$425.36M,-7.34
VCNT-PRL,0.08,$248.51M,64.5
USAT-TAG,0.08,$330.30M,29.85
JTO-CHZ,0.08,$412.78M,-8.97
SHORT-ONYC,0.08,$343.76M,10.62
APR-NFT,0.0799,$460.91M,-2.89
EDGE-VIRTUAL,0.0798,$505.54M,-35.17
USDTB-SHORT,0.0798,$453.07M,9.29
TIBBIR-FF,0.0798,$298.77M,-10.76
ICNT-WFI,0.0798,$276.12M,-30.54
A-REAL,0.0798,$351.35M,-1.03
DYDX-TKX,0.0797,$201.31M,-15.54
DEXE-US,0.0797,$693.05M,385.75
DCR-VCNT,0.0797,$367.22M,-19.13
EDGE-SHORT,0.0796,$233.53M,-16.06
REUSD-AERO,0.0796,$581.81M,0.79
LUNC-XPIN,0.0795,$423.80M,-11.39
OUSG-GRT,0.0795,$541.59M,-18.62
GNO-SOSO,0.0795,$399.23M,-16.45
CAKE-ZBT,0.0795,$561.14M,-22.78
GPS-EURCV,0.0795,$245.45M,11.53
DCR-ONYC,0.0795,$448.98M,-15.06
TRAC-XPIN,0.0795,$268.56M,0.49
USDTB-ZANO,0.0794,$486.68M,-2.43
ZRO-SUN,0.0794,$627.04M,-21.58
USTBL-UUSD,0.0794,$260.63M,0.38
GNO-FARTCOIN,0.0794,$405.65M,-21.24
AWE-REUSD,0.0794,$273.25M,0.51
DYDX-FF,0.0793,$290.15M,-8.7
APR-USDZ,0.0793,$323.78M,4.13
CASH-WFI,0.0793,$296.56M,-1.13
ICNT-A,0.0793,$203.86M,-44.84
USDA-EIGEN,0.0793,$236.77M,3.98
NEX-THETA,0.0793,$216.42M,-34.0
ETHFI-SHFL,0.0793,$521.29M,-2.38
UQC-ICNT,0.0792,$209.59M,-31.74
STRK-TEL,0.0792,$363.53M,-22.33
REUSD-KITE,0.0792,$399.44M,-6.33
RLB-KAG,0.0791,$317.96M,-10.01
OHM-NFT,0.0791,$540.33M,-8.11
AVUSD-A7A5,0.0791,$594.18M,-1.11
NFT-SN64,0.0791,$354.51M,-20.19
EARNETH-US,0.079,$565.91M,414.6
GLM-AIAT,0.079,$212.74M,-8.36
GUSD-AERO,0.079,$563.88M,4.23
IMX-KAG,0.0789,$441.01M,-26.72
MWC-AR,0.0789,$229.90M,24.67
GRT-UUSD,0.0789,$261.13M,-19.05
TKX-SHFL,0.0789,$224.84M,-7.99
KAG-PENDLE,0.0789,$464.34M,-14.5
EURC-REAL,0.0789,$699.09M,12.95
VET-USDAI,0.0789,$546.39M,-18.46
BC-BP,0.0788,$333.81M,200.82
2Z-ONYC,0.0788,$448.54M,-13.08
ULTIMA-USDAI,0.0788,$339.14M,-11.89
FARTCOIN-SHORT,0.0788,$220.56M,-5.08
A7A5-XPIN,0.0788,$623.10M,7.73
RLB-CHEEMS,0.0787,$204.59M,-18.73
USDTB-ENS,0.0787,$531.59M,-14.58
FLUID-GPS,0.0787,$182.30M,-4.41
TIBBIR-APYUSD,0.0787,$264.61M,-17.04
SOON-TAG,0.0787,$235.08M,59.37
1INCH-UQC,0.0786,$223.84M,-8.47
DYDX-PEANUT,0.0786,$282.40M,-21.83
MWC-USDAT,0.0786,$253.64M,28.51
LDO-ACRED,0.0786,$418.24M,-0.78
UQC-A,0.0786,$210.31M,-17.65
OZO-USDA,0.0785,$221.47M,0.63
WEMIX-ZBT,0.0785,$214.37M,-28.73
USAT-ZBT,0.0785,$299.17M,-20.61
DEXE-USDAT,0.0784,$413.88M,-36.97
XEC-A7A5,0.0784,$597.66M,-9.57
TEL-FRXUSD,0.0784,$284.24M,-7.92
PIEVERSE-AIAT,0.0784,$300.06M,6.61
AERO-USDF,0.0784,$526.21M,-2.9
SUN-USDZ,0.0784,$469.68M,-2.03
AKT-SHORT,0.0783,$225.95M,1.4
COCO-ONYC,0.0783,$430.43M,-19.91
MWC-SFP,0.0782,$216.57M,11.03
USDTB-XPIN,0.0782,$500.42M,8.88
USTBL-XPIN,0.0782,$305.74M,9.28
USDA-ZBT,0.0782,$210.12M,-20.19
EIGEN-SHORT,0.0782,$238.15M,12.92
CRCLON-AKE,0.0782,$188.38M,548.22
IMX-APYUSD,0.0781,$385.45M,-20.63
INJ-USDF,0.0781,$571.07M,12.87
GNO-UUSD,0.0781,$382.43M,-6.91
USDAT-A7A5,0.0781,$618.00M,-1.18
UQC-FET,0.0781,$413.94M,-17.69
WEMIX-MET,0.0781,$189.84M,-5.89
APYUSD-BTT,0.0781,$417.60M,-13.39
VSN-FDUSD,0.078,$496.99M,-9.81
OUSG-AERO,0.078,$794.62M,-2.46
RLB-TKX,0.078,$207.72M,-4.48
BC-OZO,0.078,$344.87M,95.06
GPS-FARTCOIN,0.078,$219.02M,-1.35
AXS-AKE,0.078,$239.21M,546.37
TIA-FF,0.0779,$498.78M,-2.27
TIA-THBILL,0.0779,$424.42M,-3.86
USAT-REUSD,0.0779,$352.66M,3.59
OUSG-REUSD,0.0778,$547.68M,4.07
AWE-THBILL,0.0778,$223.75M,-3.1
XEC-THBILL,0.0778,$237.39M,-8.39
ZBT-SUN,0.0778,$456.24M,-21.84
MANA-ONYC,0.0778,$377.59M,-11.57
US-ULTIMA,0.0777,$600.67M,410.84
ZANO-THBILL,0.0777,$249.09M,-2.39
USTBL-GPS,0.0776,$256.85M,13.42
META-CRCLON,0.0776,$188.27M,12.83
GPS-XCN,0.0776,$225.67M,-5.33
ACRED-ZAMA,0.0776,$252.85M,65.37
REUSD-WIF,0.0776,$313.78M,-7.62
1INCH-APR,0.0775,$312.21M,-1.33
CHEEMS-KAITO,0.0775,$409.59M,64.98
SHORT-THETA,0.0775,$223.65M,-9.31
OUSG-WFI,0.0774,$554.79M,-0.67
MWC-MX,0.0774,$264.43M,25.18
CASH-SNX,0.0774,$244.45M,-15.95
ULTIMA-RUNE,0.0774,$329.96M,-45.4
KITE-FRXUSD,0.0774,$341.92M,-10.03
APR-RAIL,0.0773,$286.23M,12.4
MWC-MON,0.0773,$362.04M,14.12
KAU-WEMIX,0.0773,$408.73M,-12.47
META-BTT,0.0773,$354.89M,22.59
USDAT-CHEEMS,0.0773,$240.12M,-19.5
CAKE-ACRED,0.0773,$562.23M,-1.89
GLM-PRL,0.0773,$178.83M,51.11
RUNE-BONK,0.0773,$413.21M,-45.27
AWE-PIEVERSE,0.0773,$287.90M,-4.3
BORG-A7A5,0.0773,$616.47M,-13.62
VET-USDF,0.0773,$500.79M,-18.46
SPX-META,0.0772,$397.49M,25.18
APR-GNO,0.0772,$479.03M,-2.01
GPS-AXS,0.0772,$239.70M,-7.34
FF-FRAX,0.0772,$412.35M,1.58
REAL-USDAI,0.0772,$406.50M,14.31
GRASS-THBILL,0.0772,$333.80M,0.84
CHEEMS-BORG,0.0771,$238.59M,-31.93
ZBT-ETHFI,0.0771,$513.84M,-20.14
VSN-ICNT,0.077,$252.47M,-39.19
LUNC-COCO,0.077,$463.12M,-41.51
RLB-TAG,0.077,$249.34M,30.64
DYDX-FLUID,0.077,$184.15M,-27.75
UQC-WIF,0.077,$254.36M,-13.56
FLOKI-FF,0.077,$390.79M,-16.38
USAT-FRAX,0.077,$405.29M,-0.12
TEL-BSV,0.077,$432.81M,-17.23
SHORT-SOSO,0.077,$214.14M,-0.29
LDO-USTBL,0.0769,$464.04M,-0.73
AKT-SHFL,0.0769,$249.79M,-10.66
CHEEMS-FDUSD,0.0769,$446.41M,-19.54
ACRED-SOSO,0.0769,$231.63M,-9.22
CRVUSD-TRUMP,0.0769,$569.44M,-18.13
SN64-GUSD,0.0769,$239.50M,-5.35
DEXE-DCR,0.0768,$476.86M,-53.33
VIRTUAL-WEMIX,0.0768,$469.99M,-18.02
APEPE-SN64,0.0768,$291.35M,-26.92
USDA-TRUMP,0.0768,$453.57M,-17.75
REUSD-ETHFI,0.0768,$567.32M,4.05
RLB-XPIN,0.0767,$249.17M,9.59
DEXE-FARTCOIN,0.0767,$397.09M,-51.29
ZBCN-STRK,0.0767,$366.48M,-36.02
XTZ-ULTIMA,0.0767,$407.17M,-33.96
VELVET-DASH,0.0766,$563.94M,133.03
APXUSD-STX,0.0766,$545.57M,-25.8
KAG-ACRED,0.0766,$328.73M,-10.37
FLOKI-TAG,0.0766,$343.58M,11.91
SNX-CARDS,0.0766,$391.30M,-6.43
CRVUSD-BAT,0.0765,$315.46M,-14.51
CARDS-WFI,0.0765,$443.41M,8.39
REAL-WFI,0.0765,$423.60M,13.27
MWC-FRAX,0.0764,$333.91M,28.57
USTBL-KITE,0.0764,$392.84M,-9.58
FLUID-SHFL,0.0764,$207.69M,-20.2
UQC-CHZ,0.0764,$252.16M,-35.8
CARDS-GOMINING,0.0764,$384.43M,7.81
JASMY-SUN,0.0764,$553.88M,-13.11
LUNC-EDGE,0.0763,$414.87M,-45.6
EDGE-ONYC,0.0763,$382.18M,-24.0
VELVET-ICNT,0.0763,$268.07M,112.19
USTBL-ICNT,0.0763,$262.41M,-29.05
UQC-MANA,0.0763,$239.40M,-15.18
VCNT-FRXUSD,0.0763,$274.37M,-2.77
PIEVERSE-FRXUSD,0.0763,$292.00M,-1.2
PIEVERSE-TRUMP,0.0763,$539.47M,-19.25
APYUSD-USDZ,0.0763,$285.52M,-5.38
DYDX-CVX,0.0762,$232.68M,-21.13
CASH-TKX,0.0762,$225.46M,-5.26
META-TEL,0.0762,$269.73M,23.46
TWT-GEOD,0.0762,$242.81M,24.93
USDAT-USDA,0.0761,$235.98M,0.31
FLUID-AIAT,0.0761,$204.27M,-9.65
COCO-APYUSD,0.0761,$342.35M,-25.89
USDA-MON,0.0761,$344.37M,-14.22
SOSO-THBILL,0.0761,$234.52M,-9.53
AR-SUN,0.0761,$458.34M,-5.39
APR-ICNT,0.076,$297.96M,-24.6
TWT-KOGE,0.076,$362.62M,43.45
FLUID-FRAX,0.076,$306.35M,-17.47
FF-FET,0.076,$498.20M,-13.78
SHORT-MET,0.076,$186.97M,11.59
OUSG-SN64,0.0759,$470.24M,-12.03
1INCH-US,0.0759,$534.78M,416.49
NEX-SOSO,0.0759,$206.92M,-24.98
GEOD-AIAT,0.0759,$212.32M,40.72
BC-JTO,0.0758,$488.21M,119.34
USDA-PRL,0.0758,$180.25M,67.58
UB-ZBCN,0.0757,$538.11M,-10.17
CHEEMS-ZANO,0.0757,$231.48M,-21.88
IOTA-FRXUSD,0.0757,$257.50M,-20.39
AVUSD-SYRUP,0.0757,$323.22M,-15.86
CAKE-GPS,0.0756,$543.20M,10.77
ACRED-COMP,0.0756,$274.37M,-16.42
VCNT-MON,0.0756,$412.64M,-17.3
AVUSD-CRCLON,0.0755,$208.83M,-18.47
KAU-USDA,0.0754,$404.48M,-3.93
USDTB-SN64,0.0754,$445.51M,-12.44
XTZ-TAG,0.0754,$370.54M,7.81
RUNE-EURCV,0.0754,$297.70M,-37.64
USDA-ZANO,0.0754,$227.34M,-2.08
OZO-BP,0.0753,$239.53M,106.32
CVX-SUN,0.0753,$477.11M,-12.09
USTBL-AXS,0.0753,$304.53M,-19.94
USTBL-WEMIX,0.0753,$261.27M,-7.78
OHM-PRL,0.0753,$359.87M,66.88
THETA-AKE,0.0753,$221.62M,548.13
APR-GRASS,0.0752,$412.26M,5.67
DRV-USTBL,0.0752,$263.48M,8.78
USDAT-PYTH,0.0752,$461.16M,-6.54
KAITO-TEL,0.0752,$483.58M,76.55
A7A5-SHFL,0.0752,$599.60M,-3.92
UQC-USAT,0.0751,$293.25M,-2.35
MWC-GNO,0.075,$396.48M,21.93
TIA-BTSE,0.075,$439.60M,-15.38
META-TRAC,0.075,$219.08M,22.96
REUSD-NEX,0.075,$257.76M,-11.75
BTSE-SOSO,0.075,$249.70M,-21.06
OHM-JTO,0.0749,$544.44M,24.2
META-XEC,0.0749,$214.87M,22.91
GPS-WFI,0.0749,$270.55M,11.94
DASH-APYUSD,0.0749,$555.56M,-13.27
REUSD-EURCV,0.0749,$316.87M,2.18
MANA-SOSO,0.0749,$247.97M,-22.48
CASH-CAKE,0.0748,$569.21M,-2.3
CASH-GEOD,0.0748,$216.36M,32.89
TIA-FRXUSD,0.0748,$416.41M,-3.94
ZRO-SOSO,0.0748,$401.34M,-29.85
USTBL-WIF,0.0748,$307.19M,-10.87
USAT-SHORT,0.0748,$282.78M,9.21
FF-SHFL,0.0748,$313.68M,-1.15
APR-XPL,0.0747,$416.98M,-0.11
2Z-FRXUSD,0.0747,$312.26M,-14.45
APEPE-AKE,0.0747,$296.88M,552.25
KAG-COMP,0.0746,$373.02M,-27.5
DYDX-ONYC,0.0745,$344.07M,-9.0
EDGE-DEXE,0.0745,$410.05M,-62.27
GNO-FRAX,0.0745,$502.71M,-6.93
CAKE-AVUSD,0.0745,$563.17M,-2.21
USAT-VET,0.0745,$574.19M,-18.49
APYUSD-GRASS,0.0745,$374.00M,-3.84
NXM-APR,0.0744,$283.26M,-0.21
COCO-FF,0.0744,$376.51M,-19.61
NEX-ENS,0.0744,$266.40M,-29.99
ENS-REAL,0.0744,$425.13M,-0.24
APYUSD-AERO,0.0744,$572.50M,-7.51
AR-USDAI,0.0744,$273.49M,-4.13
SUN-THBILL,0.0744,$460.22M,-1.26
OZO-TIBBIR,0.0743,$231.78M,-12.11
ULTIMA-PIEVERSE,0.0743,$363.78M,-13.0
LUNC-USDAT,0.0742,$418.70M,-20.3
GRT-GPS,0.0742,$257.35M,-6.01
VELVET-AERO,0.0742,$580.88M,138.79
WEMIX-FRAX,0.0742,$320.49M,-8.25
AWE-BONK,0.0742,$370.77M,-16.07
TRAC-AIAT,0.0742,$241.64M,-0.61
PIEVERSE-BTSE,0.0742,$315.19M,-12.64
GEOD-BAT,0.0742,$197.76M,18.48
KOGE-A7A5,0.0742,$692.35M,50.34
OUSG-INJ,0.0741,$839.49M,13.31
RLB-ZK,0.0741,$188.63M,-22.55
EARNETH-ACRED,0.0741,$261.98M,-7.73
DEXE-SUN,0.0741,$616.37M,-38.23
FF-SOON,0.0741,$282.29M,31.09
SOON-APYUSD,0.0741,$248.14M,24.81
XEC-MET,0.0741,$208.87M,-6.12
RLB-ZRO,0.074,$389.03M,-19.56
EDGE-A,0.074,$238.26M,-40.72
SEI-KAG,0.074,$500.25M,-23.88
USTBL-GLIDR,0.074,$262.22M,-8.79
COCO-GRASS,0.074,$400.09M,-20.45
NEO-GEOD,0.074,$228.12M,17.32
AIAT-XPL,0.074,$338.57M,2.79
BTSE-GLIDR,0.074,$234.49M,-20.68
MWC-XTZ,0.0739,$339.31M,6.47
CRVUSD-WIF,0.0739,$358.39M,-11.32
STRCX-BSV,0.0739,$399.29M,-13.7
VSN-NFT,0.0738,$415.42M,-17.48
SPX-RLB,0.0738,$406.35M,-5.44
BC-EURC,0.0738,$669.60M,93.39
META-BSV,0.0738,$353.91M,21.99
ACRED-STRCX,0.0738,$255.84M,-3.99
REUSD-BONK,0.0738,$432.38M,-9.27
NEX-EURCV,0.0738,$239.77M,-16.88
TAG-GEOD,0.0738,$239.41M,62.87
AIAT-ONYC,0.0738,$364.18M,9.1
AERO-THBILL,0.0738,$532.31M,-2.82
RLB-USAT,0.0737,$289.50M,0.65
APR-KAU,0.0737,$504.70M,0.59
VELVET-ENS,0.0737,$342.57M,127.07
AXS-USAT,0.0737,$328.92M,-20.43
WEMIX-RAY,0.0737,$263.43M,-21.82
WIF-USDAI,0.0737,$303.78M,-11.32
KMNO-USDAI,0.0736,$255.46M,-5.08
CRVUSD-XPL,0.0736,$432.64M,-5.01
JTO-USDZ,0.0736,$396.03M,23.82
PYTH-ONYC,0.0736,$567.57M,-5.16
OZO-MET,0.0735,$214.71M,2.59
GNO-NEX,0.0735,$372.97M,-22.28
TWT-UUSD,0.0735,$248.25M,-8.05
CHEEMS-CRVUSD,0.0735,$312.37M,-19.49
CHEEMS-MET,0.0735,$189.73M,-17.15
REUSD-IOTA,0.0735,$315.01M,-16.69
TRAC-THBILL,0.0735,$241.60M,-8.34
SPX-COCO,0.0734,$486.30M,-27.41
UB-STRK,0.0734,$550.05M,-3.05
TIA-APYUSD,0.0734,$464.62M,-8.54
USAT-MX,0.0734,$335.82M,-3.51
STAC-PENGU,0.0733,$474.36M,-19.7
SEI-GPS,0.0733,$382.56M,-0.14
CASH-MON,0.0733,$370.21M,-14.62
GPS-WEMIX,0.0733,$196.43M,4.82
ICNT-REUSD,0.0733,$269.00M,-25.81
JTO-AIAT,0.0733,$386.62M,32.32
USDAI-USDF,0.0733,$269.28M,-0.08
STAC-RAIL,0.0732,$192.49M,8.03
KAU-DASH,0.0732,$705.74M,-12.9
LDO-USDAI,0.0732,$460.63M,-1.18
KMNO-AKE,0.0732,$193.54M,561.68
FLOKI-USDA,0.0732,$294.69M,-17.66
XEC-XCN,0.0732,$249.12M,-26.77
MX-AKE,0.0732,$246.11M,563.28
UB-ICNT,0.0731,$462.41M,-18.06
STAC-GPS,0.0731,$198.65M,13.51
MWC-ZK,0.0731,$198.19M,5.96
VIRTUAL-UQC,0.0731,$477.59M,-12.11
STRK-STRCX,0.0731,$330.01M,-18.8
APR-APXUSD,0.073,$491.45M,-1.37
CASH-MANA,0.073,$253.40M,-12.96
APXUSD-TEL,0.073,$469.37M,-14.11
WEMIX-SUN,0.073,$442.71M,-9.49
USDA-FARTCOIN,0.073,$219.19M,-14.02
GEOD-MET,0.073,$183.76M,35.26
BSV-ZAMA,0.073,$396.30M,55.66
1INCH-GEOD,0.0729,$210.16M,26.75
1INCH-GUSD,0.0729,$265.32M,0.9
NEO-CHEEMS,0.0729,$234.09M,-35.09
CHEEMS-RAY,0.0729,$263.32M,-33.08
WEMIX-NEX,0.0729,$190.75M,-23.6
JTO-PENDLE,0.0729,$519.29M,20.79
STAC-CHZ,0.0728,$246.78M,-33.03
ZBCN-KAG,0.0728,$390.97M,-32.3
USDAT-XTZ,0.0728,$365.27M,-22.15
AXS-NEX,0.0728,$234.02M,-35.76
CRVUSD-FF,0.0728,$404.34M,1.6
FF-REAL,0.0728,$441.34M,15.98
JTO-KITE,0.0728,$500.64M,14.57
GEOD-MANA,0.0728,$225.73M,20.04
UB-UQC,0.0727,$468.86M,9.12
DRV-USDZ,0.0727,$230.03M,7.63
META-SHORT,0.0727,$192.97M,40.62
USDAT-VCNT,0.0727,$304.24M,-2.77
DYDX-AERO,0.0726,$512.24M,-13.2
EDGE-ZANO,0.0726,$267.13M,-27.77
MWC-SHFL,0.0726,$235.24M,24.98
EARNETH-CHEEMS,0.0726,$247.26M,-27.54
VELVET-OZO,0.0726,$291.80M,141.93
APXUSD-THBILL,0.0726,$412.99M,-6.19
US-ZAMA,0.0725,$556.78M,487.7
APXUSD-DCR,0.0725,$497.83M,-22.62
STRK-VCNT,0.0725,$353.66M,-17.18
US-NFT,0.0724,$683.49M,414.93
META-ZBT,0.0724,$209.36M,10.8
UQC-AVUSD,0.0724,$224.00M,-2.24
FLUID-STRCX,0.0723,$227.08M,-21.77
AWE-USDZ,0.0723,$233.21M,-3.88
JTO-TAG,0.0723,$413.70M,54.47
SHORT-COMP,0.0723,$256.88M,-7.49
KOGE-COMP,0.0723,$373.47M,34.7
SEI-STRCX,0.0722,$427.35M,-17.5
OUSG-MET,0.0721,$469.67M,2.72
OHM-SOON,0.0721,$365.81M,29.1
KMNO-USAT,0.0721,$283.25M,-5.11
ICNT-APYUSD,0.0721,$259.70M,-34.11
VSN-SOON,0.072,$240.90M,19.73
KAU-STRCX,0.072,$449.10M,-8.63
EARNETH-SHFL,0.072,$268.34M,-10.87
AKT-UQC,0.072,$236.41M,-10.16
KAITO-GUSD,0.072,$458.78M,91.52
ACRED-BORG,0.072,$253.31M,-12.12
USDTB-SAND,0.0719,$480.71M,-20.9
USTBL-RAY,0.0719,$323.85M,-13.21
ACRED-SOON,0.0719,$205.05M,29.81
SHORT-TRAC,0.0719,$221.22M,0.9
SHORT-NFT,0.0719,$362.07M,1.53
SN64-APYUSD,0.0719,$248.12M,-17.08
MWC-REUSD,0.0718,$281.27M,32.19
ZBCN-WEMIX,0.0718,$277.70M,-29.77
COCO-GEOD,0.0718,$278.57M,11.7
KAITO-PRL,0.0718,$393.34M,151.67
FDUSD-SUN,0.0718,$688.39M,-1.39
FARTCOIN-XEC,0.0718,$242.47M,-22.79
PIEVERSE-SUN,0.0718,$524.37M,-2.46
STAC-VET,0.0717,$491.60M,-17.93
OZO-OHM,0.0717,$401.10M,-0.08
USDAT-KAG,0.0717,$353.49M,-10.77
TIBBIR-GEOD,0.0717,$200.83M,20.56
UUSD-USDZ,0.0717,$227.17M,-0.76
WIF-FRAX,0.0717,$366.41M,-11.33
EDGE-APXUSD,0.0716,$431.03M,-31.57
OZO-WEMIX,0.0716,$225.72M,-7.92
CVX-USAT,0.0716,$320.04M,-10.86
VCNT-XEC,0.0716,$283.90M,-11.16
BSV-THBILL,0.0716,$376.43M,-9.31
RLB-ICNT,0.0715,$205.84M,-28.74
GRT-CHEEMS,0.0715,$261.66M,-38.48
UQC-GRASS,0.0715,$323.89M,-1.47
WEMIX-XEC,0.0715,$219.88M,-16.63
SOON-NFT,0.0715,$354.53M,21.7
1INCH-CRVUSD,0.0714,$327.87M,-6.23
GPS-NEO,0.0714,$229.78M,-2.62
UUSD-MANA,0.0714,$231.17M,-12.93
VCNT-GRASS,0.0714,$380.31M,-1.93
NEX-PENDLE,0.0714,$340.98M,-19.17
APR-USDF,0.0713,$308.23M,4.83
UUSD-A,0.0713,$202.07M,-15.41
STX-SHORT,0.0713,$348.07M,-10.29
GEOD-BONK,0.0713,$359.29M,20.03
REAL-EURCV,0.0713,$398.49M,12.87
WFI-SHFL,0.0713,$295.94M,-3.86
VSN-STRCX,0.0712,$291.69M,-14.07
MWC-KITE,0.0712,$345.84M,18.44
AKT-ZBT,0.0712,$242.34M,-28.42
GPS-AERO,0.0711,$510.38M,10.15
FET-THBILL,0.0711,$423.85M,-15.37
EDGE-ACRED,0.071,$251.02M,-24.98
OZO-XEC,0.071,$244.75M,-8.15
FLUID-UUSD,0.071,$186.07M,-17.45
KAG-DASH,0.071,$611.13M,-19.36
DASH-AKE,0.071,$492.96M,558.1
FF-THETA,0.071,$318.38M,-16.96
ACRED-EIGEN,0.0709,$255.63M,3.99
RAIL-SOSO,0.0709,$206.43M,-2.03
VSN-AKE,0.0708,$246.42M,557.0
COCO-THETA,0.0708,$310.31M,-39.84
GPS-USAT,0.0708,$281.24M,12.94
STRCX-GRASS,0.0708,$356.66M,-3.55
BC-AIAT,0.0707,$337.55M,102.55
OZO-USDAT,0.0707,$265.10M,0.24
AVUSD-FARTCOIN,0.0707,$238.99M,-14.32
FRXUSD-AKE,0.0707,$205.44M,566.68
NXM-GUSD,0.0706,$236.38M,2.02
UB-META,0.0706,$456.25M,42.74
VELVET-DEXE,0.0706,$440.58M,104.72
US-COCO,0.0706,$603.19M,401.44
USTBL-GUSD,0.0706,$310.35M,7.5
COCO-PENGU,0.0706,$555.94M,-41.44
ONYC-A7A5,0.0706,$724.41M,0.19
OUSG-META,0.0705,$475.66M,31.75
FLUID-BP,0.0705,$200.52M,88.62
BP-EURCV,0.0705,$263.67M,104.56
OUSG-ZAMA,0.0704,$518.06M,65.42
RLB-EDGE,0.0704,$240.25M,-24.62
OHM-PIEVERSE,0.0704,$457.89M,-1.51
GNO-FF,0.0704,$474.93M,-5.24
STRCX-SUN,0.0704,$483.08M,-5.65
STAC-ZBCN,0.0703,$279.92M,-21.08
APR-WFI,0.0703,$370.93M,3.79
UQC-PYTH,0.0703,$429.38M,-8.77
AVUSD-CHZ,0.0703,$260.12M,-33.49
EDGE-JASMY,0.0702,$347.56M,-37.15
USTBL-IOTA,0.0702,$308.42M,-19.94
META-ACRED,0.0702,$210.46M,31.7
SNX-GUSD,0.0702,$271.94M,-8.8
AVUSD-MANA,0.0702,$247.36M,-12.87
REAL-GUSD,0.0702,$398.56M,21.44
2Z-APYUSD,0.0701,$360.46M,-19.06
BTSE-ONYC,0.0701,$379.32M,-10.15
VET-AKE,0.0701,$484.48M,548.3
OUSG-KMNO,0.07,$478.27M,-4.63
GNO-PRL,0.07,$366.71M,60.36
KAG-GUSD,0.07,$363.20M,-3.64
ICNT-CARDS,0.07,$370.44M,-20.0
SNX-ZBT,0.07,$236.38M,-36.43
GEOD-THBILL,0.07,$212.28M,32.99
ULTIMA-PRL,0.0699,$265.77M,55.39
ULTIMA-FRAX,0.0699,$401.77M,-11.9
OUSG-GPS,0.0698,$476.26M,13.42
DCR-GUSD,0.0698,$352.28M,-9.3
XTZ-SHFL,0.0698,$346.87M,-24.89
SOON-ZAMA,0.0698,$227.82M,94.47
TEL-MANA,0.0698,$305.70M,-20.78
PRL-EURCV,0.0698,$233.51M,65.76
APEPE-PEANUT,0.0697,$385.90M,-25.98
STRK-KITE,0.0697,$421.21M,-24.44
DYDX-AWE,0.0696,$203.69M,-13.48
US-FDUSD,0.0696,$765.06M,422.6
TRAC-XPL,0.0696,$344.25M,-13.36
PYTH-REAL,0.0696,$570.42M,7.85
NFT-COMP,0.0696,$423.85M,-24.53
DYDX-BONK,0.0694,$362.81M,-23.26
OHM-EIGEN,0.0694,$416.40M,3.28
SHORT-BTT,0.0694,$357.03M,0.53
EARNETH-VELVET,0.0693,$313.44M,133.57
CRVUSD-BTT,0.0693,$471.52M,-8.78
RLB-USTBL,0.0692,$265.11M,1.13
US-FET,0.0692,$724.88M,407.28
META-FDUSD,0.0692,$441.51M,31.25
APXUSD-AKE,0.0692,$390.58M,560.49
KMNO-SHFL,0.0692,$219.42M,-7.82
UQC-SAND,0.0692,$233.21M,-23.18
RLB-THBILL,0.0691,$222.21M,0.76
DEXE-EURCV,0.0691,$423.52M,-38.41
ICNT-PYTH,0.0691,$422.93M,-35.96
APR-REUSD,0.069,$363.82M,8.52
EDGE-TIBBIR,0.069,$242.46M,-37.73
VELVET-TKX,0.069,$269.95M,136.45
CAKE-BP,0.069,$561.43M,103.8
DCR-THBILL,0.069,$320.71M,-16.35
NFT-ZAMA,0.069,$402.33M,57.26
ZAMA-SHFL,0.069,$259.21M,62.23
USDTB-USDAI,0.0689,$512.96M,-0.04
GPS-VCNT,0.0689,$260.45M,10.28
GOMINING-ZAMA,0.0689,$253.37M,63.36
STAC-KAITO,0.0688,$411.91M,84.93
STAC-SHFL,0.0688,$224.04M,-2.29
OZO-IOTA,0.0688,$272.87M,-20.07
KAG-BP,0.0688,$327.93M,95.31
ONYC-USDAI,0.0688,$403.64M,1.29
USDTB-THBILL,0.0687,$473.46M,0.04
OZO-COCO,0.0687,$309.52M,-20.97
US-RAIL,0.0687,$508.81M,430.23
REUSD-TRAC,0.0687,$291.10M,-4.73
REUSD-XCN,0.0687,$297.09M,-14.69
EURC-GEOD,0.0687,$544.38M,31.56
KAU-RUNE,0.0686,$456.57M,-40.68
META-UQC,0.0686,$203.43M,29.06
WEMIX-XPIN,0.0686,$245.32M,0.68
TAG-ONYC,0.0686,$391.27M,31.25
KITE-COMP,0.0686,$391.33M,-26.77
USDAT-TRAC,0.0685,$263.47M,-8.42
GALA-AKE,0.0685,$184.14M,544.81
STAC-UUSD,0.0684,$202.43M,0.47
CASH-TAG,0.0684,$267.09M,29.86
US-BORG,0.0684,$557.24M,410.21
APEPE-UQC,0.0684,$309.38M,-16.75
APXUSD-SFP,0.0684,$397.79M,-23.71
VELVET-ONYC,0.0683,$412.71M,142.99
ZBCN-GNO,0.0683,$459.92M,-28.45
APXUSD-SN64,0.0683,$385.05M,-18.67
GNO-TAG,0.0683,$427.71M,23.04
AXS-SUN,0.0683,$485.98M,-21.66
AVUSD-MON,0.0683,$364.17M,-14.53
CHZ-SOSO,0.0683,$260.73M,-43.1
MET-SHFL,0.0683,$210.82M,-0.47
META-DASH,0.0682,$492.85M,22.71
WEMIX-GLIDR,0.0682,$201.81M,-17.4
CARDS-SYRUP,0.0682,$476.11M,-6.43
EURC-SHFL,0.0682,$571.44M,-4.18
ZRO-FF,0.0681,$477.04M,-18.64
COCO-WIF,0.0681,$330.56M,-32.53
KAG-UQC,0.068,$321.71M,-13.01
UQC-REUSD,0.068,$275.45M,1.38
USAT-CHZ,0.068,$329.37M,-33.6
APR-USDTB,0.0679,$551.91M,4.87
CVX-REAL,0.0679,$383.87M,3.55
USDAT-RAIL,0.0679,$229.64M,7.5
KAG-XEC,0.0679,$333.15M,-19.16
FF-WIF,0.0679,$338.63M,-9.65
ENS-FRXUSD,0.0679,$285.99M,-14.62
BTSE-FRXUSD,0.0679,$243.03M,-11.52
REAL-FRAX,0.0679,$469.12M,14.29
APR-SNX,0.0678,$318.83M,-11.03
DRV-BTSE,0.0678,$235.75M,-3.12
US-SFP,0.0678,$521.70M,405.21
UQC-FARTCOIN,0.0678,$231.03M,-16.64
NEX-AR,0.0678,$206.38M,-19.49
GOMINING-GEOD,0.0678,$209.91M,31.3
STAC-VIRTUAL,0.0677,$472.21M,-9.34
VELVET-EIGEN,0.0677,$307.09M,145.29
CASH-SFP,0.0677,$224.75M,-17.53
ULTIMA-NFT,0.0677,$446.22M,-19.6
ULTIMA-THBILL,0.0677,$299.63M,-11.8
APYUSD-BAT,0.0677,$261.54M,-19.11
REAL-SHFL,0.0677,$370.46M,11.56
TRAC-REAL,0.0676,$372.72M,5.96
APYUSD-COMP,0.0676,$317.45M,-21.42
META-CHEEMS,0.0675,$195.73M,11.88
USAT-STRCX,0.0675,$326.02M,-4.42
STRCX-BORG,0.0675,$279.06M,-16.83
ZBT-PYTH,0.0675,$435.31M,-27.04
RLB-CVX,0.0674,$239.09M,-10.07
ZBCN-ULTIMA,0.0674,$358.97M,-33.42
META-DCR,0.0674,$298.19M,14.94
NEO-AKE,0.0674,$229.30M,551.09
ULTIMA-FF,0.0674,$373.99M,-10.21
RUNE-PRL,0.0674,$232.33M,27.93
BP-ACRED,0.0674,$229.28M,106.4
WEMIX-AR,0.0674,$216.48M,-12.28
CARDS-STRCX,0.0674,$409.66M,5.11
USAT-ZAMA,0.0674,$323.04M,64.94
DRV-IOTA,0.0673,$250.22M,-11.98
DEXE-ONYC,0.0673,$520.29M,-35.6
WEMIX-CRCLON,0.0673,$193.28M,-26.7
ZANO-ONYC,0.0673,$377.37M,-1.09
2Z-SHORT,0.0672,$299.89M,-5.13
META-UUSD,0.0672,$195.20M,31.31
USDAT-WFI,0.0672,$314.34M,-1.11
GPS-ULTIMA,0.0672,$277.71M,1.17
TKX-ICNT,0.0671,$205.01M,-34.67
TAG-MON,0.0671,$393.26M,15.35
IMX-NEX,0.067,$317.65M,-31.4
DEXE-EURC,0.067,$724.12M,-38.33
GNO-SUN,0.067,$624.93M,-8.18
CRVUSD-SYRUP,0.067,$419.30M,-15.93
NEX-GALA,0.067,$178.94M,-37.32
TAG-FRXUSD,0.067,$254.99M,29.88
TEL-A7A5,0.067,$652.52M,-9.02
STAC-ONYC,0.0669,$348.85M,1.83
META-KITE,0.0669,$327.42M,21.35
SOON-PEANUT,0.0669,$274.55M,17.96
ZBT-VET,0.0669,$502.90M,-38.96
US-MET,0.0668,$508.38M,424.99
TWT-THBILL,0.0668,$266.40M,-7.98
UUSD-PYTH,0.0668,$421.15M,-6.53
ZANO-REAL,0.0668,$380.22M,11.92
SOON-XPIN,0.0668,$234.91M,38.33
GEOD-FET,0.0668,$400.26M,17.54
MON-ONYC,0.0668,$494.40M,-13.23
TRUMP-THBILL,0.0668,$475.32M,-18.05
META-COMP,0.0667,$254.74M,14.56
REUSD-MX,0.0667,$318.02M,0.22
SOON-PENDLE,0.0667,$340.66M,25.69
STRK-SHORT,0.0666,$286.76M,-5.17
REUSD-PYTH,0.0666,$488.79M,-2.84
MWC-SUN,0.0665,$456.13M,27.04
ZRO-STRCX,0.0665,$425.55M,-24.63
UUSD-USDAI,0.0665,$257.22M,-0.07
APR-AWE,0.0664,$302.21M,1.72
COCO-USAT,0.0664,$369.45M,-21.32
KAG-ETHFI,0.0664,$613.58M,-10.33
JTO-STRCX,0.0664,$409.43M,20.21
OUSG-AVUSD,0.0663,$496.23M,0.45
SEI-BP,0.0663,$400.79M,92.89
US-STX,0.0663,$669.48M,403.11
COCO-TRUMP,0.0663,$541.61M,-39.34
WEMIX-VET,0.0663,$489.38M,-26.62
UUSD-FET,0.0663,$405.70M,-15.44
US-ENS,0.0662,$595.04M,408.1
COCO-NEO,0.0662,$318.00M,-36.88
SNX-REUSD,0.0662,$289.87M,-12.24
USAT-USDA,0.0662,$281.41M,0.28
AVUSD-WIF,0.0662,$262.32M,-11.24
KOGE-FET,0.0662,$520.07M,36.07
1INCH-VELVET,0.0661,$282.32M,135.46
MWC-AKT,0.0661,$242.23M,21.35
USDTB-JTO,0.0661,$624.16M,24.56
STRK-RAIL,0.0661,$279.05M,-6.91
STRK-XPIN,0.0661,$334.11M,-5.58
FDUSD-SN64,0.0661,$436.09M,-12.53
USAT-JASMY,0.0661,$396.82M,-11.88
PRL-SYRUP,0.0661,$291.32M,51.34
APR-AVUSD,0.066,$312.37M,4.9
MWC-GOMINING,0.066,$229.40M,26.74
UQC-NFT,0.066,$372.54M,-10.03
UQC-MX,0.066,$258.61M,-5.72
WEMIX-TRAC,0.066,$224.09M,-16.58
FF-TAG,0.066,$337.35M,31.55
JTO-JASMY,0.066,$480.22M,12.75
GOMINING-WFI,0.066,$290.11M,-2.73
AIAT-BAT,0.066,$221.39M,-6.7
BTSE-CHZ,0.066,$277.25M,-45.01
ICNT-GEOD,0.0659,$195.92M,3.49
UUSD-EIGEN,0.0659,$240.38M,3.61
TAG-GOMINING,0.0659,$260.63M,28.26
PYTH-USDAI,0.0659,$478.80M,-6.54
RLB-ULTIMA,0.0658,$285.97M,-11.13
RLB-BTT,0.0658,$363.75M,-8.03
APR-BORG,0.0658,$334.66M,-7.62
APR-MET,0.0658,$285.81M,7.17
GNO-KAG,0.0658,$496.34M,-17.61
GNO-NFT,0.0658,$547.17M,-14.63
BSV-AKE,0.0658,$354.02M,557.37
STAC-ZANO,0.0657,$233.80M,-1.94
COCO-BTSE,0.0657,$317.33M,-32.73
WEMIX-SFP,0.0657,$203.16M,-25.67
DYDX-GNO,0.0656,$380.51M,-17.21
MWC-ENS,0.0656,$289.91M,13.91
ACRED-IOTA,0.0656,$262.62M,-19.99
BORG-PRL,0.0656,$222.34M,54.76
SN64-USDAI,0.0656,$247.43M,-12.48
GNO-CRVUSD,0.0655,$494.69M,-6.91
RLB-TRUMP,0.0654,$461.66M,-17.38
APR-SAND,0.0654,$321.58M,-16.04
AKT-XEC,0.0654,$247.85M,-16.31
APEPE-COCO,0.0654,$385.58M,-35.73
GPS-ZANO,0.0654,$227.17M,10.58
SFP-USDAI,0.0654,$260.17M,-17.52
IMX-UUSD,0.0653,$327.11M,-16.02
CHEEMS-AVUSD,0.0653,$216.29M,-19.42
NEX-TEL,0.0653,$264.64M,-23.28
STAC-DYDX,0.0652,$200.51M,-9.84
KOGE-AKE,0.0652,$309.67M,618.2
IMX-SHFL,0.0651,$348.72M,-18.77
DYDX-APXUSD,0.0651,$392.92M,-16.57
EARNETH-ICNT,0.0651,$248.51M,-37.55
UUSD-ENS,0.0651,$275.86M,-14.61
CARDS-TEL,0.0651,$443.18M,1.58
USAT-SN64,0.0651,$275.22M,-12.51
DRV-UUSD,0.065,$202.43M,8.34
USDTB-TEL,0.065,$529.84M,-7.87
LUNC-KITE,0.0649,$510.90M,-30.25
APEPE-USDAI,0.0649,$358.80M,-14.52
OHM-USDZ,0.0649,$403.19M,-1.09
GLM-USDAI,0.0649,$252.20M,-16.17
XTZ-REAL,0.0649,$474.53M,-7.76
SNX-USAT,0.0649,$307.66M,-15.96
NEX-BSV,0.0649,$348.82M,-24.76
TEL-SN64,0.0649,$264.31M,-20.32
OUSG-ZBT,0.0648,$494.20M,-20.13
OZO-EURC,0.0648,$575.33M,-1.12
US-OHM,0.0648,$694.77M,422.33
APXUSD-JTO,0.0648,$563.69M,18.33
COCO-TEL,0.0648,$358.54M,-29.13
CHEEMS-PENDLE,0.0648,$350.97M,-23.22
AWE-SOSO,0.0648,$222.41M,-12.72
UB-GNO,0.0647,$643.48M,4.52
USDTB-AKT,0.0647,$483.92M,-7.88
AWE-MON,0.0647,$354.02M,-17.71
CRVUSD-A7A5,0.0647,$690.26M,-1.18
VSN-FRAX,0.0646,$370.96M,-9.78
OUSG-CVX,0.0646,$515.07M,-10.38
INJ-A7A5,0.0646,$937.44M,11.76
LDO-US,0.0646,$722.16M,421.54
CASH-PENDLE,0.0646,$372.67M,-3.83
US-GLIDR,0.0646,$520.35M,413.48
ULTIMA-STRCX,0.0646,$322.49M,-16.19
UQC-KOGE,0.0646,$322.17M,49.2
FDUSD-FET,0.0646,$652.02M,-15.5
ZBT-AIAT,0.0646,$231.92M,-12.77
DYDX-MON,0.0645,$346.06M,-24.9
DRV-GEOD,0.0645,$196.99M,41.32
BC-XCN,0.0645,$349.23M,76.44
US-TRUMP,0.0645,$776.36M,404.59
APXUSD-CHEEMS,0.0645,$395.37M,-25.69
NFT-APYUSD,0.0645,$422.65M,-12.39
PRL-AKE,0.0645,$179.59M,633.96
IMX-UQC,0.0644,$335.34M,-18.27
META-ZAMA,0.0644,$233.23M,96.35
KAITO-USDZ,0.0644,$436.66M,83.7
VCNT-EURC,0.0644,$614.48M,-4.13
ZANO-AIAT,0.0644,$249.14M,5.34
AVUSD-VET,0.0644,$504.93M,-18.39
SOON-GEOD,0.0644,$184.36M,62.41
VSN-GPS,0.0643,$246.90M,3.29
BC-A7A5,0.0643,$697.77M,93.64
ZRO-SOON,0.0643,$374.76M,9.18
USAT-ONYC,0.0643,$431.43M,1.26
AVUSD-SHORT,0.0643,$213.53M,9.32
A7A5-AERO,0.0643,$892.58M,-4.01
LDO-DEXE,0.0642,$577.28M,-38.07
USDTB-ZK,0.0642,$439.88M,-23.27
CASH-SHFL,0.0642,$243.42M,-2.84
GNO-AVUSD,0.0642,$398.62M,-6.84
FDUSD-ZBT,0.0642,$460.04M,-20.63
WEMIX-FLOKI,0.0642,$298.93M,-26.2
AVUSD-TRAC,0.0642,$239.64M,-8.35
ENS-STRCX,0.0642,$316.87M,-18.93
XEC-FRAX,0.0642,$339.52M,-8.48
NXM-USAT,0.0641,$272.10M,-5.14
OUSG-SOON,0.0641,$470.26M,29.86
ULTIMA-USDF,0.0641,$293.54M,-11.88
CRVUSD-USDZ,0.0641,$339.44M,-0.77
SOSO-BSV,0.0641,$375.08M,-18.93
INJ-USAT,0.064,$644.46M,12.84
APEPE-PIEVERSE,0.064,$383.44M,-15.63
RAIL-GEOD,0.064,$184.19M,40.49
ETHFI-FRXUSD,0.064,$509.81M,0.36
IMX-NFT,0.0639,$491.84M,-23.74
MWC-ZBCN,0.0639,$291.11M,7.33
SEI-WEMIX,0.0639,$386.98M,-21.35
DCR-RUNE,0.0639,$351.04M,-52.32
ACRED-XEC,0.0639,$234.50M,-8.08
CRVUSD-REUSD,0.0639,$379.48M,3.62
CRVUSD-FRXUSD,0.0639,$321.97M,-0.07
DYDX-NEX,0.0638,$188.20M,-25.74
CASH-XTZ,0.0638,$347.49M,-22.17
CASH-AVUSD,0.0638,$237.99M,-0.02
USTBL-CRCLON,0.0638,$253.69M,-18.09
ICNT-WEMIX,0.0638,$202.00M,-37.66
USDA-MX,0.0638,$246.77M,-3.09
INJ-CRVUSD,0.0637,$671.29M,12.87
DEXE-A,0.0637,$376.37M,-52.31
TIA-USDAT,0.0637,$446.29M,-3.94
ZRO-TAG,0.0637,$429.82M,9.64
SPX-GPS,0.0636,$398.08M,6.86
KMNO-AVUSD,0.0636,$214.00M,-5.0
RUNE-XPL,0.0636,$368.85M,-39.67
CRVUSD-WFI,0.0636,$386.59M,-1.11
USAT-USDZ,0.0636,$312.62M,-0.81
KOGE-XPIN,0.0636,$359.04M,60.35
BC-REUSD,0.0635,$387.00M,98.44
KAITO-KOGE,0.0635,$523.42M,135.91
FDUSD-SOSO,0.0635,$462.69M,-9.66
STAC-SFP,0.0634,$205.38M,-16.98
DYDX-CRCLON,0.0634,$190.72M,-28.84
APR-DASH,0.0634,$593.82M,-3.76
EDGE-THBILL,0.0634,$253.91M,-25.3
2Z-APXUSD,0.0634,$497.39M,-20.64
STRCX-PENGU,0.0634,$512.51M,-24.54
APR-AIAT,0.0633,$314.37M,12.63
CASH-MET,0.0633,$211.43M,2.25
SPX-US,0.0632,$721.04M,416.53
VELVET-SFP,0.0632,$269.23M,124.18
COCO-BSV,0.0632,$442.71M,-30.6
SN64-THBILL,0.0632,$207.93M,-12.4
ONYC-WFI,0.0632,$420.75M,0.26
A7A5-CRCLON,0.0632,$571.06M,-19.65
LDO-FRXUSD,0.0631,$413.12M,-1.18
RUNE-STRCX,0.0631,$289.06M,-42.53
STRK-USDZ,0.0631,$316.60M,-15.19
AWE-USDAI,0.0631,$263.26M,-3.19
DASH-NEX,0.0631,$487.76M,-24.03
GEOD-SHFL,0.0631,$215.75M,30.17
UB-ZRO,0.063,$645.59M,-8.88
DRV-APXUSD,0.063,$397.70M,2.14
VELVET-APXUSD,0.063,$461.56M,135.43
META-GEOD,0.063,$189.76M,64.29
USDA-CRCLON,0.063,$189.03M,-18.16
XEC-REAL,0.063,$368.52M,5.91
XEC-USDAI,0.063,$276.89M,-8.47
SPX-CASH,0.0629,$424.09M,-6.22
TWT-CRVUSD,0.0629,$360.52M,-8.06
FLUID-KITE,0.0629,$318.29M,-27.41
FDUSD-XPIN,0.0629,$490.99M,8.79
XEC-USDZ,0.0629,$246.85M,-9.17
OUSG-PENGU,0.0628,$751.97M,-19.79
DEXE-KOGE,0.0628,$488.23M,14.55
WEMIX-APYUSD,0.0628,$258.55M,-12.84
VCNT-MX,0.0628,$315.03M,-6.17
FF-CRCLON,0.0628,$285.14M,-16.87
FRXUSD-XPIN,0.0628,$254.82M,8.83
OUSG-APXUSD,0.0627,$675.31M,-5.82
BC-NEX,0.0627,$309.90M,79.38
CVX-SHFL,0.0627,$256.22M,-13.57
GNO-CRCLON,0.0627,$375.50M,-25.38
AVUSD-BORG,0.0627,$254.25M,-12.44
STAC-FDUSD,0.0626,$448.74M,0.41
2Z-US,0.0626,$621.30M,408.27
CHEEMS-CHZ,0.0626,$244.46M,-52.98
AWE-REAL,0.0626,$354.88M,11.2
A-FRAX,0.0626,$322.36M,-15.43
USDAI-AERO,0.0626,$571.81M,-2.9
USDAI-SUN,0.0626,$499.73M,-1.34
USDTB-AVUSD,0.0625,$471.50M,0.04
TIA-SOSO,0.0625,$423.08M,-13.47
ZBT-RAIL,0.0625,$203.79M,-13.0
APYUSD-FRXUSD,0.0625,$268.05M,-4.68
CASH-ZK,0.0624,$206.37M,-23.33
STRCX-BONK,0.0624,$405.74M,-17.27
EURC-GUSD,0.0624,$599.54M,5.7
DEXE-APEPE,0.0623,$475.44M,-51.41
GPS-DASH,0.0623,$493.44M,4.39
UQC-SHFL,0.0623,$229.42M,-5.06
USDA-PEANUT,0.0623,$280.71M,-11.15
INJ-CHEEMS,0.0622,$559.55M,-6.55
LDO-SHFL,0.0622,$424.60M,-3.92
ZBCN-SHORT,0.0622,$274.83M,-12.29
AKT-KOGE,0.0622,$342.54M,43.6
UQC-SYRUP,0.0622,$315.27M,-18.17
SUN-ZAMA,0.0622,$480.10M,63.71
STAC-AERO,0.0621,$517.02M,-2.37
1INCH-BTSE,0.0621,$248.93M,-17.68
INJ-USDTB,0.0621,$814.76M,12.91
TKX-GUSD,0.0621,$252.95M,1.89
CHEEMS-BONK,0.0621,$365.26M,-32.38
ICNT-NFT,0.0621,$366.09M,-37.21
CARDS-CHZ,0.0621,$413.01M,-24.07
MX-MET,0.0621,$240.00M,-1.13
LUNC-FLUID,0.062,$365.18M,-37.68
DYDX-REAL,0.062,$346.92M,4.01
ZK-ONYC,0.062,$330.56M,-21.94
USDA-TRAC,0.062,$219.84M,-8.04
SOON-BONK,0.062,$354.96M,16.53
TAG-USDZ,0.062,$272.46M,29.18
KOGE-MANA,0.062,$345.53M,38.57
APR-VCNT,0.0619,$360.83M,2.13
JTO-BTSE,0.0619,$401.75M,13.08
GUSD-TRUMP,0.0619,$506.90M,-11.0
EDGE-GPS,0.0618,$231.98M,-12.32
NEO-REUSD,0.0618,$301.21M,-11.98
UQC-BTT,0.0618,$367.49M,-11.03
EIGEN-GEOD,0.0618,$234.94M,36.58
FRAX-THBILL,0.0618,$338.00M,-0.01
STAC-GALA,0.0617,$191.26M,-21.42
DYDX-USDZ,0.0617,$225.26M,-11.07
KAITO-THBILL,0.0617,$427.20M,84.47
BTSE-THBILL,0.0617,$251.05M,-11.44
RLB-TWT,0.0616,$252.74M,-7.31
CASH-BAT,0.0616,$225.43M,-14.53
CVX-USDAT,0.0616,$274.62M,-10.83
GNO-REUSD,0.0616,$450.08M,-3.22
SAND-STRCX,0.0616,$265.98M,-25.26
XEC-GRASS,0.0616,$335.33M,-7.63
VSN-SOSO,0.0615,$267.48M,-19.3
RLB-NEX,0.0615,$194.60M,-14.68
APR-AKE,0.0615,$291.91M,571.59
CAKE-GUSD,0.0615,$596.70M,4.85
UUSD-SYRUP,0.0615,$307.03M,-15.92
VCNT-USDAI,0.0615,$321.88M,-2.77
XEC-CHZ,0.0615,$263.60M,-41.96
STX-ZBT,0.0615,$364.46M,-40.11
IMX-COCO,0.0614,$411.54M,-37.24
OZO-ETHFI,0.0614,$525.19M,0.68
ZBT-TRUMP,0.0614,$471.34M,-38.63
NXM-USDZ,0.0613,$214.26M,-5.81
INJ-REAL,0.0613,$708.29M,27.25
KAU-CARDS,0.0613,$577.17M,5.18
KAU-COMP,0.0613,$467.63M,-21.05
VELVET-NEO,0.0613,$300.28M,126.02
UQC-XPIN,0.0613,$252.92M,6.6
WEMIX-A,0.0613,$202.71M,-23.57
PRL-USDAI,0.0613,$241.51M,67.19
NXM-SHFL,0.0612,$208.27M,-7.85
INJ-RUNE,0.0612,$607.50M,-17.69
CASH-PENGU,0.0612,$493.74M,-20.25
US-GOMINING,0.0612,$534.53M,421.03
KAITO-ETHFI,0.0612,$709.16M,84.83
SNX-FRAX,0.0612,$342.50M,-15.94
USAT-PENGU,0.0612,$556.95M,-20.27
NEX-PEANUT,0.0612,$274.87M,-26.9
MANA-PRL,0.0612,$215.45M,54.33
APR-IOTA,0.0611,$343.96M,-15.48
KAU-REAL,0.0611,$557.37M,10.07
2Z-APEPE,0.0611,$403.70M,-28.89
GALA-FRAX,0.0611,$308.68M,-21.97
OUSG-THETA,0.061,$506.34M,-18.19
OUSG-XPIN,0.061,$525.15M,9.28
STAC-PIEVERSE,0.061,$284.73M,-0.66
USDTB-VELVET,0.061,$522.02M,141.66
VELVET-MANA,0.061,$297.89M,128.75
APEPE-AVUSD,0.061,$317.34M,-14.44
GRT-AKE,0.0609,$256.87M,547.7
BC-TIBBIR,0.0609,$326.05M,82.39
DEXE-CAKE,0.0609,$721.27M,-39.18
RUNE-PENDLE,0.0609,$398.91M,-36.87
USAT-A,0.0609,$287.52M,-15.45
JTO-TEL,0.0609,$442.95M,16.68
TWT-ICNT,0.0608,$250.04M,-37.49
GPS-SUN,0.0608,$438.30M,11.71
SOON-MX,0.0608,$240.60M,26.01
TEL-ETHFI,0.0608,$574.21M,-7.48
SPX-WEMIX,0.0607,$402.50M,-14.35
UB-TWT,0.0607,$509.30M,3.37
KAG-MX,0.0607,$364.28M,-14.17
AVUSD-USDAI,0.0607,$273.41M,-0.0
AIAT-USDF,0.0607,$229.82M,7.73
KAU-OHM,0.0606,$584.11M,-4.63
1INCH-ACRED,0.0605,$230.86M,-5.84
DRV-FRXUSD,0.0605,$212.56M,8.33
BC-EURCV,0.0605,$369.01M,93.31
ZBCN-USDAT,0.0605,$317.07M,-21.61
USTBL-PYTH,0.0605,$482.20M,-6.09
GNO-EURC,0.0605,$732.68M,-8.27
STRK-TAG,0.0605,$334.28M,15.46
NEX-PRL,0.0605,$174.40M,51.83
PENGU-KOGE,0.0605,$585.87M,31.28
ZBT-AERO,0.0605,$528.32M,-23.4
APR-MON,0.0604,$444.58M,-9.7
ZBCN-FF,0.0604,$369.56M,-19.94
TKX-ONYC,0.0604,$349.65M,-3.87
APXUSD-ACRED,0.0604,$410.10M,-5.87
GLM-GUSD,0.0604,$244.27M,-9.03
WEMIX-USDF,0.0604,$212.26M,-8.23
MON-XPIN,0.0604,$393.09M,-5.69
LUNC-BC,0.0603,$498.47M,74.52
AKT-REAL,0.0603,$377.45M,6.47
COCO-KAITO,0.0603,$493.49M,63.18
BP-CHZ,0.0603,$258.37M,72.51
DASH-USDAI,0.0603,$554.87M,-8.67
APYUSD-AKE,0.0603,$253.65M,562.08
DYDX-COMP,0.0602,$257.19M,-27.11
META-XCN,0.0602,$225.07M,13.0
UQC-SN64,0.0602,$198.01M,-14.72
CRVUSD-PRL,0.0602,$296.12M,67.2
TRAC-JASMY,0.0602,$335.25M,-20.19
STAC-GUSD,0.0601,$252.15M,7.58
CHEEMS-NEX,0.0601,$190.65M,-34.86
FF-A,0.0601,$294.57M,-13.74
FARTCOIN-FRAX,0.0601,$343.08M,-14.41
STRCX-VET,0.0601,$529.75M,-22.77
ZBT-BAT,0.0601,$217.36M,-35.01
CASH-OHM,0.06,$397.82M,-0.41
LDO-GPS,0.0599,$399.21M,11.87
BP-USDAI,0.0599,$271.67M,106.0
REAL-BAT,0.0599,$352.47M,-0.12
NXM-CASH,0.0598,$208.89M,-5.13
META-MON,0.0598,$343.61M,16.77
GNO-AWE,0.0598,$388.46M,-10.02
UUSD-ZANO,0.0598,$230.95M,-2.46
TEL-PYTH,0.0598,$495.68M,-14.38
CHZ-TRUMP,0.0598,$501.53M,-51.62
DYDX-USDF,0.0597,$209.70M,-10.37
APR-BAT,0.0597,$299.80M,-9.61
KMNO-NEX,0.0597,$188.35M,-20.45
BP-KITE,0.0597,$346.24M,96.05
REUSD-XPL,0.0597,$388.02M,-1.32
NEX-REAL,0.0597,$339.39M,-1.06
SEI-USDAT,0.0596,$426.35M,-13.19
VELVET-ZANO,0.0596,$297.66M,139.23
KMNO-AWE,0.0596,$203.84M,-8.19
SEI-MX,0.0595,$437.14M,-16.6
OZO-BTT,0.0595,$384.77M,-8.47
ICNT-ZBT,0.0595,$215.52M,-50.0
USAT-REAL,0.0595,$434.29M,14.28
AVUSD-SN64,0.0595,$205.97M,-12.4
TEL-PRL,0.0595,$258.39M,59.36
KITE-BAT,0.0595,$335.42M,-24.46
GEOD-SUN,0.0595,$436.64M,31.65
IMX-OUSG,0.0594,$607.57M,-15.58
EDGE-BP,0.0594,$250.21M,80.7
META-GOMINING,0.0594,$210.98M,29.68
XTZ-STRK,0.0594,$414.68M,-36.56
WEMIX-FET,0.0594,$406.34M,-23.6
RLB-VELVET,0.0593,$270.77M,142.38
AKT-BTSE,0.0593,$261.50M,-19.36
CHEEMS-BP,0.0593,$214.55M,86.58
NEX-FRAX,0.0593,$310.40M,-15.46
ONYC-JASMY,0.0593,$457.79M,-10.47
TRUMP-USDF,0.0593,$469.23M,-18.13
1INCH-SHFL,0.0592,$237.22M,-8.98
RLB-LDO,0.0592,$407.47M,-0.42
LDO-REAL,0.0592,$552.26M,13.21
SEI-KOGE,0.0592,$500.70M,38.32
CVX-UQC,0.0592,$242.84M,-13.07
OHM-CRVUSD,0.0592,$487.86M,-0.39
FLUID-GOMINING,0.0592,$201.85M,-19.07
BP-STRK,0.0592,$303.45M,91.59
NEX-A,0.0592,$192.62M,-30.78
APR-GPS,0.0591,$292.40M,17.88
BC-NFT,0.0591,$484.09M,87.03
2Z-WEMIX,0.0591,$302.76M,-22.61
APXUSD-ICNT,0.0591,$396.63M,-35.69
FLUID-CARDS,0.0591,$355.15M,-7.96
GPS-PEANUT,0.0591,$280.55M,1.51
STRK-ZANO,0.0591,$320.37M,-16.88
KOGE-BAT,0.0591,$317.56M,37.01
INJ-ZBT,0.059,$573.18M,-7.63
USDTB-AERO,0.059,$769.90M,-2.86
GNO-RAIL,0.059,$372.49M,0.66
DCR-CARDS,0.059,$471.65M,-6.93
FLOKI-CRVUSD,0.059,$410.56M,-18.04
GOMINING-USDAI,0.059,$273.00M,-1.7
PENDLE-AKE,0.059,$346.17M,562.96
A-THBILL,0.059,$220.22M,-15.34
OZO-FDUSD,0.0589,$471.39M,0.19
WEMIX-AKE,0.0589,$195.95M,558.53
XEC-AIAT,0.0589,$237.44M,-0.66
SNX-AKE,0.0588,$217.96M,550.83
FF-GALA,0.0588,$280.90M,-20.28
ONYC-SFP,0.0588,$348.94M,-16.14
SEI-USDTB,0.0587,$642.08M,-13.15
OZO-SOSO,0.0587,$241.89M,-9.3
GPS-NFT,0.0587,$360.53M,5.26
BP-TEL,0.0587,$288.55M,98.16
CARDS-MANA,0.0587,$400.25M,-3.45
IOTA-NFT,0.0587,$412.10M,-28.1
VSN-BTSE,0.0586,$284.00M,-21.21
MWC-XPL,0.0586,$334.43M,23.91
VELVET-AR,0.0586,$282.56M,137.57
DEXE-XCN,0.0586,$403.74M,-55.27
USTBL-PRL,0.0586,$244.91M,67.65
ZK-THBILL,0.0586,$202.29M,-23.23
AXS-UUSD,0.0586,$243.47M,-20.38
STAC-USAT,0.0585,$287.87M,0.42
1INCH-META,0.0585,$211.23M,25.14
DYDX-AVUSD,0.0585,$213.84M,-10.3
APR-TKX,0.0585,$299.83M,-0.34
USDTB-FRAX,0.0585,$575.59M,-0.05
TIA-GEOD,0.0585,$400.84M,29.05
USTBL-APXUSD,0.0585,$455.90M,-5.82
USDAT-SHORT,0.0585,$237.35M,9.24
FLUID-NEX,0.0585,$176.62M,-32.82
DCR-BTSE,0.0585,$335.89M,-27.88
UUSD-SAND,0.0585,$224.97M,-20.93
UUSD-CARDS,0.0585,$368.65M,9.43
UUSD-EURC,0.0585,$549.82M,-1.42
FARTCOIN-BTSE,0.0585,$256.12M,-25.84
STAC-BP,0.0584,$216.88M,106.53
EDGE-XPIN,0.0584,$280.87M,-16.46
US-SOSO,0.0584,$535.55M,413.11
CHEEMS-RAIL,0.0584,$190.16M,-11.91
USAT-GLIDR,0.0584,$286.61M,-9.27
TRAC-PIEVERSE,0.0584,$305.75M,-9.54
OUSG-MON,0.0583,$628.44M,-14.16
BC-CASH,0.0583,$341.59M,94.73
AWE-NEX,0.0583,$196.15M,-18.55
EIGEN-USDAI,0.0583,$298.03M,3.59
UB-CHEEMS,0.0582,$461.15M,-8.06
OUSG-XTZ,0.0582,$605.72M,-21.7
USDTB-ZAMA,0.0582,$493.33M,65.01
CHEEMS-CRCLON,0.0582,$193.17M,-37.96
OUSG-DYDX,0.0581,$478.12M,-9.93
USTBL-XTZ,0.0581,$386.32M,-21.7
COCO-BP,0.0581,$298.46M,84.79
NEO-REAL,0.0581,$382.83M,-1.29
RUNE-SHORT,0.0581,$245.82M,-19.8
REUSD-ZBT,0.0581,$281.38M,-16.88
NEX-FRXUSD,0.0581,$200.25M,-15.44
IOTA-ZBT,0.0581,$261.52M,-40.89
KOGE-WFI,0.0581,$388.69M,50.4
MWC-TIA,0.058,$420.33M,25.09
USDTB-STRK,0.058,$544.73M,-14.45
CASH-REUSD,0.058,$289.45M,3.6
ZRO-THBILL,0.058,$402.69M,-20.24
GPS-SOON,0.058,$186.02M,42.47
GLM-SOSO,0.058,$211.35M,-25.7
FDUSD-REUSD,0.058,$513.53M,3.57
NEX-XCN,0.058,$219.99M,-33.75
ZBT-EURC,0.058,$563.98M,-21.93
UB-AXS,0.0579,$504.52M,-8.96
UB-KITE,0.0579,$592.84M,1.41
APR-CVX,0.0579,$331.21M,-5.93
KAU-USDAI,0.0579,$465.74M,-4.32
DEXE-COMP,0.0579,$433.41M,-53.71
EURC-SUN,0.0579,$792.33M,-2.7
MX-FRAX,0.0579,$370.65M,-3.49
META-AERO,0.0578,$509.79M,28.48
COCO-AXS,0.0578,$327.91M,-41.6
BP-AWE,0.0578,$220.06M,102.89
TKX-CHEEMS,0.0577,$203.76M,-24.66
CARDS-IOTA,0.0577,$416.44M,-10.89
RAY-REAL,0.0577,$412.06M,0.72
VSN-USDAI,0.0576,$308.33M,-9.77
MWC-APEPE,0.0576,$315.20M,14.17
VELVET-NFT,0.0576,$431.02M,133.9
WEMIX-ONYC,0.0576,$346.63M,-6.86
USDA-FRAX,0.0576,$316.24M,0.29
PYTH-MX,0.0576,$471.95M,-9.94
KITE-PIEVERSE,0.0575,$414.09M,-11.15
USTBL-AERO,0.0574,$575.21M,-2.45
APXUSD-UQC,0.0574,$403.08M,-8.51
FF-AKE,0.0574,$287.81M,568.36
MON-USDZ,0.0574,$375.58M,-15.3
DYDX-RUNE,0.0573,$246.13M,-42.68
APEPE-USTBL,0.0573,$362.20M,-14.07
USDAT-KMNO,0.0573,$237.82M,-5.08
TIBBIR-KOGE,0.0573,$320.63M,39.09
ACRED-MET,0.0573,$204.46M,2.67
TRAC-MET,0.0573,$213.08M,-6.07
ETHFI-KOGE,0.0573,$614.04M,51.88
LUNC-USDTB,0.0572,$634.42M,-20.26
OUSG-WIF,0.0572,$526.59M,-10.87
GPS-USDA,0.0572,$192.19M,13.36
UQC-A7A5,0.0572,$586.22M,-3.42
FF-XCN,0.0572,$321.94M,-16.71
PEANUT-SHFL,0.0572,$305.94M,-14.28
KAU-JASMY,0.0571,$519.89M,-16.09
TIA-NFT,0.0571,$571.01M,-11.65
APEPE-FRAX,0.0571,$421.43M,-14.53
UQC-STRK,0.0571,$297.23M,-16.73
CRVUSD-ZANO,0.0571,$343.21M,-2.46
STRCX-FRAX,0.0571,$360.86M,-4.4
PEANUT-USDF,0.0571,$296.38M,-11.54
DYDX-RAIL,0.057,$187.71M,-2.8
LDO-AWE,0.057,$409.02M,-4.29
VELVET-VIRTUAL,0.057,$536.07M,131.83
DEXE-FLOKI,0.057,$472.59M,-54.94
OHM-RAIL,0.057,$365.65M,7.19
PYTH-SUN,0.057,$663.65M,-7.8
SOSO-AKE,0.057,$212.11M,557.15
GUSD-ZAMA,0.057,$287.32M,72.1
DRV-MX,0.0569,$253.23M,4.92
ZRO-AKE,0.0569,$380.28M,546.45
APXUSD-PIEVERSE,0.0569,$477.14M,-7.39
ULTIMA-AR,0.0569,$297.75M,-15.93
TAG-CHZ,0.0569,$289.21M,-3.61
STAC-AWE,0.0568,$208.46M,-2.65
UUSD-MON,0.0568,$347.98M,-14.59
CASH-STRK,0.0567,$311.23M,-14.51
ACRED-SNX,0.0567,$237.48M,-15.54
SOON-SHFL,0.0567,$211.41M,26.67
VSN-BP,0.0566,$265.13M,96.31
OUSG-NEO,0.0566,$514.02M,-15.23
GRT-ONYC,0.0566,$407.55M,-17.69
LUNC-APR,0.0565,$475.29M,-15.4
BC-FRXUSD,0.0565,$329.49M,94.74
DEXE-ZBCN,0.0565,$451.35M,-58.5
META-AXS,0.0565,$239.10M,10.98
WEMIX-GALA,0.0565,$189.04M,-30.11
ACRED-SFP,0.0565,$217.77M,-17.12
OUSG-2Z,0.0564,$582.59M,-14.01
DYDX-GOMINING,0.0564,$213.43M,-11.99
CAKE-FF,0.0564,$639.48M,-0.61
WEMIX-MANA,0.0564,$231.81M,-21.1
USAT-AERO,0.0564,$599.60M,-2.93
SUN-EURCV,0.0564,$491.73M,-2.78
UB-GLM,0.0563,$455.60M,-4.73
VELVET-USTBL,0.0563,$327.34M,142.07
2Z-CASH,0.0563,$324.35M,-14.47
US-TEL,0.0563,$593.28M,414.81
XTZ-NFT,0.0563,$490.00M,-29.86
TAG-AERO,0.0563,$559.44M,27.05
OUSG-STX,0.0562,$630.77M,-19.17
OUSG-PRL,0.0562,$464.32M,67.64
ZK-ZBT,0.0562,$198.30M,-43.81
FLUID-FF,0.0562,$278.57M,-15.79
RUNE-FDUSD,0.0562,$494.36M,-36.19
FDUSD-AIAT,0.0562,$464.08M,7.68
UUSD-APYUSD,0.0562,$257.91M,-4.67
OUSG-CHEEMS,0.0561,$480.57M,-19.05
ZRO-APEPE,0.0561,$486.12M,-34.76
NEO-KOGE,0.0561,$347.92M,35.84
GLM-REAL,0.0561,$343.82M,-1.78
TAG-EURC,0.0561,$595.10M,28.52
STAC-UQC,0.056,$210.66M,-1.78
APXUSD-USAT,0.056,$480.29M,-6.3
REUSD-SUN,0.056,$509.72M,2.36
BTT-USDAI,0.056,$416.91M,-8.79
APEPE-GOMINING,0.0559,$316.92M,-16.13
TAG-XEC,0.0559,$264.52M,21.48
LUNC-OHM,0.0558,$554.70M,-20.62
OUSG-1INCH,0.0558,$496.07M,-5.79
VELVET-PIEVERSE,0.0558,$348.59M,140.5
ZBCN-COCO,0.0558,$361.49M,-42.82
ZBCN-BTSE,0.0558,$310.38M,-33.05
US-ZK,0.0558,$503.32M,399.41
BP-TAG,0.0558,$259.30M,135.96
IMX-GUSD,0.0557,$376.83M,-8.9
APR-TIA,0.0557,$502.88M,0.96
EDGE-ZBT,0.0557,$249.92M,-45.88
BC-FRAX,0.0557,$439.64M,94.73
TIBBIR-SUN,0.0557,$448.78M,-13.69
UB-OZO,0.0556,$486.13M,11.68
RLB-GOMINING,0.0556,$219.84M,-0.93
MWC-STRCX,0.0556,$254.64M,24.18
KAU-SOSO,0.0556,$424.90M,-13.85
BC-USDF,0.0556,$331.41M,94.75
DEXE-SHORT,0.0556,$371.63M,-27.65
COCO-SN64,0.0556,$274.21M,-33.69
KAG-ZAMA,0.0556,$351.50M,54.28
CHEEMS-APYUSD,0.0556,$258.44M,-24.1
KMNO-FRAX,0.0556,$318.09M,-5.09
IOTA-AKE,0.0556,$243.10M,546.38
ZBT-THETA,0.0556,$240.04M,-39.13
PYTH-KOGE,0.0556,$535.51M,44.98
ONYC-XPIN,0.0556,$391.10M,10.21
NEO-SOSO,0.0555,$250.36M,-25.21
KOGE-GRASS,0.0555,$430.02M,52.28
OUSG-EDGE,0.0554,$516.22M,-24.93
KITE-FRAX,0.0554,$452.07M,-10.04
KOGE-THBILL,0.0554,$332.08M,51.52
NXM-DEXE,0.0553,$360.95M,-42.0
DYDX-SUN,0.0553,$440.16M,-11.64
USDTB-BTT,0.0553,$614.99M,-8.75
COCO-USDZ,0.0553,$311.61M,-21.98
DCR-AKE,0.0553,$298.30M,550.33
CHEEMS-SHORT,0.0553,$197.87M,-10.17
NXM-NEX,0.0552,$177.20M,-20.48
LDO-KOGE,0.0552,$517.34M,50.34
GLM-USAT,0.0552,$279.99M,-16.2
ACRED-FRAX,0.0552,$335.11M,0.31
SAND-AKE,0.0552,$220.71M,545.82
STRCX-KOGE,0.0552,$354.94M,47.13
PIEVERSE-REAL,0.0552,$431.14M,13.19
LUNC-NFT,0.0551,$543.42M,-28.01
DRV-MWC,0.0551,$216.48M,36.94
SEI-USDAI,0.0551,$443.99M,-13.2
USDAT-ZK,0.0551,$224.15M,-23.31
ACRED-DASH,0.0551,$512.48M,-8.27
SAND-SHFL,0.0551,$246.59M,-23.69
SNX-STRCX,0.0551,$263.23M,-20.24
AVUSD-TEL,0.0551,$290.29M,-7.84
APR-VIRTUAL,0.055,$565.96M,-4.97
GPS-FDUSD,0.055,$442.11M,12.93
KAG-PIEVERSE,0.055,$395.77M,-11.89
ACRED-PRL,0.055,$199.11M,67.59
OUSG-RUNE,0.0549,$528.51M,-35.76
MWC-WFI,0.0549,$288.38M,27.16
DEXE-TAG,0.0549,$419.15M,-7.02
OHM-BORG,0.0549,$414.08M,-12.83
AXS-UQC,0.0549,$251.71M,-22.63
ICNT-NEX,0.0549,$191.90M,-44.87
FDUSD-PIEVERSE,0.0549,$528.18M,-1.24
VELVET-AXS,0.0548,$310.19M,121.3
TIBBIR-AIAT,0.0548,$224.46M,-4.63
REUSD-SYRUP,0.0548,$374.68M,-12.24
EIGEN-ONYC,0.0548,$386.80M,4.97
US-AKT,0.0547,$547.36M,414.81
ULTIMA-GEOD,0.0547,$276.05M,21.11
DEXE-MET,0.0546,$363.50M,-34.62
CASH-PEANUT,0.0546,$306.55M,-11.56
REUSD-PENGU,0.0546,$539.15M,-16.54
ULTIMA-KAITO,0.0545,$490.97M,72.59
ZBT-BTT,0.0545,$373.42M,-29.29
KITE-A7A5,0.0545,$710.21M,-11.13
TRUMP-FRAX,0.0545,$577.46M,-18.15
META-TAG,0.0544,$240.48M,61.25
GNO-UQC,0.0544,$390.66M,-9.15
USDAT-GRASS,0.0544,$355.67M,0.76
UQC-ZBT,0.0544,$221.97M,-22.82
US-SYRUP,0.0543,$626.21M,406.79
APEPE-A,0.0543,$303.65M,-29.86
SOON-TRUMP,0.0543,$447.40M,11.36
EURCV-FRAX,0.0543,$369.50M,-1.53
UB-ZAMA,0.0542,$498.65M,76.41
APR-US,0.0542,$615.36M,427.55
RUNE-NFT,0.0542,$412.78M,-43.71
AIAT-CHZ,0.0542,$262.12M,-25.76
KOGE-SOSO,0.0542,$330.74M,41.9
XPIN-CRCLON,0.0542,$237.75M,-9.63
OUSG-SFP,0.0541,$482.98M,-17.07
APR-JTO,0.0541,$465.03M,29.42
KAU-BP,0.0541,$422.54M,101.76
GNO-SHORT,0.0541,$380.20M,2.4
TIBBIR-SHFL,0.0541,$227.88M,-15.18
USAT-TEL,0.0541,$359.54M,-7.95
TEL-EURC,0.0541,$624.35M,-9.27
TEL-SUN,0.0541,$516.60M,-9.18
KAU-CHZ,0.054,$452.45M,-37.8
BC-USDA,0.054,$315.75M,95.13
AKT-WEMIX,0.054,$228.82M,-16.07
USTBL-GEOD,0.054,$255.19M,33.36
CARDS-TRUMP,0.054,$626.26M,-8.64
VSN-EURCV,0.0539,$300.33M,-11.2
CASH-RUNE,0.0539,$270.28M,-36.2
KAITO-ACRED,0.0539,$424.31M,84.79
BP-MX,0.0539,$264.82M,102.6
REUSD-VET,0.0539,$556.39M,-14.77
FARTCOIN-GUSD,0.0539,$272.52M,-7.27
ZBT-BTSE,0.0539,$247.06M,-32.02
TIBBIR-REUSD,0.0538,$273.92M,-8.74
WEMIX-JASMY,0.0538,$312.01M,-20.0
AIAT-FRAX,0.0538,$338.05M,7.72
SOSO-XPL,0.0538,$337.18M,-14.55
OUSG-KAU,0.0537,$688.56M,-3.87
USDTB-XEC,0.0537,$474.98M,-8.43
VELVET-BONK,0.0537,$431.45M,128.73
ZBCN-FRXUSD,0.0537,$287.19M,-21.61
CVX-ONYC,0.0537,$381.02M,-9.46
TIBBIR-KITE,0.0537,$338.49M,-22.39
AVUSD-GRASS,0.0537,$331.85M,0.84
KITE-MET,0.0537,$321.42M,-7.68
MET-USDAI,0.0537,$246.85M,2.27
IMX-STRCX,0.0536,$368.12M,-20.34
APR-ZAMA,0.0536,$334.20M,69.87
LDO-APEPE,0.0536,$504.56M,-15.62
DEXE-REUSD,0.0536,$441.51M,-33.28
TWT-REUSD,0.0536,$315.90M,-4.37
CHEEMS-AKE,0.0536,$195.84M,547.27
KAITO-ZANO,0.0536,$440.43M,82.0
AWE-KOGE,0.0536,$319.97M,48.33
NFT-PRL,0.0536,$348.59M,59.48
DYDX-USDAI,0.0535,$255.30M,-10.38
APR-BTSE,0.0535,$329.50M,-6.62
EARNETH-CASH,0.0535,$268.96M,-8.14
APEPE-ZBT,0.0535,$315.31M,-35.02
RUNE-USDZ,0.0535,$275.65M,-36.6
WEMIX-SNX,0.0535,$222.86M,-24.09
JTO-ZBT,0.0535,$382.58M,4.02
EDGE-AIAT,0.0534,$253.95M,-17.57
EDGE-FET,0.0534,$441.89M,-40.75
TWT-ONYC,0.0534,$394.67M,-6.69
GLM-SHFL,0.0534,$216.16M,-18.91
CHEEMS-A7A5,0.0534,$578.52M,-20.6
SAND-USAT,0.0534,$310.42M,-20.98
USAT-PRL,0.0534,$269.30M,67.16
SPX-APXUSD,0.0533,$597.13M,-12.39
GRT-KAITO,0.0533,$470.61M,65.41
SEI-FRAX,0.0533,$506.62M,-13.21
APEPE-WEMIX,0.0533,$301.78M,-22.67
APXUSD-GOMINING,0.0533,$410.62M,-7.88
SAND-REAL,0.0533,$374.25M,-6.56
SHORT-A7A5,0.0533,$575.76M,8.14
LUNC-ICNT,0.0532,$380.47M,-49.72
1INCH-AVUSD,0.0532,$231.79M,-6.16
APR-A7A5,0.0532,$674.59M,3.72
DEXE-PENGU,0.0532,$645.80M,-57.13
OZO-APYUSD,0.0532,$283.42M,-4.36
US-TWT,0.0532,$567.43M,414.66
ZRO-CHEEMS,0.0532,$385.07M,-39.73
CAKE-USDA,0.0532,$543.37M,-1.9
UUSD-KOGE,0.0532,$313.93M,51.45
ZBCN-APXUSD,0.0531,$472.33M,-27.8
OHM-VCNT,0.0531,$440.25M,-3.09
META-A7A5,0.0531,$573.62M,30.2
WEMIX-BTSE,0.0531,$233.54M,-19.67
APR-FLUID,0.053,$282.68M,-12.56
EDGE-OZO,0.053,$261.27M,-25.06
CASH-TWT,0.053,$270.48M,-8.08
COCO-FARTCOIN,0.053,$307.23M,-35.61
ULTIMA-BP,0.053,$295.94M,94.19
ZBT-KITE,0.053,$345.95M,-30.53
APYUSD-USDF,0.053,$269.97M,-4.68
OHM-GPS,0.0529,$371.81M,12.66
META-MANA,0.0529,$226.80M,18.43
ICNT-SNX,0.0529,$224.01M,-45.35
FLOKI-USDF,0.0529,$310.35M,-18.05
MX-ONYC,0.0529,$396.79M,-2.11
GUSD-SUN,0.0529,$491.80M,5.79
IMX-BTSE,0.0528,$360.43M,-27.47
DEXE-GLM,0.0528,$368.84M,-53.06
US-CARDS,0.0528,$687.83M,432.15
COCO-MANA,0.0528,$315.61M,-34.15
MWC-WIF,0.0527,$260.18M,17.43
VELVET-GPS,0.0527,$262.51M,154.67
CVX-AKE,0.0527,$230.34M,555.93
REUSD-COMP,0.0527,$326.76M,-13.12
USDTB-KAG,0.0526,$569.21M,-10.73
DEXE-BSV,0.0526,$532.57M,-46.28
GEOD-PRL,0.0526,$178.42M,100.19
OUSG-AKT,0.0525,$508.64M,-7.47
DEXE-CARDS,0.0525,$542.95M,-27.47
2Z-ZBT,0.0525,$316.28M,-34.95
USTBL-FRXUSD,0.0525,$270.76M,0.37
NEO-GUSD,0.0525,$283.28M,-8.54
RUNE-AVUSD,0.0525,$264.24M,-36.16
CRVUSD-ONYC,0.0525,$458.26M,1.3
SNX-USDA,0.0525,$218.61M,-15.55
FF-PEANUT,0.0525,$376.82M,-9.87
BAT-USDF,0.0525,$215.25M,-14.51
EURCV-USDF,0.0525,$261.27M,-1.52
USDTB-ZBCN,0.0524,$532.80M,-21.57
USTBL-SHFL,0.0524,$282.24M,-2.37
TWT-ACRED,0.0524,$263.51M,-7.67
BP-EURC,0.0524,$564.27M,104.64
JTO-CRCLON,0.0524,$361.49M,6.05
SOON-USDZ,0.0524,$217.40M,28.72
AIAT-SOSO,0.0524,$234.57M,-1.81
UB-AERO,0.0523,$775.21M,8.53
VELVET-KMNO,0.0523,$264.52M,136.61
TIA-UQC,0.0523,$414.51M,-6.18
AKT-AVUSD,0.0523,$244.37M,-7.84
INJ-ONYC,0.0522,$705.44M,14.24
ULTIMA-AWE,0.0522,$287.52M,-14.99
RUNE-STRK,0.0522,$337.47M,-46.7
CRVUSD-IOTA,0.0522,$359.63M,-20.38
AVUSD-BTT,0.0522,$375.45M,-8.71
DRV-CRCLON,0.0521,$195.50M,-10.14
GNO-GLM,0.0521,$377.41M,-23.0
GNO-SNX,0.0521,$405.08M,-22.77
KAG-SAND,0.0521,$338.88M,-31.64
ULTIMA-MX,0.0521,$332.29M,-15.29
WEMIX-FRXUSD,0.0521,$210.35M,-8.23
APR-DCR,0.052,$399.17M,-11.53
GRT-USDA,0.052,$257.52M,-18.68
AKT-NEX,0.052,$218.72M,-23.28
DASH-GUSD,0.052,$546.94M,-1.54
SOON-TEL,0.052,$264.32M,21.58
RAIL-MET,0.052,$179.26M,9.85
PIEVERSE-APYUSD,0.052,$340.21M,-5.8
PIEVERSE-USDAI,0.052,$339.52M,-1.2
GEOD-ETHFI,0.052,$494.24M,33.35
KOGE-SFP,0.052,$316.88M,34.0
ONYC-GUSD,0.052,$395.71M,8.43
XCN-SHFL,0.052,$251.06M,-21.12
BC-XTZ,0.0519,$445.04M,72.67
META-STRCX,0.0519,$236.21M,26.99
BTSE-SUN,0.0519,$475.40M,-12.78
UB-BAT,0.0518,$464.25M,-3.07
BP-XEC,0.0518,$233.69M,97.61
ACRED-ENS,0.0518,$291.11M,-14.23
CARDS-AIAT,0.0518,$386.85M,17.23
STRCX-FRXUSD,0.0518,$250.72M,-4.39
ZBT-A7A5,0.0518,$592.15M,-21.68
ZBT-SYRUP,0.0518,$321.19M,-36.43
UB-GRASS,0.0517,$576.71M,12.2
APXUSD-NFT,0.0517,$559.58M,-13.98
STRK-THBILL,0.0517,$307.14M,-14.41
AVUSD-BAT,0.0517,$219.39M,-14.43
SOON-AKE,0.0517,$185.53M,596.18
IMX-REUSD,0.0516,$394.75M,-12.33
LDO-CRVUSD,0.0516,$515.25M,-1.18
DEXE-CRCLON,0.0516,$366.93M,-55.44
APXUSD-USDA,0.0516,$391.23M,-5.88
FLUID-TEL,0.0516,$260.60M,-25.3
WEMIX-RAIL,0.0516,$190.27M,-0.65
UUSD-BSV,0.0516,$358.28M,-9.38
VSN-OUSG,0.0515,$531.14M,-9.32
VSN-STAC,0.0515,$253.54M,-9.23
SPX-OZO,0.0515,$427.37M,-5.88
OUSG-BP,0.0515,$494.49M,106.45
OUSG-CRVUSD,0.0515,$592.30M,0.37
META-STRK,0.0515,$284.63M,16.89
SAND-TAG,0.0515,$270.26M,9.01
JTO-PRL,0.0515,$352.71M,91.79
TWT-XEC,0.0514,$267.92M,-16.46
BP-FARTCOIN,0.0514,$237.25M,91.68
STRK-FRXUSD,0.0514,$299.13M,-14.49
EIGEN-NFT,0.0514,$405.11M,-4.12
AIAT-FET,0.0514,$423.90M,-7.64
VELVET-SYRUP,0.0513,$373.75M,125.76
DEXE-CRVUSD,0.0513,$486.13M,-36.97
USTBL-GLM,0.0513,$255.60M,-15.71
KAG-STRK,0.0513,$402.90M,-25.18
UQC-RAIL,0.0513,$197.86M,5.26
WEMIX-GRASS,0.0513,$316.29M,-7.39
ACRED-RAY,0.0513,$278.05M,-13.27
CARDS-PIEVERSE,0.0513,$450.95M,8.31
NEX-XPL,0.0513,$310.92M,-20.38
SOON-FRXUSD,0.0513,$199.93M,29.42
DYDX-REUSD,0.0512,$265.30M,-6.68
VELVET-FRAX,0.0512,$386.57M,141.6
CASH-CHEEMS,0.0512,$222.34M,-19.51
STAC-AIAT,0.0511,$220.62M,8.26
US-SNX,0.0511,$541.40M,406.79
CAKE-CHEEMS,0.0511,$547.51M,-21.7
ICNT-BTSE,0.0511,$234.68M,-40.94
TEL-RAIL,0.0511,$264.16M,-0.34
EURC-USDZ,0.0511,$577.42M,-2.13
CHEEMS-FET,0.051,$406.24M,-34.86
AWE-USDA,0.051,$202.00M,-2.8
AVUSD-EIGEN,0.051,$256.57M,3.67
ETHFI-FRAX,0.051,$619.96M,0.35
RLB-DASH,0.0509,$501.71M,-7.91
WEMIX-THETA,0.0509,$226.52M,-26.79
CARDS-EURC,0.0509,$718.90M,8.07
SHORT-GRASS,0.0509,$313.42M,10.08
PYTH-USDF,0.0509,$433.20M,-6.53
NFT-USDZ,0.0509,$391.91M,-8.49
LUNC-FARTCOIN,0.0508,$401.91M,-34.62
2Z-GEOD,0.0508,$296.68M,18.54
FLUID-USAT,0.0508,$271.52M,-17.49
CRVUSD-GALA,0.0508,$300.66M,-21.95
IOTA-STRCX,0.0508,$288.37M,-24.7
MWC-KAG,0.0507,$327.53M,17.75
APEPE-PRL,0.0507,$285.43M,52.76
GPS-KOGE,0.0507,$310.16M,64.49
RUNE-MX,0.0507,$298.85M,-39.33
RAIL-THBILL,0.0507,$207.78M,7.58
OUSG-ETHFI,0.0506,$780.14M,0.81
GEOD-EURCV,0.0506,$243.78M,31.47
DYDX-GEOD,0.0505,$192.21M,22.62
APXUSD-UUSD,0.0505,$394.84M,-6.26
RUNE-TEL,0.0505,$322.58M,-43.8
BP-AERO,0.0505,$528.61M,103.18
SAND-AIAT,0.0505,$243.17M,-13.14
UB-GPS,0.0504,$456.85M,24.41
RLB-JTO,0.0504,$372.91M,25.28
UQC-GALA,0.0504,$196.63M,-24.19
STRK-STX,0.0504,$439.73M,-34.02
VSN-APR,0.0503,$347.28M,-4.86
TIA-META,0.0503,$401.90M,27.44
APEPE-THBILL,0.0503,$319.29M,-14.44
TWT-XTZ,0.0503,$373.94M,-30.14
KMNO-ULTIMA,0.0503,$279.72M,-16.89
RUNE-APYUSD,0.0503,$306.39M,-41.86
REUSD-EURC,0.0503,$617.47M,2.26
NEX-JTO,0.0503,$358.97M,9.15
SYRUP-AKE,0.0503,$302.77M,550.83
GRASS-SHFL,0.0503,$337.27M,-1.98
LUNC-FRAX,0.0502,$498.96M,-20.31
DRV-APYUSD,0.0502,$260.77M,3.72
VELVET-TRUMP,0.0502,$523.89M,123.56
GNO-THBILL,0.0502,$400.58M,-6.84
COCO-ACRED,0.0502,$299.26M,-20.89
COCO-RAIL,0.0502,$274.06M,-13.71
CHEEMS-WEMIX,0.0502,$200.74M,-27.65
WEMIX-BTT,0.0502,$359.90M,-16.94
XPIN-AKE,0.0502,$240.42M,575.6
KAG-FRAX,0.0501,$433.76M,-10.78
FLOKI-ZBT,0.0501,$312.45M,-38.55
USAT-EURC,0.0501,$635.26M,-1.47
STRCX-PENDLE,0.0501,$391.45M,-8.12
GOMINING-GUSD,0.0501,$265.07M,5.44
CAKE-FRXUSD,0.05,$557.11M,-2.28
WEMIX-SAND,0.05,$225.61M,-29.1
VCNT-ONYC,0.05,$410.65M,-1.4
NFT-KOGE,0.05,$478.67M,43.73
EDGE-USDZ,0.0499,$263.36M,-26.07
OHM-AVUSD,0.0499,$391.78M,-0.32
META-USDZ,0.0499,$222.80M,30.6
AVUSD-APYUSD,0.0499,$274.10M,-4.61
TEL-USDZ,0.0499,$301.70M,-8.61
ZBT-MET,0.0499,$203.36M,-18.23
TRAC-USDZ,0.0499,$251.06M,-9.12
BTSE-SHFL,0.0499,$254.51M,-14.26
ACRED-UUSD,0.0498,$214.83M,0.33
DASH-FF,0.0498,$589.72M,-6.99
USDA-VET,0.0498,$485.13M,-18.08
SHORT-GUSD,0.0498,$247.06M,16.37
CHZ-XPIN,0.0498,$289.04M,-24.65
UB-DYDX,0.0497,$458.70M,1.06
OUSG-BSV,0.0497,$638.74M,-8.94
KAU-VELVET,0.0497,$474.81M,137.38
KAITO-GEOD,0.0497,$403.61M,117.38
GRT-WEMIX,0.0496,$261.77M,-27.22
VELVET-FARTCOIN,0.0496,$289.51M,127.29
COCO-MET,0.0496,$273.64M,-18.94
RUNE-GEOD,0.0496,$242.61M,1.65
UUSD-TRUMP,0.0496,$457.18M,-18.12
USDA-A,0.0496,$198.47M,-15.03
RLB-XTZ,0.0495,$329.75M,-21.39
META-APYUSD,0.0495,$253.54M,26.7
GPS-AIAT,0.0495,$213.99M,20.78
GLM-NEX,0.0495,$185.09M,-31.53
ACRED-EURC,0.0495,$565.08M,-1.04
TAG-PIEVERSE,0.0495,$327.15M,28.76
A7A5-FRAX,0.0495,$698.27M,-1.19
RLB-APR,0.0494,$300.66M,5.58
UUSD-CRCLON,0.0494,$192.64M,-18.53
JTO-KOGE,0.0494,$482.78M,76.04
LUNC-AVUSD,0.0493,$394.88M,-20.23
MWC-PRL,0.0493,$197.91M,95.74
EARNETH-ONYC,0.0493,$393.15M,-6.75
2Z-THBILL,0.0493,$320.27M,-14.37
CHEEMS-AWE,0.0493,$206.14M,-22.6
CHEEMS-EURCV,0.0493,$249.75M,-20.93
ACRED-A7A5,0.0493,$593.25M,-0.79
BC-GUSD,0.0492,$369.08M,101.88
DEXE-BTSE,0.0492,$407.19M,-48.41
KAITO-FRAX,0.0492,$529.34M,84.38
ICNT-USDAI,0.0492,$259.01M,-29.5
LUNC-GUSD,0.0491,$428.40M,-13.17
VELVET-FET,0.0491,$472.42M,126.25
US-SUN,0.0491,$761.26M,421.39
US-XCN,0.0491,$548.62M,404.34
ZRO-GPS,0.0491,$380.76M,-7.26
USDA-A7A5,0.0491,$574.38M,-0.8
JTO-APYUSD,0.0491,$426.76M,19.91
JTO-ZAMA,0.0491,$406.45M,89.57
TRAC-BONK,0.0491,$388.61M,-21.31
BTSE-SYRUP,0.0491,$340.36M,-27.38
VELVET-THETA,0.049,$292.59M,123.06
APXUSD-USDAT,0.049,$434.86M,-6.27
PYTH-AIAT,0.049,$439.34M,1.27
COCO-SUN,0.0489,$526.51M,-22.55
BP-SOSO,0.0489,$230.82M,96.46
USDA-PYTH,0.0489,$417.54M,-6.15
SOON-COMP,0.0489,$249.33M,12.68
BTSE-PRL,0.0489,$217.18M,55.75
USDTB-REAL,0.0488,$604.58M,14.35
ZRO-META,0.0488,$380.17M,11.06
FF-BTT,0.0488,$451.76M,-7.12
GOMINING-USDF,0.0488,$227.40M,-1.69
MX-A7A5,0.0488,$628.79M,-4.58
USDAI-XCN,0.0488,$287.10M,-18.38
OUSG-EARNETH,0.0487,$527.19M,-7.68
CASH-AKE,0.0487,$217.54M,566.67
SHFL-XPL,0.0487,$341.99M,-7.76
LUNC-SOON,0.0486,$368.91M,9.19
VIRTUAL-REUSD,0.0486,$537.00M,-6.17
GNO-WEMIX,0.0486,$383.07M,-15.07
TWT-USDAI,0.0486,$305.90M,-8.07
A-FRXUSD,0.0486,$212.21M,-15.42
MON-AKE,0.0486,$343.72M,552.16
VSN-DYDX,0.0485,$248.76M,-20.06
GRT-GEOD,0.0485,$255.69M,13.93
US-CAKE,0.0485,$866.16M,420.44
APXUSD-SNX,0.0485,$417.49M,-22.12
CAKE-UUSD,0.0485,$546.98M,-2.27
STRCX-PYTH,0.0485,$462.15M,-10.85
USDAI-BONK,0.0485,$422.38M,-12.97
TIA-USTBL,0.0484,$467.33M,-3.49
META-REUSD,0.0484,$262.85M,35.0
KMNO-CRVUSD,0.0484,$310.07M,-5.08
FF-XPL,0.0484,$412.87M,-3.34
BORG-FRAX,0.0484,$358.34M,-12.53
KAU-SHORT,0.0483,$405.86M,5.01
BC-KITE,0.0483,$451.57M,84.79
DEXE-GOMINING,0.0483,$389.64M,-38.59
CASH-STX,0.0483,$372.54M,-19.63
AKT-FRAX,0.0482,$348.46M,-7.93
USTBL-ZBT,0.0482,$274.79M,-20.13
SAND-USDA,0.0482,$221.37M,-20.56
VCNT-SHORT,0.0482,$262.00M,6.55
DYDX-APR,0.0481,$294.26M,-5.47
APR-SOON,0.0481,$286.40M,34.32
USTBL-VCNT,0.0481,$325.29M,-2.32
JTO-GEOD,0.0481,$362.98M,57.51
KAG-XTZ,0.048,$439.17M,-32.84
ICNT-GLIDR,0.048,$202.95M,-38.66
THETA-KOGE,0.048,$340.24M,32.88
MON-PRL,0.048,$332.26M,52.67
USTBL-TWT,0.0479,$309.31M,-7.61
CHEEMS-SHFL,0.0479,$221.72M,-22.24
ACRED-SAND,0.0479,$240.23M,-20.55
FLOKI-SHFL,0.0479,$319.91M,-20.79
ICNT-TRUMP,0.0478,$458.96M,-47.56
UUSD-DASH,0.0478,$497.22M,-8.65
UUSD-USDA,0.0478,$195.96M,0.32
USDA-XPIN,0.0478,$241.07M,9.22
FARTCOIN-SHFL,0.0478,$244.41M,-17.14
BTSE-XPIN,0.0478,$278.01M,-2.61
USDAT-SNX,0.0477,$262.23M,-15.93
COCO-AIAT,0.0477,$302.20M,-13.48
ONYC-EURCV,0.0477,$395.64M,-0.14
FRXUSD-GUSD,0.0477,$259.43M,7.05
UB-KAU,0.0476,$669.14M,7.12
UB-NEX,0.0476,$451.17M,-4.01
DRV-AIAT,0.0476,$220.62M,16.13
EDGE-USDA,0.0476,$232.15M,-24.99
CASH-SHORT,0.0476,$219.57M,9.22
WEMIX-ACRED,0.0476,$215.47M,-7.84
SNX-USDZ,0.0476,$249.82M,-16.63
FF-PENDLE,0.0476,$442.94M,-2.14
1INCH-ONYC,0.0475,$362.02M,-4.86
RLB-CAKE,0.0475,$551.46M,-1.52
DYDX-USAT,0.0475,$283.09M,-10.41
GPS-BSV,0.0475,$354.50M,3.66
UQC-TRAC,0.0475,$231.69M,-10.66
CRVUSD-STX,0.0475,$462.57M,-19.61
EURC-MX,0.0475,$600.62M,-4.84
RAIL-COMP,0.0475,$249.17M,-9.23
RAIL-USDF,0.0475,$201.68M,7.5
KAU-ZBT,0.0474,$422.25M,-24.82
DEXE-NFT,0.0474,$538.60M,-44.68
USAT-NFT,0.0474,$449.75M,-7.82
USAT-PEANUT,0.0474,$369.77M,-11.57
GEOD-THETA,0.0474,$220.44M,14.36
OUSG-TEL,0.0473,$554.56M,-7.47
OZO-BONK,0.0473,$390.24M,-12.65
2Z-PIEVERSE,0.0473,$384.42M,-15.57
TIA-ONYC,0.0473,$552.70M,-2.56
TKX-META,0.0473,$198.86M,26.14
USTBL-CHEEMS,0.0473,$261.16M,-19.04
STRK-XEC,0.0473,$308.67M,-22.88
ACRED-CHZ,0.0473,$259.18M,-33.17
GEOD-PEANUT,0.0473,$278.88M,21.45
BC-ZBT,0.0472,$333.52M,74.25
DEXE-CHEEMS,0.0472,$374.40M,-56.39
2Z-USAT,0.0472,$387.56M,-14.48
APEPE-STRCX,0.0472,$342.16M,-18.83
APXUSD-ENS,0.0472,$471.13M,-20.81
NEX-STX,0.0472,$340.85M,-34.98
ZBT-ONYC,0.0472,$360.15M,-19.2
ICNT-VCNT,0.0471,$266.02M,-32.19
XEC-KOGE,0.0471,$333.61M,43.05
VSN-USAT,0.047,$336.12M,-9.8
NXM-OZO,0.047,$212.17M,-4.79
USTBL-AWE,0.047,$266.66M,-2.73
COCO-KAG,0.047,$397.91M,-31.98
KAG-PRL,0.047,$297.76M,56.51
MWC-SEI,0.0469,$400.39M,15.43
VELVET-PYTH,0.0469,$487.86M,135.16
CASH-ULTIMA,0.0469,$303.72M,-11.9
TKX-CRVUSD,0.0469,$315.49M,-5.24
XEC-ZAMA,0.0469,$257.27M,56.58
GEOD-CRCLON,0.0469,$187.20M,14.45
ONYC-SYRUP,0.0469,$453.45M,-14.56
UB-JTO,0.0468,$629.47M,35.95
GALA-SHFL,0.0468,$210.01M,-24.7
STRCX-USDAI,0.0468,$298.23M,-4.39
OUSG-GLIDR,0.0467,$481.63M,-8.79
STAC-USDF,0.0467,$214.48M,0.46
APR-STX,0.0467,$446.91M,-14.71
KAU-GPS,0.0467,$404.32M,8.74
APEPE-USDZ,0.0467,$328.75M,-15.21
KAG-KAITO,0.0467,$522.96M,73.7
KAG-AVUSD,0.0467,$329.67M,-10.69
KOGE-REAL,0.0467,$463.21M,65.83
STAC-US,0.0466,$521.61M,423.18
WEMIX-USDAI,0.0466,$257.86M,-8.24
UUSD-KITE,0.0466,$331.79M,-10.02
REUSD-FRXUSD,0.0466,$277.35M,3.62
VSN-AVUSD,0.0465,$266.87M,-9.69
RLB-NEO,0.0465,$238.05M,-14.91
DYDX-PRL,0.0465,$181.94M,56.9
OZO-REAL,0.0465,$374.36M,14.63
META-PEANUT,0.0465,$279.95M,19.84
UQC-DASH,0.0465,$505.45M,-10.9
FLOKI-USDZ,0.0465,$325.90M,-18.74
PENDLE-ONYC,0.0465,$496.86M,-2.43
IMX-US,0.0464,$646.29M,406.69
RLB-SUN,0.0464,$446.56M,-0.58
USDTB-CHZ,0.0464,$499.66M,-33.52
USDAI-XPL,0.0464,$378.02M,-5.01
AKE-XPL,0.0464,$316.11M,561.75
LDO-CASH,0.0463,$425.21M,-1.2
SEI-ZBT,0.0463,$400.50M,-33.69
FARTCOIN-AIAT,0.0463,$240.99M,-6.59
OUSG-GALA,0.0462,$468.86M,-21.51
A-SUN,0.0462,$444.58M,-16.68
AIAT-BSV,0.0462,$376.47M,-1.58
RLB-APXUSD,0.0461,$399.33M,-5.51
DYDX-FARTCOIN,0.0461,$220.88M,-24.7
DEXE-MON,0.0461,$522.27M,-51.5
CAKE-WEMIX,0.0461,$547.62M,-10.44
WEMIX-XCN,0.0461,$230.08M,-26.54
STRCX-BTSE,0.0461,$273.91M,-15.83
APYUSD-USDAI,0.0461,$315.56M,-4.68
KAU-REUSD,0.046,$475.74M,-0.62
COCO-PENDLE,0.046,$434.87M,-25.02
AVUSD-THETA,0.046,$242.07M,-18.56
PENDLE-GEOD,0.046,$345.00M,29.18
VSN-OZO,0.0459,$276.19M,-9.45
OUSG-STRCX,0.0459,$521.04M,-3.94
STAC-BAT,0.0459,$206.06M,-13.98
RLB-BSV,0.0459,$362.76M,-8.63
MWC-USTBL,0.0459,$274.68M,28.96
APXUSD-COMP,0.0459,$454.38M,-23.0
SAND-AVUSD,0.0459,$241.16M,-20.87
OZO-ZRO,0.0458,$410.05M,-20.0
KAG-AIAT,0.0458,$331.67M,-2.96
ACRED-KOGE,0.0458,$329.19M,51.84
FF-GRASS,0.0458,$408.15M,2.44
IOTA-THBILL,0.0458,$265.51M,-20.31
SOON-XCN,0.0458,$219.67M,11.11
RUNE-BSV,0.0457,$406.75M,-43.09
USAT-PYTH,0.0457,$506.59M,-6.57
REAL-ZAMA,0.0457,$386.87M,79.36
JASMY-USDAI,0.0457,$369.02M,-11.85
OUSG-PIEVERSE,0.0456,$562.33M,-0.75
2Z-STRCX,0.0456,$343.13M,-18.76
GPS-KITE,0.0456,$328.01M,3.02
CHEEMS-SN64,0.0456,$190.31M,-31.89
ENS-KOGE,0.0456,$390.22M,36.9
TAG-SFP,0.0456,$247.80M,12.44
GOMINING-ONYC,0.0456,$361.77M,-0.32
KOGE-JASMY,0.0456,$425.74M,39.67
STAC-INJ,0.0455,$561.88M,13.4
STAC-CASH,0.0455,$224.66M,0.44
OZO-GPS,0.0455,$221.31M,13.29
AXS-SHFL,0.0455,$265.09M,-23.14
RLB-GRASS,0.0454,$320.14M,1.52
MWC-DASH,0.0454,$511.28M,20.22
ZBCN-USAT,0.0454,$362.50M,-21.64
OHM-TAG,0.0454,$420.87M,29.56
ZK-WEMIX,0.0454,$184.78M,-31.47
FLOKI-REAL,0.0454,$447.57M,-3.66
STX-REAL,0.0454,$499.58M,-5.23
MANA-SHFL,0.0454,$252.78M,-15.69
RLB-FDUSD,0.0453,$450.37M,0.63
INJ-BTSE,0.0453,$592.35M,1.42
NEX-RAY,0.0453,$253.33M,-29.03
EIGEN-ZBT,0.0453,$254.54M,-16.9
TEL-GRASS,0.0452,$390.18M,-7.08
MWC-GALA,0.0451,$202.46M,6.85
KAU-GUSD,0.0451,$457.81M,2.81
DEXE-FDUSD,0.0451,$620.18M,-37.02
USAT-GOMINING,0.0451,$300.79M,-1.72
CHZ-ONYC,0.0451,$390.34M,-32.19
GNO-DCR,0.045,$485.42M,-23.27
COCO-REUSD,0.045,$351.65M,-17.59
RUNE-ACRED,0.045,$263.30M,-35.79
STRK-SUN,0.045,$531.50M,-15.75
AVUSD-ENS,0.045,$292.05M,-14.55
BORG-AIAT,0.045,$256.25M,-4.71
AIAT-MX,0.045,$268.57M,4.33
EDGE-AERO,0.0449,$550.35M,-28.2
USDTB-AWE,0.0449,$461.34M,-3.14
APXUSD-FET,0.0449,$600.97M,-21.64
USDA-TAG,0.0449,$241.24M,30.26
ETHFI-SOSO,0.0449,$516.48M,-9.18
ONYC-MET,0.0449,$335.62M,3.64
SYRUP-SHFL,0.0449,$328.65M,-18.68
XPIN-GRASS,0.0449,$360.77M,9.67
SFP-USDF,0.0449,$214.57M,-17.51
APR-A,0.0448,$298.68M,-10.51
MWC-CAKE,0.0448,$561.03M,25.84
2Z-UQC,0.0447,$310.36M,-16.69
COCO-KMNO,0.0447,$282.24M,-26.29
COCO-MX,0.0447,$334.81M,-24.69
RUNE-USAT,0.0447,$333.49M,-36.19
CRVUSD-EURCV,0.0447,$361.49M,-1.51
EIGEN-FRAX,0.0447,$360.66M,3.58
DYDX-SHORT,0.0446,$195.42M,-1.05
GEOD-REAL,0.0446,$343.40M,47.3
SPX-VELVET,0.0445,$468.58M,135.5
US-NEO,0.0445,$552.74M,407.05
XTZ-TEL,0.0445,$399.79M,-29.99
FLOKI-THBILL,0.0445,$316.44M,-17.97
STRCX-MANA,0.0445,$272.18M,-17.25
VIRTUAL-FF,0.0444,$561.85M,-8.2
RLB-CASH,0.0443,$226.29M,0.66
ACRED-FF,0.0443,$307.33M,1.99
ZANO-PENDLE,0.0443,$381.81M,-6.2
LUNC-THBILL,0.0442,$396.83M,-20.22
EDGE-IOTA,0.0442,$283.55M,-45.69
SEI-GEOD,0.0442,$380.90M,19.8
KAG-CHEEMS,0.0442,$314.01M,-30.18
MWC-AVUSD,0.0441,$229.82M,28.64
DEXE-BORG,0.0441,$412.35M,-49.41
US-SAND,0.0441,$544.15M,401.78
SNX-NEX,0.0441,$212.76M,-31.3
FF-SOSO,0.0441,$308.87M,-7.94
GPS-AWE,0.044,$201.83M,9.87
USDA-IOTA,0.044,$243.75M,-20.0
APR-FLOKI,0.0439,$394.90M,-13.15
WEMIX-AIAT,0.0439,$218.40M,-0.43
JTO-FRXUSD,0.0439,$378.56M,24.52
RLB-STRCX,0.0438,$245.07M,-3.63
EDGE-BTT,0.0438,$395.45M,-34.09
MWC-SAND,0.0438,$239.03M,8.07
USDTB-SHFL,0.0438,$476.92M,-2.78
USTBL-DCR,0.0438,$363.62M,-15.98
USDA-SFP,0.0438,$198.91M,-17.13
INJ-SOON,0.0437,$549.25M,42.36
FDUSD-FRXUSD,0.0437,$456.02M,-0.13
US-USDZ,0.0436,$546.36M,421.95
APEPE-AR,0.0436,$317.41M,-18.56
OHM-PYTH,0.0436,$597.17M,-6.85
KITE-ONYC,0.0436,$478.21M,-8.66
KAU-NEX,0.0435,$398.64M,-19.68
LDO-THBILL,0.0435,$421.13M,-1.1
META-KAITO,0.0435,$404.68M,115.77
META-PYTH,0.0435,$416.77M,24.84
UUSD-GUSD,0.0435,$249.29M,7.06
APR-RUNE,0.0434,$344.65M,-30.7
FF-PYTH,0.0434,$513.65M,-4.86
RAIL-AKE,0.0434,$185.37M,574.27
VSN-APYUSD,0.0433,$309.02M,-14.37
VSN-USDZ,0.0433,$278.28M,-10.46
NXM-ICNT,0.0433,$188.44M,-34.53
SPX-SHFL,0.0433,$423.47M,-8.94
VELVET-BORG,0.0433,$304.77M,129.18
OHM-CRCLON,0.0433,$368.66M,-18.86
USDAT-PIEVERSE,0.0433,$321.88M,-1.2
DCR-STRCX,0.0433,$343.57M,-20.74
RUNE-RAIL,0.0433,$238.11M,-26.59
REUSD-KOGE,0.0433,$381.58M,55.14
USTBL-MON,0.0432,$409.04M,-14.15
SPX-USDA,0.0431,$398.25M,-5.81
KMNO-XPIN,0.0431,$242.92M,3.83
JTO-MANA,0.0431,$400.02M,11.65
PENGU-PRL,0.0431,$455.79M,47.04
GLIDR-GUSD,0.0431,$250.89M,-2.11
OUSG-ZK,0.043,$464.60M,-22.86
RLB-APYUSD,0.043,$262.40M,-3.92
UUSD-GLIDR,0.043,$201.17M,-9.23
ZBT-MANA,0.043,$245.33M,-33.44
SFP-GUSD,0.043,$252.24M,-10.39
SEI-SOSO,0.0429,$403.14M,-22.73
PIEVERSE-MON,0.0429,$430.28M,-15.72
2Z-REUSD,0.0428,$369.77M,-10.76
RAY-AKE,0.0428,$258.53M,553.1
LUNC-JTO,0.0427,$547.53M,4.29
APR-ZANO,0.0427,$327.55M,2.43
2Z-FF,0.0427,$394.62M,-12.78
CASH-ONYC,0.0427,$368.22M,1.28
USAT-SHFL,0.0427,$306.63M,-2.85
AIAT-EURCV,0.0427,$267.42M,6.29
CASH-RAY,0.0426,$285.02M,-13.68
CVX-AVUSD,0.0426,$250.79M,-10.76
SAND-THBILL,0.0426,$243.12M,-20.87
CRVUSD-VCNT,0.0426,$376.49M,-2.77
KITE-XPIN,0.0426,$376.90M,-1.12
KOGE-MET,0.0426,$303.56M,53.79
EDGE-UQC,0.0424,$243.99M,-27.61
US-AVUSD,0.0424,$534.94M,422.72
PRL-USDF,0.0424,$195.91M,67.2
VELVET-KOGE,0.0423,$380.65M,193.13
CASH-ZANO,0.0423,$253.18M,-2.49
USDA-PENGU,0.0423,$467.89M,-19.85
FRXUSD-BONK,0.0423,$374.87M,-12.96
VSN-META,0.0422,$246.31M,21.61
RLB-AXS,0.0422,$247.96M,-19.64
APR-BSV,0.0422,$454.88M,-4.49
VELVET-FF,0.0422,$358.79M,143.29
DCR-SOON,0.0422,$292.79M,13.06
CHEEMS-DASH,0.0422,$497.75M,-28.08
USDA-RAIL,0.0422,$186.02M,7.89
USDA-JASMY,0.0422,$307.76M,-11.46
BORG-ZBT,0.0422,$252.22M,-33.02
SUN-SHFL,0.0422,$463.69M,-4.08
OUSG-UQC,0.0421,$488.27M,-1.87
1INCH-RLB,0.0421,$220.09M,-5.48
VELVET-VET,0.0421,$555.46M,123.23
TIBBIR-ICNT,0.042,$208.06M,-41.86
NEO-WEMIX,0.042,$234.20M,-23.83
STRK-AWE,0.042,$295.03M,-17.6
FLOKI-GEOD,0.042,$292.85M,14.94
CRVUSD-MET,0.042,$301.47M,2.27
JTO-FRAX,0.042,$488.70M,24.51
DRV-USDAI,0.0419,$260.08M,8.32
INJ-REUSD,0.0419,$626.67M,16.56
OZO-BSV,0.0419,$383.79M,-9.07
COCO-KOGE,0.0419,$398.37M,30.23
FDUSD-USDZ,0.0419,$473.49M,-0.82
RAIL-NFT,0.0419,$354.37M,-0.21
AIAT-REAL,0.0419,$367.04M,22.11
EURCV-THBILL,0.0419,$267.37M,-1.44
ULTIMA-UUSD,0.0418,$281.49M,-11.87
ULTIMA-KOGE,0.0418,$395.85M,39.63
XEC-PENDLE,0.0418,$370.11M,-12.2
ZBT-JASMY,0.0418,$325.53M,-32.35
DRV-AWE,0.0417,$208.46M,5.22
US-WEMIX,0.0417,$519.39M,414.49
UQC-AR,0.0417,$224.07M,-6.36
XEC-BTSE,0.0417,$252.57M,-19.91
SHORT-MANA,0.0417,$228.94M,-3.62
1INCH-AKE,0.0416,$211.34M,560.53
MWC-STX,0.0416,$364.36M,9.26
OZO-STRCX,0.0416,$266.09M,-4.07
AKT-CRVUSD,0.0416,$340.44M,-7.91
EDGE-USAT,0.0415,$321.20M,-25.41
ZANO-ZAMA,0.0415,$268.97M,62.58
BTSE-USDF,0.0415,$244.95M,-11.52
ZRO-ICNT,0.0414,$386.33M,-49.74
TWT-KITE,0.0414,$380.47M,-18.02
UQC-SNX,0.0414,$230.45M,-18.17
MX-BSV,0.0414,$409.08M,-12.79
APYUSD-THBILL,0.0414,$276.06M,-4.6
BC-CARDS,0.0413,$488.44M,104.25
BC-GEOD,0.0413,$313.91M,127.74
CRVUSD-ENS,0.0413,$388.12M,-14.62
USDZ-THBILL,0.0413,$245.32M,-0.69
EDGE-KMNO,0.0412,$234.00M,-30.38
WEMIX-PEANUT,0.0412,$284.96M,-19.69
VSN-APEPE,0.0411,$352.25M,-24.2
LUNC-EURCV,0.0411,$428.33M,-21.74
STAC-KAU,0.0411,$410.95M,-3.78
EARNETH-KOGE,0.0411,$361.09M,43.39
CASH-ZBCN,0.0411,$299.29M,-21.63
XTZ-KAITO,0.0411,$534.74M,62.32
FF-TRAC,0.0411,$315.95M,-6.75
USDA-GOMINING,0.0411,$211.74M,-1.31
KOGE-ONYC,0.0411,$460.35M,52.81
STAC-USDAI,0.041,$260.08M,0.45
KAU-PIEVERSE,0.041,$490.39M,-5.43
EARNETH-CRVUSD,0.041,$358.99M,-8.12
OZO-KAITO,0.041,$434.57M,84.71
US-IOTA,0.041,$566.54M,402.34
TWT-USDA,0.041,$244.64M,-7.68
CHEEMS-SNX,0.041,$222.75M,-35.35
CHEEMS-USDA,0.041,$196.50M,-19.11
USAT-RAIL,0.041,$275.07M,7.47
OHM-USDF,0.0409,$387.64M,-0.39
BP-WEMIX,0.0409,$214.66M,97.85
STRK-SOON,0.0409,$279.22M,15.0
NEX-ZAMA,0.0409,$228.14M,49.61
KOGE-USDZ,0.0409,$341.54M,50.74
DYDX-PENDLE,0.0408,$348.52M,-14.1
KAU-KAITO,0.0408,$617.58M,80.15
2Z-RUNE,0.0408,$350.60M,-48.63
CRVUSD-SOON,0.0408,$302.06M,29.42
EURC-THBILL,0.0408,$567.97M,-1.35
STAC-GOMINING,0.0407,$218.21M,-1.16
VELVET-CRVUSD,0.0407,$378.55M,141.62
USTBL-BONK,0.0407,$425.79M,-12.51
TRAC-SOSO,0.0407,$240.25M,-17.96
ZK-REAL,0.0406,$333.41M,-8.93
TIBBIR-KAG,0.0406,$320.18M,-23.12
CHEEMS-XPIN,0.0406,$245.21M,-10.58
NEX-TAG,0.0406,$235.40M,14.51
XEC-TRAC,0.0406,$243.12M,-16.81
SPX-ONYC,0.0405,$548.28M,-4.82
RLB-GLIDR,0.0405,$205.66M,-8.48
APR-ZBT,0.0405,$310.34M,-15.68
AXS-WEMIX,0.0405,$244.11M,-28.55
WEMIX-KOGE,0.0405,$314.57M,43.28
JTO-SHFL,0.0405,$390.04M,21.77
A-SOSO,0.0405,$218.88M,-24.95
OUSG-AKE,0.0404,$475.77M,567.13
1INCH-CASH,0.0404,$237.83M,-6.25
VELVET-A7A5,0.0404,$644.71M,140.51
DEXE-THBILL,0.0404,$392.01M,-36.89
ACRED-WIF,0.0404,$261.39M,-10.92
IOTA-USDZ,0.0404,$274.96M,-21.08
WIF-SHFL,0.0404,$267.74M,-14.06
KOGE-VET,0.0404,$603.10M,33.06
A7A5-TRUMP,0.0404,$835.59M,-19.24
MWC-A7A5,0.0403,$592.05M,27.41
TWT-USDF,0.0403,$260.31M,-8.06
ULTIMA-ZAMA,0.0403,$319.51M,53.17
WEMIX-IOTA,0.0403,$248.00M,-28.54
JTO-SOON,0.0403,$358.65M,54.01
OZO-SHORT,0.0402,$222.85M,9.56
IMX-USDF,0.0401,$339.16M,-16.03
STAC-REAL,0.0401,$351.70M,14.84
APR-GEOD,0.0401,$290.74M,37.81
APR-MANA,0.0401,$327.77M,-8.04
LDO-PRL,0.0401,$387.27M,66.09
ICNT-AERO,0.0401,$515.94M,-32.33
TRAC-AKE,0.0401,$219.19M,558.34
LUNC-FF,0.04,$471.18M,-18.63
CASH-DCR,0.04,$324.80M,-16.45
US-AR,0.04,$535.02M,418.6
COCO-SOON,0.04,$274.23M,8.21
CHEEMS-USDF,0.04,$212.16M,-19.49
APYUSD-KOGE,0.04,$372.28M,46.84
ONYC-BAT,0.04,$349.62M,-13.14
SYRUP-USDZ,0.04,$334.64M,-16.63
EDGE-PRL,0.0399,$220.04M,41.9
MWC-KAU,0.0399,$422.15M,24.51
MWC-USDTB,0.0399,$469.36M,28.56
MWC-ZAMA,0.0399,$251.65M,89.21
APEPE-REAL,0.0399,$450.42M,-0.13
ZK-USAT,0.0399,$269.58M,-23.34
NEX-APYUSD,0.0399,$248.46M,-20.05
STRCX-XPIN,0.0399,$285.69M,4.52
PIEVERSE-USDF,0.0399,$293.92M,-1.19
AIAT-ZAMA,0.0399,$255.79M,72.78
USDAI-EURCV,0.0399,$306.87M,-1.52
EDGE-OHM,0.0398,$411.78M,-25.69
ZRO-TRAC,0.0398,$408.42M,-28.66
KMNO-WEMIX,0.0398,$198.44M,-13.23
BP-AKE,0.0398,$209.76M,672.76
ZANO-PRL,0.0398,$215.23M,64.81
EDGE-SOSO,0.0397,$252.56M,-34.91
DEXE-META,0.0397,$369.49M,-5.59
USDAT-REUSD,0.0397,$307.23M,3.62
KAG-USDAI,0.0397,$371.13M,-10.77
XTZ-ICNT,0.0397,$327.05M,-51.57
UQC-FRAX,0.0397,$328.09M,-2.33
STRK-USDF,0.0397,$301.05M,-14.49
ENS-SHFL,0.0397,$297.47M,-17.37
EDGE-INJ,0.0396,$595.21M,-12.43
MWC-GUSD,0.0396,$263.35M,35.65
US-VIRTUAL,0.0396,$788.53M,412.86
APEPE-OHM,0.0396,$477.17M,-14.83
CHEEMS-BSV,0.0396,$358.81M,-28.81
AWE-SOON,0.0396,$195.83M,26.31
FF-ONYC,0.0396,$438.49M,2.97
DRV-VELVET,0.0395,$269.15M,150.02
MWC-FDUSD,0.0395,$459.94M,28.48
KAU-US,0.0395,$727.27M,418.41
CASH-COCO,0.0395,$306.24M,-21.31
TKX-USDZ,0.0395,$230.83M,-5.94
TIBBIR-USDA,0.0395,$202.66M,-12.05
GALA-USDAI,0.0395,$246.05M,-21.96
AIAT-SN64,0.0395,$207.97M,-4.67
VIRTUAL-KOGE,0.0394,$583.72M,41.65
ZRO-APYUSD,0.0394,$442.88M,-24.92
APXUSD-NEX,0.0394,$385.39M,-21.63
USDAT-THBILL,0.0394,$257.73M,0.0
COCO-XTZ,0.0394,$409.69M,-43.36
NEX-EIGEN,0.0394,$230.92M,-11.77
OUSG-APYUSD,0.0393,$538.38M,-4.23
DEXE-KAG,0.0393,$487.77M,-47.66
CASH-PIEVERSE,0.0393,$304.10M,-1.21
TKX-ACRED,0.0393,$218.48M,-4.85
WEMIX-TRUMP,0.0393,$457.81M,-26.29
FF-NEX,0.0393,$282.61M,-13.77
STX-THBILL,0.0393,$368.45M,-19.53
SOSO-GUSD,0.0393,$266.09M,-2.48
GUSD-AKE,0.0393,$245.03M,573.82
IMX-WEMIX,0.0392,$327.75M,-24.18
RLB-EURCV,0.0392,$253.71M,-0.76
APR-ZRO,0.0392,$481.14M,-15.41
ZRO-ZBT,0.0392,$398.70M,-40.82
OHM-KMNO,0.0392,$373.83M,-5.4
TIBBIR-AVUSD,0.0392,$222.46M,-12.36
GPS-ZAMA,0.0392,$233.82M,78.02
STRK-FDUSD,0.0392,$535.31M,-14.54
ACRED-ZBT,0.0392,$228.99M,-20.18
UUSD-AERO,0.0392,$514.16M,-2.89
VCNT-USAT,0.0392,$349.67M,-2.8
WIF-AKE,0.0392,$241.87M,555.44
LUNC-AR,0.0391,$394.95M,-24.35
DYDX-EDGE,0.0391,$233.84M,-35.67
OZO-FLUID,0.0391,$211.58M,-17.14
US-KOGE,0.0391,$633.11M,474.16
ZK-AKE,0.0391,$179.88M,543.45
AXS-FF,0.0391,$335.97M,-18.72
VCNT-SOSO,0.0391,$281.03M,-12.31
XEC-RAIL,0.0391,$209.30M,-0.89
EARNETH-NEX,0.039,$237.27M,-23.49
DEXE-XPL,0.039,$494.67M,-41.91
ZRO-FRXUSD,0.039,$394.68M,-20.32
APXUSD-GEOD,0.039,$389.40M,26.72
UUSD-ONYC,0.039,$345.99M,1.31
MX-GUSD,0.039,$300.09M,3.65
STAC-XCN,0.0389,$232.30M,-17.85
DEXE-ENS,0.0389,$450.15M,-51.52
BP-GOMINING,0.0389,$229.80M,104.39
FF-BAT,0.0389,$295.70M,-12.84
XEC-GUSD,0.0389,$268.96M,-1.34
ICNT-PIEVERSE,0.0388,$283.65M,-30.62
TAG-USDF,0.0388,$256.91M,29.88
DEXE-WFI,0.0387,$448.62M,-38.01
UB-GOMINING,0.0386,$476.40M,9.74
ZBCN-REUSD,0.0386,$344.71M,-17.91
GPS-BTSE,0.0386,$229.12M,1.53
KAG-UUSD,0.0386,$313.48M,-10.76
SNX-SHORT,0.0386,$219.99M,-6.61
USDA-RAY,0.0386,$259.18M,-13.28
ZANO-AKE,0.0386,$226.68M,564.3
PENDLE-REAL,0.0386,$499.71M,10.58
OHM-ACRED,0.0385,$390.85M,0.0
CHEEMS-ZAMA,0.0385,$238.13M,45.56
STRK-BAT,0.0385,$292.63M,-28.92
DASH-SHFL,0.0385,$518.83M,-11.41
FF-EIGEN,0.0385,$332.88M,5.27
AVUSD-EURC,0.0385,$566.01M,-1.36
XEC-SUN,0.0385,$461.75M,-9.73
KMNO-PIEVERSE,0.0384,$280.10M,-6.2
AWE-GUSD,0.0384,$255.33M,3.95
TAG-AIAT,0.0384,$263.05M,37.68
GEOD-VET,0.0384,$483.30M,14.53
CVX-META,0.0383,$230.23M,20.55
APXUSD-GRASS,0.0383,$510.93M,-5.43
OZO-TAG,0.0382,$270.36M,30.19
OHM-AWE,0.0382,$381.63M,-3.5
APXUSD-KMNO,0.0382,$393.08M,-11.27
USDAT-XPIN,0.0382,$284.70M,8.83
TWT-NEX,0.0382,$238.80M,-23.43
NEX-WFI,0.0382,$264.87M,-16.48
RAY-GEOD,0.0382,$257.35M,19.32
APR-CARDS,0.0381,$465.26M,14.32
DEXE-VET,0.0381,$663.04M,-55.36
OHM-GLM,0.0381,$370.57M,-16.48
OHM-AIAT,0.0381,$393.78M,7.41
JTO-XPIN,0.0381,$413.53M,33.43
STRCX-RAY,0.0381,$303.80M,-17.97
NFT-USDAI,0.0381,$421.96M,-7.79
DRV-TAG,0.038,$247.71M,38.28
TKX-NEX,0.038,$193.77M,-20.61
RUNE-REUSD,0.038,$315.70M,-32.51
REUSD-ENS,0.038,$343.50M,-10.93
BC-SOON,0.0379,$309.58M,124.24
APXUSD-EIGEN,0.0379,$435.65M,-2.6
BP-BONK,0.0379,$379.18M,93.12
ICNT-THBILL,0.0379,$219.51M,-29.42
CARDS-SHFL,0.0379,$390.27M,6.68
OZO-STRK,0.0378,$314.51M,-14.17
GPS-SFP,0.0378,$198.74M,-4.46
NEX-GRASS,0.0378,$306.20M,-14.6
GEOD-TRUMP,0.0378,$451.74M,14.86
PEANUT-USDAI,0.0378,$341.98M,-11.54
MWC-RAIL,0.0377,$203.68M,36.75
VELVET-JASMY,0.0377,$378.09M,129.85
ICNT-MX,0.0377,$252.16M,-32.9
DEXE-PIEVERSE,0.0376,$456.16M,-38.09
ZBCN-APYUSD,0.0376,$335.40M,-26.21
ZRO-USAT,0.0376,$469.98M,-20.35
META-GALA,0.0376,$184.03M,9.42
GPS-NEX,0.0376,$186.34M,-2.39
STRCX-SN64,0.0376,$230.79M,-16.79
EIGEN-AIAT,0.0376,$258.57M,11.4
THETA-THBILL,0.0376,$244.03M,-18.55
LUNC-APXUSD,0.0375,$573.95M,-26.49
MWC-GRASS,0.0375,$329.71M,28.34
APXUSD-GLM,0.0375,$389.82M,-22.36
STRCX-GLIDR,0.0375,$242.18M,-13.55
ZBT-XPIN,0.0375,$258.84M,-11.67
MWC-EIGEN,0.0374,$254.43M,33.05
DEXE-FF,0.0374,$466.37M,-35.3
GLM-STRCX,0.0374,$235.56M,-20.47
VCNT-USDA,0.0374,$260.62M,-2.38
TEL-BTT,0.0374,$433.79M,-16.63
VELVET-EURC,0.0373,$616.54M,140.26
META-AR,0.0373,$211.47M,27.25
ENS-AIAT,0.0373,$294.05M,-6.82
SPX-THBILL,0.0372,$420.01M,-6.12
RLB-XPL,0.0372,$324.86M,-4.25
TWT-AVUSD,0.0372,$264.44M,-7.99
AXS-ZBT,0.0372,$257.63M,-40.89
USDA-ETHFI,0.0372,$496.07M,0.74
TAG-THBILL,0.0372,$263.00M,29.96
THBILL-XPL,0.0372,$338.52M,-4.93
UB-VCNT,0.0371,$525.28M,8.67
USTBL-THBILL,0.0371,$278.78M,0.45
CAKE-REUSD,0.0371,$614.62M,1.41
GPS-SNX,0.0371,$218.44M,-2.88
DASH-FRAX,0.0371,$617.50M,-8.68
REAL-GRASS,0.0371,$464.93M,15.15
TIA-REAL,0.037,$555.55M,10.45
US-USDAT,0.037,$558.77M,422.64
ZRO-CRVUSD,0.037,$496.81M,-20.31
AXS-SOSO,0.037,$260.28M,-29.93
BP-THBILL,0.037,$232.17M,106.08
WEMIX-DASH,0.037,$497.86M,-16.82
UUSD-PENGU,0.037,$471.50M,-20.22
ONYC-XPL,0.037,$466.79M,-3.64
OUSG-GOMINING,0.0369,$495.81M,-1.25
SEI-NEX,0.0369,$376.88M,-28.56
GNO-AKE,0.0369,$378.17M,559.85
GLM-ULTIMA,0.0369,$276.46M,-27.97
NEX-NFT,0.0369,$354.85M,-23.16
NXM-OUSG,0.0368,$467.12M,-4.66
CASH-CVX,0.0368,$256.83M,-10.85
DCR-USDZ,0.0368,$330.17M,-17.13
FDUSD-USDA,0.0368,$442.27M,0.26
USAT-ZANO,0.0368,$316.39M,-2.5
GLIDR-A7A5,0.0368,$579.59M,-10.35
1INCH-NEX,0.0367,$206.15M,-21.6
DEXE-AERO,0.0367,$688.45M,-39.8
TIA-USDF,0.0367,$418.33M,-3.94
VIRTUAL-GUSD,0.0367,$519.07M,-2.74
KAITO-AKE,0.0367,$404.79M,651.16
DASH-AVUSD,0.0367,$513.41M,-8.59
NFT-BTT,0.0367,$524.00M,-16.5
XPIN-THBILL,0.0367,$262.83M,8.91
FRAX-XPL,0.0367,$440.65M,-5.02
IMX-THBILL,0.0366,$345.26M,-15.95
UQC-AIAT,0.0366,$226.00M,5.49
ICNT-GUSD,0.0366,$251.08M,-22.37
DYDX-SOSO,0.0365,$214.45M,-19.91
MWC-MET,0.0365,$203.26M,31.57
USDAT-FET,0.0365,$445.72M,-15.45
USDAT-SHFL,0.0365,$261.20M,-2.82
XTZ-FDUSD,0.0365,$571.57M,-22.2
XTZ-JTO,0.0365,$494.11M,2.45
UB-KOGE,0.0364,$574.98M,62.88
OUSG-VET,0.0364,$769.21M,-18.01
DYDX-VELVET,0.0364,$264.37M,131.32
DRV-SOSO,0.0364,$219.23M,-1.21
ZK-SHFL,0.0364,$205.75M,-26.06
ACRED-VCNT,0.0364,$279.49M,-2.37
TEL-EURCV,0.0364,$323.75M,-9.36
IMX-KOGE,0.0363,$441.47M,35.49
CASH-GALA,0.0363,$210.63M,-21.97
NEX-STRCX,0.0363,$231.12M,-19.75
FRXUSD-USDZ,0.0363,$237.31M,-0.77
UB-DRV,0.0362,$463.48M,19.76
VELVET-SHFL,0.0362,$287.90M,138.87
USDAT-DASH,0.0362,$537.23M,-8.67
COCO-CHEEMS,0.0362,$284.54M,-40.7
COCO-STRCX,0.0362,$325.02M,-25.6
GPS-STRK,0.0362,$285.22M,-1.44
CHEEMS-COMP,0.0362,$259.64M,-36.23
UQC-JASMY,0.0362,$319.61M,-14.09
REUSD-GUSD,0.0362,$316.94M,10.75
PENGU-USDAI,0.0362,$529.16M,-20.24
CASH-SAND,0.0361,$247.21M,-20.96
US-TRAC,0.0361,$542.63M,414.3
UQC-ETHFI,0.0361,$507.91M,-1.88
SNX-BTSE,0.0361,$255.55M,-27.37
TAG-MANA,0.0361,$276.45M,17.01
RAIL-ONYC,0.0361,$336.05M,8.88
NXM-REUSD,0.036,$254.30M,-1.42
OUSG-USDTB,0.036,$735.77M,0.41
APXUSD-BTSE,0.036,$428.17M,-17.71
ULTIMA-USDZ,0.036,$309.09M,-12.58
BP-USDF,0.036,$226.07M,106.0
VELVET-COMP,0.0359,$325.83M,124.88
META-GNO,0.0359,$378.06M,24.46
META-RUNE,0.0359,$243.68M,-6.56
META-MET,0.0359,$184.83M,33.65
XTZ-USDF,0.0359,$337.31M,-22.15
ACRED-SN64,0.0359,$205.03M,-12.08
INJ-TEL,0.0358,$633.55M,5.03
MWC-BP,0.0358,$228.08M,134.5
US-WIF,0.0358,$565.31M,411.4
USTBL-REAL,0.0358,$409.90M,14.76
OHM-REAL,0.0358,$524.86M,13.99
ACRED-SUN,0.0358,$457.33M,-0.94
CARDS-ONYC,0.0358,$515.07M,10.8
USAT-APYUSD,0.0358,$343.36M,-4.71
GEOD-KOGE,0.0358,$308.49M,84.43
AIAT-ETHFI,0.0358,$517.87M,8.17
USDAI-FET,0.0358,$463.36M,-15.45
DEXE-A7A5,0.0357,$752.29M,-38.08
VIRTUAL-NEX,0.0357,$459.90M,-25.23
FARTCOIN-ZBT,0.0357,$236.96M,-34.9
RLB-FRXUSD,0.0356,$214.19M,0.68
DYDX-KITE,0.0356,$329.87M,-20.33
APR-PENGU,0.0356,$568.11M,-15.33
DRV-BC,0.0356,$322.21M,103.15
GRT-KOGE,0.0356,$375.49M,32.45
ICNT-FRXUSD,0.0356,$211.49M,-29.5
ACRED-TRUMP,0.0356,$472.43M,-17.74
REUSD-PEANUT,0.0356,$351.97M,-7.84
TRAC-GEOD,0.0356,$218.01M,24.57
CRVUSD-KOGE,0.0355,$426.20M,51.44
DRV-STRCX,0.0354,$243.44M,4.02
KAU-CRVUSD,0.0354,$520.36M,-4.31
USDAT-NFT,0.0354,$404.32M,-7.79
FF-IOTA,0.0354,$339.86M,-18.71
NXM-META,0.0353,$182.28M,26.27
SPX-AKE,0.0353,$397.60M,560.57
RLB-PRL,0.0353,$188.34M,67.96
DYDX-PIEVERSE,0.0353,$279.95M,-11.49
DYDX-FRXUSD,0.0353,$207.79M,-10.38
SEI-DEXE,0.0353,$560.63M,-50.09
2Z-CRVUSD,0.0353,$414.39M,-14.45
DCR-BP,0.0353,$317.01M,89.64
ULTIMA-SOSO,0.0353,$298.29M,-21.42
AVUSD-JASMY,0.0353,$327.56M,-11.77
MWC-AXS,0.0352,$257.53M,8.62
GRT-REAL,0.0352,$410.40M,-4.68
DEXE-AR,0.0352,$390.13M,-41.02
US-USTBL,0.0352,$579.81M,423.1
GNO-TEL,0.0352,$456.96M,-14.76
GNO-SHFL,0.0352,$404.04M,-9.66
ZK-UUSD,0.0352,$184.14M,-23.3
FRXUSD-BAT,0.0352,$213.34M,-14.51
OUSG-ZBCN,0.0351,$557.52M,-21.16
1INCH-FF,0.0351,$308.10M,-4.56
CASH-XCN,0.0351,$251.68M,-18.4
UQC-AKE,0.0351,$203.54M,564.45
NEX-GUSD,0.0351,$239.83M,-8.31
SHORT-PIEVERSE,0.0351,$279.64M,8.13
VSN-CASH,0.035,$272.91M,-9.78
RLB-AVUSD,0.035,$220.25M,0.76
APR-PYTH,0.035,$517.75M,-1.63
MWC-PIEVERSE,0.035,$295.92M,27.19
AWE-CRVUSD,0.035,$317.87M,-3.18
AVUSD-USDZ,0.035,$243.37M,-0.7
UQC-ACRED,0.0349,$223.06M,-1.92
CASH-USDAT,0.0348,$261.82M,-0.1
ULTIMA-USDA,0.0348,$277.88M,-11.5
LUNC-STAC,0.0347,$381.54M,-19.77
INJ-APEPE,0.0347,$660.60M,-1.57
EARNETH-GUSD,0.0347,$296.45M,-0.99
USAT-ETHFI,0.0347,$585.12M,0.33
APXUSD-XPL,0.0346,$515.64M,-11.2
COCO-STX,0.0346,$434.74M,-40.82
AXS-CRVUSD,0.0346,$355.74M,-20.39
KOGE-XCN,0.0346,$343.81M,33.14
IMX-AKE,0.0345,$322.84M,550.73
RLB-MET,0.0345,$193.69M,3.03
ZRO-GNO,0.0345,$567.40M,-27.15
GPS-VET,0.0345,$484.97M,-5.41
GPS-SYRUP,0.0345,$303.26M,-2.88
UUSD-RAY,0.0345,$262.79M,-13.65
PIEVERSE-A7A5,0.0345,$660.29M,-2.3
UB-TRAC,0.0344,$484.50M,3.01
MWC-AKE,0.0344,$209.36M,609.91
VELVET-USDZ,0.0344,$293.89M,140.92
ICNT-ZANO,0.0344,$232.73M,-31.89
FDUSD-NFT,0.0344,$610.62M,-7.84
UUSD-STX,0.0344,$350.30M,-19.6
CRVUSD-TAG,0.0344,$357.12M,29.88
UB-A7A5,0.0343,$839.04M,10.25
DRV-COCO,0.0343,$286.86M,-12.88
MWC-GRT,0.0343,$275.19M,9.84
KAG-JASMY,0.0343,$425.28M,-22.54
XTZ-USDA,0.0343,$321.65M,-21.76
KAITO-TAG,0.0343,$454.34M,114.35
WEMIX-BONK,0.0343,$365.37M,-21.12
CARDS-ZAMA,0.0343,$406.68M,74.47
BC-USAT,0.0342,$404.80M,94.71
OZO-NEX,0.0342,$215.63M,-15.13
AKT-UUSD,0.0342,$228.18M,-7.91
CHEEMS-FF,0.0342,$292.60M,-17.82
ULTIMA-GUSD,0.0342,$331.21M,-4.75
CRVUSD-STRCX,0.0342,$352.84M,-4.38
VCNT-AKE,0.0342,$259.97M,563.99
GOMINING-APYUSD,0.0342,$273.69M,-6.3
VSN-VELVET,0.0341,$317.40M,131.93
OUSG-SHFL,0.0341,$501.65M,-2.37
DYDX-BSV,0.0341,$356.36M,-19.69
OHM-EURCV,0.0341,$425.24M,-1.83
SN64-KOGE,0.0341,$304.14M,39.04
UB-MANA,0.034,$492.22M,-1.51
EARNETH-META,0.034,$242.36M,23.25
USDTB-PYTH,0.034,$676.88M,-6.49
FLOKI-AVUSD,0.034,$314.49M,-17.97
FF-PENGU,0.034,$564.00M,-18.56
NEX-ETHFI,0.034,$490.22M,-15.01
NEX-MON,0.034,$338.52M,-29.97
CVX-STRCX,0.0339,$275.61M,-15.14
US-EURCV,0.0339,$568.40M,421.21
ZRO-KOGE,0.0339,$498.90M,31.2
COCO-XPL,0.0339,$404.81M,-26.22
STRK-EURCV,0.0339,$338.65M,-15.93
USTBL-APYUSD,0.0338,$318.97M,-4.23
STX-ONYC,0.0338,$496.72M,-18.24
IMX-USDA,0.0337,$323.50M,-15.64
OUSG-FLOKI,0.0337,$578.76M,-17.6
EDGE-CHEEMS,0.0337,$236.29M,-44.79
DEXE-NEX,0.0337,$364.41M,-52.34
META-AWE,0.0337,$201.24M,28.19
COCO-PRL,0.0337,$268.29M,45.99
GLM-UUSD,0.0337,$194.55M,-16.15
BP-UUSD,0.0337,$214.02M,106.01
ICNT-AKE,0.0337,$197.09M,537.26
CARDS-SFP,0.0337,$371.60M,-8.02
IMX-VELVET,0.0336,$393.82M,125.66
STAC-THETA,0.0336,$228.74M,-18.1
EDGE-SFP,0.0336,$238.71M,-42.81
KAG-CRVUSD,0.0336,$425.74M,-10.76
STRK-EURC,0.0336,$639.25M,-15.85
VELVET-APEPE,0.0335,$367.86M,127.18
USDAT-GPS,0.0335,$235.81M,12.97
KAG-KOGE,0.0335,$427.84M,40.75
CARDS-FARTCOIN,0.0335,$391.88M,-4.9
USDZ-TRUMP,0.0335,$484.78M,-18.83
OUSG-APEPE,0.0334,$581.61M,-14.07
DEXE-ZK,0.0334,$358.43M,-60.21
TIA-SHFL,0.0334,$427.89M,-6.68
DCR-XPIN,0.0334,$347.67M,-7.52
NEX-MANA,0.0334,$221.71M,-28.31
ZBT-PIEVERSE,0.0334,$296.03M,-21.69
GUSD-XCN,0.0334,$279.16M,-11.25
SPX-APYUSD,0.0333,$460.20M,-10.8
TIA-WEMIX,0.0333,$406.91M,-12.09
CHEEMS-ONYC,0.0333,$346.52M,-18.12
REUSD-A,0.0333,$269.72M,-11.72
SHORT-FRAX,0.0333,$317.62M,9.23
USDAT-AWE,0.0332,$245.62M,-3.19
ZK-USDF,0.0332,$196.19M,-23.31
COCO-COMP,0.0332,$343.55M,-38.02
SOON-A7A5,0.0332,$568.21M,28.31
REAL-XPL,0.0332,$469.65M,9.37
RLB-FARTCOIN,0.0331,$227.28M,-13.64
OZO-KITE,0.0331,$357.30M,-9.71
CASH-TIBBIR,0.0331,$228.50M,-12.45
REUSD-SFP,0.0331,$270.17M,-13.82
XEC-ONYC,0.0331,$365.66M,-7.1
BTSE-COMP,0.0331,$292.44M,-28.25
VELVET-GLIDR,0.033,$267.89M,132.45
FDUSD-GOMINING,0.033,$461.66M,-1.74
UUSD-BONK,0.033,$364.73M,-12.95
WIF-AIAT,0.033,$264.32M,-3.51
LDO-AVUSD,0.0329,$419.17M,-1.1
EARNETH-USAT,0.0329,$332.17M,-8.16
OZO-THBILL,0.0329,$243.23M,0.32
CASH-BONK,0.0329,$386.96M,-12.98
GPS-UQC,0.0329,$204.03M,10.74
CHEEMS-REUSD,0.0329,$267.75M,-15.8
STRK-SHFL,0.0329,$310.61M,-17.23
STRCX-TRUMP,0.0329,$498.18M,-22.44
ZBT-AR,0.0329,$230.00M,-24.62
APYUSD-PRL,0.0329,$242.20M,62.59
LUNC-RLB,0.0328,$383.17M,-19.54
STAC-USDZ,0.0328,$230.03M,-0.24
APEPE-CARDS,0.0328,$470.23M,-5.02
DCR-GEOD,0.0328,$297.12M,16.56
ICNT-A7A5,0.0328,$579.78M,-30.6
BORG-USDF,0.0328,$250.11M,-12.52
AIAT-MET,0.0328,$207.40M,10.08
OZO-GUSD,0.0327,$274.80M,7.37
CHEEMS-FARTCOIN,0.0327,$223.33M,-33.82
USAT-SYRUP,0.0327,$392.48M,-15.97
ZBT-GUSD,0.0327,$263.45M,-13.45
VSN-REAL,0.0326,$399.95M,4.62
NEX-SHFL,0.0326,$211.73M,-18.19
STX-NFT,0.0326,$515.04M,-27.33
CASH-KAG,0.0325,$335.71M,-10.79
WEMIX-SOSO,0.0325,$217.01M,-17.77
AWE-CRCLON,0.0325,$198.67M,-21.65
2Z-SHFL,0.0324,$323.74M,-17.2
DCR-ACRED,0.0324,$317.82M,-16.04
XTZ-STRCX,0.0324,$366.27M,-26.46
FDUSD-RAIL,0.0324,$435.94M,7.45
ZBT-FET,0.0324,$419.86M,-35.95
IMX-APR,0.0323,$423.71M,-11.13
DEXE-GLIDR,0.0323,$375.46M,-46.14
2Z-KOGE,0.0323,$416.48M,37.06
USDAT-FF,0.0323,$332.08M,1.59
AXS-ONYC,0.0323,$389.89M,-19.02
ICNT-REAL,0.0323,$350.63M,-15.12
FDUSD-SHORT,0.0323,$443.65M,9.2
RLB-SFP,0.0322,$207.00M,-16.76
ZBCN-GEOD,0.0322,$271.62M,11.38
ZANO-GUSD,0.0322,$280.67M,4.66
STRCX-ZBT,0.0322,$254.74M,-24.89
GLIDR-USDF,0.0322,$213.22M,-9.24
ZRO-USDF,0.0321,$396.59M,-20.31
ENS-GUSD,0.0321,$325.58M,-7.49
SFP-AKE,0.0321,$198.25M,549.25
APR-STRK,0.032,$385.60M,-9.59
VELVET-TIBBIR,0.032,$272.99M,129.26
OZO-TWT,0.032,$273.76M,-7.75
AKT-AIAT,0.032,$246.37M,-0.11
USDAT-ACRED,0.032,$254.84M,0.32
ZANO-BTSE,0.032,$264.27M,-13.91
ZANO-A7A5,0.032,$609.36M,-3.57
STAC-STX,0.0319,$353.16M,-19.08
DEXE-USDA,0.0319,$370.26M,-36.59
OZO-ZANO,0.0319,$256.46M,-2.15
AKT-USDF,0.0319,$240.23M,-7.92
META-SUN,0.0319,$437.70M,30.04
DCR-USDF,0.0319,$314.62M,-16.43
KAG-ZBT,0.0319,$327.64M,-31.27
BP-USAT,0.0319,$299.46M,105.97
BP-GUSD,0.0319,$263.74M,113.13
STRCX-TRAC,0.0319,$264.46M,-12.73
LUNC-UUSD,0.0318,$378.68M,-20.29
TIA-USAT,0.0318,$491.72M,-3.97
GPS-PENDLE,0.0318,$346.66M,9.24
FDUSD-TRAC,0.0318,$469.76M,-8.47
SAND-GUSD,0.0318,$274.69M,-13.82
AIAT-APYUSD,0.0318,$276.11M,3.12
STAC-ACRED,0.0317,$217.69M,0.85
RLB-GNO,0.0317,$386.92M,-6.16
ZRO-OHM,0.0317,$560.56M,-20.63
APEPE-ONYC,0.0317,$447.57M,-13.14
AXS-STRCX,0.0317,$284.48M,-24.7
CHEEMS-NFT,0.0317,$364.84M,-27.21
BP-TRAC,0.0317,$237.90M,97.66
BC-ZRO,0.0316,$504.32M,74.51
OHM-ZANO,0.0316,$406.97M,-2.78
FLUID-ACRED,0.0316,$201.33M,-17.06
JTO-USDF,0.0316,$380.47M,24.52
SOON-SOSO,0.0316,$206.60M,19.88
STRCX-GOMINING,0.0316,$256.36M,-6.0
MWC-REAL,0.0315,$362.90M,42.8
GRT-ACRED,0.0315,$276.39M,-18.67
BC-RAIL,0.0315,$309.41M,102.32
OZO-USDF,0.0315,$237.14M,0.24
META-AKE,0.0315,$190.94M,598.06
USDAT-BSV,0.0315,$398.29M,-9.39
COCO-AWE,0.0315,$290.04M,-24.39
UQC-PEANUT,0.0315,$292.56M,-13.78
WEMIX-WIF,0.0315,$246.77M,-19.47
EARNETH-AVUSD,0.0314,$262.92M,-8.05
BC-KAITO,0.0314,$528.84M,179.22
USTBL-DASH,0.0314,$558.28M,-8.22
ULTIMA-ACRED,0.0314,$296.74M,-11.49
USDA-NEX,0.0314,$186.51M,-15.06
AVUSD-STRCX,0.0314,$256.77M,-4.31
PENDLE-FRAX,0.0314,$470.72M,-3.82
SPX-CRVUSD,0.0313,$514.13M,-6.19
DRV-EDGE,0.0313,$238.62M,-16.97
LDO-FRAX,0.0313,$523.26M,-1.19
AKT-SOON,0.0313,$218.40M,21.58
TAG-FRAX,0.0313,$365.13M,29.86
A-GUSD,0.0313,$251.79M,-8.29
BTSE-BONK,0.0313,$398.06M,-24.4
BTT-USDZ,0.0313,$386.86M,-9.48
USDAI-SHFL,0.0313,$278.84M,-2.82
DRV-ICNT,0.0312,$204.21M,-21.1
APEPE-GEOD,0.0312,$295.71M,18.47
META-SOSO,0.0312,$212.00M,21.76
USDAT-AKE,0.0312,$235.32M,566.68
USDA-AR,0.0312,$212.23M,-3.74
OUSG-RAY,0.0311,$543.26M,-13.22
INJ-DEXE,0.0311,$733.32M,-24.03
VELVET-REAL,0.0311,$415.56M,156.0
OZO-SYRUP,0.0311,$332.54M,-15.62
APEPE-DCR,0.0311,$404.14M,-30.87
RUNE-KOGE,0.0311,$362.41M,15.36
USAT-SOSO,0.0311,$301.82M,-9.65
BP-ZAMA,0.031,$252.05M,171.05
UUSD-XPL,0.031,$320.37M,-5.0
USAT-THETA,0.031,$311.32M,-18.66
AVUSD-TAG,0.031,$261.04M,29.95
AVUSD-XEC,0.031,$235.43M,-8.4
ONYC-AERO,0.031,$660.58M,-1.53
LUNC-SHFL,0.0309,$400.30M,-23.04
EDGE-ZBCN,0.0309,$313.25M,-46.91
SEI-REAL,0.0309,$535.61M,1.19
CASH-BSV,0.0309,$380.51M,-9.41
FF-PRL,0.0309,$276.35M,68.87
ZBT-KOGE,0.0309,$328.09M,30.94
RLB-AWE,0.0308,$210.09M,-2.42
DEXE-JASMY,0.0308,$485.67M,-48.74
BP-BTSE,0.0308,$247.35M,94.56
REUSD-SHFL,0.0308,$288.83M,0.87
USDTB-AR,0.0307,$471.58M,-4.08
APXUSD-ONYC,0.0307,$541.26M,-4.89
APXUSD-XCN,0.0307,$424.72M,-24.57
ETHFI-REAL,0.0307,$648.95M,14.74
LUNC-SHORT,0.0306,$376.45M,-10.98
LUNC-AKE,0.0305,$374.42M,546.46
MWC-SNX,0.0305,$236.28M,12.91
WEMIX-JTO,0.0305,$369.06M,16.36
RAIL-KOGE,0.0305,$303.99M,59.02
APEPE-ETHFI,0.0304,$601.25M,-14.08
VCNT-ZBT,0.0304,$278.39M,-23.27
GPS-A7A5,0.0303,$574.21M,11.87
DCR-CHEEMS,0.0303,$303.10M,-35.85
USDA-NFT,0.0303,$360.70M,-7.41
SOON-PYTH,0.0303,$411.37M,22.96
SFP-THBILL,0.0303,$220.67M,-17.44
DEXE-BAT,0.0302,$377.49M,-51.4
US-MON,0.0302,$667.16M,408.12
GPS-FF,0.0302,$288.29M,14.65
UQC-MON,0.0302,$356.21M,-16.84
STRK-ICNT,0.0302,$290.78M,-43.91
FDUSD-KOGE,0.0302,$560.25M,51.39
CASH-XPIN,0.0301,$266.91M,8.81
US-XTZ,0.0301,$644.44M,400.57
USTBL-A,0.0301,$263.13M,-14.97
USDAT-REAL,0.0301,$388.86M,14.31
GPS-THBILL,0.0301,$213.94M,13.05
BP-CRVUSD,0.0301,$326.29M,106.0
ICNT-SFP,0.0301,$204.30M,-46.94
ZBCN-KOGE,0.03,$391.42M,29.91
FF-MX,0.03,$342.87M,-1.81
ZBT-USDAI,0.03,$271.38M,-20.58
MON-THBILL,0.03,$366.13M,-14.52
LUNC-WFI,0.0299,$453.44M,-21.34
NXM-FF,0.0299,$279.16M,-3.44
MWC-CHZ,0.0299,$257.98M,-5.1
KAU-KOGE,0.0299,$522.46M,47.2
DEXE-FET,0.0299,$580.00M,-52.34
REUSD-PIEVERSE,0.0299,$349.52M,2.5
BORG-USDAI,0.0299,$295.71M,-12.52
CHZ-AKE,0.0299,$239.66M,533.2
NXM-GEOD,0.0298,$181.22M,27.88
VELVET-MET,0.0298,$255.92M,143.96
US-THETA,0.0298,$545.06M,404.09
DCR-A7A5,0.0298,$680.98M,-17.54
BP-AIAT,0.0298,$232.21M,113.81
XEC-SHORT,0.0298,$217.01M,0.85
PYTH-SOSO,0.0298,$437.95M,-16.07
LUNC-USDF,0.0297,$390.74M,-20.3
UB-AVUSD,0.0297,$476.81M,11.43
STAC-SAND,0.0297,$227.83M,-20.41
SNX-AVUSD,0.0297,$238.41M,-15.86
EARNETH-DEXE,0.0296,$421.02M,-45.02
SEI-THBILL,0.0296,$404.49M,-13.11
ICNT-ZAMA,0.0296,$239.38M,35.55
ONYC-GRASS,0.0296,$462.07M,2.14
OUSG-US,0.0295,$799.22M,423.09
STAC-REUSD,0.0295,$270.08M,4.15
APR-APYUSD,0.0295,$354.52M,0.22
AKT-USAT,0.0295,$313.62M,-7.95
USTBL-ETHFI,0.0295,$560.73M,0.81
UQC-EURC,0.0295,$558.05M,-3.67
WEMIX-AVUSD,0.0295,$216.40M,-8.16
FF-AERO,0.0295,$606.66M,-1.23
AVUSD-STX,0.0295,$366.49M,-19.54
EDGE-FARTCOIN,0.0294,$258.99M,-39.7
VELVET-CAKE,0.0294,$613.69M,139.41
META-A,0.0294,$197.70M,15.96
UUSD-IOTA,0.0294,$247.36M,-20.37
EIGEN-FRXUSD,0.0294,$250.51M,3.59
USDTB-SNX,0.0293,$477.96M,-15.89
FLOKI-REUSD,0.0293,$365.94M,-14.35
ENS-GEOD,0.0293,$270.42M,18.37
PIEVERSE-ZAMA,0.0293,$319.89M,63.86
MANA-GUSD,0.0293,$280.89M,-5.81
UB-ACRED,0.0292,$475.88M,11.75
VELVET-TIA,0.0292,$472.99M,137.76
AKT-AKE,0.0292,$223.92M,558.85
REUSD-GALA,0.0292,$256.05M,-18.26
PENGU-USDF,0.0292,$483.56M,-20.23
GRASS-AKE,0.0292,$311.39M,567.53
RLB-USDA,0.0291,$200.45M,1.07
EDGE-US,0.0291,$554.94M,397.35
LDO-USDA,0.0291,$399.37M,-0.79
NEO-THBILL,0.0291,$251.71M,-15.59
STRK-SOSO,0.0291,$305.80M,-24.03
WEMIX-AWE,0.0291,$206.24M,-11.34
BC-STRK,0.029,$408.78M,80.33
APEPE-XEC,0.029,$320.82M,-22.91
META-NEO,0.029,$229.19M,15.7
USDA-REUSD,0.029,$263.61M,4.0
NEX-GEOD,0.029,$184.67M,17.55
NEX-CRCLON,0.029,$183.18M,-33.91
EURC-AIAT,0.029,$568.01M,6.37
STAC-META,0.0289,$198.06M,31.83
DYDX-GUSD,0.0289,$247.37M,-3.24
INJ-USDA,0.0289,$555.41M,13.25
MWC-EURCV,0.0289,$263.28M,27.06
APXUSD-FRAX,0.0289,$515.12M,-6.28
ZBT-NFT,0.0289,$378.47M,-28.29
TRAC-KOGE,0.0289,$337.81M,43.1
AIAT-KOGE,0.0289,$332.13M,59.25
XPIN-SHFL,0.0289,$266.30M,6.09
CRVUSD-PENDLE,0.0288,$462.70M,-3.8
EDGE-GNO,0.0287,$418.62M,-32.22
ULTIMA-UQC,0.0287,$289.72M,-14.12
STRK-AERO,0.0287,$603.58M,-17.31
SOSO-USDF,0.0287,$228.43M,-9.61
SEI-UQC,0.0286,$394.57M,-15.43
USTBL-ZAMA,0.0286,$298.65M,65.42
META-FLUID,0.0286,$181.70M,13.92
UQC-VCNT,0.0286,$272.46M,-5.01
DYDX-TEL,0.0285,$272.18M,-18.21
OHM-GEOD,0.0285,$370.15M,32.6
DYDX-SYRUP,0.0284,$305.11M,-26.23
USDTB-USDA,0.0284,$451.70M,0.35
FLUID-KAG,0.0284,$299.98M,-28.15
SNX-KOGE,0.0284,$336.58M,35.59
SOON-RAIL,0.0284,$179.85M,37.0
STAC-IOTA,0.0283,$250.22M,-19.85
APR-FRXUSD,0.0283,$306.31M,4.82
COCO-RAY,0.0283,$347.23M,-34.87
RUNE-USDAI,0.0283,$305.70M,-36.19
TAG-SOSO,0.0283,$261.66M,20.34
EDGE-ZAMA,0.0282,$273.79M,39.67
DEXE-WEMIX,0.0282,$374.50M,-45.13
VIRTUAL-META,0.0282,$464.98M,21.51
DCR-TAG,0.0282,$347.85M,13.52
MX-FRXUSD,0.0282,$260.51M,-3.48
ONYC-USDF,0.0282,$358.04M,1.3
UB-ZBT,0.0281,$474.78M,-9.14
STAC-SN64,0.0281,$192.64M,-11.95
GRT-REUSD,0.0281,$328.78M,-15.37
RUNE-JTO,0.0281,$416.90M,-4.25
GEOD-BTT,0.0281,$353.82M,24.2
STAC-DRV,0.028,$205.29M,8.86
ZANO-REUSD,0.028,$298.59M,1.23
UB-COMP,0.0279,$520.16M,-5.38
AKT-THBILL,0.0279,$246.33M,-7.84
FDUSD-A7A5,0.0279,$824.30M,-1.23
NEX-XPIN,0.0279,$235.23M,-6.53
DRV-GNO,0.0278,$385.29M,1.49
SEI-ICNT,0.0278,$388.13M,-42.62
MWC-PYTH,0.0277,$435.20M,22.67
KAITO-REAL,0.0277,$558.33M,98.78
ACRED-WFI,0.0277,$289.59M,-0.72
MWC-LDO,0.0276,$417.04M,28.5
MWC-ACRED,0.0276,$228.88M,28.91
CASH-AERO,0.0276,$536.39M,-2.92
META-TIBBIR,0.0276,$201.90M,18.95
KMNO-SHORT,0.0276,$195.57M,4.24
REUSD-XEC,0.0276,$286.89M,-4.78
ONYC-TRUMP,0.0276,$603.60M,-16.76
COMP-USDAI,0.0276,$316.76M,-16.82
SPX-DEXE,0.0275,$576.16M,-43.09
RLB-MON,0.0275,$352.47M,-13.84
META-FET,0.0275,$401.33M,15.93
IOTA-USDF,0.0275,$259.41M,-20.38
SOSO-AR,0.0275,$232.64M,-13.66
CASH-PYTH,0.0274,$443.38M,-6.56
USDAT-WIF,0.0274,$286.14M,-11.32
APYUSD-BTSE,0.0274,$291.24M,-16.12
IMX-CRVUSD,0.0273,$439.37M,-16.03
APR-AR,0.0273,$312.44M,0.78
VELVET-CARDS,0.0273,$435.37M,151.12
DEXE-AVUSD,0.0273,$390.06M,-36.9
TWT-USDZ,0.0273,$275.86M,-8.76
FLUID-TAG,0.0273,$231.35M,12.5
COCO-ULTIMA,0.0273,$365.92M,-33.09
CHEEMS-GUSD,0.0273,$249.82M,-12.36
XTZ-TRAC,0.0273,$349.14M,-30.49
ACRED-MANA,0.0273,$246.43M,-12.55
NXM-AVUSD,0.0272,$202.85M,-5.04
USDTB-APEPE,0.0272,$556.88M,-14.48
ZK-GUSD,0.0272,$233.86M,-16.18
GLM-APYUSD,0.0272,$252.89M,-20.77
TWT-FRXUSD,0.0271,$258.39M,-8.07
RUNE-PIEVERSE,0.0271,$330.35M,-32.12
USDA-PIEVERSE,0.0271,$278.26M,-0.81
REUSD-BORG,0.0271,$305.70M,-8.82
FRAX-USDF,0.0271,$331.90M,-0.09
BC-ACRED,0.027,$334.61M,95.14
GPS-SN64,0.027,$186.00M,0.57
WEMIX-CRVUSD,0.027,$312.47M,-8.23
MX-USDZ,0.027,$277.98M,-4.18
PRL-TRUMP,0.027,$441.46M,49.14
LUNC-CASH,0.0269,$400.92M,-20.32
LUNC-BTSE,0.0269,$412.01M,-31.74
COCO-DASH,0.0269,$581.65M,-29.87
VCNT-GUSD,0.0269,$313.95M,4.36
MANA-USDF,0.0269,$243.22M,-12.94
BAT-SHFL,0.0269,$224.81M,-17.25
TRUMP-SHFL,0.0269,$478.79M,-20.88
RLB-MX,0.0268,$254.86M,-2.72
BC-ONYC,0.0268,$465.77M,96.12
ZBCN-XEC,0.0268,$296.73M,-30.0
REUSD-MET,0.0268,$256.85M,5.96
STRCX-THETA,0.0268,$266.89M,-22.94
ZBT-TRAC,0.0268,$237.61M,-28.92
VELVET-RAIL,0.0267,$256.35M,149.2
2Z-META,0.0267,$297.75M,16.92
FLUID-PRL,0.0267,$170.36M,49.82
OUSG-KOGE,0.0266,$594.40M,51.89
STAC-BSV,0.0266,$361.14M,-8.86
WIF-KOGE,0.0266,$360.49M,40.2
GOMINING-SOSO,0.0266,$232.15M,-11.23
STAC-CARDS,0.0265,$371.51M,9.95
VELVET-GRASS,0.0265,$382.37M,142.46
CASH-SUN,0.0265,$464.31M,-1.36
CHEEMS-GEOD,0.0265,$194.66M,13.5
VCNT-NFT,0.0265,$428.97M,-10.48
NEX-VET,0.0265,$479.29M,-33.83
ZBT-MON,0.0265,$362.14M,-35.1
EARNETH-GEOD,0.0264,$241.29M,24.87
SEI-TEL,0.0264,$460.87M,-21.03
VELVET-AIAT,0.0264,$284.48M,149.42
ULTIMA-REUSD,0.0264,$349.13M,-8.19
DASH-USDF,0.0264,$509.27M,-8.66
USDA-XPL,0.0264,$316.76M,-4.63
AIAT-SFP,0.0264,$220.71M,-9.71
EARNETH-AIAT,0.0263,$264.92M,-0.32
GRT-AVUSD,0.0263,$277.32M,-18.99
TIA-ACRED,0.0263,$421.53M,-3.54
RUNE-ZAMA,0.0263,$286.07M,20.75
AWE-ZBT,0.0263,$219.77M,-23.68
REUSD-ZAMA,0.0263,$305.24M,68.67
XEC-SOSO,0.0263,$236.05M,-18.01
SN64-AKE,0.0263,$185.51M,554.29
STAC-NEX,0.0262,$192.97M,-14.91
CASH-COMP,0.0262,$281.34M,-16.83
GPS-RAY,0.0262,$259.02M,-0.61
KAITO-FF,0.0262,$501.55M,86.06
UUSD-BAT,0.0262,$203.20M,-14.5
PIEVERSE-WFI,0.0262,$356.63M,-2.23
DYDX-TRAC,0.0261,$221.53M,-18.72
APR-DRV,0.0261,$299.03M,13.23
VELVET-BP,0.0261,$280.74M,247.69
UQC-ZAMA,0.0261,$245.83M,62.73
ICNT-SOON,0.0261,$191.58M,-0.01
RAIL-APYUSD,0.0261,$247.97M,2.9
VET-ONYC,0.0261,$635.16M,-17.09
OZO-ULTIMA,0.026,$307.00M,-11.57
CASH-NFT,0.026,$386.54M,-7.81
ZBCN-TAG,0.026,$322.34M,8.34
CVX-ACRED,0.026,$249.86M,-10.44
APXUSD-RAIL,0.026,$384.90M,1.31
GPS-USDAI,0.026,$253.45M,12.97
WEMIX-PYTH,0.026,$421.78M,-14.69
REUSD-JASMY,0.026,$379.02M,-8.15
PIEVERSE-EURCV,0.026,$331.52M,-2.63
IMX-STAC,0.0259,$329.97M,-15.5
MWC-FRXUSD,0.0259,$223.76M,28.53
GPS-BTT,0.0259,$355.48M,4.26
DYDX-WEMIX,0.0258,$198.29M,-18.53
EDGE-GOMINING,0.0258,$251.54M,-26.99
MWC-FLUID,0.0258,$200.13M,11.69
KAU-APXUSD,0.0258,$603.36M,-10.51
DEXE-DASH,0.0258,$671.51M,-45.56
US-BAT,0.0258,$522.38M,408.21
OHM-THBILL,0.0258,$393.74M,-0.31
USDAT-STRK,0.0258,$329.01M,-14.49
AIAT-AR,0.0258,$234.03M,3.68
USDTB-XTZ,0.0257,$581.00M,-22.11
GNO-USDA,0.0257,$378.82M,-6.53
CHEEMS-FRAX,0.0257,$320.38M,-19.51
RUNE-TRUMP,0.0257,$505.65M,-53.42
BP-NEX,0.0257,$204.56M,90.63
UB-TIBBIR,0.0256,$467.32M,-1.0
APR-REAL,0.0256,$445.45M,19.21
US-USAT,0.0256,$604.19M,422.61
FLUID-AVUSD,0.0256,$202.26M,-17.38
XTZ-KITE,0.0256,$457.48M,-32.1
ULTIMA-VCNT,0.0256,$346.14M,-14.58
KAITO-USDF,0.0256,$421.11M,84.39
PRL-ZAMA,0.0256,$221.88M,132.25
APR-APEPE,0.0255,$397.75M,-9.61
MWC-TIBBIR,0.0255,$220.33M,18.46
ZANO-SOON,0.0255,$221.17M,27.03
STX-KOGE,0.0255,$464.67M,31.91
STAC-USDA,0.0254,$198.82M,0.84
DEXE-USDZ,0.0254,$401.47M,-37.67
USDAT-AXS,0.0254,$283.49M,-20.4
USDAT-MANA,0.0254,$271.18M,-12.95
COCO-AKE,0.0254,$279.74M,545.48
BP-GLIDR,0.0254,$215.62M,96.84
TEL-ZAMA,0.0254,$312.13M,57.13
BONK-AKE,0.0254,$360.47M,553.8
OUSG-VELVET,0.0253,$546.75M,142.06
STAC-PYTH,0.0253,$424.00M,-6.0
APR-KAG,0.0253,$410.08M,-5.87
VELVET-SN64,0.0253,$256.49M,129.22
US-MANA,0.0253,$550.35M,409.78
STRK-USAT,0.0253,$374.44M,-14.52
ICNT-EURC,0.0252,$551.61M,-30.86
AIAT-COMP,0.0252,$277.30M,-9.01
AIAT-AKE,0.0252,$213.50M,574.49
BTT-XPIN,0.0252,$404.37M,0.12
OUSG-CASH,0.0251,$502.27M,0.35
SEI-FRXUSD,0.0251,$396.47M,-13.19
APXUSD-AERO,0.0251,$709.43M,-9.09
SOON-SHORT,0.0251,$187.56M,38.74
PIEVERSE-USDZ,0.0251,$309.47M,-1.89
MX-EURCV,0.0251,$300.02M,-4.92
LUNC-USDA,0.025,$375.08M,-19.92
RLB-META,0.025,$199.69M,32.06
DYDX-SHFL,0.025,$219.27M,-13.12
VELVET-AKT,0.025,$294.90M,133.78
APXUSD-KOGE,0.025,$509.20M,45.25
A-AIAT,0.025,$220.27M,-7.61
VSN-CHEEMS,0.0249,$251.21M,-29.18
UB-OHM,0.0249,$636.64M,11.04
RLB-CRCLON,0.0249,$197.12M,-17.78
USDTB-DEXE,0.0249,$629.60M,-36.93
DASH-USDA,0.0249,$493.61M,-8.28
DYDX-DCR,0.0248,$300.64M,-26.73
UUSD-EURCV,0.0248,$249.22M,-1.51
CRVUSD-ETHFI,0.0248,$611.94M,0.36
FF-BONK,0.0248,$457.23M,-11.29
ZANO-GEOD,0.0248,$225.51M,30.52
APR-ENS,0.0247,$372.46M,-9.72
INJ-THBILL,0.0247,$577.17M,12.95
US-JASMY,0.0247,$630.55M,410.88
APEPE-CHEEMS,0.0247,$301.68M,-33.93
DCR-XEC,0.0247,$322.23M,-24.83
SHORT-USDZ,0.0247,$224.94M,8.55
FRXUSD-SUN,0.0247,$452.21M,-1.34
STAC-FET,0.0246,$408.56M,-14.92
BC-APEPE,0.0246,$420.93M,80.31
DEXE-AKT,0.0246,$402.47M,-44.81
2Z-AVUSD,0.0246,$318.31M,-14.38
VCNT-CHZ,0.0246,$308.58M,-36.26
AVUSD-PENGU,0.0246,$487.69M,-20.16
APYUSD-FET,0.0246,$464.05M,-20.05
INJ-AKE,0.0245,$554.76M,579.63
APEPE-KITE,0.0245,$433.36M,-24.47
GNO-PIEVERSE,0.0245,$464.73M,-8.03
COCO-VCNT,0.0245,$348.66M,-23.98
RUNE-SOSO,0.0245,$264.85M,-45.57
BP-GEOD,0.0245,$208.58M,138.99
A7A5-SUN,0.0245,$820.49M,-2.44
GUSD-SHFL,0.0245,$270.91M,4.31
RLB-CRVUSD,0.0244,$316.32M,0.69
APEPE-APXUSD,0.0244,$496.42M,-20.71
GNO-EIGEN,0.0244,$423.24M,-3.24
KAG-WFI,0.0244,$388.24M,-11.8
KAITO-GOMINING,0.0244,$424.83M,82.78
AWE-JTO,0.0244,$374.46M,21.41
CARDS-THBILL,0.0244,$386.80M,9.5
XEC-XPIN,0.0244,$264.35M,0.44
1INCH-STRCX,0.0243,$256.61M,-10.54
US-FLOKI,0.0243,$617.47M,404.68
GNO-GOMINING,0.0243,$398.21M,-8.53
COCO-AERO,0.0243,$598.59M,-24.11
STRK-MX,0.0243,$339.80M,-17.89
CARDS-AVUSD,0.0243,$384.84M,9.5
SHORT-MON,0.0243,$345.75M,-5.28
VSN-WEMIX,0.0242,$251.32M,-17.92
APR-WIF,0.0242,$342.73M,-6.42
VELVET-CRCLON,0.0242,$259.35M,123.15
AWE-TEL,0.0242,$280.14M,-11.02
USAT-BTT,0.0242,$444.70M,-8.82
AVUSD-BONK,0.0242,$380.92M,-12.89
SPX-KOGE,0.0241,$516.22M,45.32
USDTB-TWT,0.0241,$503.99M,-8.02
TEL-CHZ,0.0241,$318.45M,-41.41
AIAT-PEANUT,0.0241,$302.52M,-3.73
STAC-DCR,0.024,$305.42M,-15.9
DEXE-GRASS,0.024,$489.95M,-36.13
USTBL-MET,0.024,$250.26M,2.72
KOGE-USDF,0.024,$325.99M,51.44
LUNC-BP,0.0239,$393.13M,85.78
DEXE-STRK,0.0239,$463.29M,-51.38
OZO-AKE,0.0239,$220.82M,567.0
US-NEX,0.0239,$509.29M,407.28
USDAT-STRCX,0.0239,$280.59M,-4.39
FLUID-BTSE,0.0239,$219.40M,-28.9
ACRED-CARDS,0.0239,$383.91M,9.82
ACRED-GALA,0.0239,$203.66M,-21.56
AVUSD-SOON,0.0239,$205.99M,29.49
RUNE-SUN,0.0238,$490.55M,-36.21
DASH-THBILL,0.0238,$515.37M,-8.59
GOMINING-FRXUSD,0.0238,$225.48M,-1.69
RAY-THBILL,0.0238,$280.94M,-13.58
MX-THBILL,0.0238,$268.52M,-3.4
RLB-KOGE,0.0237,$318.42M,52.2
INJ-US,0.0237,$878.20M,435.59
EARNETH-REUSD,0.0237,$314.38M,-4.43
TKX-REUSD,0.0236,$270.88M,-1.55
APXUSD-AIAT,0.0236,$413.04M,1.54
NEO-ZBT,0.0236,$247.72M,-36.17
KMNO-NFT,0.0236,$362.54M,-12.79
XTZ-AVUSD,0.0236,$341.45M,-22.07
KAITO-PIEVERSE,0.0236,$491.35M,83.28
VCNT-SUN,0.0236,$506.73M,-4.03
PYTH-GEOD,0.0236,$415.71M,26.45
KOGE-AERO,0.0236,$628.52M,48.61
BSV-USDF,0.0236,$370.33M,-9.39
LUNC-STRCX,0.0235,$419.69M,-24.61
SAND-KOGE,0.0235,$339.34M,30.57
CVX-AIAT,0.0234,$252.79M,-3.02
US-XPIN,0.0234,$563.86M,431.56
ZRO-ONYC,0.0234,$530.96M,-18.94
SOON-SFP,0.0234,$192.74M,11.98
FET-USDF,0.0234,$417.76M,-15.45
US-USDF,0.0233,$530.80M,422.65
ULTIMA-ONYC,0.0233,$427.91M,-10.51
UUSD-A7A5,0.0233,$577.99M,-1.17
ZANO-TAG,0.0233,$276.23M,27.49
WIF-GEOD,0.0233,$240.69M,21.67
NXM-ONYC,0.0232,$333.08M,-3.74
RLB-FLUID,0.0232,$190.56M,-16.7
DEXE-BP,0.0232,$388.32M,69.11
META-IOTA,0.0232,$242.99M,10.99
WEMIX-AERO,0.0232,$514.80M,-11.06
ZBT-BONK,0.0232,$378.89M,-33.46
EDGE-PYTH,0.0231,$457.33M,-31.84
USDAT-ONYC,0.0231,$386.01M,1.29
GLM-SOON,0.0231,$184.77M,13.33
CRVUSD-SN64,0.0231,$302.04M,-12.47
LUNC-ONYC,0.023,$525.10M,-18.93
OUSG-BAT,0.023,$483.66M,-14.06
APR-THETA,0.023,$322.48M,-13.73
CASH-SOSO,0.023,$238.61M,-9.63
TKX-KOGE,0.023,$317.59M,46.28
GPS-JASMY,0.023,$307.60M,1.2
ACRED-GUSD,0.023,$264.55M,7.45
AWE-TRAC,0.023,$229.49M,-11.53
CRVUSD-BSV,0.023,$470.54M,-9.39
META-TWT,0.0229,$243.88M,23.31
CRVUSD-SHFL,0.0229,$333.45M,-2.82
EIGEN-GUSD,0.0229,$290.10M,10.73
VSN-NEX,0.0228,$241.22M,-25.13
DYDX-ZANO,0.0228,$229.03M,-12.76
CASH-NEO,0.0228,$255.79M,-15.69
ZRO-USDAI,0.0228,$442.19M,-20.32
DASH-ZBT,0.0228,$511.38M,-29.17
CARDS-XPIN,0.0228,$413.76M,18.33
NFT-A7A5,0.0228,$742.73M,-8.89
KOGE-AR,0.0228,$330.20M,47.39
APR-FET,0.0227,$502.31M,-10.55
ZBCN-PRL,0.0227,$261.34M,45.66
TIBBIR-UUSD,0.0227,$206.27M,-12.42
STRK-FRAX,0.0227,$409.28M,-14.5
AWE-FF,0.0227,$298.11M,-1.51
DASH-STRCX,0.0227,$538.23M,-12.98
BORG-KOGE,0.0227,$352.42M,39.0
DEXE-SFP,0.0226,$376.81M,-54.41
AVUSD-ETHFI,0.0226,$515.87M,0.44
USDTB-REUSD,0.0225,$522.96M,3.66
DEXE-THETA,0.0225,$400.17M,-55.53
ZK-GEOD,0.0225,$178.70M,9.68
FDUSD-CHZ,0.0225,$490.24M,-33.61
AWE-BSV,0.0225,$364.31M,-12.5
DASH-GEOD,0.0225,$491.78M,24.32
LUNC-MX,0.0224,$429.49M,-23.7
OUSG-USDZ,0.0224,$507.64M,-0.33
RLB-MANA,0.0224,$235.66M,-12.19
DRV-OZO,0.0224,$227.94M,8.64
USDTB-ZRO,0.0224,$640.28M,-20.27
VELVET-SOON,0.0224,$256.51M,171.11
NEO-AVUSD,0.0224,$249.75M,-15.6
GLM-USDF,0.0224,$206.60M,-16.16
GUSD-WFI,0.0224,$324.05M,6.02
MWC-DCR,0.0223,$316.62M,11.6
GPS-XEC,0.0223,$215.47M,4.58
KAU-GEOD,0.0222,$402.65M,28.67
GRT-AIAT,0.0222,$279.32M,-11.26
USTBL-PEANUT,0.0222,$345.38M,-11.09
GALA-KOGE,0.0222,$302.76M,29.56
RAY-KOGE,0.0222,$377.15M,37.85
BTT-SHFL,0.0222,$380.87M,-11.53
UB-VELVET,0.0221,$527.34M,153.05
UB-AIAT,0.0221,$478.82M,19.17
APR-SOSO,0.0221,$312.98M,-4.71
OHM-USDA,0.0221,$371.98M,-0.01
KMNO-UUSD,0.0221,$197.81M,-5.07
BP-ZANO,0.0221,$245.40M,103.61
BP-ZBT,0.0221,$228.18M,85.5
VCNT-TAG,0.0221,$309.51M,27.19
AVUSD-COMP,0.0221,$275.30M,-16.74
ZBT-ZAMA,0.0221,$251.76M,44.47
DYDX-TAG,0.022,$242.93M,19.58
INJ-APXUSD,0.022,$754.29M,6.68
USDTB-XCN,0.022,$485.18M,-18.34
TKX-AIAT,0.022,$221.42M,2.57
TIBBIR-BTSE,0.022,$239.60M,-23.87
GLM-USDA,0.022,$190.94M,-15.78
WEMIX-CHZ,0.022,$244.56M,-41.72
RAIL-PIEVERSE,0.022,$271.93M,6.39
KOGE-FRXUSD,0.022,$324.07M,51.44
CASH-FRXUSD,0.0219,$231.94M,-0.1
CRVUSD-EIGEN,0.0219,$352.64M,3.6
CARDS-AERO,0.0219,$683.24M,6.6
STX-USDAI,0.0219,$407.96M,-19.61
LUNC-UQC,0.0218,$386.92M,-22.54
INJ-CASH,0.0218,$581.25M,12.85
OHM-SHORT,0.0218,$373.36M,8.93
AWE-ONYC,0.0218,$352.03M,-1.81
IMX-FF,0.0217,$419.61M,-14.36
KMNO-FF,0.0217,$290.31M,-3.41
SOON-PRL,0.0217,$174.08M,96.69
VSN-FF,0.0216,$343.18M,-8.09
AWE-RAIL,0.0216,$195.66M,4.4
CRVUSD-ZBT,0.0216,$326.00M,-20.57
IOTA-SHFL,0.0216,$268.97M,-23.13
SOON-AIAT,0.0216,$207.99M,37.22
MX-APYUSD,0.0216,$308.72M,-8.08
KMNO-REAL,0.0215,$347.08M,9.31
CRVUSD-JASMY,0.0215,$423.64M,-11.84
SHORT-GEOD,0.0215,$191.90M,42.23
AIAT-USDZ,0.0215,$245.37M,7.03
REAL-AKE,0.0215,$344.58M,581.07
OUSG-BC,0.0214,$599.82M,95.19
STAC-APR,0.0214,$299.03M,5.36
APR-PRL,0.0214,$280.46M,72.1
CASH-BTSE,0.0214,$255.13M,-11.54
APEPE-UUSD,0.0214,$301.15M,-14.51
CHEEMS-REAL,0.0214,$349.38M,-5.11
STRK-CRVUSD,0.0214,$401.26M,-14.49
WEMIX-WFI,0.0214,$274.97M,-9.27
CARDS-ZANO,0.0214,$400.03M,7.03
NEX-SFP,0.0214,$193.06M,-32.88
RLB-KAU,0.0213,$412.58M,-3.56
DEXE-RAY,0.0213,$437.09M,-50.56
TWT-GPS,0.0213,$244.48M,4.99
TWT-RUNE,0.0213,$296.73M,-44.77
SPX-REAL,0.0212,$551.13M,8.19
RLB-SAND,0.0212,$229.46M,-20.19
USDTB-AIAT,0.0212,$473.50M,7.77
GPS-SHORT,0.0212,$193.56M,22.3
GPS-USDZ,0.0212,$223.40M,12.28
CRVUSD-CARDS,0.0212,$480.92M,9.43
AIAT-XPIN,0.0212,$262.88M,16.64
OHM-TIBBIR,0.0211,$382.29M,-12.75
CAKE-USAT,0.0211,$632.42M,-2.31
CRVUSD-AR,0.0211,$328.10M,-4.12
DEXE-AXS,0.021,$417.77M,-57.29
USDAT-CRVUSD,0.021,$351.85M,-0.08
XTZ-USAT,0.021,$410.70M,-22.18
CRVUSD-RAY,0.021,$375.06M,-13.66
USDA-SUN,0.021,$438.47M,-0.95
IOTA-SOON,0.021,$237.58M,9.11
COMP-SHFL,0.021,$280.72M,-19.56
CRVUSD-TRAC,0.0209,$335.72M,-8.42
PRL-ONYC,0.0209,$330.28M,68.57
ONYC-COMP,0.0209,$405.53M,-15.44
CRVUSD-MON,0.0208,$460.24M,-14.6
IOTA-BTSE,0.0208,$280.69M,-31.83
BORG-SHFL,0.0208,$259.67M,-15.26
PIEVERSE-ONYC,0.0208,$428.29M,0.18
GEOD-AKE,0.0208,$189.87M,599.68
USDZ-AKE,0.0208,$222.91M,565.99
SPX-APR,0.0207,$498.47M,-1.29
STAC-JTO,0.0207,$371.28M,25.05
APR-SHORT,0.0207,$293.94M,14.15
DRV-ULTIMA,0.0207,$284.34M,-3.48
KAU-APEPE,0.0207,$509.67M,-18.76
VIRTUAL-AWE,0.0207,$475.39M,-12.97
KAG-USDZ,0.0207,$341.08M,-11.46
JASMY-USDF,0.0207,$323.43M,-11.85
VIRTUAL-USDF,0.0206,$481.41M,-9.87
COCO-XEC,0.0206,$303.68M,-29.68
UUSD-GEOD,0.0206,$194.13M,32.92
FF-THBILL,0.0206,$310.22M,1.67
UB-XPL,0.0205,$581.42M,6.42
STAC-ICNT,0.0205,$204.22M,-28.97
USTBL-TRUMP,0.0205,$518.23M,-17.68
GLM-AKE,0.0205,$190.29M,550.6
REUSD-FRAX,0.0205,$387.50M,3.61
IOTA-AVUSD,0.0205,$263.55M,-20.31
AVUSD-SOSO,0.0205,$232.57M,-9.54
GOMINING-KITE,0.0205,$347.57M,-11.65
AIAT-GLIDR,0.0205,$219.36M,-1.43
TIA-AVUSD,0.0204,$422.47M,-3.86
US-SN64,0.0204,$508.96M,410.25
CAKE-AIAT,0.0204,$565.17M,5.52
UQC-TAG,0.0204,$253.09M,27.64
REUSD-CHZ,0.0204,$311.57M,-29.87
GOMINING-REAL,0.0204,$364.62M,12.69
THETA-REAL,0.0204,$375.15M,-4.25
MWC-JASMY,0.0203,$325.43M,17.49
TIA-AKE,0.0203,$402.01M,562.83
AXS-REUSD,0.0203,$311.12M,-16.7
USDA-AIAT,0.0203,$214.16M,8.11
RAIL-FRXUSD,0.0203,$199.77M,7.5
TRAC-NFT,0.0203,$388.19M,-16.13
PENDLE-KOGE,0.0203,$464.80M,47.71
CRVUSD-THETA,0.0202,$338.14M,-18.63
META-VCNT,0.0201,$259.86M,28.61
GEOD-AR,0.0201,$210.40M,28.87
MANA-USDAI,0.0201,$288.82M,-12.95
XPIN-SOSO,0.0201,$261.49M,-0.7
OUSG-TKX,0.02,$483.69M,-4.79
2Z-UUSD,0.02,$302.12M,-14.44
TWT-SOSO,0.02,$265.06M,-17.6
UQC-SUN,0.02,$450.31M,-3.58
THETA-USDF,0.02,$237.93M,-18.63
UB-THBILL,0.0199,$478.77M,11.44
CHEEMS-THBILL,0.0199,$218.25M,-19.41
AWE-SYRUP,0.0199,$313.07M,-19.04
GOMINING-SHFL,0.0199,$236.96M,-4.44
DRV-REUSD,0.0198,$270.08M,12.02
LDO-REUSD,0.0198,$470.63M,2.52
CASH-SN64,0.0198,$212.01M,-12.5
KAITO-BAT,0.0198,$412.68M,69.96
ICNT-TAG,0.0198,$246.64M,0.45
WEMIX-REAL,0.0198,$349.48M,6.15
UUSD-ETHFI,0.0198,$499.68M,0.37
SNX-AIAT,0.0198,$240.41M,-8.12
WIF-THBILL,0.0198,$264.28M,-11.24
PRL-AR,0.0198,$200.12M,63.15
ONYC-AKE,0.0198,$341.73M,568.06
VSN-KITE,0.0197,$382.90M,-19.72
STAC-APEPE,0.0197,$304.00M,-13.98
GALA-THBILL,0.0197,$206.55M,-21.88
IMX-CASH,0.0196,$349.34M,-16.05
STAC-ZBT,0.0196,$216.59M,-20.05
RLB-TEL,0.0196,$278.59M,-7.16
META-GLM,0.0196,$190.18M,15.21
UUSD-GALA,0.0196,$188.40M,-21.94
IOTA-GEOD,0.0196,$241.92M,12.6
SOON-BTT,0.0196,$349.48M,20.71
APR-VELVET,0.0195,$362.89M,146.52
META-AIAT,0.0195,$213.39M,39.11
CHEEMS-FRXUSD,0.0195,$210.24M,-19.5
XTZ-PIEVERSE,0.0195,$407.56M,-23.27
ICNT-USDA,0.0195,$197.75M,-29.12
CARDS-FRXUSD,0.0195,$378.79M,9.42
APYUSD-AR,0.0195,$274.18M,-8.73
NXM-KOGE,0.0194,$301.02M,46.41
UB-KAITO,0.0194,$670.11M,95.83
OUSG-PEANUT,0.0194,$564.79M,-11.09
STAC-ZAMA,0.0194,$240.46M,65.5
KMNO-APYUSD,0.0194,$256.15M,-9.68
WEMIX-EIGEN,0.0194,$241.02M,-4.56
REUSD-SN64,0.0194,$257.42M,-8.78
STRCX-JASMY,0.0194,$352.38M,-16.16
ZBT-WFI,0.0194,$288.49M,-21.61
AKE-FRAX,0.0194,$315.59M,566.67
DYDX-TRUMP,0.0193,$455.26M,-28.43
CRVUSD-BONK,0.0193,$477.00M,-12.96
FF-KOGE,0.0193,$406.43M,53.11
REUSD-STX,0.0193,$417.95M,-15.92
SN64-USDF,0.0193,$201.83M,-12.48
DRV-GPS,0.0192,$198.65M,21.38
DEXE-XEC,0.0192,$393.54M,-45.36
TKX-AVUSD,0.0192,$219.42M,-5.17
ACRED-ZANO,0.0192,$246.20M,-2.07
USAT-XCN,0.0192,$314.89M,-18.41
OUSG-AR,0.0191,$496.30M,-3.68
USTBL-KMNO,0.0191,$258.86M,-4.63
ZK-KOGE,0.0191,$298.50M,28.21
UUSD-TEL,0.0191,$274.10M,-7.91
EIGEN-AKE,0.0191,$236.12M,570.36
VELVET-ZBCN,0.019,$343.78M,120.08
2Z-GUSD,0.019,$351.84M,-7.32
USTBL-UQC,0.019,$268.86M,-1.87
META-XTZ,0.019,$320.89M,9.23
USDAT-ZANO,0.019,$270.96M,-2.47
RUNE-MON,0.019,$396.46M,-50.1
IMX-GEOD,0.0189,$321.67M,16.96
RLB-SN64,0.0189,$194.26M,-11.72
USDA-USDAI,0.0189,$253.62M,0.31
OUSG-GNO,0.0188,$662.89M,-6.47
VELVET-XEC,0.0188,$285.96M,133.22
STRK-NFT,0.0188,$453.73M,-22.2
AVUSD-PRL,0.0188,$200.05M,67.27
TRAC-PRL,0.0188,$207.74M,58.85
NFT-CHZ,0.0188,$408.66M,-41.28
ONYC-FRAX,0.0188,$466.27M,1.28
USDAI-AKE,0.0188,$252.96M,566.68
LUNC-KAITO,0.0187,$588.17M,64.17
META-WFI,0.0187,$269.96M,30.27
GPS-GRASS,0.0187,$311.88M,13.82
CHEEMS-ICNT,0.0187,$201.89M,-48.92
SAND-CRVUSD,0.0187,$337.24M,-20.94
AWE-AVUSD,0.0187,$221.80M,-3.11
USDA-GLIDR,0.0187,$197.56M,-8.86
REAL-ONYC,0.0187,$495.26M,15.68
STAC-PRL,0.0186,$186.71M,67.73
USDTB-TAG,0.0186,$500.59M,29.92
KAITO-CHZ,0.0186,$453.41M,50.9
OUSG-FARTCOIN,0.0185,$503.26M,-13.95
1INCH-USDF,0.0185,$227.66M,-6.23
DEXE-TWT,0.0185,$422.55M,-44.96
OZO-RUNE,0.0185,$273.56M,-35.89
OZO-JTO,0.0185,$393.93M,24.84
KAITO-BP,0.0185,$423.50M,190.47
FDUSD-SOON,0.0185,$436.11M,29.37
USDA-STX,0.0185,$346.69M,-19.23
MET-GUSD,0.0185,$238.92M,9.4
KAU-USDF,0.0184,$420.15M,-4.31
APXUSD-XTZ,0.0184,$520.53M,-28.34
UQC-RAY,0.0184,$271.03M,-15.9
APR-COCO,0.0183,$380.61M,-16.38
APR-FRAX,0.0183,$416.46M,4.81
COCO-DCR,0.0183,$387.00M,-37.64
KAITO-UQC,0.0183,$417.29M,82.16
STRCX-TAG,0.0183,$285.86M,25.57
STRCX-USDZ,0.0183,$268.18M,-5.08
ACRED-BSV,0.0182,$373.53M,-8.99
BAT-USDAI,0.0182,$260.85M,-14.51
VSN-AWE,0.0181,$256.71M,-12.87
VSN-PRL,0.0181,$234.96M,57.51
STAC-SOON,0.0181,$192.65M,29.95
VELVET-SAND,0.0181,$291.69M,120.75
VELVET-ZAMA,0.0181,$304.31M,206.67
BC-AKE,0.0181,$315.09M,661.51
UQC-NEX,0.0181,$198.35M,-17.68
CARDS-USDA,0.0181,$365.04M,9.81
TIA-CRVUSD,0.018,$518.54M,-3.93
TKX-ZBT,0.018,$217.39M,-25.74
ZK-USDA,0.018,$180.53M,-22.93
TRAC-MX,0.018,$274.25M,-11.82
APR-PENDLE,0.0179,$447.04M,1.09
CASH-A7A5,0.0179,$600.22M,-1.2
ZBCN-USDZ,0.0179,$304.66M,-22.31
ZBCN-USDF,0.0179,$289.11M,-21.61
USTBL-SYRUP,0.0179,$368.09M,-15.48
GLM-REUSD,0.0179,$262.20M,-12.47
UUSD-BORG,0.0179,$238.06M,-12.51
SAND-NEX,0.0179,$215.52M,-36.31
USAT-FF,0.0179,$377.51M,1.56
ENS-ZBT,0.0179,$290.02M,-35.12
TAG-MET,0.0179,$234.48M,32.22
UB-FRXUSD,0.0178,$470.76M,11.36
BC-XPIN,0.0178,$364.47M,103.66
USDA-COMP,0.0178,$255.50M,-16.43
VELVET-GLM,0.0177,$261.26M,125.53
NFT-AIAT,0.0177,$382.50M,0.02
A-ONYC,0.0177,$348.49M,-14.04
MWC-VIRTUAL,0.0176,$483.41M,19.06
USDTB-USDZ,0.0176,$482.91M,-0.73
META-SNX,0.0176,$217.85M,15.45
KAG-NEX,0.0176,$304.02M,-26.13
KAITO-RAIL,0.0176,$399.11M,91.97
RUNE-AWE,0.0176,$254.08M,-37.57
NEX-ZBT,0.0176,$204.27M,-35.94
RAIL-SHFL,0.0176,$211.24M,4.76
LUNC-USDAI,0.0175,$436.34M,-20.3
EDGE-XEC,0.0175,$255.43M,-33.77
TWT-AKE,0.0175,$243.99M,558.7
FF-KITE,0.0175,$424.29M,-8.36
AVUSD-ZAMA,0.0175,$253.79M,65.05
ZBT-XCN,0.0175,$243.60M,-38.88
APYUSD-GUSD,0.0175,$307.63M,2.45
SPX-ICNT,0.0174,$403.65M,-35.62
VCNT-AIAT,0.0174,$282.42M,5.04
XEC-PRL,0.0174,$203.53M,58.8
BTSE-BAT,0.0174,$236.53M,-25.95
REAL-AR,0.0174,$365.11M,10.26
USTBL-FLUID,0.0173,$247.13M,-17.01
OHM-NEX,0.0173,$366.13M,-15.76
ULTIMA-AVUSD,0.0173,$297.68M,-11.81
WEMIX-CARDS,0.0173,$369.29M,1.27
CRVUSD-PEANUT,0.0173,$396.59M,-11.53
STRCX-AKE,0.0173,$236.32M,562.38
ONYC-CRCLON,0.0173,$339.06M,-17.17
BAT-THBILL,0.0173,$221.35M,-14.43
WFI-USDZ,0.0173,$301.93M,-1.81
USDTB-TRAC,0.0172,$479.19M,-8.38
DEXE-SN64,0.0172,$364.07M,-49.37
VIRTUAL-SOSO,0.0172,$486.16M,-19.4
TWT-GUSD,0.0172,$297.97M,-0.93
USAT-KITE,0.0172,$417.23M,-10.06
USDZ-USDF,0.0172,$239.23M,-0.77
SEI-SHFL,0.0171,$407.95M,-15.94
META-ENS,0.0171,$271.49M,16.76
FF-XPIN,0.0171,$337.18M,10.51
TEL-FET,0.0171,$480.23M,-23.29
IMX-USAT,0.017,$412.55M,-16.06
STAC-A,0.017,$204.93M,-14.88
APR-USDA,0.017,$292.57M,5.21
USDTB-USTBL,0.017,$516.36M,0.41
DEXE-OZO,0.017,$399.38M,-36.65
AXS-TAG,0.017,$288.76M,9.56
WEMIX-GUSD,0.017,$249.93M,-1.1
REUSD-SHORT,0.017,$264.99M,12.94
KAU-USTBL,0.0169,$469.15M,-3.87
OZO-GLIDR,0.0169,$226.68M,-8.92
APXUSD-SOSO,0.0169,$411.65M,-15.8
COCO-ZAMA,0.0169,$322.03M,43.76
KAITO-AIAT,0.0169,$427.25M,92.2
STRK-WEMIX,0.0169,$289.63M,-22.65
STRCX-AERO,0.0169,$555.17M,-7.21
AERO-USDZ,0.0169,$541.76M,-3.6
APR-TAG,0.0168,$341.46M,34.78
US-JTO,0.0168,$687.60M,447.24
ACRED-ONYC,0.0168,$361.25M,1.69
CHZ-SUN,0.0168,$486.43M,-34.83
DRV-REAL,0.0167,$351.70M,22.71
KAU-SOON,0.0167,$398.32M,25.18
NEX-SN64,0.0167,$180.32M,-27.84
OUSG-IOTA,0.0166,$527.82M,-19.94
CASH-A,0.0166,$224.31M,-15.44
GNO-SOON,0.0166,$372.65M,22.58
GEOD-A,0.0166,$196.63M,17.57
OUSG-A,0.0165,$482.54M,-14.97
INJ-APYUSD,0.0165,$617.36M,8.26
CVX-ZBT,0.0165,$248.76M,-31.33
META-MX,0.0165,$246.00M,27.9
ACRED-CRCLON,0.0165,$207.89M,-18.15
DASH-PRL,0.0165,$481.50M,58.61
VSN-SHORT,0.0164,$248.45M,-0.44
LUNC-VELVET,0.0164,$445.40M,121.39
NXM-ZBT,0.0164,$200.82M,-25.61
OUSG-USDAI,0.0164,$537.69M,0.37
APXUSD-XPIN,0.0164,$439.95M,2.64
XTZ-MX,0.0164,$376.06M,-25.55
KAITO-USDA,0.0164,$405.45M,84.78
USDA-BAT,0.0164,$199.59M,-14.12
GOMINING-FRAX,0.0164,$335.63M,-1.71
USDTB-PIEVERSE,0.0163,$537.60M,-1.15
BC-BTSE,0.0163,$352.68M,83.3
DEXE-AIAT,0.0163,$392.06M,-29.16
APXUSD-SUN,0.0163,$637.35M,-7.53
AWE-SNX,0.0163,$228.26M,-19.04
FF-USDZ,0.0163,$319.67M,0.9
AVUSD-AKE,0.0163,$211.50M,566.76
DEXE-GEOD,0.0162,$368.43M,-3.98
ZBCN-CHEEMS,0.0162,$277.59M,-41.03
VIRTUAL-AVUSD,0.0162,$485.55M,-9.79
USDAT-XEC,0.0162,$259.26M,-8.47
FF-SFP,0.0162,$295.02M,-15.84
SPX-AVUSD,0.0161,$418.05M,-6.12
APR-USTBL,0.0161,$357.23M,5.27
BC-GRASS,0.0161,$435.44M,95.59
XTZ-USDAI,0.0161,$382.91M,-22.15
UUSD-VET,0.0161,$488.74M,-18.45
SNX-SHFL,0.0161,$243.83M,-18.67
FF-A7A5,0.0161,$670.49M,0.49
VELVET-SHORT,0.016,$264.06M,150.94
DEXE-RAIL,0.016,$363.92M,-29.39
AVUSD-MX,0.016,$266.57M,-3.4
DYDX-THBILL,0.0159,$215.80M,-10.29
META-WIF,0.0159,$241.76M,20.06
META-NFT,0.0159,$359.94M,23.59
COCO-USDA,0.0159,$280.40M,-20.9
VCNT-FARTCOIN,0.0159,$287.46M,-17.09
NEX-CHZ,0.0159,$234.47M,-48.93
MX-PRL,0.0159,$234.66M,63.79
STAC-SNX,0.0158,$225.08M,-15.4
VELVET-TEL,0.0158,$340.82M,133.78
VELVET-XPIN,0.0158,$311.40M,150.53
BC-WEMIX,0.0158,$319.99M,86.59
KAG-BTSE,0.0158,$346.80M,-22.21
ACRED-SHORT,0.0158,$212.59M,9.64
LUNC-DEXE,0.0157,$552.98M,-57.19
RLB-RAY,0.0157,$267.28M,-12.91
OZO-USAT,0.0157,$310.53M,0.21
CRVUSD-REAL,0.0157,$461.11M,14.31
US-ONYC,0.0156,$665.17M,424.02
USDAT-KITE,0.0156,$371.80M,-10.03
USAT-IOTA,0.0156,$332.80M,-20.42
FF-RAY,0.0156,$355.29M,-11.99
RLB-BORG,0.0155,$242.54M,-11.76
USDTB-CASH,0.0155,$477.54M,-0.05
ZRO-PRL,0.0155,$368.82M,46.96
USTBL-STRCX,0.0155,$301.64M,-3.94
META-FLOKI,0.0155,$293.92M,13.33
RUNE-WEMIX,0.0155,$248.69M,-47.08
FF-SN64,0.0155,$282.28M,-10.81
SOON-GOMINING,0.0155,$205.57M,27.8
OUSG-LDO,0.0154,$683.45M,-0.73
RLB-FF,0.0154,$296.56M,2.35
APR-AKT,0.0154,$324.78M,-3.02
CASH-FARTCOIN,0.0154,$245.03M,-14.42
REAL-XCN,0.0154,$378.72M,-4.0
COMP-GUSD,0.0154,$308.83M,-9.68
EDGE-XTZ,0.0153,$361.45M,-47.45
VELVET-BTT,0.0153,$425.98M,132.91
US-STRK,0.0153,$608.18M,408.23
APXUSD-ZANO,0.0153,$426.22M,-8.66
GNO-BTSE,0.0153,$415.76M,-18.36
CHEEMS-EURC,0.0153,$550.35M,-20.85
STRK-TRUMP,0.0153,$546.60M,-32.55
TIA-UUSD,0.0152,$406.28M,-3.93
WIF-APYUSD,0.0152,$304.47M,-15.92
EDGE-JTO,0.0151,$404.61M,-0.78
APEPE-FRXUSD,0.0151,$311.28M,-14.52
TIBBIR-ZBT,0.0151,$220.43M,-32.93
AWE-GLIDR,0.0151,$207.20M,-12.35
NEX-THBILL,0.0151,$208.26M,-15.36
JTO-NFT,0.0151,$533.16M,16.81
VELVET-GALA,0.015,$255.12M,119.74
VELVET-EURCV,0.015,$315.94M,140.18
VIRTUAL-USDA,0.015,$465.75M,-9.48
FF-USDA,0.015,$288.46M,1.98
NEX-A7A5,0.015,$568.53M,-16.55
ZBT-RAY,0.015,$276.95M,-34.16
USDZ-FRAX,0.015,$347.46M,-0.79
LUNC-ZBCN,0.0149,$456.17M,-41.83
IMX-REAL,0.0149,$476.38M,-1.64
META-USDAT,0.0149,$235.21M,31.3
XTZ-SOON,0.0149,$315.48M,7.34
MWC-ULTIMA,0.0148,$295.54M,16.95
VELVET-CHEEMS,0.0148,$266.82M,122.2
VELVET-JTO,0.0148,$435.14M,166.21
CHEEMS-UQC,0.0148,$208.34M,-21.73
KAITO-A7A5,0.0148,$787.47M,83.29
UUSD-TRAC,0.0148,$223.45M,-8.41
FARTCOIN-AKE,0.0148,$218.53M,552.36
TAG-COMP,0.0148,$304.39M,13.14
PENDLE-AIAT,0.0148,$368.63M,4.0
UB-SUN,0.0147,$703.13M,10.1
LDO-AIAT,0.0147,$421.18M,6.63
VELVET-USDA,0.0147,$262.68M,142.0
OZO-TEL,0.0147,$299.61M,-7.6
NEO-USDA,0.0147,$229.95M,-15.29
ACRED-GOMINING,0.0147,$230.60M,-1.3
CRVUSD-FET,0.0147,$517.97M,-15.44
GUSD-XPL,0.0147,$370.09M,2.12
RLB-RAIL,0.0146,$194.12M,8.26
OHM-ZBT,0.0146,$389.75M,-20.89
RUNE-TRAC,0.0146,$271.93M,-44.78
RUNE-FRAX,0.0146,$368.33M,-36.14
WEMIX-PENDLE,0.0146,$351.08M,-11.96
KITE-REAL,0.0146,$481.06M,4.35
OUSG-BTSE,0.0145,$513.36M,-11.07
OUSG-FRXUSD,0.0145,$490.17M,0.37
US-REAL,0.0145,$668.02M,437.03
KAG-CHZ,0.0145,$357.83M,-44.26
USDA-GRASS,0.0145,$312.05M,1.15
TEL-ZBT,0.0145,$288.26M,-28.42
APYUSD-ONYC,0.0145,$404.33M,-3.31
LUNC-SOSO,0.0144,$395.49M,-29.84
DEXE-COCO,0.0144,$458.30M,-58.18
GEOD-GUSD,0.0144,$243.85M,40.04
OUSG-WEMIX,0.0143,$480.67M,-7.79
INJ-AIAT,0.0143,$577.21M,20.67
USDTB-EIGEN,0.0143,$496.11M,3.64
DEXE-RUNE,0.0143,$422.34M,-69.32
CASH-RAIL,0.0143,$211.86M,7.48
COCO-NEX,0.0143,$274.55M,-36.65
AXS-TEL,0.0143,$318.00M,-28.23
SAND-USDF,0.0143,$237.03M,-20.94
GALA-ZBT,0.0143,$202.56M,-42.46
SOON-WFI,0.0143,$264.55M,28.38
WIF-REAL,0.0143,$395.40M,3.07
GUSD-FET,0.0143,$455.42M,-8.32
UB-REAL,0.0142,$609.89M,25.74
VELVET-NEX,0.0142,$256.83M,126.25
DEXE-GALA,0.0142,$362.69M,-58.85
CHZ-SHFL,0.0142,$265.54M,-36.31
DYDX-ULTIMA,0.0141,$279.57M,-22.18
KAU-STRK,0.0141,$497.52M,-18.73
USDTB-AKE,0.0141,$451.05M,566.73
USTBL-FDUSD,0.0141,$506.94M,0.32
TIBBIR-XTZ,0.0141,$331.96M,-34.5
USDA-SYRUP,0.0141,$303.42M,-15.55
TAG-AKE,0.0141,$240.59M,596.64
KITE-PRL,0.0141,$316.07M,57.24
OUSG-XEC,0.014,$499.71M,-8.02
OUSG-AIAT,0.014,$498.23M,8.18
SEI-AIAT,0.014,$404.53M,-5.39
APXUSD-BAT,0.014,$398.47M,-20.7
UUSD-AKE,0.014,$195.31M,566.7
FF-ENS,0.014,$368.36M,-12.95
SHORT-MX,0.014,$248.14M,5.84
DRV-WEMIX,0.0139,$203.07M,0.17
USTBL-XPL,0.0139,$381.43M,-4.56
KAITO-AVUSD,0.0139,$425.25M,84.47
KAITO-SHFL,0.0139,$430.67M,81.65
WEMIX-FARTCOIN,0.0139,$223.43M,-22.56
WEMIX-EURC,0.0139,$550.46M,-9.59
SNX-GEOD,0.0139,$216.78M,17.06
APR-GALA,0.0138,$285.00M,-17.05
STRK-KOGE,0.0138,$403.36M,37.03
PYTH-GUSD,0.0138,$470.87M,0.59
A7A5-GUSD,0.0138,$627.71M,5.95
RLB-PEANUT,0.0137,$288.81M,-10.78
DRV-USDA,0.0137,$198.82M,8.71
US-GLM,0.0137,$513.73M,406.56
FDUSD-VCNT,0.0137,$510.54M,-2.82
AR-AKE,0.0137,$211.58M,562.64
GNO-USDZ,0.0136,$410.03M,-7.61
XTZ-NEX,0.0136,$315.80M,-37.52
UUSD-SFP,0.0136,$202.52M,-17.5
BP-AVUSD,0.0135,$230.21M,106.08
BTSE-AKE,0.0135,$228.63M,555.24
REAL-FET,0.0135,$554.98M,-1.06
IMX-ZBT,0.0134,$341.27M,-36.53
OUSG-DASH,0.0134,$777.68M,-8.22
OUSG-PYTH,0.0134,$701.61M,-6.09
APR-CASH,0.0134,$318.41M,4.81
APR-MX,0.0134,$346.98M,1.42
TIA-REUSD,0.0134,$473.92M,-0.24
FLUID-USDZ,0.0134,$213.68M,-18.15
GPS-SHFL,0.0134,$217.41M,10.23
KMNO-TEL,0.0134,$272.34M,-12.92
PEANUT-GUSD,0.0134,$334.04M,-4.41
VELVET-REUSD,0.0133,$333.94M,145.31
CASH-REAL,0.0133,$371.08M,14.29
USTBL-BSV,0.0133,$419.33M,-8.94
APXUSD-XEC,0.0133,$414.51M,-14.66
GPS-GUSD,0.0133,$245.52M,20.1
KMNO-TAG,0.0133,$243.09M,24.88
ULTIMA-SFP,0.0133,$284.43M,-29.32
UB-USDF,0.0132,$472.67M,11.36
FF-VET,0.0132,$581.24M,-16.79
KAU-COCO,0.0131,$492.53M,-25.52
US-SHFL,0.0131,$540.37M,419.9
APXUSD-TRAC,0.0131,$418.72M,-14.61
TIBBIR-NFT,0.0131,$371.01M,-20.15
WEMIX-BAT,0.0131,$203.84M,-22.66
VCNT-NEX,0.0131,$254.77M,-18.14
ETHFI-THBILL,0.0131,$517.82M,0.44
BTT-THBILL,0.0131,$377.41M,-8.71
LDO-GUSD,0.013,$452.70M,5.95
OHM-KOGE,0.013,$489.95M,51.12
DCR-APYUSD,0.013,$360.90M,-21.04
KAITO-WFI,0.013,$483.81M,83.36
FDUSD-AKE,0.013,$441.62M,566.64
MWC-FET,0.0129,$419.76M,13.59
DEXE-USAT,0.0129,$459.31M,-37.0
US-EURC,0.0129,$869.00M,421.29
OHM-BP,0.0129,$390.04M,105.68
RUNE-FF,0.0129,$340.55M,-38.25
CRVUSD-CHZ,0.0129,$356.19M,-33.56
DASH-KOGE,0.0129,$611.58M,42.85
XEC-GEOD,0.0129,$213.80M,24.52
DYDX-USDA,0.0128,$194.04M,-9.99
DRV-KITE,0.0128,$334.65M,-1.63
APEPE-EIGEN,0.0128,$341.95M,-10.84
KAITO-APYUSD,0.0128,$467.40M,79.79
FF-RAIL,0.0128,$282.13M,9.17
GEOD-FRAX,0.0128,$314.41M,32.9
UB-MX,0.0127,$511.42M,7.96
USDTB-RUNE,0.0127,$503.78M,-36.13
US-CRCLON,0.0127,$511.82M,404.18
VIRTUAL-STRCX,0.0127,$510.36M,-14.18
GNO-AIAT,0.0127,$400.62M,0.89
ICNT-XPIN,0.0127,$246.47M,-20.59
ACRED-THBILL,0.0127,$232.98M,0.4
VSN-COCO,0.0126,$335.11M,-30.97
SEI-GUSD,0.0126,$436.06M,-6.06
VELVET-TWT,0.0126,$314.97M,133.63
USTBL-GNO,0.0126,$443.49M,-6.47
USAT-STX,0.0126,$435.75M,-19.64
FARTCOIN-THBILL,0.0126,$240.94M,-14.32
TEL-SHORT,0.0126,$271.87M,1.4
SFP-SHFL,0.0126,$224.13M,-20.26
USTBL-FARTCOIN,0.0125,$283.85M,-13.95
CHEEMS-SOSO,0.0125,$216.91M,-29.03
FDUSD-BTSE,0.0125,$479.21M,-11.57
USDA-XCN,0.0125,$225.84M,-18.0
STAC-MANA,0.0124,$234.03M,-12.41
KAU-FF,0.0124,$500.59M,-2.64
VIRTUAL-CRVUSD,0.0124,$581.62M,-9.86
RLB-FRAX,0.0123,$324.34M,0.67
INJ-META,0.0123,$554.65M,44.24
TIA-PRL,0.0123,$390.56M,63.33
KAG-MET,0.0123,$303.11M,-8.42
UB-MET,0.0122,$450.25M,13.71
US-A7A5,0.0122,$897.17M,421.54
GPS-MON,0.0122,$344.20M,-1.55
KAG-SOSO,0.0122,$330.28M,-20.3
UQC-APYUSD,0.0122,$266.15M,-6.92
ACRED-RAIL,0.0122,$204.89M,7.9
NEX-BONK,0.0122,$355.28M,-28.33
MWC-FARTCOIN,0.0121,$236.85M,14.2
ZBCN-VCNT,0.0121,$341.72M,-24.3
TIA-AIAT,0.0121,$424.47M,3.87
ACRED-GLIDR,0.0121,$216.42M,-8.85
FLOKI-NEX,0.0121,$288.84M,-33.41
DEXE-USDAI,0.012,$431.52M,-36.97
USTBL-PIEVERSE,0.012,$342.92M,-0.74
DCR-USDA,0.012,$298.96M,-16.05
BP-CRCLON,0.012,$207.09M,87.53
CRCLON-THBILL,0.012,$210.79M,-18.46
OUSG-EURC,0.0119,$830.29M,-0.99
ZBCN-AKE,0.0119,$272.80M,545.15
IOTA-SHORT,0.0119,$245.13M,-11.06
TEL-NFT,0.0119,$438.84M,-15.63
REAL-MANA,0.0119,$380.44M,1.44
OUSG-APR,0.0118,$576.64M,5.27
APR-CRCLON,0.0118,$289.24M,-13.64
MWC-BAT,0.0118,$217.26M,14.21
META-APXUSD,0.0118,$390.47M,25.11
NEX-SOON,0.0118,$180.34M,14.05
PENGU-ZBT,0.0118,$485.66M,-40.74
SPX-AIAT,0.0117,$420.05M,1.61
LDO-TAG,0.0117,$448.26M,28.77
USDTB-GUSD,0.0117,$505.03M,7.09
DEXE-PYTH,0.0117,$595.44M,-43.43
REUSD-AKE,0.0117,$262.96M,570.38
STRCX-PRL,0.0117,$224.86M,62.89
GEOD-AERO,0.0117,$508.72M,30.09
OUSG-PENDLE,0.0116,$630.90M,-3.36
DEXE-MANA,0.0116,$405.46M,-49.84
US-PENDLE,0.0116,$669.62M,418.92
ULTIMA-AIAT,0.0116,$299.68M,-4.08
BP-REUSD,0.0116,$281.67M,109.7
ICNT-FRAX,0.0116,$321.64M,-29.51
VCNT-COMP,0.0116,$323.77M,-19.5
USDA-USDZ,0.0116,$223.57M,-0.39
PYTH-THBILL,0.0116,$439.29M,-6.46
EARNETH-USDF,0.0115,$258.78M,-8.12
VELVET-WEMIX,0.0115,$266.93M,133.46
CRVUSD-AKE,0.0115,$307.57M,566.69
INJ-SHFL,0.0114,$580.64M,10.12
USDA-JTO,0.0114,$364.81M,24.9
USDA-BTSE,0.0114,$229.29M,-11.13
REAL-SFP,0.0114,$351.79M,-3.13
GNO-USDF,0.0113,$394.48M,-6.91
REUSD-USDZ,0.0113,$294.82M,2.92
AVUSD-SFP,0.0113,$218.71M,-17.44
WIF-USDF,0.0113,$258.18M,-11.32
VSN-USDF,0.0112,$262.73M,-9.76
APR-EURCV,0.0112,$345.83M,3.38
STRCX-A,0.0112,$243.08M,-19.73
GEOD-GRASS,0.0112,$310.21M,33.75
BC-TWT,0.0111,$368.04M,86.76
BC-SHFL,0.0111,$340.97M,92.0
VIRTUAL-TEL,0.0111,$543.88M,-17.71
RUNE-BP,0.0111,$262.50M,74.83
RUNE-XPIN,0.0111,$293.16M,-26.14
SOON-TRAC,0.0111,$213.68M,21.07
WIF-ZBT,0.0111,$260.29M,-31.82
STRCX-THBILL,0.0111,$258.73M,-4.31
AIAT-WFI,0.0111,$292.52M,6.69
A7A5-USDF,0.0111,$590.04M,-1.18
AKE-XCN,0.0111,$225.18M,548.38
VSN-USTBL,0.011,$311.74M,-9.31
EDGE-KAG,0.011,$349.67M,-36.07
VELVET-THBILL,0.011,$284.44M,141.7
ZBT-CHZ,0.011,$258.08M,-54.07
XPIN-SUN,0.011,$487.19M,7.57
CVX-REUSD,0.0109,$302.25M,-7.14
META-REAL,0.0109,$344.47M,45.69
APXUSD-ZAMA,0.0109,$432.87M,58.78
WEMIX-USDA,0.0109,$196.60M,-7.85
STRCX-WFI,0.0109,$315.34M,-5.42
UB-XTZ,0.0108,$586.31M,-10.71
CASH-TRUMP,0.0108,$479.41M,-18.15
BP-FDUSD,0.0108,$460.33M,105.95
STRK-AVUSD,0.0108,$305.19M,-14.41
STAC-CRVUSD,0.0107,$314.69M,0.46
DEXE-KITE,0.0107,$506.08M,-46.92
APEPE-GPS,0.0107,$297.37M,-1.46
CAKE-USDF,0.0107,$559.03M,-2.28
UB-SFP,0.0106,$463.57M,-6.08
EARNETH-ZBT,0.0106,$260.89M,-28.62
VELVET-AVUSD,0.0106,$282.48M,141.69
APEPE-KAG,0.0106,$415.05M,-25.21
USDAT-AIAT,0.0106,$257.78M,7.73
CHEEMS-GOMINING,0.0106,$215.88M,-21.11
GALA-REAL,0.0106,$337.67M,-7.57
STRCX-MET,0.0106,$230.21M,-2.04
STRCX-GUSD,0.0106,$290.30M,2.74
ZBT-SFP,0.0106,$216.68M,-38.02
SHORT-AIAT,0.0106,$215.53M,17.05
CAKE-AKE,0.0105,$542.71M,564.48
FLOKI-STRCX,0.0105,$339.30M,-22.36
CRVUSD-XEC,0.0105,$331.51M,-8.47
USAT-ENS,0.0105,$361.30M,-14.65
REUSD-GOMINING,0.0105,$283.00M,2.0
EIGEN-APYUSD,0.0105,$298.72M,-1.01
ACRED-FRXUSD,0.0104,$224.96M,0.32
DASH-USAT,0.0104,$582.66M,-8.7
USAT-RAY,0.0104,$348.23M,-13.7
APXUSD-TAG,0.0103,$440.12M,23.69
JTO-USDAI,0.0103,$426.07M,24.52
TAG-KOGE,0.0103,$359.22M,81.39
TEL-XPL,0.0103,$394.90M,-12.85
GOMINING-MX,0.0103,$266.15M,-5.1
VELVET-STX,0.0102,$417.02M,122.08
COCO-THBILL,0.0102,$302.15M,-21.21
REUSD-TRUMP,0.0102,$524.82M,-14.44
SOSO-USDAI,0.0102,$274.03M,-9.62
STRK-USDA,0.0101,$285.39M,-14.11
CRVUSD-EURC,0.0101,$662.09M,-1.43
NEX-BAT,0.0101,$193.74M,-29.88
MX-KOGE,0.0101,$364.74M,48.04
DEXE-SAND,0.01,$399.27M,-57.84
ICNT-CHZ,0.01,$245.71M,-62.99
USDA-STRCX,0.01,$236.97M,-4.0
USDA-AKE,0.01,$191.70M,567.07
1INCH-GPS,0.0099,$211.83M,6.82
MWC-USAT,0.0099,$299.07M,28.48
MWC-NEX,0.0099,$204.17M,12.17
US-REUSD,0.0099,$586.40M,426.34
VIRTUAL-GEOD,0.0099,$463.91M,23.12
KAG-CARDS,0.0099,$482.56M,-1.27
1INCH-USAT,0.0098,$301.05M,-6.27
INJ-SUN,0.0098,$801.53M,11.61
DEXE-TRAC,0.0098,$397.75M,-45.32
ZK-SOSO,0.0098,$200.94M,-32.85
APYUSD-XPIN,0.0098,$303.02M,4.23
OUSG-TWT,0.0097,$528.72M,-7.62
STAC-COCO,0.0097,$286.86M,-20.75
USDTB-A,0.0097,$457.81M,-15.37
CASH-VET,0.0097,$510.97M,-18.48
GPS-CARDS,0.0097,$364.88M,22.47
KAG-FF,0.0097,$405.98M,-9.1
AVUSD-GALA,0.0097,$204.59M,-21.88
BTT-AKE,0.0097,$355.00M,557.98
SPX-NEX,0.0096,$392.40M,-21.56
CHEEMS-CARDS,0.0096,$369.18M,-9.99
USDA-KOGE,0.0096,$310.33M,51.82
KITE-USDZ,0.0096,$359.39M,-10.73
TRAC-CHZ,0.0096,$267.80M,-41.91
AIAT-BTT,0.0096,$377.45M,-0.98
UB-RLB,0.0095,$465.11M,12.12
MWC-FF,0.0095,$306.13M,29.97
AKT-ONYC,0.0095,$374.60M,-6.54
UQC-USDAI,0.0095,$265.46M,-2.32
WEMIX-GEOD,0.0095,$194.77M,24.76
VCNT-KITE,0.0095,$396.45M,-12.72
NFT-AKE,0.0095,$360.05M,558.97
A7A5-SYRUP,0.0095,$685.45M,-17.04
LUNC-NEX,0.0094,$369.23M,-35.67
VELVET-RUNE,0.0094,$314.76M,134.12
VELVET-BTSE,0.0094,$299.61M,130.17
COCO-STRK,0.0094,$373.43M,-35.7
TIBBIR-ULTIMA,0.0094,$288.19M,-24.24
NEO-UUSD,0.0094,$233.56M,-15.66
USDA-BSV,0.0094,$354.67M,-9.01
STRCX-CHZ,0.0094,$284.93M,-37.88
AIAT-SUN,0.0094,$460.27M,6.47
UB-TRUMP,0.0093,$718.23M,-6.7
KAITO-SOSO,0.0093,$425.86M,74.86
USDTB-SFP,0.0092,$458.25M,-17.47
ZBCN-UQC,0.0092,$285.29M,-23.85
FLUID-THBILL,0.0092,$204.22M,-17.38
ICNT-SHORT,0.0092,$199.12M,-20.18
ETHFI-ONYC,0.0092,$646.10M,1.73
KAU-FRAX,0.0091,$528.37M,-4.33
APEPE-USDAT,0.0091,$341.16M,-14.52
USTBL-USDZ,0.0091,$288.23M,-0.32
REUSD-BTT,0.0091,$426.91M,-5.09
UB-FRAX,0.009,$580.90M,11.35
RLB-VCNT,0.009,$268.72M,-2.01
BC-DEXE,0.009,$493.65M,57.85
ZRO-AVUSD,0.009,$400.73M,-20.24
STX-SOSO,0.009,$367.11M,-29.15
PIEVERSE-AKE,0.009,$277.61M,565.57
RLB-BC,0.0089,$323.84M,95.5
TWT-WEMIX,0.0089,$248.89M,-16.22
USDA-THETA,0.0089,$222.27M,-18.25
XPIN-XPL,0.0089,$365.48M,3.9
NFT-GLIDR,0.0088,$365.91M,-16.95
LUNC-RUNE,0.0087,$427.16M,-54.87
OUSG-TIA,0.0087,$686.74M,-3.49
STAC-ZRO,0.0087,$387.40M,-19.78
DEXE-USDF,0.0087,$385.92M,-36.97
KAG-NFT,0.0087,$478.21M,-18.48
ULTIMA-FRXUSD,0.0087,$291.62M,-11.89
NEX-BTSE,0.0087,$223.44M,-26.89
KOGE-SYRUP,0.0087,$421.40M,35.58
XPIN-GUSD,0.0087,$294.40M,15.96
VELVET-FLOKI,0.0086,$365.01M,123.65
VELVET-PENGU,0.0086,$538.22M,121.46
APEPE-USAT,0.0086,$386.59M,-14.55
COCO-GPS,0.0086,$280.23M,-8.23
GPS-BAT,0.0086,$199.42M,-1.46
NEO-ACRED,0.0086,$248.82M,-15.28
UUSD-THETA,0.0086,$225.88M,-18.62
GALA-USDF,0.0086,$200.45M,-21.95
TAG-A7A5,0.0086,$623.27M,28.77
GOMINING-THBILL,0.0086,$233.50M,-1.61
WFI-FRAX,0.0086,$394.61M,-1.13
MWC-USDAI,0.0085,$271.28M,28.51
VELVET-CHZ,0.0085,$310.64M,108.13
DEXE-CHZ,0.0085,$418.22M,-70.46
OHM-UUSD,0.0085,$375.59M,-0.38
OHM-STRCX,0.0085,$416.60M,-4.7
TWT-CHEEMS,0.0085,$248.78M,-27.48
CHEEMS-SOON,0.0085,$190.33M,10.0
CRVUSD-COMP,0.0085,$371.38M,-16.81
GRT-USAT,0.0084,$346.57M,-19.1
US-META,0.0084,$514.38M,454.02
US-KAG,0.0084,$632.66M,411.96
SAND-REUSD,0.0084,$292.62M,-17.25
RLB-GPS,0.0083,$200.28M,13.73
APEPE-USDA,0.0083,$297.54M,-14.13
UQC-WEMIX,0.0083,$208.44M,-10.47
UQC-SOSO,0.0083,$224.61M,-11.85
USAT-KOGE,0.0083,$399.38M,51.41
USAT-SFP,0.0083,$287.96M,-17.55
SN64-SHFL,0.0083,$211.39M,-15.22
CHZ-USDF,0.0083,$255.98M,-33.56
KAU-AKE,0.0082,$403.83M,562.45
FLUID-AWE,0.0082,$192.11M,-20.56
CHEEMS-KOGE,0.0082,$314.47M,32.02
FARTCOIN-FRXUSD,0.0082,$232.93M,-14.4
MWC-EURC,0.0081,$563.88M,27.12
ZBCN-TRAC,0.0081,$300.94M,-29.95
META-ULTIMA,0.0081,$277.11M,19.49
APXUSD-BTT,0.0081,$554.53M,-14.98
GPS-MET,0.0081,$185.43M,15.32
UQC-EURCV,0.0081,$257.46M,-3.76
COMP-USDF,0.0081,$271.16M,-16.81
TKX-GEOD,0.008,$197.79M,27.75
TWT-AIAT,0.008,$266.45M,-0.26
WEMIX-TAG,0.008,$245.49M,21.72
MWC-NEO,0.0079,$247.62M,13.03
TWT-SOON,0.0079,$238.48M,21.43
GLM-ONYC,0.0079,$340.97M,-14.79
UQC-GUSD,0.0079,$257.53M,4.81
AWE-GOMINING,0.0079,$221.38M,-4.8
SOON-THBILL,0.0079,$207.94M,29.5
RAIL-CHZ,0.0079,$233.98M,-25.99
A-AKE,0.0079,$197.81M,551.35
EDGE-AKE,0.0078,$231.50M,541.39
GRT-META,0.0078,$256.76M,12.31
USDTB-UQC,0.0078,$463.54M,-2.27
VELVET-GUSD,0.0078,$316.01M,148.75
USTBL-USDAT,0.0078,$300.64M,0.37
COCO-NFT,0.0078,$448.74M,-29.0
REUSD-REAL,0.0078,$416.49M,18.0
AVUSD-AIAT,0.0078,$233.96M,7.81
STRCX-AIAT,0.0078,$258.77M,3.42
FET-SHFL,0.0078,$427.32M,-18.19
OUSG-VCNT,0.0077,$544.69M,-2.32
INJ-STRCX,0.0077,$600.03M,8.56
APEPE-TEL,0.0077,$375.68M,-22.36
USDAT-BP,0.0077,$254.04M,106.0
CAKE-SHFL,0.0077,$568.59M,-5.03
KAITO-IOTA,0.0077,$456.84M,64.08
USDA-GALA,0.0077,$184.79M,-21.57
TEL-SHFL,0.0077,$295.71M,-10.66
ETHFI-BTSE,0.0076,$533.00M,-11.08
GRT-US,0.0075,$580.31M,403.66
USDTB-OZO,0.0075,$480.82M,0.28
VCNT-SYRUP,0.0075,$371.69M,-18.63
VELVET-XCN,0.0074,$296.16M,123.31
REUSD-SOSO,0.0074,$284.02M,-5.92
JTO-SHORT,0.0074,$366.19M,33.84
GEOD-JASMY,0.0074,$305.93M,21.14
BAT-AKE,0.0074,$198.94M,552.25
STAC-AXS,0.0073,$246.33M,-19.86
RLB-ENS,0.0073,$280.34M,-13.86
USTBL-USAT,0.0073,$346.07M,0.34
SAND-ZBT,0.0073,$239.13M,-41.45
CARDS-BAT,0.0073,$372.28M,-5.01
THETA-ONYC,0.0073,$372.30M,-17.26
DRV-CASH,0.0072,$224.66M,8.31
SEI-APXUSD,0.0072,$581.61M,-19.38
DEXE-FLUID,0.0072,$360.37M,-54.35
CASH-ENS,0.0072,$298.09M,-14.64
GPS-AVUSD,0.0072,$211.99M,13.05
VCNT-REUSD,0.0072,$331.88M,0.93
EIGEN-USDF,0.0072,$252.43M,3.6
SHORT-KOGE,0.0072,$311.70M,60.76
KOGE-BONK,0.0072,$479.09M,38.55
STRK-ONYC,0.0071,$435.42M,-13.12
STRCX-MX,0.0071,$291.38M,-7.79
EURC-KOGE,0.0071,$664.18M,50.08
COMP-XPIN,0.0071,$304.22M,-7.9
INJ-OHM,0.007,$735.04M,12.55
USDTB-META,0.007,$450.94M,31.34
USAT-BORG,0.007,$323.50M,-12.55
ZANO-STRCX,0.007,$271.95M,-6.78
DYDX-MX,0.0069,$248.45M,-13.78
USDTB-SOSO,0.0069,$472.11M,-9.57
AVUSD-PENDLE,0.0069,$366.63M,-3.73
EURC-ONYC,0.0069,$696.24M,-0.06
PEANUT-THBILL,0.0069,$302.47M,-11.46
INJ-VELVET,0.0068,$625.74M,154.56
MWC-KMNO,0.0068,$211.86M,24.07
APXUSD-GPS,0.0068,$391.07M,6.78
COCO-SFP,0.0068,$286.95M,-38.72
ZBT-GEOD,0.0068,$208.29M,12.41
SN64-ONYC,0.0068,$336.20M,-11.1
KOGE-XPL,0.0068,$434.74M,46.51
RLB-GEOD,0.0067,$198.62M,33.67
DYDX-SOON,0.0067,$187.88M,19.12
CRVUSD-SOSO,0.0067,$328.64M,-9.61
VET-SHFL,0.0067,$510.36M,-21.21
BTT-GUSD,0.0067,$408.98M,-1.66
META-KAG,0.0066,$309.11M,20.61
META-SYRUP,0.0066,$302.66M,15.44
VSN-TEL,0.0065,$325.21M,-17.6
SPX-USDF,0.0065,$413.91M,-6.2
OUSG-ZANO,0.0065,$511.41M,-2.02
META-CARDS,0.0065,$364.28M,40.8
META-THETA,0.0065,$221.51M,12.75
DCR-UQC,0.0065,$310.80M,-18.67
UUSD-AIAT,0.0065,$217.76M,7.74
KOGE-GLIDR,0.0065,$315.53M,42.28
OUSG-TIBBIR,0.0064,$486.73M,-11.99
DEXE-TIA,0.0064,$580.57M,-40.83
REUSD-SOON,0.0064,$257.44M,33.11
NXM-USDF,0.0063,$198.71M,-5.11
STAC-AKT,0.0063,$231.04M,-7.39
CVX-GPS,0.0063,$230.82M,2.22
USTBL-TRAC,0.0063,$284.51M,-7.97
WEMIX-ZAMA,0.0063,$238.24M,56.82
BSV-SHFL,0.0063,$379.89M,-12.13
DRV-XPIN,0.0062,$247.54M,17.24
VELVET-PEANUT,0.0062,$351.04M,130.16
CVX-CRVUSD,0.0062,$346.87M,-10.83
AKT-CHEEMS,0.0062,$228.71M,-27.33
GNO-AERO,0.0062,$697.02M,-9.74
RUNE-KITE,0.0062,$380.27M,-48.69
UQC-AWE,0.0062,$213.84M,-5.42
WEMIX-USDZ,0.0062,$227.81M,-8.93
UUSD-RAIL,0.0062,$189.63M,7.51
USDA-BTT,0.0062,$355.65M,-8.4
ZBT-FRAX,0.0062,$334.01M,-20.59
RAIL-USDAI,0.0062,$247.28M,7.5
GEOD-BTSE,0.0062,$227.46M,21.47
LUNC-PIEVERSE,0.0061,$460.98M,-21.42
2Z-USDF,0.0061,$314.17M,-14.45
COCO-FRAX,0.0061,$404.29M,-21.3
WEMIX-NFT,0.0061,$364.95M,-15.95
SUN-FRAX,0.0061,$562.36M,-1.35
STAC-KOGE,0.006,$316.79M,51.97
APR-EURC,0.006,$646.43M,3.47
EDGE-CHZ,0.006,$280.11M,-58.87
FLUID-UQC,0.006,$194.31M,-19.7
BP-ICNT,0.006,$215.81M,76.58
CRVUSD-MANA,0.006,$343.43M,-12.94
NEX-BORG,0.006,$228.60M,-27.88
DEXE-UQC,0.0059,$382.10M,-39.21
APEPE-GLIDR,0.0059,$302.74M,-23.68
RUNE-THBILL,0.0059,$266.20M,-36.39
DASH-ONYC,0.0059,$643.64M,-7.29
ONYC-AR,0.0059,$362.26M,-2.75
INJ-ACRED,0.0058,$574.28M,13.26
DEXE-ICNT,0.0058,$375.65M,-66.39
CVX-USDF,0.0058,$246.65M,-10.83
USTBL-CHZ,0.0058,$304.98M,-33.12
XTZ-APYUSD,0.0058,$383.60M,-26.75
ACRED-SHFL,0.0058,$236.44M,-2.42
CRVUSD-AERO,0.0058,$626.42M,-2.9
VCNT-KOGE,0.0058,$378.59M,48.75
OUSG-RLB,0.0057,$484.52M,1.13
OUSG-SYRUP,0.0057,$587.50M,-15.49
DEXE-USTBL,0.0057,$434.92M,-36.52
DEXE-OHM,0.0057,$549.89M,-37.29
VIRTUAL-USAT,0.0057,$554.80M,-9.9
META-GLIDR,0.0057,$196.80M,22.14
CRVUSD-PENGU,0.0057,$583.77M,-20.23
USAT-EURCV,0.0057,$334.66M,-1.55
IMX-DEXE,0.0056,$501.40M,-52.92
GRT-THBILL,0.0056,$279.28M,-18.98
ZRO-GUSD,0.0056,$434.26M,-13.19
CAKE-KOGE,0.0056,$661.34M,49.23
NEO-STRCX,0.0056,$274.57M,-19.98
CHEEMS-VCNT,0.0056,$264.76M,-22.19
TEL-USDF,0.0056,$286.15M,-7.92
AR-SHFL,0.0056,$237.45M,-6.87
IMX-TAG,0.0055,$372.39M,13.93
STAC-JASMY,0.0055,$314.23M,-11.32
US-PENGU,0.0055,$790.68M,402.49
US-KITE,0.0055,$650.97M,412.69
COCO-UQC,0.0055,$292.24M,-23.52
STRCX-ZAMA,0.0055,$278.61M,60.66
OUSG-XPL,0.0054,$600.84M,-4.56
DYDX-USDAT,0.0054,$237.67M,-10.38
VELVET-APYUSD,0.0054,$324.63M,137.01
APEPE-SUN,0.0054,$543.65M,-15.78
UQC-STRCX,0.0054,$248.81M,-6.62
ACRED-AVUSD,0.0054,$231.02M,0.39
ACRED-TAG,0.0054,$260.11M,30.27
BC-TEL,0.0053,$393.88M,86.91
VIRTUAL-ZBT,0.0053,$483.51M,-30.37
APEPE-BORG,0.0053,$339.63M,-26.96
USAT-JTO,0.0053,$453.87M,24.49
USDA-KITE,0.0053,$328.18M,-9.65
OUSG-FLUID,0.0052,$466.54M,-17.01
APR-EIGEN,0.0052,$336.98M,8.5
SEI-USDA,0.0052,$382.73M,-12.81
APEPE-TAG,0.0052,$346.43M,15.44
GNO-GEOD,0.0052,$376.99M,26.07
ULTIMA-XPIN,0.0052,$326.60M,-2.97
CRVUSD-ZAMA,0.0052,$349.86M,64.98
USDA-ENS,0.0052,$272.25M,-14.24
RLB-ZBT,0.0051,$218.22M,-19.82
DRV-US,0.0051,$521.61M,431.05
CASH-FLUID,0.0051,$208.30M,-17.48
NEO-ONYC,0.0051,$379.98M,-14.3
KAITO-SHORT,0.0051,$406.82M,93.71
NEX-PYTH,0.0051,$411.69M,-21.9
AVUSD-KITE,0.0051,$347.98M,-9.95
VELVET-BAT,0.005,$269.92M,127.18
OZO-ZBCN,0.005,$302.57M,-21.29
EDGE-FF,0.0049,$328.26M,-23.7
KAU-AXS,0.0049,$452.00M,-24.63
ZK-AVUSD,0.0049,$200.33M,-23.24
RUNE-TAG,0.0049,$293.33M,-18.97
RUNE-SYRUP,0.0049,$355.51M,-50.69
ZANO-USDZ,0.0049,$258.55M,-3.16
SOON-REAL,0.0049,$339.07M,43.8
KOGE-EURCV,0.0049,$363.58M,50.0
BTSE-BSV,0.0049,$391.60M,-20.83
PRL-THBILL,0.0049,$202.00M,67.28
COCO-BONK,0.0048,$449.17M,-34.17
RUNE-AIAT,0.0048,$266.24M,-29.03
BP-STRCX,0.0048,$255.03M,101.69
CRVUSD-USDF,0.0048,$323.89M,-0.07
RLB-SHORT,0.0047,$201.83M,10.0
VELVET-TRAC,0.0047,$290.17M,133.27
CASH-GRASS,0.0047,$337.89M,0.74
APXUSD-KAITO,0.0047,$604.33M,78.2
GNO-GUSD,0.0047,$432.15M,0.21
XTZ-REUSD,0.0047,$392.91M,-18.45
XTZ-GUSD,0.0047,$374.98M,-15.02
USDA-GUSD,0.0047,$245.68M,7.44
USDA-ZAMA,0.0047,$233.99M,65.36
NEX-TRAC,0.0047,$213.99M,-23.79
PENDLE-SOSO,0.0047,$367.24M,-13.34
A-KOGE,0.0047,$316.44M,36.1
DYDX-CARDS,0.0045,$366.73M,-0.87
APR-GRT,0.0045,$357.73M,-14.16
APEPE-AWE,0.0045,$307.18M,-17.62
META-SOON,0.0045,$185.42M,60.79
UUSD-PRL,0.0045,$183.86M,67.21
CARDS-USDF,0.0045,$380.71M,9.42
AVUSD-ZBT,0.0045,$229.92M,-20.5
A-USDF,0.0045,$214.13M,-15.41
USDAI-THBILL,0.0045,$275.37M,0.0
STRK-GOMINING,0.0044,$304.77M,-16.11
FF-JASMY,0.0044,$403.87M,-10.18
REAL-XPIN,0.0044,$393.96M,23.22
VSN-UB,0.0043,$511.73M,1.67
UB-MWC,0.0043,$474.68M,36.53
OUSG-EURCV,0.0043,$529.69M,-1.07
DYDX-ICNT,0.0043,$199.44M,-39.8
CVX-USDA,0.0043,$230.99M,-10.45
FLUID-USDA,0.0043,$182.46M,-17.07
BP-BTT,0.0043,$373.71M,97.29
FDUSD-NEX,0.0043,$436.43M,-15.49
USDA-WIF,0.0043,$242.52M,-10.93
VSN-SHFL,0.0042,$272.29M,-12.51
STAC-CAKE,0.0042,$549.84M,-1.75
APR-ONYC,0.0042,$442.60M,6.2
VELVET-STRK,0.0042,$355.71M,127.2
TKX-USDF,0.0042,$215.28M,-5.24
SOON-CRCLON,0.0042,$182.86M,10.95
APR-WEMIX,0.0041,$296.81M,-3.33
EDGE-WEMIX,0.0041,$236.40M,-33.53
USDTB-CHEEMS,0.0041,$455.84M,-19.45
USDTB-STRCX,0.0041,$496.32M,-4.35
OZO-COMP,0.0041,$284.62M,-16.5
TKX-USDA,0.0041,$199.62M,-4.86
USTBL-TEL,0.0041,$335.16M,-7.47
FDUSD-WEMIX,0.0041,$446.52M,-8.28
AWE-PRL,0.0041,$189.89M,64.09
USDA-MANA,0.0041,$227.56M,-12.56
ZBCN-ONYC,0.004,$423.48M,-20.24
COCO-TRAC,0.004,$307.89M,-29.63
XEC-APYUSD,0.004,$277.58M,-13.08
GUSD-USDZ,0.004,$276.90M,6.36
EDGE-APYUSD,0.0039,$294.10M,-29.98
OZO-RAIL,0.0039,$215.14M,7.82
USDAT-ZBT,0.0039,$253.75M,-20.58
XTZ-CRVUSD,0.0039,$437.52M,-22.15
USDA-SHORT,0.0039,$193.73M,9.63
STX-AKE,0.0039,$346.04M,547.15
GOMINING-AIAT,0.0039,$233.54M,6.11
APR-META,0.0038,$291.80M,36.2
XTZ-SHORT,0.0038,$323.03M,-12.83
UUSD-XCN,0.0038,$229.44M,-18.37
USAT-WFI,0.0038,$359.77M,-1.14
USDA-CHZ,0.0038,$240.32M,-33.18
COMP-AKE,0.0038,$254.85M,549.95
VSN-RLB,0.0037,$255.17M,-9.0
CASH-JTO,0.0037,$390.65M,24.5
CASH-BORG,0.0037,$260.29M,-12.54
USTBL-A7A5,0.0037,$639.05M,-0.73
DCR-SHFL,0.0037,$324.18M,-19.18
AXS-AVUSD,0.0037,$259.67M,-20.32
TRAC-BTSE,0.0037,$256.78M,-19.86
A7A5-USDAI,0.0037,$635.64M,-1.18
GRASS-SUN,0.0037,$558.16M,-0.5
STAC-ETHFI,0.0036,$502.53M,0.89
DYDX-FDUSD,0.0036,$443.96M,-10.42
GNO-A7A5,0.0036,$760.85M,-8.02
DCR-USAT,0.0036,$388.01M,-16.46
STRK-GUSD,0.0036,$338.72M,-7.36
FLOKI-KOGE,0.0036,$412.66M,33.47
AVUSD-PEANUT,0.0036,$300.51M,-11.46
KITE-SOSO,0.0036,$348.59M,-19.57
IMX-ONYC,0.0035,$473.53M,-14.66
RLB-KAITO,0.0035,$413.54M,85.15
APR-XCN,0.0035,$326.05M,-13.48
COCO-PIEVERSE,0.0035,$366.30M,-22.4
RUNE-GUSD,0.0035,$297.77M,-29.09
MWC-US,0.0034,$532.81M,472.02
GRT-SHFL,0.0034,$282.74M,-21.81
CVX-USTBL,0.0034,$295.66M,-10.38
KMNO-SOSO,0.0034,$214.61M,-14.62
STRK-FF,0.0034,$381.50M,-12.82
VCNT-AVUSD,0.0034,$280.42M,-2.69
USDA-WFI,0.0034,$270.72M,-0.73
A7A5-BONK,0.0034,$743.15M,-14.07
UB-USDTB,0.0033,$716.36M,11.4
DYDX-STRCX,0.0033,$238.66M,-14.68
APR-CHEEMS,0.0033,$296.71M,-14.59
MWC-ZBT,0.0033,$227.79M,7.87
BC-SNX,0.0033,$342.00M,78.89
AWE-FRAX,0.0033,$325.89M,-3.2
INJ-UUSD,0.0032,$559.02M,12.88
KAG-MANA,0.0032,$345.08M,-23.64
ULTIMA-USAT,0.0032,$366.93M,-11.92
USAT-XPL,0.0032,$405.82M,-5.04
STAC-OHM,0.0031,$378.45M,0.14
APR-SHFL,0.0031,$317.79M,2.08
EDGE-PIEVERSE,0.0031,$318.06M,-26.49
KAU-THBILL,0.0031,$426.24M,-4.24
DCR-AWE,0.0031,$308.60M,-19.54
UQC-BTSE,0.0031,$241.13M,-13.76
AVUSD-RAIL,0.0031,$205.82M,7.58
REAL-SUN,0.0031,$591.35M,13.05
USDTB-GOMINING,0.003,$471.09M,-1.65
BC-FF,0.003,$411.85M,96.42
2Z-AKE,0.003,$297.86M,552.31
APEPE-KOGE,0.003,$415.51M,37.0
OHM-UQC,0.003,$383.82M,-2.63
FF-BORG,0.003,$330.56M,-10.85
IMX-META,0.0029,$322.74M,15.35
APEPE-XTZ,0.0029,$426.83M,-36.59
META-SN64,0.0029,$185.41M,18.9
APXUSD-GUSD,0.0029,$444.56M,0.86
USDA-XEC,0.0029,$215.63M,-8.09
STRCX-NFT,0.0029,$405.32M,-12.1
EURC-XPIN,0.0029,$594.93M,7.48
RLB-USDF,0.0028,$216.11M,0.68
DYDX-AKE,0.0028,$193.39M,556.39
FDUSD-AVUSD,0.0028,$462.07M,-0.05
STRCX-MON,0.0028,$388.99M,-18.91
VSN-XPIN,0.0027,$295.79M,-0.85
DEXE-FRXUSD,0.0027,$384.00M,-36.97
GPS-USDF,0.0027,$207.85M,12.98
CARDS-SHORT,0.0027,$366.42M,18.74
DEXE-PEANUT,0.0026,$458.62M,-48.43
CASH-UUSD,0.0026,$221.80M,-0.09
AKT-OHM,0.0026,$404.20M,-8.23
TWT-CARDS,0.0026,$417.33M,1.44
CARDS-APYUSD,0.0026,$426.99M,4.82
RLB-REAL,0.0025,$353.33M,15.07
USDTB-VCNT,0.0025,$519.97M,-2.73
DEXE-JTO,0.0025,$542.72M,-12.38
ZBCN-GUSD,0.0025,$326.78M,-14.48
TIBBIR-A7A5,0.0025,$584.69M,-13.54
FLOKI-AKE,0.0025,$294.03M,548.72
XPIN-EURCV,0.0025,$294.33M,7.39
SEI-APYUSD,0.0024,$444.68M,-17.8
OZO-CARDS,0.0024,$394.16M,9.74
US-ZANO,0.0024,$550.13M,420.26
USTBL-CARDS,0.0024,$429.71M,9.87
ZBT-THBILL,0.0024,$231.88M,-20.5
STAC-SEI,0.0023,$389.20M,-12.66
GRT-ZBT,0.0023,$275.29M,-39.56
KAG-AKE,0.0023,$309.22M,556.0
UQC-JTO,0.0023,$376.66M,22.28
NEX-ONYC,0.0023,$336.53M,-14.07
UB-KMNO,0.0022,$458.86M,6.36
STAC-RLB,0.0022,$206.92M,1.21
DEXE-EIGEN,0.0022,$414.67M,-33.3
TWT-ZBT,0.0022,$262.41M,-28.56
ZK-REUSD,0.0022,$251.79M,-19.62
WEMIX-EURCV,0.0022,$249.86M,-9.67
STRCX-BAT,0.0022,$244.21M,-18.82
GLIDR-SHFL,0.0022,$222.78M,-11.98
UB-USDZ,0.0021,$488.23M,10.66
EDGE-FDUSD,0.0021,$482.07M,-25.42
OZO-FARTCOIN,0.0021,$248.31M,-14.08
GNO-RUNE,0.0021,$430.91M,-42.02
ACRED-FET,0.0021,$420.96M,-15.05
USAT-BTSE,0.0021,$318.34M,-11.55
EDGE-ZRO,0.002,$420.73M,-45.61
KAU-BTSE,0.002,$441.42M,-15.76
DEXE-GNO,0.002,$556.72M,-43.81
DEXE-GUSD,0.002,$423.59M,-29.84
US-UUSD,0.002,$518.75M,422.66
AXS-USDAI,0.002,$301.13M,-20.4
REUSD-WFI,0.002,$341.98M,2.58
A7A5-AKE,0.002,$573.73M,565.58
EDGE-COMP,0.0019,$295.30M,-42.11
VELVET-MON,0.0019,$414.70M,127.09
DEXE-2Z,0.0019,$476.42M,-51.35
VIRTUAL-USDAI,0.0019,$527.01M,-9.87
UB-DCR,0.0018,$563.61M,-5.0
UB-XPIN,0.0018,$505.73M,20.27
MWC-XEC,0.0018,$233.30M,20.5
GNO-ULTIMA,0.0018,$464.34M,-18.72
FLUID-REAL,0.0018,$335.34M,-3.07
UQC-USDA,0.0018,$204.20M,-1.93
ACRED-TEL,0.0018,$289.36M,-7.52
UUSD-MX,0.0018,$250.37M,-3.47
CRVUSD-VET,0.0018,$601.01M,-18.46
DYDX-XEC,0.0017,$217.32M,-18.77
EARNETH-USDA,0.0017,$243.12M,-7.74
APEPE-CRCLON,0.0017,$294.21M,-32.98
VSN-EURC,0.0016,$600.93M,-11.12
USDAT-KOGE,0.0016,$353.95M,51.44
COCO-USDAI,0.0016,$341.66M,-21.29
ULTIMA-TAG,0.0016,$326.77M,18.07
REUSD-RAY,0.0016,$330.44M,-9.97
FRXUSD-THBILL,0.0016,$227.86M,0.0
OUSG-AXS,0.0015,$523.94M,-19.95
GRT-CRVUSD,0.0015,$373.39M,-19.06
USDTB-GPS,0.0015,$451.53M,13.02
REAL-SYRUP,0.0015,$456.31M,-1.55
A7A5-THBILL,0.0015,$596.14M,-1.1
BC-THBILL,0.0014,$337.50M,94.83
APEPE-BSV,0.0014,$459.85M,-23.83
FLUID-USDF,0.0014,$198.12M,-17.46
STRK-AKE,0.0014,$284.73M,552.27
EIGEN-PRL,0.0014,$224.66M,70.87
MWC-THETA,0.0013,$239.93M,10.03
TIA-NEX,0.0013,$396.82M,-19.3
LUNC-A7A5,0.0012,$757.10M,-21.4
APR-AERO,0.0012,$610.76M,2.0
MWC-IOTA,0.0012,$261.42M,8.01
OHM-REUSD,0.0012,$443.24M,3.3
GNO-TRAC,0.0012,$406.31M,-15.26
XPIN-FRAX,0.0012,$364.96M,8.82
UB-STRCX,0.0011,$501.63M,7.05
FF-FRXUSD,0.0011,$302.21M,1.59
KOGE-TRUMP,0.0011,$571.54M,33.38
INJ-MWC,0.001,$573.08M,41.44
BC-GLM,0.001,$314.33M,78.66
US-GALA,0.001,$507.58M,400.77
GPS-CRVUSD,0.001,$308.06M,12.98
UQC-FLOKI,0.001,$306.53M,-20.29
PIEVERSE-FRAX,0.001,$402.15M,-1.21
LUNC-US,0.0009,$697.86M,402.42
LUNC-USDZ,0.0009,$406.29M,-21.0
OZO-ONYC,0.0009,$371.50M,1.61
ZRO-FRAX,0.0009,$504.82M,-20.33
OHM-ONYC,0.0009,$522.01M,0.98
CARDS-FF,0.0009,$461.15M,11.09
FF-USDF,0.0009,$304.12M,1.6
PIEVERSE-COMP,0.0009,$341.41M,-17.93
AKE-FET,0.0009,$401.44M,551.32
ZBCN-THBILL,0.0008,$295.21M,-21.53
GLM-THBILL,0.0008,$212.70M,-16.08
USAT-AVUSD,0.0008,$301.21M,-0.03
APYUSD-ZAMA,0.0008,$295.94M,60.37
UB-OUSG,0.0007,$741.09M,11.81
XTZ-AIAT,0.0007,$343.45M,-14.34
ULTIMA-ZBT,0.0007,$295.65M,-32.38
ACRED-XCN,0.0007,$244.70M,-17.99
DASH-FRXUSD,0.0007,$507.36M,-8.67
XEC-MX,0.0007,$270.05M,-11.87
NFT-REAL,0.0007,$513.58M,6.59
SPX-OUSG,0.0006,$682.32M,-5.75
MWC-MANA,0.0006,$245.23M,15.74
DEXE-TKX,0.0006,$377.52M,-42.14
OHM-GOMINING,0.0006,$391.37M,-2.01
SNX-XEC,0.0006,$241.89M,-24.32
STAC-TRUMP,0.0005,$460.03M,-17.6
CASH-XEC,0.0005,$241.47M,-8.49
OHM-EURC,0.0005,$725.84M,-1.75
META-BAT,0.0005,$198.83M,16.87
FDUSD-THBILL,0.0005,$464.03M,-0.05
UUSD-NFT,0.0005,$364.31M,-7.78
KITE-AIAT,0.0005,$349.98M,-2.22
NXM-USDA,0.0004,$183.05M,-4.73
GRT-NEX,0.0004,$251.67M,-34.43
VIRTUAL-REAL,0.0004,$618.63M,4.52
ZK-AIAT,0.0004,$202.33M,-15.5
GPS-AKE,0.0004,$191.53M,579.74
AWE-GEOD,0.0004,$200.17M,29.81
SOON-FRAX,0.0004,$310.08M,29.4
PIEVERSE-GLIDR,0.0004,$283.47M,-10.36
DEXE-VIRTUAL,0.0003,$643.65M,-46.76
TIA-ZBT,0.0003,$420.44M,-24.44
XTZ-ACRED,0.0003,$340.52M,-21.75
FLOKI-GUSD,0.0003,$348.01M,-10.92
CRVUSD-APYUSD,0.0003,$370.18M,-4.68
SPX-UQC,0.0002,$410.09M,-8.43
VELVET-FLUID,0.0002,$252.79M,124.24
AKT-USDAI,0.0002,$285.83M,-7.92
TKX-USAT,0.0002,$288.67M,-5.27
RLB-DRV,0.0001,$206.92M,9.09
FLUID-WEMIX,0.0001,$186.71M,-25.61
GPS-ENS,0.0001,$272.08M,-1.57
AWE-SUN,0.0001,$448.11M,-4.44
FF-JTO,0.0001,$460.92M,26.19
CVX-NEX,0.0,$225.14M,-26.2
VSN-PC0000015,,$261.12M,-9.73
VSN-PC0000033,,$313.39M,-9.73
VSN-PC0000097,,$284.89M,-9.73
VSN-PC0000031,,$353.39M,-9.73
VSN-PC0000077,,$250.89M,-9.73
VSN-VBILL,,$342.94M,-9.73
VSN-PC0000023,,$251.74M,-9.73
VSN-PC0000085,,$257.39M,-9.73
LUNC-PC0000015,,$389.12M,-20.26
LUNC-PC0000033,,$441.40M,-20.26
LUNC-PC0000097,,$412.90M,-20.26
LUNC-PC0000031,,$481.40M,-20.26
LUNC-PC0000077,,$378.90M,-20.26
LUNC-VBILL,,$470.94M,-20.26
LUNC-PC0000023,,$379.74M,-20.26
LUNC-PC0000085,,$385.40M,-20.26
PC0000015-IMX,,$337.55M,-15.99
PC0000015-NXM,,$197.10M,-5.07
PC0000015-SPX,,$412.30M,-6.16
PC0000015-UB,,$471.06M,11.4
PC0000015-OUSG,,$490.48M,0.41
PC0000015-STAC,,$212.87M,0.49
PC0000015-1INCH,,$226.04M,-6.2
PC0000015-RLB,,$214.50M,0.72
PC0000015-DYDX,,$208.09M,-10.34
PC0000015-APR,,$306.62M,4.86
PC0000015-DRV,,$212.87M,8.37
PC0000015-EDGE,,$246.20M,-25.34
PC0000015-INJ,,$569.46M,12.91
PC0000015-MWC,,$224.07M,28.55
PC0000015-KAU,,$418.53M,-4.28
PC0000015-LDO,,$413.42M,-1.14
PC0000015-EARNETH,,$257.17M,-8.09
PC0000015-GRT,,$271.57M,-19.03
PC0000015-SEI,,$396.78M,-13.15
PC0000015-USDTB,,$465.75M,0.0
PC0000015-VELVET,,$276.73M,141.65
PC0000015-BC,,$329.80M,94.78
PC0000015-DEXE,,$384.31M,-36.93
PC0000015-OZO,,$235.52M,0.28
PC0000015-2Z,,$312.56M,-14.41
PC0000015-CASH,,$232.24M,-0.06
PC0000015-ZBCN,,$287.50M,-21.57
PC0000015-CVX,,$245.04M,-10.79
PC0000015-TIA,,$416.72M,-3.9
PC0000015-US,,$529.19M,422.68
PC0000015-VIRTUAL,,$479.80M,-9.83
PC0000015-ZRO,,$394.98M,-20.28
PC0000015-AKT,,$238.62M,-7.88
PC0000015-TKX,,$213.67M,-5.2
PC0000015-APEPE,,$311.59M,-14.48
PC0000015-USTBL,,$271.07M,0.41
PC0000015-OHM,,$386.03M,-0.36
PC0000015-META,,$205.64M,31.34
PC0000015-APXUSD,,$405.28M,-6.23
PC0000015-GNO,,$392.87M,-6.88
PC0000015-USDAT,,$250.03M,-0.04
PC0000015-TWT,,$258.69M,-8.03
PC0000015-CAKE,,$557.42M,-2.24
PC0000015-ZK,,$194.58M,-23.27
PC0000015-FLUID,,$196.51M,-17.42
PC0000015-COCO,,$294.45M,-21.25
PC0000015-TIBBIR,,$216.71M,-12.39
PC0000015-GPS,,$206.24M,13.01
PC0000015-DCR,,$313.00M,-16.39
PC0000015-NEO,,$244.00M,-15.63
PC0000015-GLM,,$204.99M,-16.13
PC0000015-AXS,,$253.91M,-20.36
PC0000015-KAG,,$323.92M,-10.73
PC0000015-CHEEMS,,$210.54M,-19.46
PC0000015-KMNO,,$208.25M,-5.04
PC0000015-XTZ,,$335.70M,-22.11
PC0000015-ULTIMA,,$291.93M,-11.85
PC0000015-KAITO,,$419.50M,84.43
PC0000015-RUNE,,$258.49M,-36.15
PC0000015-BP,,$224.46M,106.04
PC0000015-UQC,,$218.25M,-2.28
PC0000015-STRK,,$299.44M,-14.45
PC0000015-PC0000033,,$272.73M,0.0
PC0000015-ICNT,,$211.80M,-29.46
PC0000015-FDUSD,,$456.32M,-0.09
PC0000015-PC0000097,,$244.23M,0.0
PC0000015-WEMIX,,$210.65M,-8.19
PC0000015-ACRED,,$225.27M,0.36
PC0000015-UUSD,,$210.01M,-0.03
PC0000015-FLOKI,,$308.73M,-18.01
PC0000015-SAND,,$235.41M,-20.91
PC0000015-AWE,,$216.05M,-3.15
PC0000015-CRVUSD,,$322.28M,-0.04
PC0000015-SNX,,$232.66M,-15.89
PC0000015-VCNT,,$274.67M,-2.73
PC0000015-DASH,,$507.66M,-8.63
PC0000015-CARDS,,$379.09M,9.46
PC0000015-USAT,,$295.45M,-0.07
PC0000015-FF,,$302.51M,1.63
PC0000015-USDA,,$206.40M,0.35
PC0000015-ZANO,,$241.39M,-2.43
PC0000015-REUSD,,$277.66M,3.66
PC0000015-NEX,,$200.56M,-15.4
PC0000015-JTO,,$378.86M,24.56
PC0000015-IOTA,,$257.80M,-20.35
PC0000015-AVUSD,,$226.20M,0.04
PC0000015-FARTCOIN,,$233.24M,-14.36
PC0000015-GALA,,$198.84M,-21.92
PC0000015-ENS,,$286.30M,-14.58
PC0000015-SOON,,$200.24M,29.46
PC0000015-WIF,,$256.57M,-11.28
PC0000015-STRCX,,$251.02M,-4.35
PC0000015-PENGU,,$481.94M,-20.2
PC0000015-BORG,,$248.50M,-12.48
PC0000015-TAG,,$255.29M,29.92
PC0000015-XEC,,$229.68M,-8.43
PC0000015-STX,,$360.74M,-19.57
PC0000015-TEL,,$284.54M,-7.88
PC0000015-GOMINING,,$225.79M,-1.65
PC0000015-EIGEN,,$250.82M,3.63
PC0000015-ZBT,,$224.17M,-20.54
PC0000015-EURC,,$560.26M,-1.4
PC0000015-KITE,,$342.23M,-9.99
PC0000015-RAIL,,$200.07M,7.54
PC0000015-SHORT,,$207.78M,9.28
PC0000015-TRAC,,$233.89M,-8.38
PC0000015-PENDLE,,$360.88M,-3.77
PC0000015-PYTH,,$431.59M,-6.5
PC0000015-PIEVERSE,,$292.31M,-1.16
PC0000015-NFT,,$374.75M,-7.75
PC0000015-RAY,,$273.23M,-13.63
PC0000015-PC0000031,,$312.73M,0.0
PC0000015-GEOD,,$204.57M,32.95
PC0000015-PC0000077,,$210.23M,0.0
PC0000015-A,,$212.52M,-15.38
PC0000015-AIAT,,$228.21M,7.77
PC0000015-MX,,$260.81M,-3.44
PC0000015-THETA,,$236.32M,-18.59
PC0000015-SN64,,$200.22M,-12.44
PC0000015-ETHFI,,$510.12M,0.4
PC0000015-APYUSD,,$268.35M,-4.64
PC0000015-KOGE,,$324.37M,51.48
PC0000015-BTSE,,$243.34M,-11.48
PC0000015-VET,,$499.18M,-18.42
PC0000015-CHZ,,$254.37M,-33.53
PC0000015-REAL,,$359.28M,14.35
PC0000015-MON,,$358.42M,-14.56
PC0000015-MANA,,$241.61M,-12.91
PC0000015-PRL,,$194.30M,67.23
PC0000015-GLIDR,,$211.61M,-9.2
PC0000015-ONYC,,$356.43M,1.34
PC0000015-A7A5,,$588.43M,-1.14
PC0000015-MET,,$199.64M,2.31
PC0000015-COMP,,$269.55M,-16.77
PC0000015-SYRUP,,$317.47M,-15.9
PC0000015-FRXUSD,,$220.15M,-0.04
PC0000015-BTT,,$369.70M,-8.75
PC0000015-BAT,,$213.64M,-14.47
PC0000015-XPIN,,$255.12M,8.87
PC0000015-SOSO,,$226.81M,-9.58
PC0000015-VBILL,,$302.27M,0.0
PC0000015-CRCLON,,$203.08M,-18.5
PC0000015-PEANUT,,$294.76M,-11.5
PC0000015-AR,,$226.28M,-4.09
PC0000015-SFP,,$212.96M,-17.48
PC0000015-PC0000023,,$211.07M,0.0
PC0000015-GUSD,,$259.73M,7.09
PC0000015-WFI,,$284.77M,-1.07
PC0000015-GRASS,,$326.10M,0.8
PC0000015-PC0000085,,$216.73M,0.0
PC0000015-BSV,,$368.72M,-9.35
PC0000015-JASMY,,$321.81M,-11.81
PC0000015-USDAI,,$267.66M,-0.04
PC0000015-AERO,,$524.60M,-2.86
PC0000015-BONK,,$375.17M,-12.92
PC0000015-SUN,,$452.52M,-1.3
PC0000015-EURCV,,$259.66M,-1.48
PC0000015-USDZ,,$237.62M,-0.73
PC0000015-AKE,,$205.75M,566.72
PC0000015-XCN,,$239.88M,-18.34
PC0000015-TRUMP,,$467.62M,-18.1
PC0000015-FET,,$416.14M,-15.41
PC0000015-FRAX,,$330.29M,-0.05
PC0000015-THBILL,,$228.16M,0.04
PC0000015-ZAMA,,$248.04M,65.01
PC0000015-SHFL,,$231.63M,-2.78
PC0000015-USDF,,$222.06M,-0.04
PC0000015-XPL,,$330.81M,-4.97
IMX-PC0000033,,$389.82M,-15.99
IMX-PC0000097,,$361.32M,-15.99
IMX-PC0000031,,$429.82M,-15.99
IMX-PC0000077,,$327.32M,-15.99
IMX-VBILL,,$419.36M,-15.99
IMX-PC0000023,,$328.17M,-15.99
IMX-PC0000085,,$333.82M,-15.99
NXM-PC0000033,,$249.37M,-5.07
NXM-PC0000097,,$220.87M,-5.07
NXM-PC0000031,,$289.37M,-5.07
NXM-PC0000077,,$186.87M,-5.07
NXM-VBILL,,$278.91M,-5.07
NXM-PC0000023,,$187.72M,-5.07
NXM-PC0000085,,$193.37M,-5.07
SPX-PC0000033,,$464.57M,-6.16
SPX-PC0000097,,$436.07M,-6.16
SPX-PC0000031,,$504.57M,-6.16
SPX-PC0000077,,$402.07M,-6.16
SPX-VBILL,,$494.12M,-6.16
SPX-PC0000023,,$402.92M,-6.16
SPX-PC0000085,,$408.57M,-6.16
UB-PC0000033,,$523.34M,11.4
UB-PC0000097,,$494.84M,11.4
UB-PC0000031,,$563.34M,11.4
UB-PC0000077,,$460.84M,11.4
UB-VBILL,,$552.88M,11.4
UB-PC0000023,,$461.68M,11.4
UB-PC0000085,,$467.34M,11.4
OUSG-PC0000033,,$542.75M,0.41
OUSG-PC0000097,,$514.25M,0.41
OUSG-PC0000031,,$582.75M,0.41
OUSG-PC0000077,,$480.25M,0.41
OUSG-VBILL,,$572.29M,0.41
OUSG-PC0000023,,$481.10M,0.41
OUSG-PC0000085,,$486.75M,0.41
STAC-PC0000033,,$265.14M,0.49
STAC-PC0000097,,$236.64M,0.49
STAC-PC0000031,,$305.14M,0.49
STAC-PC0000077,,$202.64M,0.49
STAC-VBILL,,$294.69M,0.49
STAC-PC0000023,,$203.49M,0.49
STAC-PC0000085,,$209.14M,0.49
1INCH-PC0000033,,$278.32M,-6.2
1INCH-PC0000097,,$249.82M,-6.2
1INCH-PC0000031,,$318.32M,-6.2
1INCH-PC0000077,,$215.82M,-6.2
1INCH-VBILL,,$307.86M,-6.2
1INCH-PC0000023,,$216.66M,-6.2
1INCH-PC0000085,,$222.32M,-6.2
RLB-PC0000033,,$266.77M,0.72
RLB-PC0000097,,$238.27M,0.72
RLB-PC0000031,,$306.77M,0.72
RLB-PC0000077,,$204.27M,0.72
RLB-VBILL,,$296.32M,0.72
RLB-PC0000023,,$205.12M,0.72
RLB-PC0000085,,$210.77M,0.72
DYDX-PC0000033,,$260.37M,-10.34
DYDX-PC0000097,,$231.87M,-10.34
DYDX-PC0000031,,$300.37M,-10.34
DYDX-PC0000077,,$197.87M,-10.34
DYDX-VBILL,,$289.91M,-10.34
DYDX-PC0000023,,$198.71M,-10.34
DYDX-PC0000085,,$204.37M,-10.34
APR-PC0000033,,$358.89M,4.86
APR-PC0000097,,$330.39M,4.86
APR-PC0000031,,$398.89M,4.86
APR-PC0000077,,$296.39M,4.86
APR-VBILL,,$388.43M,4.86
APR-PC0000023,,$297.24M,4.86
APR-PC0000085,,$302.89M,4.86
DRV-PC0000033,,$265.14M,8.37
DRV-PC0000097,,$236.64M,8.37
DRV-PC0000031,,$305.14M,8.37
DRV-PC0000077,,$202.64M,8.37
DRV-VBILL,,$294.69M,8.37
DRV-PC0000023,,$203.49M,8.37
DRV-PC0000085,,$209.14M,8.37
EDGE-PC0000033,,$298.47M,-25.34
EDGE-PC0000097,,$269.97M,-25.34
EDGE-PC0000031,,$338.47M,-25.34
EDGE-PC0000077,,$235.97M,-25.34
EDGE-VBILL,,$328.02M,-25.34
EDGE-PC0000023,,$236.82M,-25.34
EDGE-PC0000085,,$242.47M,-25.34
INJ-PC0000033,,$621.74M,12.91
INJ-PC0000097,,$593.24M,12.91
INJ-PC0000031,,$661.74M,12.91
INJ-PC0000077,,$559.24M,12.91
INJ-VBILL,,$651.28M,12.91
INJ-PC0000023,,$560.08M,12.91
INJ-PC0000085,,$565.74M,12.91
MWC-PC0000033,,$276.34M,28.55
MWC-PC0000097,,$247.84M,28.55
MWC-PC0000031,,$316.34M,28.55
MWC-PC0000077,,$213.84M,28.55
MWC-VBILL,,$305.88M,28.55
MWC-PC0000023,,$214.69M,28.55
MWC-PC0000085,,$220.34M,28.55
KAU-PC0000033,,$470.81M,-4.28
KAU-PC0000097,,$442.31M,-4.28
KAU-PC0000031,,$510.81M,-4.28
KAU-PC0000077,,$408.31M,-4.28
KAU-VBILL,,$500.35M,-4.28
KAU-PC0000023,,$409.15M,-4.28
KAU-PC0000085,,$414.81M,-4.28
LDO-PC0000033,,$465.70M,-1.14
LDO-PC0000097,,$437.20M,-1.14
LDO-PC0000031,,$505.70M,-1.14
LDO-PC0000077,,$403.20M,-1.14
LDO-VBILL,,$495.24M,-1.14
LDO-PC0000023,,$404.04M,-1.14
LDO-PC0000085,,$409.70M,-1.14
EARNETH-PC0000033,,$309.44M,-8.09
EARNETH-PC0000097,,$280.94M,-8.09
EARNETH-PC0000031,,$349.44M,-8.09
EARNETH-PC0000077,,$246.94M,-8.09
EARNETH-VBILL,,$338.99M,-8.09
EARNETH-PC0000023,,$247.79M,-8.09
EARNETH-PC0000085,,$253.44M,-8.09
GRT-PC0000033,,$323.84M,-19.03
GRT-PC0000097,,$295.34M,-19.03
GRT-PC0000031,,$363.84M,-19.03
GRT-PC0000077,,$261.34M,-19.03
GRT-VBILL,,$353.39M,-19.03
GRT-PC0000023,,$262.19M,-19.03
GRT-PC0000085,,$267.84M,-19.03
SEI-PC0000033,,$449.05M,-13.15
SEI-PC0000097,,$420.55M,-13.15
SEI-PC0000031,,$489.05M,-13.15
SEI-PC0000077,,$386.55M,-13.15
SEI-VBILL,,$478.60M,-13.15
SEI-PC0000023,,$387.40M,-13.15
SEI-PC0000085,,$393.05M,-13.15
USDTB-PC0000033,,$518.02M,0.0
USDTB-PC0000097,,$489.52M,0.0
USDTB-PC0000031,,$558.02M,0.0
USDTB-PC0000077,,$455.52M,0.0
USDTB-VBILL,,$547.56M,0.0
USDTB-PC0000023,,$456.37M,0.0
USDTB-PC0000085,,$462.02M,0.0
VELVET-PC0000033,,$329.00M,141.65
VELVET-PC0000097,,$300.50M,141.65
VELVET-PC0000031,,$369.00M,141.65
VELVET-PC0000077,,$266.50M,141.65
VELVET-VBILL,,$358.55M,141.65
VELVET-PC0000023,,$267.35M,141.65
VELVET-PC0000085,,$273.00M,141.65
BC-PC0000033,,$382.07M,94.78
BC-PC0000097,,$353.57M,94.78
BC-PC0000031,,$422.07M,94.78
BC-PC0000077,,$319.57M,94.78
BC-VBILL,,$411.61M,94.78
BC-PC0000023,,$320.42M,94.78
BC-PC0000085,,$326.07M,94.78
DEXE-PC0000033,,$436.58M,-36.93
DEXE-PC0000097,,$408.08M,-36.93
DEXE-PC0000031,,$476.58M,-36.93
DEXE-PC0000077,,$374.08M,-36.93
DEXE-VBILL,,$466.12M,-36.93
DEXE-PC0000023,,$374.93M,-36.93
DEXE-PC0000085,,$380.58M,-36.93
OZO-PC0000033,,$287.80M,0.28
OZO-PC0000097,,$259.30M,0.28
OZO-PC0000031,,$327.80M,0.28
OZO-PC0000077,,$225.30M,0.28
OZO-VBILL,,$317.34M,0.28
OZO-PC0000023,,$226.14M,0.28
OZO-PC0000085,,$231.80M,0.28
2Z-PC0000033,,$364.84M,-14.41
2Z-PC0000097,,$336.34M,-14.41
2Z-PC0000031,,$404.84M,-14.41
2Z-PC0000077,,$302.34M,-14.41
2Z-VBILL,,$394.38M,-14.41
2Z-PC0000023,,$303.18M,-14.41
2Z-PC0000085,,$308.84M,-14.41
CASH-PC0000033,,$284.52M,-0.06
CASH-PC0000097,,$256.02M,-0.06
CASH-PC0000031,,$324.52M,-0.06
CASH-PC0000077,,$222.02M,-0.06
CASH-VBILL,,$314.06M,-0.06
CASH-PC0000023,,$222.86M,-0.06
CASH-PC0000085,,$228.52M,-0.06
ZBCN-PC0000033,,$339.77M,-21.57
ZBCN-PC0000097,,$311.27M,-21.57
ZBCN-PC0000031,,$379.77M,-21.57
ZBCN-PC0000077,,$277.27M,-21.57
ZBCN-VBILL,,$369.32M,-21.57
ZBCN-PC0000023,,$278.12M,-21.57
ZBCN-PC0000085,,$283.77M,-21.57
CVX-PC0000033,,$297.32M,-10.79
CVX-PC0000097,,$268.82M,-10.79
CVX-PC0000031,,$337.32M,-10.79
CVX-PC0000077,,$234.82M,-10.79
CVX-VBILL,,$326.86M,-10.79
CVX-PC0000023,,$235.66M,-10.79
CVX-PC0000085,,$241.32M,-10.79
TIA-PC0000033,,$468.99M,-3.9
TIA-PC0000097,,$440.49M,-3.9
TIA-PC0000031,,$508.99M,-3.9
TIA-PC0000077,,$406.49M,-3.9
TIA-VBILL,,$498.53M,-3.9
TIA-PC0000023,,$407.34M,-3.9
TIA-PC0000085,,$412.99M,-3.9
US-PC0000033,,$581.47M,422.68
US-PC0000097,,$552.97M,422.68
US-PC0000031,,$621.47M,422.68
US-PC0000077,,$518.97M,422.68
US-VBILL,,$611.01M,422.68
US-PC0000023,,$519.81M,422.68
US-PC0000085,,$525.47M,422.68
VIRTUAL-PC0000033,,$532.07M,-9.83
VIRTUAL-PC0000097,,$503.57M,-9.83
VIRTUAL-PC0000031,,$572.07M,-9.83
VIRTUAL-PC0000077,,$469.57M,-9.83
VIRTUAL-VBILL,,$561.61M,-9.83
VIRTUAL-PC0000023,,$470.42M,-9.83
VIRTUAL-PC0000085,,$476.07M,-9.83
ZRO-PC0000033,,$447.25M,-20.28
ZRO-PC0000097,,$418.75M,-20.28
ZRO-PC0000031,,$487.25M,-20.28
ZRO-PC0000077,,$384.75M,-20.28
ZRO-VBILL,,$476.80M,-20.28
ZRO-PC0000023,,$385.60M,-20.28
ZRO-PC0000085,,$391.25M,-20.28
AKT-PC0000033,,$290.89M,-7.88
AKT-PC0000097,,$262.39M,-7.88
AKT-PC0000031,,$330.89M,-7.88
AKT-PC0000077,,$228.39M,-7.88
AKT-VBILL,,$320.44M,-7.88
AKT-PC0000023,,$229.24M,-7.88
AKT-PC0000085,,$234.89M,-7.88
TKX-PC0000033,,$265.94M,-5.2
TKX-PC0000097,,$237.44M,-5.2
TKX-PC0000031,,$305.94M,-5.2
TKX-PC0000077,,$203.44M,-5.2
TKX-VBILL,,$295.49M,-5.2
TKX-PC0000023,,$204.29M,-5.2
TKX-PC0000085,,$209.94M,-5.2
APEPE-PC0000033,,$363.86M,-14.48
APEPE-PC0000097,,$335.36M,-14.48
APEPE-PC0000031,,$403.86M,-14.48
APEPE-PC0000077,,$301.36M,-14.48
APEPE-VBILL,,$393.40M,-14.48
APEPE-PC0000023,,$302.21M,-14.48
APEPE-PC0000085,,$307.86M,-14.48
USTBL-PC0000033,,$323.34M,0.41
USTBL-PC0000097,,$294.84M,0.41
USTBL-PC0000031,,$363.34M,0.41
USTBL-PC0000077,,$260.84M,0.41
USTBL-VBILL,,$352.88M,0.41
USTBL-PC0000023,,$261.69M,0.41
USTBL-PC0000085,,$267.34M,0.41
OHM-PC0000033,,$438.30M,-0.36
OHM-PC0000097,,$409.80M,-0.36
OHM-PC0000031,,$478.30M,-0.36
OHM-PC0000077,,$375.80M,-0.36
OHM-VBILL,,$467.85M,-0.36
OHM-PC0000023,,$376.65M,-0.36
OHM-PC0000085,,$382.30M,-0.36
META-PC0000033,,$257.91M,31.34
META-PC0000097,,$229.41M,31.34
META-PC0000031,,$297.91M,31.34
META-PC0000077,,$195.41M,31.34
META-VBILL,,$287.46M,31.34
META-PC0000023,,$196.26M,31.34
META-PC0000085,,$201.91M,31.34
APXUSD-PC0000033,,$457.56M,-6.23
APXUSD-PC0000097,,$429.06M,-6.23
APXUSD-PC0000031,,$497.56M,-6.23
APXUSD-PC0000077,,$395.06M,-6.23
APXUSD-VBILL,,$487.10M,-6.23
APXUSD-PC0000023,,$395.90M,-6.23
APXUSD-PC0000085,,$401.56M,-6.23
GNO-PC0000033,,$445.14M,-6.88
GNO-PC0000097,,$416.64M,-6.88
GNO-PC0000031,,$485.14M,-6.88
GNO-PC0000077,,$382.64M,-6.88
GNO-VBILL,,$474.69M,-6.88
GNO-PC0000023,,$383.49M,-6.88
GNO-PC0000085,,$389.14M,-6.88
USDAT-PC0000033,,$302.30M,-0.04
USDAT-PC0000097,,$273.80M,-0.04
USDAT-PC0000031,,$342.30M,-0.04
USDAT-PC0000077,,$239.80M,-0.04
USDAT-VBILL,,$331.84M,-0.04
USDAT-PC0000023,,$240.65M,-0.04
USDAT-PC0000085,,$246.30M,-0.04
TWT-PC0000033,,$310.97M,-8.03
TWT-PC0000097,,$282.47M,-8.03
TWT-PC0000031,,$350.97M,-8.03
TWT-PC0000077,,$248.47M,-8.03
TWT-VBILL,,$340.51M,-8.03
TWT-PC0000023,,$249.31M,-8.03
TWT-PC0000085,,$254.97M,-8.03
CAKE-PC0000033,,$609.69M,-2.24
CAKE-PC0000097,,$581.19M,-2.24
CAKE-PC0000031,,$649.69M,-2.24
CAKE-PC0000077,,$547.19M,-2.24
CAKE-VBILL,,$639.23M,-2.24
CAKE-PC0000023,,$548.04M,-2.24
CAKE-PC0000085,,$553.69M,-2.24
ZK-PC0000033,,$246.85M,-23.27
ZK-PC0000097,,$218.35M,-23.27
ZK-PC0000031,,$286.85M,-23.27
ZK-PC0000077,,$184.35M,-23.27
ZK-VBILL,,$276.40M,-23.27
ZK-PC0000023,,$185.20M,-23.27
ZK-PC0000085,,$190.85M,-23.27
FLUID-PC0000033,,$248.79M,-17.42
FLUID-PC0000097,,$220.29M,-17.42
FLUID-PC0000031,,$288.79M,-17.42
FLUID-PC0000077,,$186.29M,-17.42
FLUID-VBILL,,$278.33M,-17.42
FLUID-PC0000023,,$187.13M,-17.42
FLUID-PC0000085,,$192.79M,-17.42
COCO-PC0000033,,$346.72M,-21.25
COCO-PC0000097,,$318.22M,-21.25
COCO-PC0000031,,$386.72M,-21.25
COCO-PC0000077,,$284.22M,-21.25
COCO-VBILL,,$376.26M,-21.25
COCO-PC0000023,,$285.07M,-21.25
COCO-PC0000085,,$290.72M,-21.25
TIBBIR-PC0000033,,$268.98M,-12.39
TIBBIR-PC0000097,,$240.48M,-12.39
TIBBIR-PC0000031,,$308.98M,-12.39
TIBBIR-PC0000077,,$206.48M,-12.39
TIBBIR-VBILL,,$298.53M,-12.39
TIBBIR-PC0000023,,$207.33M,-12.39
TIBBIR-PC0000085,,$212.98M,-12.39
GPS-PC0000033,,$258.51M,13.01
GPS-PC0000097,,$230.01M,13.01
GPS-PC0000031,,$298.51M,13.01
GPS-PC0000077,,$196.01M,13.01
GPS-VBILL,,$288.05M,13.01
GPS-PC0000023,,$196.86M,13.01
GPS-PC0000085,,$202.51M,13.01
DCR-PC0000033,,$365.28M,-16.39
DCR-PC0000097,,$336.78M,-16.39
DCR-PC0000031,,$405.28M,-16.39
DCR-PC0000077,,$302.78M,-16.39
DCR-VBILL,,$394.82M,-16.39
DCR-PC0000023,,$303.62M,-16.39
DCR-PC0000085,,$309.28M,-16.39
NEO-PC0000033,,$296.27M,-15.63
NEO-PC0000097,,$267.77M,-15.63
NEO-PC0000031,,$336.27M,-15.63
NEO-PC0000077,,$233.77M,-15.63
NEO-VBILL,,$325.82M,-15.63
NEO-PC0000023,,$234.62M,-15.63
NEO-PC0000085,,$240.27M,-15.63
GLM-PC0000033,,$257.26M,-16.13
GLM-PC0000097,,$228.76M,-16.13
GLM-PC0000031,,$297.26M,-16.13
GLM-PC0000077,,$194.76M,-16.13
GLM-VBILL,,$286.81M,-16.13
GLM-PC0000023,,$195.61M,-16.13
GLM-PC0000085,,$201.26M,-16.13
AXS-PC0000033,,$306.19M,-20.36
AXS-PC0000097,,$277.69M,-20.36
AXS-PC0000031,,$346.19M,-20.36
AXS-PC0000077,,$243.69M,-20.36
AXS-VBILL,,$335.73M,-20.36
AXS-PC0000023,,$244.53M,-20.36
AXS-PC0000085,,$250.19M,-20.36
KAG-PC0000033,,$376.19M,-10.73
KAG-PC0000097,,$347.69M,-10.73
KAG-PC0000031,,$416.19M,-10.73
KAG-PC0000077,,$313.69M,-10.73
KAG-VBILL,,$405.73M,-10.73
KAG-PC0000023,,$314.54M,-10.73
KAG-PC0000085,,$320.19M,-10.73
CHEEMS-PC0000033,,$262.82M,-19.46
CHEEMS-PC0000097,,$234.32M,-19.46
CHEEMS-PC0000031,,$302.82M,-19.46
CHEEMS-PC0000077,,$200.32M,-19.46
CHEEMS-VBILL,,$292.36M,-19.46
CHEEMS-PC0000023,,$201.16M,-19.46
CHEEMS-PC0000085,,$206.82M,-19.46
KMNO-PC0000033,,$260.52M,-5.04
KMNO-PC0000097,,$232.02M,-5.04
KMNO-PC0000031,,$300.52M,-5.04
KMNO-PC0000077,,$198.02M,-5.04
KMNO-VBILL,,$290.06M,-5.04
KMNO-PC0000023,,$198.87M,-5.04
KMNO-PC0000085,,$204.52M,-5.04
XTZ-PC0000033,,$387.97M,-22.11
XTZ-PC0000097,,$359.47M,-22.11
XTZ-PC0000031,,$427.97M,-22.11
XTZ-PC0000077,,$325.47M,-22.11
XTZ-VBILL,,$417.52M,-22.11
XTZ-PC0000023,,$326.32M,-22.11
XTZ-PC0000085,,$331.97M,-22.11
ULTIMA-PC0000033,,$344.20M,-11.85
ULTIMA-PC0000097,,$315.70M,-11.85
ULTIMA-PC0000031,,$384.20M,-11.85
ULTIMA-PC0000077,,$281.70M,-11.85
ULTIMA-VBILL,,$373.74M,-11.85
ULTIMA-PC0000023,,$282.55M,-11.85
ULTIMA-PC0000085,,$288.20M,-11.85
KAITO-PC0000033,,$471.77M,84.43
KAITO-PC0000097,,$443.27M,84.43
KAITO-PC0000031,,$511.77M,84.43
KAITO-PC0000077,,$409.27M,84.43
KAITO-VBILL,,$501.31M,84.43
KAITO-PC0000023,,$410.12M,84.43
KAITO-PC0000085,,$415.77M,84.43
RUNE-PC0000033,,$310.76M,-36.15
RUNE-PC0000097,,$282.26M,-36.15
RUNE-PC0000031,,$350.76M,-36.15
RUNE-PC0000077,,$248.26M,-36.15
RUNE-VBILL,,$340.31M,-36.15
RUNE-PC0000023,,$249.11M,-36.15
RUNE-PC0000085,,$254.76M,-36.15
BP-PC0000033,,$276.74M,106.04
BP-PC0000097,,$248.24M,106.04
BP-PC0000031,,$316.74M,106.04
BP-PC0000077,,$214.24M,106.04
BP-VBILL,,$306.28M,106.04
BP-PC0000023,,$215.08M,106.04
BP-PC0000085,,$220.74M,106.04
UQC-PC0000033,,$270.52M,-2.28
UQC-PC0000097,,$242.02M,-2.28
UQC-PC0000031,,$310.52M,-2.28
UQC-PC0000077,,$208.02M,-2.28
UQC-VBILL,,$300.06M,-2.28
UQC-PC0000023,,$208.87M,-2.28
UQC-PC0000085,,$214.52M,-2.28
STRK-PC0000033,,$351.71M,-14.45
STRK-PC0000097,,$323.21M,-14.45
STRK-PC0000031,,$391.71M,-14.45
STRK-PC0000077,,$289.21M,-14.45
STRK-VBILL,,$381.25M,-14.45
STRK-PC0000023,,$290.06M,-14.45
STRK-PC0000085,,$295.71M,-14.45
PC0000033-ICNT,,$264.07M,-29.46
PC0000033-FDUSD,,$508.60M,-0.09
PC0000033-PC0000097,,$296.50M,0.0
PC0000033-WEMIX,,$262.92M,-8.19
PC0000033-ACRED,,$277.54M,0.36
PC0000033-UUSD,,$262.29M,-0.03
PC0000033-FLOKI,,$361.01M,-18.01
PC0000033-SAND,,$287.69M,-20.91
PC0000033-AWE,,$268.32M,-3.15
PC0000033-CRVUSD,,$374.55M,-0.04
PC0000033-SNX,,$284.93M,-15.89
PC0000033-VCNT,,$326.94M,-2.73
PC0000033-DASH,,$559.93M,-8.63
PC0000033-CARDS,,$431.37M,9.46
PC0000033-USAT,,$347.73M,-0.07
PC0000033-FF,,$354.78M,1.63
PC0000033-USDA,,$258.68M,0.35
PC0000033-ZANO,,$293.66M,-2.43
PC0000033-REUSD,,$329.93M,3.66
PC0000033-NEX,,$252.83M,-15.4
PC0000033-JTO,,$431.14M,24.56
PC0000033-IOTA,,$310.07M,-20.35
PC0000033-AVUSD,,$278.48M,0.04
PC0000033-FARTCOIN,,$285.51M,-14.36
PC0000033-GALA,,$251.11M,-21.92
PC0000033-ENS,,$338.57M,-14.58
PC0000033-SOON,,$252.51M,29.46
PC0000033-WIF,,$308.84M,-11.28
PC0000033-STRCX,,$303.29M,-4.35
PC0000033-PENGU,,$534.22M,-20.2
PC0000033-BORG,,$300.77M,-12.48
PC0000033-TAG,,$307.57M,29.92
PC0000033-XEC,,$281.96M,-8.43
PC0000033-STX,,$413.02M,-19.57
PC0000033-TEL,,$336.81M,-7.88
PC0000033-GOMINING,,$278.06M,-1.65
PC0000033-EIGEN,,$303.09M,3.63
PC0000033-ZBT,,$276.45M,-20.54
PC0000033-EURC,,$612.54M,-1.4
PC0000033-KITE,,$394.50M,-9.99
PC0000033-RAIL,,$252.34M,7.54
PC0000033-SHORT,,$260.05M,9.28
PC0000033-TRAC,,$286.17M,-8.38
PC0000033-PENDLE,,$413.15M,-3.77
PC0000033-PYTH,,$483.86M,-6.5
PC0000033-PIEVERSE,,$344.58M,-1.16
PC0000033-NFT,,$427.02M,-7.75
PC0000033-RAY,,$325.51M,-13.63
PC0000033-PC0000031,,$365.00M,0.0
PC0000033-GEOD,,$256.85M,32.95
PC0000033-PC0000077,,$262.50M,0.0
PC0000033-A,,$264.79M,-15.38
PC0000033-AIAT,,$280.48M,7.77
PC0000033-MX,,$313.09M,-3.44
PC0000033-THETA,,$288.59M,-18.59
PC0000033-SN64,,$252.49M,-12.44
PC0000033-ETHFI,,$562.39M,0.4
PC0000033-APYUSD,,$320.63M,-4.64
PC0000033-KOGE,,$376.65M,51.48
PC0000033-BTSE,,$295.61M,-11.48
PC0000033-VET,,$551.46M,-18.42
PC0000033-CHZ,,$306.64M,-33.53
PC0000033-REAL,,$411.56M,14.35
PC0000033-MON,,$410.69M,-14.56
PC0000033-MANA,,$293.88M,-12.91
PC0000033-PRL,,$246.57M,67.23
PC0000033-GLIDR,,$263.88M,-9.2
PC0000033-ONYC,,$408.71M,1.34
PC0000033-A7A5,,$640.70M,-1.14
PC0000033-MET,,$251.92M,2.31
PC0000033-COMP,,$321.82M,-16.77
PC0000033-SYRUP,,$369.75M,-15.9
PC0000033-FRXUSD,,$272.42M,-0.04
PC0000033-BTT,,$421.97M,-8.75
PC0000033-BAT,,$265.91M,-14.47
PC0000033-XPIN,,$307.40M,8.87
PC0000033-SOSO,,$279.09M,-9.58
PC0000033-VBILL,,$354.54M,0.0
PC0000033-CRCLON,,$255.35M,-18.5
PC0000033-PEANUT,,$347.04M,-11.5
PC0000033-AR,,$278.55M,-4.09
PC0000033-SFP,,$265.23M,-17.48
PC0000033-PC0000023,,$263.35M,0.0
PC0000033-GUSD,,$312.01M,7.09
PC0000033-WFI,,$337.04M,-1.07
PC0000033-GRASS,,$378.37M,0.8
PC0000033-PC0000085,,$269.00M,0.0
PC0000033-BSV,,$420.99M,-9.35
PC0000033-JASMY,,$374.09M,-11.81
PC0000033-USDAI,,$319.94M,-0.04
PC0000033-AERO,,$576.87M,-2.86
PC0000033-BONK,,$427.45M,-12.92
PC0000033-SUN,,$504.79M,-1.3
PC0000033-EURCV,,$311.94M,-1.48
PC0000033-USDZ,,$289.89M,-0.73
PC0000033-AKE,,$258.02M,566.72
PC0000033-XCN,,$292.16M,-18.34
PC0000033-TRUMP,,$519.89M,-18.1
PC0000033-FET,,$468.42M,-15.41
PC0000033-FRAX,,$382.57M,-0.05
PC0000033-THBILL,,$280.43M,0.04
PC0000033-ZAMA,,$300.31M,65.01
PC0000033-SHFL,,$283.90M,-2.78
PC0000033-USDF,,$274.34M,-0.04
PC0000033-XPL,,$383.09M,-4.97
ICNT-PC0000097,,$235.57M,-29.46
ICNT-PC0000031,,$304.07M,-29.46
ICNT-PC0000077,,$201.57M,-29.46
ICNT-VBILL,,$293.61M,-29.46
ICNT-PC0000023,,$202.42M,-29.46
ICNT-PC0000085,,$208.07M,-29.46
FDUSD-PC0000097,,$480.10M,-0.09
FDUSD-PC0000031,,$548.60M,-0.09
FDUSD-PC0000077,,$446.10M,-0.09
FDUSD-VBILL,,$538.14M,-0.09
FDUSD-PC0000023,,$446.94M,-0.09
FDUSD-PC0000085,,$452.60M,-0.09
PC0000097-WEMIX,,$234.42M,-8.19
PC0000097-ACRED,,$249.04M,0.36
PC0000097-UUSD,,$233.79M,-0.03
PC0000097-FLOKI,,$332.51M,-18.01
PC0000097-SAND,,$259.19M,-20.91
PC0000097-AWE,,$239.82M,-3.15
PC0000097-CRVUSD,,$346.05M,-0.04
PC0000097-SNX,,$256.43M,-15.89
PC0000097-VCNT,,$298.44M,-2.73
PC0000097-DASH,,$531.43M,-8.63
PC0000097-CARDS,,$402.87M,9.46
PC0000097-USAT,,$319.23M,-0.07
PC0000097-FF,,$326.28M,1.63
PC0000097-USDA,,$230.18M,0.35
PC0000097-ZANO,,$265.16M,-2.43
PC0000097-REUSD,,$301.43M,3.66
PC0000097-NEX,,$224.33M,-15.4
PC0000097-JTO,,$402.64M,24.56
PC0000097-IOTA,,$281.57M,-20.35
PC0000097-AVUSD,,$249.98M,0.04
PC0000097-FARTCOIN,,$257.01M,-14.36
PC0000097-GALA,,$222.61M,-21.92
PC0000097-ENS,,$310.07M,-14.58
PC0000097-SOON,,$224.01M,29.46
PC0000097-WIF,,$280.34M,-11.28
PC0000097-STRCX,,$274.79M,-4.35
PC0000097-PENGU,,$505.72M,-20.2
PC0000097-BORG,,$272.27M,-12.48
PC0000097-TAG,,$279.07M,29.92
PC0000097-XEC,,$253.46M,-8.43
PC0000097-STX,,$384.52M,-19.57
PC0000097-TEL,,$308.31M,-7.88
PC0000097-GOMINING,,$249.56M,-1.65
PC0000097-EIGEN,,$274.59M,3.63
PC0000097-ZBT,,$247.95M,-20.54
PC0000097-EURC,,$584.04M,-1.4
PC0000097-KITE,,$366.00M,-9.99
PC0000097-RAIL,,$223.84M,7.54
PC0000097-SHORT,,$231.55M,9.28
PC0000097-TRAC,,$257.67M,-8.38
PC0000097-PENDLE,,$384.65M,-3.77
PC0000097-PYTH,,$455.36M,-6.5
PC0000097-PIEVERSE,,$316.08M,-1.16
PC0000097-NFT,,$398.52M,-7.75
PC0000097-RAY,,$297.01M,-13.63
PC0000097-PC0000031,,$336.50M,0.0
PC0000097-GEOD,,$228.35M,32.95
PC0000097-PC0000077,,$234.00M,0.0
PC0000097-A,,$236.29M,-15.38
PC0000097-AIAT,,$251.98M,7.77
PC0000097-MX,,$284.59M,-3.44
PC0000097-THETA,,$260.09M,-18.59
PC0000097-SN64,,$223.99M,-12.44
PC0000097-ETHFI,,$533.89M,0.4
PC0000097-APYUSD,,$292.13M,-4.64
PC0000097-KOGE,,$348.15M,51.48
PC0000097-BTSE,,$267.11M,-11.48
PC0000097-VET,,$522.96M,-18.42
PC0000097-CHZ,,$278.14M,-33.53
PC0000097-REAL,,$383.06M,14.35
PC0000097-MON,,$382.19M,-14.56
PC0000097-MANA,,$265.38M,-12.91
PC0000097-PRL,,$218.07M,67.23
PC0000097-GLIDR,,$235.38M,-9.2
PC0000097-ONYC,,$380.21M,1.34
PC0000097-A7A5,,$612.20M,-1.14
PC0000097-MET,,$223.42M,2.31
PC0000097-COMP,,$293.32M,-16.77
PC0000097-SYRUP,,$341.25M,-15.9
PC0000097-FRXUSD,,$243.92M,-0.04
PC0000097-BTT,,$393.47M,-8.75
PC0000097-BAT,,$237.41M,-14.47
PC0000097-XPIN,,$278.90M,8.87
PC0000097-SOSO,,$250.59M,-9.58
PC0000097-VBILL,,$326.04M,0.0
PC0000097-CRCLON,,$226.85M,-18.5
PC0000097-PEANUT,,$318.54M,-11.5
PC0000097-AR,,$250.05M,-4.09
PC0000097-SFP,,$236.73M,-17.48
PC0000097-PC0000023,,$234.85M,0.0
PC0000097-GUSD,,$283.51M,7.09
PC0000097-WFI,,$308.54M,-1.07
PC0000097-GRASS,,$349.87M,0.8
PC0000097-PC0000085,,$240.50M,0.0
PC0000097-BSV,,$392.49M,-9.35
PC0000097-JASMY,,$345.59M,-11.81
PC0000097-USDAI,,$291.44M,-0.04
PC0000097-AERO,,$548.37M,-2.86
PC0000097-BONK,,$398.95M,-12.92
PC0000097-SUN,,$476.29M,-1.3
PC0000097-EURCV,,$283.44M,-1.48
PC0000097-USDZ,,$261.39M,-0.73
PC0000097-AKE,,$229.52M,566.72
PC0000097-XCN,,$263.66M,-18.34
PC0000097-TRUMP,,$491.39M,-18.1
PC0000097-FET,,$439.92M,-15.41
PC0000097-FRAX,,$354.07M,-0.05
PC0000097-THBILL,,$251.93M,0.04
PC0000097-ZAMA,,$271.81M,65.01
PC0000097-SHFL,,$255.40M,-2.78
PC0000097-USDF,,$245.84M,-0.04
PC0000097-XPL,,$354.59M,-4.97
WEMIX-PC0000031,,$302.92M,-8.19
WEMIX-PC0000077,,$200.42M,-8.19
WEMIX-VBILL,,$292.47M,-8.19
WEMIX-PC0000023,,$201.27M,-8.19
WEMIX-PC0000085,,$206.92M,-8.19
ACRED-PC0000031,,$317.54M,0.36
ACRED-PC0000077,,$215.04M,0.36
ACRED-VBILL,,$307.08M,0.36
ACRED-PC0000023,,$215.89M,0.36
ACRED-PC0000085,,$221.54M,0.36
UUSD-PC0000031,,$302.29M,-0.03
UUSD-PC0000077,,$199.79M,-0.03
UUSD-VBILL,,$291.83M,-0.03
UUSD-PC0000023,,$200.63M,-0.03
UUSD-PC0000085,,$206.29M,-0.03
FLOKI-PC0000031,,$401.01M,-18.01
FLOKI-PC0000077,,$298.51M,-18.01
FLOKI-VBILL,,$390.55M,-18.01
FLOKI-PC0000023,,$299.36M,-18.01
FLOKI-PC0000085,,$305.01M,-18.01
SAND-PC0000031,,$327.69M,-20.91
SAND-PC0000077,,$225.19M,-20.91
SAND-VBILL,,$317.23M,-20.91
SAND-PC0000023,,$226.03M,-20.91
SAND-PC0000085,,$231.69M,-20.91
AWE-PC0000031,,$308.32M,-3.15
AWE-PC0000077,,$205.82M,-3.15
AWE-VBILL,,$297.86M,-3.15
AWE-PC0000023,,$206.67M,-3.15
AWE-PC0000085,,$212.32M,-3.15
CRVUSD-PC0000031,,$414.55M,-0.04
CRVUSD-PC0000077,,$312.05M,-0.04
CRVUSD-VBILL,,$404.09M,-0.04
CRVUSD-PC0000023,,$312.90M,-0.04
CRVUSD-PC0000085,,$318.55M,-0.04
SNX-PC0000031,,$324.93M,-15.89
SNX-PC0000077,,$222.43M,-15.89
SNX-VBILL,,$314.48M,-15.89
SNX-PC0000023,,$223.28M,-15.89
SNX-PC0000085,,$228.93M,-15.89
VCNT-PC0000031,,$366.94M,-2.73
VCNT-PC0000077,,$264.44M,-2.73
VCNT-VBILL,,$356.49M,-2.73
VCNT-PC0000023,,$265.29M,-2.73
VCNT-PC0000085,,$270.94M,-2.73
DASH-PC0000031,,$599.93M,-8.63
DASH-PC0000077,,$497.43M,-8.63
DASH-VBILL,,$589.48M,-8.63
DASH-PC0000023,,$498.28M,-8.63
DASH-PC0000085,,$503.93M,-8.63
CARDS-PC0000031,,$471.37M,9.46
CARDS-PC0000077,,$368.87M,9.46
CARDS-VBILL,,$460.91M,9.46
CARDS-PC0000023,,$369.71M,9.46
CARDS-PC0000085,,$375.37M,9.46
USAT-PC0000031,,$387.73M,-0.07
USAT-PC0000077,,$285.23M,-0.07
USAT-VBILL,,$377.27M,-0.07
USAT-PC0000023,,$286.07M,-0.07
USAT-PC0000085,,$291.73M,-0.07
FF-PC0000031,,$394.78M,1.63
FF-PC0000077,,$292.28M,1.63
FF-VBILL,,$384.33M,1.63
FF-PC0000023,,$293.13M,1.63
FF-PC0000085,,$298.78M,1.63
USDA-PC0000031,,$298.68M,0.35
USDA-PC0000077,,$196.18M,0.35
USDA-VBILL,,$288.22M,0.35
USDA-PC0000023,,$197.02M,0.35
USDA-PC0000085,,$202.68M,0.35
ZANO-PC0000031,,$333.66M,-2.43
ZANO-PC0000077,,$231.16M,-2.43
ZANO-VBILL,,$323.20M,-2.43
ZANO-PC0000023,,$232.01M,-2.43
ZANO-PC0000085,,$237.66M,-2.43
REUSD-PC0000031,,$369.93M,3.66
REUSD-PC0000077,,$267.43M,3.66
REUSD-VBILL,,$359.48M,3.66
REUSD-PC0000023,,$268.28M,3.66
REUSD-PC0000085,,$273.93M,3.66
NEX-PC0000031,,$292.83M,-15.4
NEX-PC0000077,,$190.33M,-15.4
NEX-VBILL,,$282.37M,-15.4
NEX-PC0000023,,$191.18M,-15.4
NEX-PC0000085,,$196.83M,-15.4
JTO-PC0000031,,$471.14M,24.56
JTO-PC0000077,,$368.64M,24.56
JTO-VBILL,,$460.68M,24.56
JTO-PC0000023,,$369.48M,24.56
JTO-PC0000085,,$375.14M,24.56
IOTA-PC0000031,,$350.07M,-20.35
IOTA-PC0000077,,$247.57M,-20.35
IOTA-VBILL,,$339.62M,-20.35
IOTA-PC0000023,,$248.42M,-20.35
IOTA-PC0000085,,$254.07M,-20.35
AVUSD-PC0000031,,$318.48M,0.04
AVUSD-PC0000077,,$215.98M,0.04
AVUSD-VBILL,,$308.02M,0.04
AVUSD-PC0000023,,$216.82M,0.04
AVUSD-PC0000085,,$222.48M,0.04
FARTCOIN-PC0000031,,$325.51M,-14.36
FARTCOIN-PC0000077,,$223.01M,-14.36
FARTCOIN-VBILL,,$315.05M,-14.36
FARTCOIN-PC0000023,,$223.86M,-14.36
FARTCOIN-PC0000085,,$229.51M,-14.36
GALA-PC0000031,,$291.11M,-21.92
GALA-PC0000077,,$188.61M,-21.92
GALA-VBILL,,$280.66M,-21.92
GALA-PC0000023,,$189.46M,-21.92
GALA-PC0000085,,$195.11M,-21.92
ENS-PC0000031,,$378.57M,-14.58
ENS-PC0000077,,$276.07M,-14.58
ENS-VBILL,,$368.11M,-14.58
ENS-PC0000023,,$276.92M,-14.58
ENS-PC0000085,,$282.57M,-14.58
SOON-PC0000031,,$292.51M,29.46
SOON-PC0000077,,$190.01M,29.46
SOON-VBILL,,$282.05M,29.46
SOON-PC0000023,,$190.86M,29.46
SOON-PC0000085,,$196.51M,29.46
WIF-PC0000031,,$348.84M,-11.28
WIF-PC0000077,,$246.34M,-11.28
WIF-VBILL,,$338.39M,-11.28
WIF-PC0000023,,$247.19M,-11.28
WIF-PC0000085,,$252.84M,-11.28
STRCX-PC0000031,,$343.29M,-4.35
STRCX-PC0000077,,$240.79M,-4.35
STRCX-VBILL,,$332.84M,-4.35
STRCX-PC0000023,,$241.64M,-4.35
STRCX-PC0000085,,$247.29M,-4.35
PENGU-PC0000031,,$574.22M,-20.2
PENGU-PC0000077,,$471.72M,-20.2
PENGU-VBILL,,$563.76M,-20.2
PENGU-PC0000023,,$472.56M,-20.2
PENGU-PC0000085,,$478.22M,-20.2
BORG-PC0000031,,$340.77M,-12.48
BORG-PC0000077,,$238.27M,-12.48
BORG-VBILL,,$330.31M,-12.48
BORG-PC0000023,,$239.12M,-12.48
BORG-PC0000085,,$244.77M,-12.48
TAG-PC0000031,,$347.57M,29.92
TAG-PC0000077,,$245.07M,29.92
TAG-VBILL,,$337.11M,29.92
TAG-PC0000023,,$245.91M,29.92
TAG-PC0000085,,$251.57M,29.92
XEC-PC0000031,,$321.96M,-8.43
XEC-PC0000077,,$219.46M,-8.43
XEC-VBILL,,$311.50M,-8.43
XEC-PC0000023,,$220.30M,-8.43
XEC-PC0000085,,$225.96M,-8.43
STX-PC0000031,,$453.02M,-19.57
STX-PC0000077,,$350.52M,-19.57
STX-VBILL,,$442.56M,-19.57
STX-PC0000023,,$351.36M,-19.57
STX-PC0000085,,$357.02M,-19.57
TEL-PC0000031,,$376.81M,-7.88
TEL-PC0000077,,$274.31M,-7.88
TEL-VBILL,,$366.36M,-7.88
TEL-PC0000023,,$275.16M,-7.88
TEL-PC0000085,,$280.81M,-7.88
GOMINING-PC0000031,,$318.06M,-1.65
GOMINING-PC0000077,,$215.56M,-1.65
GOMINING-VBILL,,$307.61M,-1.65
GOMINING-PC0000023,,$216.41M,-1.65
GOMINING-PC0000085,,$222.06M,-1.65
EIGEN-PC0000031,,$343.09M,3.63
EIGEN-PC0000077,,$240.59M,3.63
EIGEN-VBILL,,$332.64M,3.63
EIGEN-PC0000023,,$241.44M,3.63
EIGEN-PC0000085,,$247.09M,3.63
ZBT-PC0000031,,$316.45M,-20.54
ZBT-PC0000077,,$213.95M,-20.54
ZBT-VBILL,,$305.99M,-20.54
ZBT-PC0000023,,$214.79M,-20.54
ZBT-PC0000085,,$220.45M,-20.54
EURC-PC0000031,,$652.54M,-1.4
EURC-PC0000077,,$550.04M,-1.4
EURC-VBILL,,$642.08M,-1.4
EURC-PC0000023,,$550.88M,-1.4
EURC-PC0000085,,$556.54M,-1.4
KITE-PC0000031,,$434.50M,-9.99
KITE-PC0000077,,$332.00M,-9.99
KITE-VBILL,,$424.05M,-9.99
KITE-PC0000023,,$332.85M,-9.99
KITE-PC0000085,,$338.50M,-9.99
RAIL-PC0000031,,$292.34M,7.54
RAIL-PC0000077,,$189.84M,7.54
RAIL-VBILL,,$281.89M,7.54
RAIL-PC0000023,,$190.69M,7.54
RAIL-PC0000085,,$196.34M,7.54
SHORT-PC0000031,,$300.05M,9.28
SHORT-PC0000077,,$197.55M,9.28
SHORT-VBILL,,$289.60M,9.28
SHORT-PC0000023,,$198.40M,9.28
SHORT-PC0000085,,$204.05M,9.28
TRAC-PC0000031,,$326.17M,-8.38
TRAC-PC0000077,,$223.67M,-8.38
TRAC-VBILL,,$315.71M,-8.38
TRAC-PC0000023,,$224.51M,-8.38
TRAC-PC0000085,,$230.17M,-8.38
PENDLE-PC0000031,,$453.15M,-3.77
PENDLE-PC0000077,,$350.65M,-3.77
PENDLE-VBILL,,$442.69M,-3.77
PENDLE-PC0000023,,$351.50M,-3.77
PENDLE-PC0000085,,$357.15M,-3.77
PYTH-PC0000031,,$523.86M,-6.5
PYTH-PC0000077,,$421.36M,-6.5
PYTH-VBILL,,$513.40M,-6.5
PYTH-PC0000023,,$422.21M,-6.5
PYTH-PC0000085,,$427.86M,-6.5
PIEVERSE-PC0000031,,$384.58M,-1.16
PIEVERSE-PC0000077,,$282.08M,-1.16
PIEVERSE-VBILL,,$374.13M,-1.16
PIEVERSE-PC0000023,,$282.93M,-1.16
PIEVERSE-PC0000085,,$288.58M,-1.16
NFT-PC0000031,,$467.02M,-7.75
NFT-PC0000077,,$364.52M,-7.75
NFT-VBILL,,$456.57M,-7.75
NFT-PC0000023,,$365.37M,-7.75
NFT-PC0000085,,$371.02M,-7.75
RAY-PC0000031,,$365.51M,-13.63
RAY-PC0000077,,$263.01M,-13.63
RAY-VBILL,,$355.05M,-13.63
RAY-PC0000023,,$263.85M,-13.63
RAY-PC0000085,,$269.51M,-13.63
PC0000031-GEOD,,$296.85M,32.95
PC0000031-PC0000077,,$302.50M,0.0
PC0000031-A,,$304.79M,-15.38
PC0000031-AIAT,,$320.48M,7.77
PC0000031-MX,,$353.09M,-3.44
PC0000031-THETA,,$328.59M,-18.59
PC0000031-SN64,,$292.49M,-12.44
PC0000031-ETHFI,,$602.39M,0.4
PC0000031-APYUSD,,$360.63M,-4.64
PC0000031-KOGE,,$416.65M,51.48
PC0000031-BTSE,,$335.61M,-11.48
PC0000031-VET,,$591.46M,-18.42
PC0000031-CHZ,,$346.64M,-33.53
PC0000031-REAL,,$451.56M,14.35
PC0000031-MON,,$450.69M,-14.56
PC0000031-MANA,,$333.88M,-12.91
PC0000031-PRL,,$286.57M,67.23
PC0000031-GLIDR,,$303.88M,-9.2
PC0000031-ONYC,,$448.71M,1.34
PC0000031-A7A5,,$680.70M,-1.14
PC0000031-MET,,$291.92M,2.31
PC0000031-COMP,,$361.82M,-16.77
PC0000031-SYRUP,,$409.75M,-15.9
PC0000031-FRXUSD,,$312.42M,-0.04
PC0000031-BTT,,$461.97M,-8.75
PC0000031-BAT,,$305.91M,-14.47
PC0000031-XPIN,,$347.40M,8.87
PC0000031-SOSO,,$319.09M,-9.58
PC0000031-VBILL,,$394.54M,0.0
PC0000031-CRCLON,,$295.35M,-18.5
PC0000031-PEANUT,,$387.04M,-11.5
PC0000031-AR,,$318.55M,-4.09
PC0000031-SFP,,$305.23M,-17.48
PC0000031-PC0000023,,$303.35M,0.0
PC0000031-GUSD,,$352.01M,7.09
PC0000031-WFI,,$377.04M,-1.07
PC0000031-GRASS,,$418.37M,0.8
PC0000031-PC0000085,,$309.00M,0.0
PC0000031-BSV,,$460.99M,-9.35
PC0000031-JASMY,,$414.09M,-11.81
PC0000031-USDAI,,$359.94M,-0.04
PC0000031-AERO,,$616.87M,-2.86
PC0000031-BONK,,$467.45M,-12.92
PC0000031-SUN,,$544.79M,-1.3
PC0000031-EURCV,,$351.94M,-1.48
PC0000031-USDZ,,$329.89M,-0.73
PC0000031-AKE,,$298.02M,566.72
PC0000031-XCN,,$332.16M,-18.34
PC0000031-TRUMP,,$559.89M,-18.1
PC0000031-FET,,$508.42M,-15.41
PC0000031-FRAX,,$422.57M,-0.05
PC0000031-THBILL,,$320.43M,0.04
PC0000031-ZAMA,,$340.31M,65.01
PC0000031-SHFL,,$323.90M,-2.78
PC0000031-USDF,,$314.34M,-0.04
PC0000031-XPL,,$423.09M,-4.97
GEOD-PC0000077,,$194.35M,32.95
GEOD-VBILL,,$286.39M,32.95
GEOD-PC0000023,,$195.19M,32.95
GEOD-PC0000085,,$200.85M,32.95
PC0000077-A,,$202.29M,-15.38
PC0000077-AIAT,,$217.98M,7.77
PC0000077-MX,,$250.59M,-3.44
PC0000077-THETA,,$226.09M,-18.59
PC0000077-SN64,,$189.99M,-12.44
PC0000077-ETHFI,,$499.89M,0.4
PC0000077-APYUSD,,$258.13M,-4.64
PC0000077-KOGE,,$314.15M,51.48
PC0000077-BTSE,,$233.11M,-11.48
PC0000077-VET,,$488.96M,-18.42
PC0000077-CHZ,,$244.14M,-33.53
PC0000077-REAL,,$349.06M,14.35
PC0000077-MON,,$348.19M,-14.56
PC0000077-MANA,,$231.38M,-12.91
PC0000077-PRL,,$184.07M,67.23
PC0000077-GLIDR,,$201.38M,-9.2
PC0000077-ONYC,,$346.21M,1.34
PC0000077-A7A5,,$578.20M,-1.14
PC0000077-MET,,$189.42M,2.31
PC0000077-COMP,,$259.32M,-16.77
PC0000077-SYRUP,,$307.25M,-15.9
PC0000077-FRXUSD,,$209.92M,-0.04
PC0000077-BTT,,$359.47M,-8.75
PC0000077-BAT,,$203.41M,-14.47
PC0000077-XPIN,,$244.90M,8.87
PC0000077-SOSO,,$216.59M,-9.58
PC0000077-VBILL,,$292.04M,0.0
PC0000077-CRCLON,,$192.85M,-18.5
PC0000077-PEANUT,,$284.54M,-11.5
PC0000077-AR,,$216.05M,-4.09
PC0000077-SFP,,$202.73M,-17.48
PC0000077-PC0000023,,$200.85M,0.0
PC0000077-GUSD,,$249.51M,7.09
PC0000077-WFI,,$274.54M,-1.07
PC0000077-GRASS,,$315.87M,0.8
PC0000077-PC0000085,,$206.50M,0.0
PC0000077-BSV,,$358.49M,-9.35
PC0000077-JASMY,,$311.59M,-11.81
PC0000077-USDAI,,$257.44M,-0.04
PC0000077-AERO,,$514.37M,-2.86
PC0000077-BONK,,$364.95M,-12.92
PC0000077-SUN,,$442.29M,-1.3
PC0000077-EURCV,,$249.44M,-1.48
PC0000077-USDZ,,$227.39M,-0.73
PC0000077-AKE,,$195.52M,566.72
PC0000077-XCN,,$229.66M,-18.34
PC0000077-TRUMP,,$457.39M,-18.1
PC0000077-FET,,$405.92M,-15.41
PC0000077-FRAX,,$320.07M,-0.05
PC0000077-THBILL,,$217.93M,0.04
PC0000077-ZAMA,,$237.81M,65.01
PC0000077-SHFL,,$221.40M,-2.78
PC0000077-USDF,,$211.84M,-0.04
PC0000077-XPL,,$320.59M,-4.97
A-VBILL,,$294.33M,-15.38
A-PC0000023,,$203.14M,-15.38
A-PC0000085,,$208.79M,-15.38
AIAT-VBILL,,$310.02M,7.77
AIAT-PC0000023,,$218.83M,7.77
AIAT-PC0000085,,$224.48M,7.77
MX-VBILL,,$342.63M,-3.44
MX-PC0000023,,$251.43M,-3.44
MX-PC0000085,,$257.09M,-3.44
THETA-VBILL,,$318.14M,-18.59
THETA-PC0000023,,$226.94M,-18.59
THETA-PC0000085,,$232.59M,-18.59
SN64-VBILL,,$282.03M,-12.44
SN64-PC0000023,,$190.84M,-12.44
SN64-PC0000085,,$196.49M,-12.44
ETHFI-VBILL,,$591.93M,0.4
ETHFI-PC0000023,,$500.74M,0.4
ETHFI-PC0000085,,$506.39M,0.4
APYUSD-VBILL,,$350.17M,-4.64
APYUSD-PC0000023,,$258.97M,-4.64
APYUSD-PC0000085,,$264.63M,-4.64
KOGE-VBILL,,$406.19M,51.48
KOGE-PC0000023,,$314.99M,51.48
KOGE-PC0000085,,$320.65M,51.48
BTSE-VBILL,,$325.15M,-11.48
BTSE-PC0000023,,$233.96M,-11.48
BTSE-PC0000085,,$239.61M,-11.48
VET-VBILL,,$581.00M,-18.42
VET-PC0000023,,$489.80M,-18.42
VET-PC0000085,,$495.46M,-18.42
CHZ-VBILL,,$336.18M,-33.53
CHZ-PC0000023,,$244.99M,-33.53
CHZ-PC0000085,,$250.64M,-33.53
REAL-VBILL,,$441.10M,14.35
REAL-PC0000023,,$349.90M,14.35
REAL-PC0000085,,$355.56M,14.35
MON-VBILL,,$440.24M,-14.56
MON-PC0000023,,$349.04M,-14.56
MON-PC0000085,,$354.69M,-14.56
MANA-VBILL,,$323.43M,-12.91
MANA-PC0000023,,$232.23M,-12.91
MANA-PC0000085,,$237.88M,-12.91
PRL-VBILL,,$276.11M,67.23
PRL-PC0000023,,$184.92M,67.23
PRL-PC0000085,,$190.57M,67.23
GLIDR-VBILL,,$293.43M,-9.2
GLIDR-PC0000023,,$202.23M,-9.2
GLIDR-PC0000085,,$207.88M,-9.2
ONYC-VBILL,,$438.25M,1.34
ONYC-PC0000023,,$347.05M,1.34
ONYC-PC0000085,,$352.71M,1.34
A7A5-VBILL,,$670.25M,-1.14
A7A5-PC0000023,,$579.05M,-1.14
A7A5-PC0000085,,$584.70M,-1.14
MET-VBILL,,$281.46M,2.31
MET-PC0000023,,$190.26M,2.31
MET-PC0000085,,$195.92M,2.31
COMP-VBILL,,$351.37M,-16.77
COMP-PC0000023,,$260.17M,-16.77
COMP-PC0000085,,$265.82M,-16.77
SYRUP-VBILL,,$399.29M,-15.9
SYRUP-PC0000023,,$308.09M,-15.9
SYRUP-PC0000085,,$313.75M,-15.9
FRXUSD-VBILL,,$301.96M,-0.04
FRXUSD-PC0000023,,$210.77M,-0.04
FRXUSD-PC0000085,,$216.42M,-0.04
BTT-VBILL,,$451.52M,-8.75
BTT-PC0000023,,$360.32M,-8.75
BTT-PC0000085,,$365.97M,-8.75
BAT-VBILL,,$295.46M,-14.47
BAT-PC0000023,,$204.26M,-14.47
BAT-PC0000085,,$209.91M,-14.47
XPIN-VBILL,,$336.94M,8.87
XPIN-PC0000023,,$245.74M,8.87
XPIN-PC0000085,,$251.40M,8.87
SOSO-VBILL,,$308.63M,-9.58
SOSO-PC0000023,,$217.43M,-9.58
SOSO-PC0000085,,$223.09M,-9.58
VBILL-CRCLON,,$284.90M,-18.5
VBILL-PEANUT,,$376.58M,-11.5
VBILL-AR,,$308.10M,-4.09
VBILL-SFP,,$294.77M,-17.48
VBILL-PC0000023,,$292.89M,0.0
VBILL-GUSD,,$341.55M,7.09
VBILL-WFI,,$366.59M,-1.07
VBILL-GRASS,,$407.91M,0.8
VBILL-PC0000085,,$298.54M,0.0
VBILL-BSV,,$450.54M,-9.35
VBILL-JASMY,,$403.63M,-11.81
VBILL-USDAI,,$349.48M,-0.04
VBILL-AERO,,$606.42M,-2.86
VBILL-BONK,,$456.99M,-12.92
VBILL-SUN,,$534.33M,-1.3
VBILL-EURCV,,$341.48M,-1.48
VBILL-USDZ,,$319.43M,-0.73
VBILL-AKE,,$287.57M,566.72
VBILL-XCN,,$321.70M,-18.34
VBILL-TRUMP,,$549.43M,-18.1
VBILL-FET,,$497.96M,-15.41
VBILL-FRAX,,$412.11M,-0.05
VBILL-THBILL,,$309.98M,0.04
VBILL-ZAMA,,$329.85M,65.01
VBILL-SHFL,,$313.44M,-2.78
VBILL-USDF,,$303.88M,-0.04
VBILL-XPL,,$412.63M,-4.97
CRCLON-PC0000023,,$193.70M,-18.5
CRCLON-PC0000085,,$199.35M,-18.5
PEANUT-PC0000023,,$285.38M,-11.5
PEANUT-PC0000085,,$291.04M,-11.5
AR-PC0000023,,$216.90M,-4.09
AR-PC0000085,,$222.55M,-4.09
SFP-PC0000023,,$203.58M,-17.48
SFP-PC0000085,,$209.23M,-17.48
PC0000023-GUSD,,$250.35M,7.09
PC0000023-WFI,,$275.39M,-1.07
PC0000023-GRASS,,$316.72M,0.8
PC0000023-PC0000085,,$207.35M,0.0
PC0000023-BSV,,$359.34M,-9.35
PC0000023-JASMY,,$312.43M,-11.81
PC0000023-USDAI,,$258.28M,-0.04
PC0000023-AERO,,$515.22M,-2.86
PC0000023-BONK,,$365.79M,-12.92
PC0000023-SUN,,$443.14M,-1.3
PC0000023-EURCV,,$250.28M,-1.48
PC0000023-USDZ,,$228.24M,-0.73
PC0000023-AKE,,$196.37M,566.72
PC0000023-XCN,,$230.51M,-18.34
PC0000023-TRUMP,,$458.24M,-18.1
PC0000023-FET,,$406.76M,-15.41
PC0000023-FRAX,,$320.91M,-0.05
PC0000023-THBILL,,$218.78M,0.04
PC0000023-ZAMA,,$238.66M,65.01
PC0000023-SHFL,,$222.25M,-2.78
PC0000023-USDF,,$212.68M,-0.04
PC0000023-XPL,,$321.43M,-4.97
GUSD-PC0000085,,$256.01M,7.09
WFI-PC0000085,,$281.04M,-1.07
GRASS-PC0000085,,$322.37M,0.8
PC0000085-BSV,,$364.99M,-9.35
PC0000085-JASMY,,$318.09M,-11.81
PC0000085-USDAI,,$263.94M,-0.04
PC0000085-AERO,,$520.87M,-2.86
PC0000085-BONK,,$371.45M,-12.92
PC0000085-SUN,,$448.79M,-1.3
PC0000085-EURCV,,$255.94M,-1.48
PC0000085-USDZ,,$233.89M,-0.73
PC0000085-AKE,,$202.02M,566.72
PC0000085-XCN,,$236.16M,-18.34
PC0000085-TRUMP,,$463.89M,-18.1
PC0000085-FET,,$412.42M,-15.41
PC0000085-FRAX,,$326.57M,-0.05
PC0000085-THBILL,,$224.43M,0.04
PC0000085-ZAMA,,$244.31M,65.01
PC0000085-SHFL,,$227.90M,-2.78
PC0000085-USDF,,$218.34M,-0.04
PC0000085-XPL,,$327.09M,-4.97
VSN-WM,err:WM_insufficient_data(70/72),$237.25M,
LUNC-WM,err:WM_insufficient_data(70/72),$365.26M,
PC0000015-WM,err:WM_insufficient_data(70/72),$196.59M,
IMX-WM,err:WM_insufficient_data(70/72),$313.68M,
NXM-WM,err:WM_insufficient_data(70/72),$173.23M,
SPX-WM,err:WM_insufficient_data(70/72),$388.44M,
UB-WM,err:WM_insufficient_data(70/72),$447.20M,
OUSG-WM,err:WM_insufficient_data(70/72),$466.61M,
STAC-WM,err:WM_insufficient_data(70/72),$189.00M,
1INCH-WM,err:WM_insufficient_data(70/72),$202.18M,
RLB-WM,err:WM_insufficient_data(70/72),$190.63M,
DYDX-WM,err:WM_insufficient_data(70/72),$184.23M,
APR-WM,err:WM_insufficient_data(70/72),$282.75M,
DRV-WM,err:WM_insufficient_data(70/72),$189.00M,
EDGE-WM,err:WM_insufficient_data(70/72),$222.33M,
INJ-WM,err:WM_insufficient_data(70/72),$545.60M,
MWC-WM,err:WM_insufficient_data(70/72),$200.20M,
KAU-WM,err:WM_insufficient_data(70/72),$394.67M,
LDO-WM,err:WM_insufficient_data(70/72),$389.56M,
EARNETH-WM,err:WM_insufficient_data(70/72),$233.30M,
GRT-WM,err:WM_insufficient_data(70/72),$247.70M,
SEI-WM,err:WM_insufficient_data(70/72),$372.91M,
USDTB-WM,err:WM_insufficient_data(70/72),$441.88M,
VELVET-WM,err:WM_insufficient_data(70/72),$252.86M,
BC-WM,err:WM_insufficient_data(70/72),$305.93M,
DEXE-WM,err:WM_insufficient_data(70/72),$360.44M,
OZO-WM,err:WM_insufficient_data(70/72),$211.66M,
2Z-WM,err:WM_insufficient_data(70/72),$288.70M,
CASH-WM,err:WM_insufficient_data(70/72),$208.38M,
ZBCN-WM,err:WM_insufficient_data(70/72),$263.63M,
CVX-WM,err:WM_insufficient_data(70/72),$221.18M,
TIA-WM,err:WM_insufficient_data(70/72),$392.85M,
US-WM,err:WM_insufficient_data(70/72),$505.33M,
VIRTUAL-WM,err:WM_insufficient_data(70/72),$455.93M,
ZRO-WM,err:WM_insufficient_data(70/72),$371.11M,
AKT-WM,err:WM_insufficient_data(70/72),$214.75M,
TKX-WM,err:WM_insufficient_data(70/72),$189.80M,
APEPE-WM,err:WM_insufficient_data(70/72),$287.72M,
USTBL-WM,err:WM_insufficient_data(70/72),$247.20M,
OHM-WM,err:WM_insufficient_data(70/72),$362.17M,
META-WM,err:WM_insufficient_data(70/72),$181.77M,
APXUSD-WM,err:WM_insufficient_data(70/72),$381.42M,
GNO-WM,err:WM_insufficient_data(70/72),$369.00M,
USDAT-WM,err:WM_insufficient_data(70/72),$226.16M,
TWT-WM,err:WM_insufficient_data(70/72),$234.83M,
CAKE-WM,err:WM_insufficient_data(70/72),$533.55M,
ZK-WM,err:WM_insufficient_data(70/72),$170.71M,
FLUID-WM,err:WM_insufficient_data(70/72),$172.65M,
COCO-WM,err:WM_insufficient_data(70/72),$270.58M,
TIBBIR-WM,err:WM_insufficient_data(70/72),$192.85M,
GPS-WM,err:WM_insufficient_data(70/72),$182.37M,
DCR-WM,err:WM_insufficient_data(70/72),$289.14M,
NEO-WM,err:WM_insufficient_data(70/72),$220.14M,
GLM-WM,err:WM_insufficient_data(70/72),$181.12M,
AXS-WM,err:WM_insufficient_data(70/72),$230.05M,
KAG-WM,err:WM_insufficient_data(70/72),$300.05M,
CHEEMS-WM,err:WM_insufficient_data(70/72),$186.68M,
KMNO-WM,err:WM_insufficient_data(70/72),$184.38M,
XTZ-WM,err:WM_insufficient_data(70/72),$311.83M,
ULTIMA-WM,err:WM_insufficient_data(70/72),$268.06M,
KAITO-WM,err:WM_insufficient_data(70/72),$395.63M,
RUNE-WM,err:WM_insufficient_data(70/72),$234.62M,
BP-WM,err:WM_insufficient_data(70/72),$200.60M,
UQC-WM,err:WM_insufficient_data(70/72),$194.38M,
STRK-WM,err:WM_insufficient_data(70/72),$275.57M,
PC0000033-WM,err:WM_insufficient_data(70/72),$248.86M,
ICNT-WM,err:WM_insufficient_data(70/72),$187.93M,
FDUSD-WM,err:WM_insufficient_data(70/72),$432.46M,
PC0000097-WM,err:WM_insufficient_data(70/72),$220.36M,
WEMIX-WM,err:WM_insufficient_data(70/72),$186.78M,
ACRED-WM,err:WM_insufficient_data(70/72),$201.40M,
WM-UUSD,err:WM_insufficient_data(70/72),$186.15M,
WM-FLOKI,err:WM_insufficient_data(70/72),$284.87M,
WM-SAND,err:WM_insufficient_data(70/72),$211.55M,
WM-AWE,err:WM_insufficient_data(70/72),$192.18M,
WM-CRVUSD,err:WM_insufficient_data(70/72),$298.41M,
WM-GENIUS,err:WM_insufficient_data(70/72),$199.74M,
WM-SNX,err:WM_insufficient_data(70/72),$208.80M,
WM-VCNT,err:WM_insufficient_data(70/72),$250.80M,
WM-DASH,err:WM_insufficient_data(70/72),$483.79M,
WM-CARDS,err:WM_insufficient_data(70/72),$355.23M,
WM-USAT,err:WM_insufficient_data(70/72),$271.59M,
WM-FF,err:WM_insufficient_data(70/72),$278.65M,
WM-USDA,err:WM_insufficient_data(70/72),$182.54M,
WM-ZANO,err:WM_insufficient_data(70/72),$217.52M,
WM-REUSD,err:WM_insufficient_data(70/72),$253.79M,
WM-NEX,err:WM_insufficient_data(70/72),$176.69M,
WM-JTO,err:WM_insufficient_data(70/72),$355.00M,
WM-IOTA,err:WM_insufficient_data(70/72),$233.94M,
WM-AVUSD,err:WM_insufficient_data(70/72),$202.34M,
WM-FARTCOIN,err:WM_insufficient_data(70/72),$209.37M,
WM-GALA,err:WM_insufficient_data(70/72),$174.97M,
WM-ENS,err:WM_insufficient_data(70/72),$262.43M,
WM-SOON,err:WM_insufficient_data(70/72),$176.37M,
WM-WIF,err:WM_insufficient_data(70/72),$232.70M,
WM-SPCXB,err:WM_insufficient_data(70/72),$171.90M,
WM-STRCX,err:WM_insufficient_data(70/72),$227.15M,
WM-PENGU,err:WM_insufficient_data(70/72),$458.08M,
WM-BORG,err:WM_insufficient_data(70/72),$224.63M,
WM-TAG,err:WM_insufficient_data(70/72),$231.43M,
WM-XEC,err:WM_insufficient_data(70/72),$205.82M,
WM-STX,err:WM_insufficient_data(70/72),$336.88M,
WM-TEL,err:WM_insufficient_data(70/72),$260.68M,
WM-GOMINING,err:WM_insufficient_data(70/72),$201.92M,
WM-APE,err:WM_insufficient_data(70/72),$235.00M,
WM-EIGEN,err:WM_insufficient_data(70/72),$226.95M,
WM-OP,err:WM_insufficient_data(70/72),$289.52M,
WM-KAIA,err:WM_insufficient_data(70/72),$253.16M,
WM-ZBT,err:WM_insufficient_data(70/72),$200.31M,
WM-EURC,err:WM_insufficient_data(70/72),$536.40M,
WM-KITE,err:WM_insufficient_data(70/72),$318.36M,
WM-RAIL,err:WM_insufficient_data(70/72),$176.20M,
WM-SHORT,err:WM_insufficient_data(70/72),$183.91M,
WM-TRAC,err:WM_insufficient_data(70/72),$210.03M,
WM-PENDLE,err:WM_insufficient_data(70/72),$337.01M,
WM-PYTH,err:WM_insufficient_data(70/72),$407.72M,
WM-PIEVERSE,err:WM_insufficient_data(70/72),$268.44M,
WM-NFT,err:WM_insufficient_data(70/72),$350.88M,
WM-RAY,err:WM_insufficient_data(70/72),$249.37M,
WM-PC0000031,err:WM_insufficient_data(70/72),$288.86M,
WM-GEOD,err:WM_insufficient_data(70/72),$180.71M,
WM-PC0000077,err:WM_insufficient_data(70/72),$186.36M,
WM-A,err:WM_insufficient_data(70/72),$188.65M,
WM-LION,err:WM_insufficient_data(70/72),$228.74M,
WM-AIAT,err:WM_insufficient_data(70/72),$204.34M,
WM-MX,err:WM_insufficient_data(70/72),$236.95M,
WM-THETA,err:WM_insufficient_data(70/72),$212.45M,
WM-SN64,err:WM_insufficient_data(70/72),$176.35M,
WM-ETHFI,err:WM_insufficient_data(70/72),$486.25M,
WM-APYUSD,err:WM_insufficient_data(70/72),$244.49M,
WM-KOGE,err:WM_insufficient_data(70/72),$300.51M,
WM-BTSE,err:WM_insufficient_data(70/72),$219.47M,
WM-VET,err:WM_insufficient_data(70/72),$475.32M,
WM-CHZ,err:WM_insufficient_data(70/72),$230.50M,
WM-REAL,err:WM_insufficient_data(70/72),$335.42M,
WM-MON,err:WM_insufficient_data(70/72),$334.55M,
WM-SAFO,err:WM_insufficient_data(70/72),$243.36M,
WM-MANA,err:WM_insufficient_data(70/72),$217.74M,
WM-PRL,err:WM_insufficient_data(70/72),$170.43M,
WM-GLIDR,err:WM_insufficient_data(70/72),$187.74M,
WM-ONYC,err:WM_insufficient_data(70/72),$332.57M,
WM-A7A5,err:WM_insufficient_data(70/72),$564.56M,
WM-MET,err:WM_insufficient_data(70/72),$175.78M,
WM-Q,err:WM_insufficient_data(70/72),$306.31M,
WM-COMP,err:WM_insufficient_data(70/72),$245.69M,
WM-SYRUP,err:WM_insufficient_data(70/72),$293.61M,
WM-FRXUSD,err:WM_insufficient_data(70/72),$196.28M,
WM-BTT,err:WM_insufficient_data(70/72),$345.83M,
WM-BAT,err:WM_insufficient_data(70/72),$189.77M,
WM-XPIN,err:WM_insufficient_data(70/72),$231.26M,
WM-SOSO,err:WM_insufficient_data(70/72),$202.95M,
WM-VBILL,err:WM_insufficient_data(70/72),$278.40M,
WM-CRCLON,err:WM_insufficient_data(70/72),$179.21M,
WM-PEANUT,err:WM_insufficient_data(70/72),$270.90M,
WM-AR,err:WM_insufficient_data(70/72),$202.41M,
WM-SFP,err:WM_insufficient_data(70/72),$189.09M,
WM-PC0000023,err:WM_insufficient_data(70/72),$187.21M,
WM-GUSD,err:WM_insufficient_data(70/72),$235.87M,
WM-WFI,err:WM_insufficient_data(70/72),$260.90M,
WM-GRASS,err:WM_insufficient_data(70/72),$302.23M,
WM-PC0000085,err:WM_insufficient_data(70/72),$192.86M,
WM-BSV,err:WM_insufficient_data(70/72),$344.85M,
WM-JASMY,err:WM_insufficient_data(70/72),$297.95M,
WM-ANTFUN,err:WM_insufficient_data(70/72),$368.67M,
WM-USDAI,err:WM_insufficient_data(70/72),$243.80M,
WM-AERO,err:WM_insufficient_data(70/72),$500.73M,
WM-BONK,err:WM_insufficient_data(70/72),$351.31M,
WM-SUN,err:WM_insufficient_data(70/72),$428.65M,
WM-EURCV,err:WM_insufficient_data(70/72),$235.80M,
WM-USDZ,err:WM_insufficient_data(70/72),$213.75M,
WM-AKE,err:WM_insufficient_data(70/72),$181.88M,
WM-XCN,err:WM_insufficient_data(70/72),$216.02M,
WM-TRUMP,err:WM_insufficient_data(70/72),$443.75M,
WM-FET,err:WM_insufficient_data(70/72),$392.28M,
WM-FRAX,err:WM_insufficient_data(70/72),$306.43M,
WM-THBILL,err:WM_insufficient_data(70/72),$204.29M,
WM-ZAMA,err:WM_insufficient_data(70/72),$224.17M,
WM-SHFL,err:WM_insufficient_data(70/72),$207.76M,
WM-USDF,err:WM_insufficient_data(70/72),$198.20M,
WM-XPL,err:WM_insufficient_data(70/72),$306.95M,
VSN-SPCXB,err:SPCXB_insufficient_data(47/72),$236.43M,
LUNC-SPCXB,err:SPCXB_insufficient_data(47/72),$364.43M,
PC0000015-SPCXB,err:SPCXB_insufficient_data(47/72),$195.76M,
IMX-SPCXB,err:SPCXB_insufficient_data(47/72),$312.86M,
NXM-SPCXB,err:SPCXB_insufficient_data(47/72),$172.41M,
SPX-SPCXB,err:SPCXB_insufficient_data(47/72),$387.61M,
UB-SPCXB,err:SPCXB_insufficient_data(47/72),$446.37M,
OUSG-SPCXB,err:SPCXB_insufficient_data(47/72),$465.78M,
STAC-SPCXB,err:SPCXB_insufficient_data(47/72),$188.18M,
1INCH-SPCXB,err:SPCXB_insufficient_data(47/72),$201.35M,
RLB-SPCXB,err:SPCXB_insufficient_data(47/72),$189.81M,
DYDX-SPCXB,err:SPCXB_insufficient_data(47/72),$183.40M,
APR-SPCXB,err:SPCXB_insufficient_data(47/72),$281.93M,
DRV-SPCXB,err:SPCXB_insufficient_data(47/72),$188.18M,
EDGE-SPCXB,err:SPCXB_insufficient_data(47/72),$221.51M,
INJ-SPCXB,err:SPCXB_insufficient_data(47/72),$544.77M,
MWC-SPCXB,err:SPCXB_insufficient_data(47/72),$199.38M,
KAU-SPCXB,err:SPCXB_insufficient_data(47/72),$393.84M,
LDO-SPCXB,err:SPCXB_insufficient_data(47/72),$388.73M,
EARNETH-SPCXB,err:SPCXB_insufficient_data(47/72),$232.48M,
GRT-SPCXB,err:SPCXB_insufficient_data(47/72),$246.88M,
SEI-SPCXB,err:SPCXB_insufficient_data(47/72),$372.09M,
USDTB-SPCXB,err:SPCXB_insufficient_data(47/72),$441.06M,
VELVET-SPCXB,err:SPCXB_insufficient_data(47/72),$252.04M,
BC-SPCXB,err:SPCXB_insufficient_data(47/72),$305.10M,
DEXE-SPCXB,err:SPCXB_insufficient_data(47/72),$359.62M,
OZO-SPCXB,err:SPCXB_insufficient_data(47/72),$210.83M,
2Z-SPCXB,err:SPCXB_insufficient_data(47/72),$287.87M,
CASH-SPCXB,err:SPCXB_insufficient_data(47/72),$207.55M,
ZBCN-SPCXB,err:SPCXB_insufficient_data(47/72),$262.81M,
CVX-SPCXB,err:SPCXB_insufficient_data(47/72),$220.35M,
TIA-SPCXB,err:SPCXB_insufficient_data(47/72),$392.03M,
US-SPCXB,err:SPCXB_insufficient_data(47/72),$504.50M,
VIRTUAL-SPCXB,err:SPCXB_insufficient_data(47/72),$455.10M,
ZRO-SPCXB,err:SPCXB_insufficient_data(47/72),$370.29M,
AKT-SPCXB,err:SPCXB_insufficient_data(47/72),$213.93M,
TKX-SPCXB,err:SPCXB_insufficient_data(47/72),$188.98M,
APEPE-SPCXB,err:SPCXB_insufficient_data(47/72),$286.90M,
USTBL-SPCXB,err:SPCXB_insufficient_data(47/72),$246.38M,
OHM-SPCXB,err:SPCXB_insufficient_data(47/72),$361.34M,
META-SPCXB,err:SPCXB_insufficient_data(47/72),$180.95M,
APXUSD-SPCXB,err:SPCXB_insufficient_data(47/72),$380.59M,
GNO-SPCXB,err:SPCXB_insufficient_data(47/72),$368.18M,
USDAT-SPCXB,err:SPCXB_insufficient_data(47/72),$225.33M,
TWT-SPCXB,err:SPCXB_insufficient_data(47/72),$234.00M,
CAKE-SPCXB,err:SPCXB_insufficient_data(47/72),$532.73M,
ZK-SPCXB,err:SPCXB_insufficient_data(47/72),$169.89M,
FLUID-SPCXB,err:SPCXB_insufficient_data(47/72),$171.82M,
COCO-SPCXB,err:SPCXB_insufficient_data(47/72),$269.76M,
TIBBIR-SPCXB,err:SPCXB_insufficient_data(47/72),$192.02M,
GPS-SPCXB,err:SPCXB_insufficient_data(47/72),$181.54M,
DCR-SPCXB,err:SPCXB_insufficient_data(47/72),$288.31M,
NEO-SPCXB,err:SPCXB_insufficient_data(47/72),$219.31M,
GLM-SPCXB,err:SPCXB_insufficient_data(47/72),$180.30M,
AXS-SPCXB,err:SPCXB_insufficient_data(47/72),$229.22M,
KAG-SPCXB,err:SPCXB_insufficient_data(47/72),$299.23M,
CHEEMS-SPCXB,err:SPCXB_insufficient_data(47/72),$185.85M,
KMNO-SPCXB,err:SPCXB_insufficient_data(47/72),$183.56M,
XTZ-SPCXB,err:SPCXB_insufficient_data(47/72),$311.01M,
ULTIMA-SPCXB,err:SPCXB_insufficient_data(47/72),$267.24M,
KAITO-SPCXB,err:SPCXB_insufficient_data(47/72),$394.80M,
RUNE-SPCXB,err:SPCXB_insufficient_data(47/72),$233.80M,
BP-SPCXB,err:SPCXB_insufficient_data(47/72),$199.77M,
UQC-SPCXB,err:SPCXB_insufficient_data(47/72),$193.55M,
STRK-SPCXB,err:SPCXB_insufficient_data(47/72),$274.75M,
PC0000033-SPCXB,err:SPCXB_insufficient_data(47/72),$248.04M,
ICNT-SPCXB,err:SPCXB_insufficient_data(47/72),$187.11M,
FDUSD-SPCXB,err:SPCXB_insufficient_data(47/72),$431.63M,
PC0000097-SPCXB,err:SPCXB_insufficient_data(47/72),$219.54M,
WEMIX-SPCXB,err:SPCXB_insufficient_data(47/72),$185.96M,
ACRED-SPCXB,err:SPCXB_insufficient_data(47/72),$200.58M,
UUSD-SPCXB,err:SPCXB_insufficient_data(47/72),$185.32M,
FLOKI-SPCXB,err:SPCXB_insufficient_data(47/72),$284.04M,
SAND-SPCXB,err:SPCXB_insufficient_data(47/72),$210.72M,
AWE-SPCXB,err:SPCXB_insufficient_data(47/72),$191.36M,
CRVUSD-SPCXB,err:SPCXB_insufficient_data(47/72),$297.59M,
SNX-SPCXB,err:SPCXB_insufficient_data(47/72),$207.97M,
VCNT-SPCXB,err:SPCXB_insufficient_data(47/72),$249.98M,
DASH-SPCXB,err:SPCXB_insufficient_data(47/72),$482.97M,
CARDS-SPCXB,err:SPCXB_insufficient_data(47/72),$354.40M,
USAT-SPCXB,err:SPCXB_insufficient_data(47/72),$270.76M,
FF-SPCXB,err:SPCXB_insufficient_data(47/72),$277.82M,
USDA-SPCXB,err:SPCXB_insufficient_data(47/72),$181.71M,
ZANO-SPCXB,err:SPCXB_insufficient_data(47/72),$216.70M,
REUSD-SPCXB,err:SPCXB_insufficient_data(47/72),$252.97M,
NEX-SPCXB,err:SPCXB_insufficient_data(47/72),$175.86M,
JTO-SPCXB,err:SPCXB_insufficient_data(47/72),$354.17M,
IOTA-SPCXB,err:SPCXB_insufficient_data(47/72),$233.11M,
AVUSD-SPCXB,err:SPCXB_insufficient_data(47/72),$201.51M,
FARTCOIN-SPCXB,err:SPCXB_insufficient_data(47/72),$208.55M,
GALA-SPCXB,err:SPCXB_insufficient_data(47/72),$174.15M,
ENS-SPCXB,err:SPCXB_insufficient_data(47/72),$261.61M,
SOON-SPCXB,err:SPCXB_insufficient_data(47/72),$175.54M,
WIF-SPCXB,err:SPCXB_insufficient_data(47/72),$231.88M,
SPCXB-STRCX,err:SPCXB_insufficient_data(47/72),$226.33M,
SPCXB-PENGU,err:SPCXB_insufficient_data(47/72),$457.25M,
SPCXB-BORG,err:SPCXB_insufficient_data(47/72),$223.81M,
SPCXB-TAG,err:SPCXB_insufficient_data(47/72),$230.60M,
SPCXB-XEC,err:SPCXB_insufficient_data(47/72),$204.99M,
SPCXB-STX,err:SPCXB_insufficient_data(47/72),$336.05M,
SPCXB-TEL,err:SPCXB_insufficient_data(47/72),$259.85M,
SPCXB-GOMINING,err:SPCXB_insufficient_data(47/72),$201.10M,
SPCXB-APE,err:SPCXB_insufficient_data(47/72),$234.17M,
SPCXB-EIGEN,err:SPCXB_insufficient_data(47/72),$226.13M,
SPCXB-OP,err:SPCXB_insufficient_data(47/72),$288.69M,
SPCXB-KAIA,err:SPCXB_insufficient_data(47/72),$252.34M,
SPCXB-ZBT,err:SPCXB_insufficient_data(47/72),$199.48M,
SPCXB-EURC,err:SPCXB_insufficient_data(47/72),$535.57M,
SPCXB-KITE,err:SPCXB_insufficient_data(47/72),$317.54M,
SPCXB-RAIL,err:SPCXB_insufficient_data(47/72),$175.38M,
SPCXB-SHORT,err:SPCXB_insufficient_data(47/72),$183.09M,
SPCXB-TRAC,err:SPCXB_insufficient_data(47/72),$209.20M,
SPCXB-PENDLE,err:SPCXB_insufficient_data(47/72),$336.19M,
SPCXB-PYTH,err:SPCXB_insufficient_data(47/72),$406.90M,
SPCXB-PIEVERSE,err:SPCXB_insufficient_data(47/72),$267.62M,
SPCXB-NFT,err:SPCXB_insufficient_data(47/72),$350.06M,
SPCXB-RAY,err:SPCXB_insufficient_data(47/72),$248.54M,
SPCXB-PC0000031,err:SPCXB_insufficient_data(47/72),$288.04M,
SPCXB-GEOD,err:SPCXB_insufficient_data(47/72),$179.88M,
SPCXB-PC0000077,err:SPCXB_insufficient_data(47/72),$185.54M,
SPCXB-A,err:SPCXB_insufficient_data(47/72),$187.82M,
SPCXB-LION,err:SPCXB_insufficient_data(47/72),$227.91M,
SPCXB-AIAT,err:SPCXB_insufficient_data(47/72),$203.51M,
SPCXB-MX,err:SPCXB_insufficient_data(47/72),$236.12M,
SPCXB-THETA,err:SPCXB_insufficient_data(47/72),$211.63M,
SPCXB-SN64,err:SPCXB_insufficient_data(47/72),$175.53M,
SPCXB-ETHFI,err:SPCXB_insufficient_data(47/72),$485.43M,
SPCXB-APYUSD,err:SPCXB_insufficient_data(47/72),$243.66M,
SPCXB-KOGE,err:SPCXB_insufficient_data(47/72),$299.68M,
SPCXB-BTSE,err:SPCXB_insufficient_data(47/72),$218.65M,
SPCXB-VET,err:SPCXB_insufficient_data(47/72),$474.49M,
SPCXB-CHZ,err:SPCXB_insufficient_data(47/72),$229.67M,
SPCXB-REAL,err:SPCXB_insufficient_data(47/72),$334.59M,
SPCXB-MON,err:SPCXB_insufficient_data(47/72),$333.73M,
SPCXB-SAFO,err:SPCXB_insufficient_data(47/72),$242.53M,
SPCXB-MANA,err:SPCXB_insufficient_data(47/72),$216.92M,
SPCXB-PRL,err:SPCXB_insufficient_data(47/72),$169.61M,
SPCXB-GLIDR,err:SPCXB_insufficient_data(47/72),$186.92M,
SPCXB-ONYC,err:SPCXB_insufficient_data(47/72),$331.74M,
SPCXB-A7A5,err:SPCXB_insufficient_data(47/72),$563.74M,
SPCXB-MET,err:SPCXB_insufficient_data(47/72),$174.95M,
SPCXB-Q,err:SPCXB_insufficient_data(47/72),$305.49M,
SPCXB-COMP,err:SPCXB_insufficient_data(47/72),$244.86M,
SPCXB-SYRUP,err:SPCXB_insufficient_data(47/72),$292.78M,
SPCXB-FRXUSD,err:SPCXB_insufficient_data(47/72),$195.46M,
SPCXB-BTT,err:SPCXB_insufficient_data(47/72),$345.01M,
SPCXB-BAT,err:SPCXB_insufficient_data(47/72),$188.95M,
SPCXB-XPIN,err:SPCXB_insufficient_data(47/72),$230.43M,
SPCXB-SOSO,err:SPCXB_insufficient_data(47/72),$202.12M,
SPCXB-VBILL,err:SPCXB_insufficient_data(47/72),$277.58M,
SPCXB-CRCLON,err:SPCXB_insufficient_data(47/72),$178.39M,
SPCXB-PEANUT,err:SPCXB_insufficient_data(47/72),$270.07M,
SPCXB-AR,err:SPCXB_insufficient_data(47/72),$201.59M,
SPCXB-SFP,err:SPCXB_insufficient_data(47/72),$188.27M,
SPCXB-PC0000023,err:SPCXB_insufficient_data(47/72),$186.38M,
SPCXB-GUSD,err:SPCXB_insufficient_data(47/72),$235.04M,
SPCXB-WFI,err:SPCXB_insufficient_data(47/72),$260.08M,
SPCXB-GRASS,err:SPCXB_insufficient_data(47/72),$301.40M,
SPCXB-PC0000085,err:SPCXB_insufficient_data(47/72),$192.04M,
SPCXB-BSV,err:SPCXB_insufficient_data(47/72),$344.03M,
SPCXB-JASMY,err:SPCXB_insufficient_data(47/72),$297.12M,
SPCXB-ANTFUN,err:SPCXB_insufficient_data(47/72),$367.84M,
SPCXB-USDAI,err:SPCXB_insufficient_data(47/72),$242.97M,
SPCXB-AERO,err:SPCXB_insufficient_data(47/72),$499.91M,
SPCXB-BONK,err:SPCXB_insufficient_data(47/72),$350.48M,
SPCXB-SUN,err:SPCXB_insufficient_data(47/72),$427.83M,
SPCXB-EURCV,err:SPCXB_insufficient_data(47/72),$234.97M,
SPCXB-USDZ,err:SPCXB_insufficient_data(47/72),$212.92M,
SPCXB-AKE,err:SPCXB_insufficient_data(47/72),$181.06M,
SPCXB-XCN,err:SPCXB_insufficient_data(47/72),$215.19M,
SPCXB-TRUMP,err:SPCXB_insufficient_data(47/72),$442.92M,
SPCXB-FET,err:SPCXB_insufficient_data(47/72),$391.45M,
SPCXB-FRAX,err:SPCXB_insufficient_data(47/72),$305.60M,
SPCXB-THBILL,err:SPCXB_insufficient_data(47/72),$203.47M,
SPCXB-ZAMA,err:SPCXB_insufficient_data(47/72),$223.35M,
SPCXB-SHFL,err:SPCXB_insufficient_data(47/72),$206.93M,
SPCXB-USDF,err:SPCXB_insufficient_data(47/72),$197.37M,
SPCXB-XPL,err:SPCXB_insufficient_data(47/72),$306.12M,
VSN-SMILEK,err:SMILEK_insufficient_data(65/72),$238.26M,
LUNC-SMILEK,err:SMILEK_insufficient_data(65/72),$366.27M,
PC0000015-SMILEK,err:SMILEK_insufficient_data(65/72),$197.60M,
IMX-SMILEK,err:SMILEK_insufficient_data(65/72),$314.69M,
NXM-SMILEK,err:SMILEK_insufficient_data(65/72),$174.24M,
SPX-SMILEK,err:SMILEK_insufficient_data(65/72),$389.45M,
UB-SMILEK,err:SMILEK_insufficient_data(65/72),$448.21M,
OUSG-SMILEK,err:SMILEK_insufficient_data(65/72),$467.62M,
STAC-SMILEK,err:SMILEK_insufficient_data(65/72),$190.01M,
1INCH-SMILEK,err:SMILEK_insufficient_data(65/72),$203.19M,
RLB-SMILEK,err:SMILEK_insufficient_data(65/72),$191.64M,
DYDX-SMILEK,err:SMILEK_insufficient_data(65/72),$185.24M,
APR-SMILEK,err:SMILEK_insufficient_data(65/72),$283.76M,
DRV-SMILEK,err:SMILEK_insufficient_data(65/72),$190.01M,
EDGE-SMILEK,err:SMILEK_insufficient_data(65/72),$223.35M,
INJ-SMILEK,err:SMILEK_insufficient_data(65/72),$546.61M,
MWC-SMILEK,err:SMILEK_insufficient_data(65/72),$201.21M,
KAU-SMILEK,err:SMILEK_insufficient_data(65/72),$395.68M,
LDO-SMILEK,err:SMILEK_insufficient_data(65/72),$390.57M,
EARNETH-SMILEK,err:SMILEK_insufficient_data(65/72),$234.31M,
GRT-SMILEK,err:SMILEK_insufficient_data(65/72),$248.72M,
SEI-SMILEK,err:SMILEK_insufficient_data(65/72),$373.92M,
USDTB-SMILEK,err:SMILEK_insufficient_data(65/72),$442.89M,
VELVET-SMILEK,err:SMILEK_insufficient_data(65/72),$253.87M,
BC-SMILEK,err:SMILEK_insufficient_data(65/72),$306.94M,
DEXE-SMILEK,err:SMILEK_insufficient_data(65/72),$361.45M,
OZO-SMILEK,err:SMILEK_insufficient_data(65/72),$212.67M,
2Z-SMILEK,err:SMILEK_insufficient_data(65/72),$289.71M,
CASH-SMILEK,err:SMILEK_insufficient_data(65/72),$209.39M,
ZBCN-SMILEK,err:SMILEK_insufficient_data(65/72),$264.64M,
CVX-SMILEK,err:SMILEK_insufficient_data(65/72),$222.19M,
TIA-SMILEK,err:SMILEK_insufficient_data(65/72),$393.86M,
US-SMILEK,err:SMILEK_insufficient_data(65/72),$506.34M,
VIRTUAL-SMILEK,err:SMILEK_insufficient_data(65/72),$456.94M,
ZRO-SMILEK,err:SMILEK_insufficient_data(65/72),$372.13M,
AKT-SMILEK,err:SMILEK_insufficient_data(65/72),$215.76M,
TKX-SMILEK,err:SMILEK_insufficient_data(65/72),$190.81M,
APEPE-SMILEK,err:SMILEK_insufficient_data(65/72),$288.73M,
USTBL-SMILEK,err:SMILEK_insufficient_data(65/72),$248.21M,
OHM-SMILEK,err:SMILEK_insufficient_data(65/72),$363.18M,
META-SMILEK,err:SMILEK_insufficient_data(65/72),$182.79M,
APXUSD-SMILEK,err:SMILEK_insufficient_data(65/72),$382.43M,
GNO-SMILEK,err:SMILEK_insufficient_data(65/72),$370.01M,
USDAT-SMILEK,err:SMILEK_insufficient_data(65/72),$227.17M,
TWT-SMILEK,err:SMILEK_insufficient_data(65/72),$235.84M,
CAKE-SMILEK,err:SMILEK_insufficient_data(65/72),$534.56M,
ZK-SMILEK,err:SMILEK_insufficient_data(65/72),$171.72M,
FLUID-SMILEK,err:SMILEK_insufficient_data(65/72),$173.66M,
COCO-SMILEK,err:SMILEK_insufficient_data(65/72),$271.59M,
TIBBIR-SMILEK,err:SMILEK_insufficient_data(65/72),$193.86M,
GPS-SMILEK,err:SMILEK_insufficient_data(65/72),$183.38M,
DCR-SMILEK,err:SMILEK_insufficient_data(65/72),$290.15M,
NEO-SMILEK,err:SMILEK_insufficient_data(65/72),$221.15M,
GLM-SMILEK,err:SMILEK_insufficient_data(65/72),$182.13M,
AXS-SMILEK,err:SMILEK_insufficient_data(65/72),$231.06M,
KAG-SMILEK,err:SMILEK_insufficient_data(65/72),$301.06M,
CHEEMS-SMILEK,err:SMILEK_insufficient_data(65/72),$187.69M,
KMNO-SMILEK,err:SMILEK_insufficient_data(65/72),$185.39M,
XTZ-SMILEK,err:SMILEK_insufficient_data(65/72),$312.84M,
ULTIMA-SMILEK,err:SMILEK_insufficient_data(65/72),$269.07M,
KAITO-SMILEK,err:SMILEK_insufficient_data(65/72),$396.64M,
RUNE-SMILEK,err:SMILEK_insufficient_data(65/72),$235.63M,
BP-SMILEK,err:SMILEK_insufficient_data(65/72),$201.61M,
UQC-SMILEK,err:SMILEK_insufficient_data(65/72),$195.39M,
STRK-SMILEK,err:SMILEK_insufficient_data(65/72),$276.58M,
PC0000033-SMILEK,err:SMILEK_insufficient_data(65/72),$249.87M,
ICNT-SMILEK,err:SMILEK_insufficient_data(65/72),$188.94M,
FDUSD-SMILEK,err:SMILEK_insufficient_data(65/72),$433.47M,
PC0000097-SMILEK,err:SMILEK_insufficient_data(65/72),$221.37M,
WEMIX-SMILEK,err:SMILEK_insufficient_data(65/72),$187.79M,
ACRED-SMILEK,err:SMILEK_insufficient_data(65/72),$202.41M,
SMILEK-WM,err:SMILEK_insufficient_data(65/72),$173.73M,
SMILEK-UUSD,err:SMILEK_insufficient_data(65/72),$187.16M,
SMILEK-FLOKI,err:SMILEK_insufficient_data(65/72),$285.88M,
SMILEK-SAND,err:SMILEK_insufficient_data(65/72),$212.56M,
SMILEK-AWE,err:SMILEK_insufficient_data(65/72),$193.19M,
SMILEK-CRVUSD,err:SMILEK_insufficient_data(65/72),$299.42M,
SMILEK-GENIUS,err:SMILEK_insufficient_data(65/72),$200.75M,
SMILEK-SNX,err:SMILEK_insufficient_data(65/72),$209.81M,
SMILEK-VCNT,err:SMILEK_insufficient_data(65/72),$251.81M,
SMILEK-DASH,err:SMILEK_insufficient_data(65/72),$484.81M,
SMILEK-CARDS,err:SMILEK_insufficient_data(65/72),$356.24M,
SMILEK-USAT,err:SMILEK_insufficient_data(65/72),$272.60M,
SMILEK-FF,err:SMILEK_insufficient_data(65/72),$279.66M,
SMILEK-USDA,err:SMILEK_insufficient_data(65/72),$183.55M,
SMILEK-ZANO,err:SMILEK_insufficient_data(65/72),$218.53M,
SMILEK-REUSD,err:SMILEK_insufficient_data(65/72),$254.80M,
SMILEK-NEX,err:SMILEK_insufficient_data(65/72),$177.70M,
SMILEK-JTO,err:SMILEK_insufficient_data(65/72),$356.01M,
SMILEK-IOTA,err:SMILEK_insufficient_data(65/72),$234.95M,
SMILEK-AVUSD,err:SMILEK_insufficient_data(65/72),$203.35M,
SMILEK-FARTCOIN,err:SMILEK_insufficient_data(65/72),$210.38M,
SMILEK-GALA,err:SMILEK_insufficient_data(65/72),$175.99M,
SMILEK-ENS,err:SMILEK_insufficient_data(65/72),$263.44M,
SMILEK-SOON,err:SMILEK_insufficient_data(65/72),$177.38M,
SMILEK-WIF,err:SMILEK_insufficient_data(65/72),$233.71M,
SMILEK-SPCXB,err:SMILEK_insufficient_data(65/72),$172.91M,
SMILEK-STRCX,err:SMILEK_insufficient_data(65/72),$228.17M,
SMILEK-PENGU,err:SMILEK_insufficient_data(65/72),$459.09M,
SMILEK-BORG,err:SMILEK_insufficient_data(65/72),$225.64M,
SMILEK-TAG,err:SMILEK_insufficient_data(65/72),$232.44M,
SMILEK-XEC,err:SMILEK_insufficient_data(65/72),$206.83M,
SMILEK-STX,err:SMILEK_insufficient_data(65/72),$337.89M,
SMILEK-TEL,err:SMILEK_insufficient_data(65/72),$261.69M,
SMILEK-GOMINING,err:SMILEK_insufficient_data(65/72),$202.93M,
SMILEK-APE,err:SMILEK_insufficient_data(65/72),$236.01M,
SMILEK-EIGEN,err:SMILEK_insufficient_data(65/72),$227.96M,
SMILEK-OP,err:SMILEK_insufficient_data(65/72),$290.53M,
SMILEK-KAIA,err:SMILEK_insufficient_data(65/72),$254.18M,
SMILEK-ZBT,err:SMILEK_insufficient_data(65/72),$201.32M,
SMILEK-EURC,err:SMILEK_insufficient_data(65/72),$537.41M,
SMILEK-KITE,err:SMILEK_insufficient_data(65/72),$319.37M,
SMILEK-RAIL,err:SMILEK_insufficient_data(65/72),$177.21M,
SMILEK-SHORT,err:SMILEK_insufficient_data(65/72),$184.92M,
SMILEK-TRAC,err:SMILEK_insufficient_data(65/72),$211.04M,
SMILEK-PENDLE,err:SMILEK_insufficient_data(65/72),$338.02M,
SMILEK-PYTH,err:SMILEK_insufficient_data(65/72),$408.73M,
SMILEK-PIEVERSE,err:SMILEK_insufficient_data(65/72),$269.45M,
SMILEK-NFT,err:SMILEK_insufficient_data(65/72),$351.89M,
SMILEK-RAY,err:SMILEK_insufficient_data(65/72),$250.38M,
SMILEK-PC0000031,err:SMILEK_insufficient_data(65/72),$289.87M,
SMILEK-GEOD,err:SMILEK_insufficient_data(65/72),$181.72M,
SMILEK-PC0000077,err:SMILEK_insufficient_data(65/72),$187.37M,
SMILEK-A,err:SMILEK_insufficient_data(65/72),$189.66M,
SMILEK-LION,err:SMILEK_insufficient_data(65/72),$229.75M,
SMILEK-AIAT,err:SMILEK_insufficient_data(65/72),$205.35M,
SMILEK-MX,err:SMILEK_insufficient_data(65/72),$237.96M,
SMILEK-THETA,err:SMILEK_insufficient_data(65/72),$213.46M,
SMILEK-SN64,err:SMILEK_insufficient_data(65/72),$177.36M,
SMILEK-ETHFI,err:SMILEK_insufficient_data(65/72),$487.26M,
SMILEK-APYUSD,err:SMILEK_insufficient_data(65/72),$245.50M,
SMILEK-KOGE,err:SMILEK_insufficient_data(65/72),$301.52M,
SMILEK-BTSE,err:SMILEK_insufficient_data(65/72),$220.48M,
SMILEK-VET,err:SMILEK_insufficient_data(65/72),$476.33M,
SMILEK-CHZ,err:SMILEK_insufficient_data(65/72),$231.51M,
SMILEK-REAL,err:SMILEK_insufficient_data(65/72),$336.43M,
SMILEK-MON,err:SMILEK_insufficient_data(65/72),$335.57M,
SMILEK-SAFO,err:SMILEK_insufficient_data(65/72),$244.37M,
SMILEK-MANA,err:SMILEK_insufficient_data(65/72),$218.76M,
SMILEK-PRL,err:SMILEK_insufficient_data(65/72),$171.44M,
SMILEK-GLIDR,err:SMILEK_insufficient_data(65/72),$188.75M,
SMILEK-ONYC,err:SMILEK_insufficient_data(65/72),$333.58M,
SMILEK-A7A5,err:SMILEK_insufficient_data(65/72),$565.58M,
SMILEK-MET,err:SMILEK_insufficient_data(65/72),$176.79M,
SMILEK-Q,err:SMILEK_insufficient_data(65/72),$307.32M,
SMILEK-COMP,err:SMILEK_insufficient_data(65/72),$246.70M,
SMILEK-SYRUP,err:SMILEK_insufficient_data(65/72),$294.62M,
SMILEK-FRXUSD,err:SMILEK_insufficient_data(65/72),$197.29M,
SMILEK-BTT,err:SMILEK_insufficient_data(65/72),$346.84M,
SMILEK-BAT,err:SMILEK_insufficient_data(65/72),$190.79M,
SMILEK-XPIN,err:SMILEK_insufficient_data(65/72),$232.27M,
SMILEK-SOSO,err:SMILEK_insufficient_data(65/72),$203.96M,
SMILEK-VBILL,err:SMILEK_insufficient_data(65/72),$279.41M,
SMILEK-CRCLON,err:SMILEK_insufficient_data(65/72),$180.22M,
SMILEK-PEANUT,err:SMILEK_insufficient_data(65/72),$271.91M,
SMILEK-AR,err:SMILEK_insufficient_data(65/72),$203.43M,
SMILEK-SFP,err:SMILEK_insufficient_data(65/72),$190.10M,
SMILEK-PC0000023,err:SMILEK_insufficient_data(65/72),$188.22M,
SMILEK-GUSD,err:SMILEK_insufficient_data(65/72),$236.88M,
SMILEK-WFI,err:SMILEK_insufficient_data(65/72),$261.91M,
SMILEK-GRASS,err:SMILEK_insufficient_data(65/72),$303.24M,
SMILEK-PC0000085,err:SMILEK_insufficient_data(65/72),$193.87M,
SMILEK-BSV,err:SMILEK_insufficient_data(65/72),$345.86M,
SMILEK-JASMY,err:SMILEK_insufficient_data(65/72),$298.96M,
SMILEK-ANTFUN,err:SMILEK_insufficient_data(65/72),$369.68M,
SMILEK-USDAI,err:SMILEK_insufficient_data(65/72),$244.81M,
SMILEK-AERO,err:SMILEK_insufficient_data(65/72),$501.74M,
SMILEK-BONK,err:SMILEK_insufficient_data(65/72),$352.32M,
SMILEK-SUN,err:SMILEK_insufficient_data(65/72),$429.66M,
SMILEK-EURCV,err:SMILEK_insufficient_data(65/72),$236.81M,
SMILEK-USDZ,err:SMILEK_insufficient_data(65/72),$214.76M,
SMILEK-AKE,err:SMILEK_insufficient_data(65/72),$182.89M,
SMILEK-XCN,err:SMILEK_insufficient_data(65/72),$217.03M,
SMILEK-TRUMP,err:SMILEK_insufficient_data(65/72),$444.76M,
SMILEK-FET,err:SMILEK_insufficient_data(65/72),$393.29M,
SMILEK-FRAX,err:SMILEK_insufficient_data(65/72),$307.44M,
SMILEK-THBILL,err:SMILEK_insufficient_data(65/72),$205.30M,
SMILEK-ZAMA,err:SMILEK_insufficient_data(65/72),$225.18M,
SMILEK-SHFL,err:SMILEK_insufficient_data(65/72),$208.77M,
SMILEK-USDF,err:SMILEK_insufficient_data(65/72),$199.21M,
SMILEK-XPL,err:SMILEK_insufficient_data(65/72),$307.96M,
VSN-SAFO,err:SAFO_insufficient_data(13/72),$307.89M,
LUNC-SAFO,err:SAFO_insufficient_data(13/72),$435.90M,
PC0000015-SAFO,err:SAFO_insufficient_data(13/72),$267.23M,
IMX-SAFO,err:SAFO_insufficient_data(13/72),$384.32M,
NXM-SAFO,err:SAFO_insufficient_data(13/72),$243.87M,
SPX-SAFO,err:SAFO_insufficient_data(13/72),$459.07M,
UB-SAFO,err:SAFO_insufficient_data(13/72),$517.84M,
OUSG-SAFO,err:SAFO_insufficient_data(13/72),$537.25M,
STAC-SAFO,err:SAFO_insufficient_data(13/72),$259.64M,
1INCH-SAFO,err:SAFO_insufficient_data(13/72),$272.82M,
RLB-SAFO,err:SAFO_insufficient_data(13/72),$261.27M,
DYDX-SAFO,err:SAFO_insufficient_data(13/72),$254.87M,
APR-SAFO,err:SAFO_insufficient_data(13/72),$353.39M,
DRV-SAFO,err:SAFO_insufficient_data(13/72),$259.64M,
EDGE-SAFO,err:SAFO_insufficient_data(13/72),$292.97M,
INJ-SAFO,err:SAFO_insufficient_data(13/72),$616.24M,
MWC-SAFO,err:SAFO_insufficient_data(13/72),$270.84M,
KAU-SAFO,err:SAFO_insufficient_data(13/72),$465.31M,
LDO-SAFO,err:SAFO_insufficient_data(13/72),$460.20M,
EARNETH-SAFO,err:SAFO_insufficient_data(13/72),$303.94M,
GRT-SAFO,err:SAFO_insufficient_data(13/72),$318.34M,
SEI-SAFO,err:SAFO_insufficient_data(13/72),$443.55M,
USDTB-SAFO,err:SAFO_insufficient_data(13/72),$512.52M,
VELVET-SAFO,err:SAFO_insufficient_data(13/72),$323.50M,
BC-SAFO,err:SAFO_insufficient_data(13/72),$376.57M,
DEXE-SAFO,err:SAFO_insufficient_data(13/72),$431.08M,
OZO-SAFO,err:SAFO_insufficient_data(13/72),$282.30M,
2Z-SAFO,err:SAFO_insufficient_data(13/72),$359.34M,
CASH-SAFO,err:SAFO_insufficient_data(13/72),$279.02M,
ZBCN-SAFO,err:SAFO_insufficient_data(13/72),$334.27M,
CVX-SAFO,err:SAFO_insufficient_data(13/72),$291.82M,
TIA-SAFO,err:SAFO_insufficient_data(13/72),$463.49M,
US-SAFO,err:SAFO_insufficient_data(13/72),$575.97M,
VIRTUAL-SAFO,err:SAFO_insufficient_data(13/72),$526.57M,
ZRO-SAFO,err:SAFO_insufficient_data(13/72),$441.75M,
AKT-SAFO,err:SAFO_insufficient_data(13/72),$285.39M,
TKX-SAFO,err:SAFO_insufficient_data(13/72),$260.44M,
APEPE-SAFO,err:SAFO_insufficient_data(13/72),$358.36M,
USTBL-SAFO,err:SAFO_insufficient_data(13/72),$317.84M,
OHM-SAFO,err:SAFO_insufficient_data(13/72),$432.80M,
META-SAFO,err:SAFO_insufficient_data(13/72),$252.41M,
APXUSD-SAFO,err:SAFO_insufficient_data(13/72),$452.06M,
GNO-SAFO,err:SAFO_insufficient_data(13/72),$439.64M,
USDAT-SAFO,err:SAFO_insufficient_data(13/72),$296.80M,
TWT-SAFO,err:SAFO_insufficient_data(13/72),$305.47M,
CAKE-SAFO,err:SAFO_insufficient_data(13/72),$604.19M,
ZK-SAFO,err:SAFO_insufficient_data(13/72),$241.35M,
FLUID-SAFO,err:SAFO_insufficient_data(13/72),$243.29M,
COCO-SAFO,err:SAFO_insufficient_data(13/72),$341.22M,
TIBBIR-SAFO,err:SAFO_insufficient_data(13/72),$263.48M,
GPS-SAFO,err:SAFO_insufficient_data(13/72),$253.01M,
DCR-SAFO,err:SAFO_insufficient_data(13/72),$359.78M,
NEO-SAFO,err:SAFO_insufficient_data(13/72),$290.77M,
GLM-SAFO,err:SAFO_insufficient_data(13/72),$251.76M,
AXS-SAFO,err:SAFO_insufficient_data(13/72),$300.69M,
KAG-SAFO,err:SAFO_insufficient_data(13/72),$370.69M,
CHEEMS-SAFO,err:SAFO_insufficient_data(13/72),$257.32M,
KMNO-SAFO,err:SAFO_insufficient_data(13/72),$255.02M,
XTZ-SAFO,err:SAFO_insufficient_data(13/72),$382.47M,
ULTIMA-SAFO,err:SAFO_insufficient_data(13/72),$338.70M,
KAITO-SAFO,err:SAFO_insufficient_data(13/72),$466.27M,
RUNE-SAFO,err:SAFO_insufficient_data(13/72),$305.26M,
BP-SAFO,err:SAFO_insufficient_data(13/72),$271.24M,
UQC-SAFO,err:SAFO_insufficient_data(13/72),$265.02M,
STRK-SAFO,err:SAFO_insufficient_data(13/72),$346.21M,
PC0000033-SAFO,err:SAFO_insufficient_data(13/72),$319.50M,
ICNT-SAFO,err:SAFO_insufficient_data(13/72),$258.57M,
FDUSD-SAFO,err:SAFO_insufficient_data(13/72),$503.10M,
PC0000097-SAFO,err:SAFO_insufficient_data(13/72),$291.00M,
WEMIX-SAFO,err:SAFO_insufficient_data(13/72),$257.42M,
ACRED-SAFO,err:SAFO_insufficient_data(13/72),$272.04M,
UUSD-SAFO,err:SAFO_insufficient_data(13/72),$256.78M,
FLOKI-SAFO,err:SAFO_insufficient_data(13/72),$355.51M,
SAND-SAFO,err:SAFO_insufficient_data(13/72),$282.19M,
AWE-SAFO,err:SAFO_insufficient_data(13/72),$262.82M,
CRVUSD-SAFO,err:SAFO_insufficient_data(13/72),$369.05M,
SNX-SAFO,err:SAFO_insufficient_data(13/72),$279.43M,
VCNT-SAFO,err:SAFO_insufficient_data(13/72),$321.44M,
DASH-SAFO,err:SAFO_insufficient_data(13/72),$554.43M,
CARDS-SAFO,err:SAFO_insufficient_data(13/72),$425.87M,
USAT-SAFO,err:SAFO_insufficient_data(13/72),$342.23M,
FF-SAFO,err:SAFO_insufficient_data(13/72),$349.28M,
USDA-SAFO,err:SAFO_insufficient_data(13/72),$253.18M,
ZANO-SAFO,err:SAFO_insufficient_data(13/72),$288.16M,
REUSD-SAFO,err:SAFO_insufficient_data(13/72),$324.43M,
NEX-SAFO,err:SAFO_insufficient_data(13/72),$247.33M,
JTO-SAFO,err:SAFO_insufficient_data(13/72),$425.64M,
IOTA-SAFO,err:SAFO_insufficient_data(13/72),$304.57M,
AVUSD-SAFO,err:SAFO_insufficient_data(13/72),$272.98M,
FARTCOIN-SAFO,err:SAFO_insufficient_data(13/72),$280.01M,
GALA-SAFO,err:SAFO_insufficient_data(13/72),$245.61M,
ENS-SAFO,err:SAFO_insufficient_data(13/72),$333.07M,
SOON-SAFO,err:SAFO_insufficient_data(13/72),$247.01M,
WIF-SAFO,err:SAFO_insufficient_data(13/72),$303.34M,
STRCX-SAFO,err:SAFO_insufficient_data(13/72),$297.79M,
PENGU-SAFO,err:SAFO_insufficient_data(13/72),$528.72M,
BORG-SAFO,err:SAFO_insufficient_data(13/72),$295.27M,
TAG-SAFO,err:SAFO_insufficient_data(13/72),$302.07M,
XEC-SAFO,err:SAFO_insufficient_data(13/72),$276.46M,
STX-SAFO,err:SAFO_insufficient_data(13/72),$407.52M,
TEL-SAFO,err:SAFO_insufficient_data(13/72),$331.31M,
GOMINING-SAFO,err:SAFO_insufficient_data(13/72),$272.56M,
EIGEN-SAFO,err:SAFO_insufficient_data(13/72),$297.59M,
ZBT-SAFO,err:SAFO_insufficient_data(13/72),$270.95M,
EURC-SAFO,err:SAFO_insufficient_data(13/72),$607.04M,
KITE-SAFO,err:SAFO_insufficient_data(13/72),$389.00M,
RAIL-SAFO,err:SAFO_insufficient_data(13/72),$246.84M,
SHORT-SAFO,err:SAFO_insufficient_data(13/72),$254.55M,
TRAC-SAFO,err:SAFO_insufficient_data(13/72),$280.67M,
PENDLE-SAFO,err:SAFO_insufficient_data(13/72),$407.65M,
PYTH-SAFO,err:SAFO_insufficient_data(13/72),$478.36M,
PIEVERSE-SAFO,err:SAFO_insufficient_data(13/72),$339.08M,
NFT-SAFO,err:SAFO_insufficient_data(13/72),$421.52M,
RAY-SAFO,err:SAFO_insufficient_data(13/72),$320.01M,
PC0000031-SAFO,err:SAFO_insufficient_data(13/72),$359.50M,
GEOD-SAFO,err:SAFO_insufficient_data(13/72),$251.34M,
PC0000077-SAFO,err:SAFO_insufficient_data(13/72),$257.00M,
A-SAFO,err:SAFO_insufficient_data(13/72),$259.29M,
AIAT-SAFO,err:SAFO_insufficient_data(13/72),$274.98M,
MX-SAFO,err:SAFO_insufficient_data(13/72),$307.59M,
THETA-SAFO,err:SAFO_insufficient_data(13/72),$283.09M,
SN64-SAFO,err:SAFO_insufficient_data(13/72),$246.99M,
ETHFI-SAFO,err:SAFO_insufficient_data(13/72),$556.89M,
APYUSD-SAFO,err:SAFO_insufficient_data(13/72),$315.13M,
KOGE-SAFO,err:SAFO_insufficient_data(13/72),$371.15M,
BTSE-SAFO,err:SAFO_insufficient_data(13/72),$290.11M,
VET-SAFO,err:SAFO_insufficient_data(13/72),$545.96M,
CHZ-SAFO,err:SAFO_insufficient_data(13/72),$301.14M,
REAL-SAFO,err:SAFO_insufficient_data(13/72),$406.06M,
MON-SAFO,err:SAFO_insufficient_data(13/72),$405.19M,
SAFO-MANA,err:SAFO_insufficient_data(13/72),$288.38M,
SAFO-PRL,err:SAFO_insufficient_data(13/72),$241.07M,
SAFO-GLIDR,err:SAFO_insufficient_data(13/72),$258.38M,
SAFO-ONYC,err:SAFO_insufficient_data(13/72),$403.20M,
SAFO-A7A5,err:SAFO_insufficient_data(13/72),$635.20M,
SAFO-MET,err:SAFO_insufficient_data(13/72),$246.42M,
SAFO-Q,err:SAFO_insufficient_data(13/72),$376.95M,
SAFO-COMP,err:SAFO_insufficient_data(13/72),$316.32M,
SAFO-SYRUP,err:SAFO_insufficient_data(13/72),$364.25M,
SAFO-FRXUSD,err:SAFO_insufficient_data(13/72),$266.92M,
SAFO-BTT,err:SAFO_insufficient_data(13/72),$416.47M,
SAFO-BAT,err:SAFO_insufficient_data(13/72),$260.41M,
SAFO-XPIN,err:SAFO_insufficient_data(13/72),$301.90M,
SAFO-SOSO,err:SAFO_insufficient_data(13/72),$273.59M,
SAFO-VBILL,err:SAFO_insufficient_data(13/72),$349.04M,
SAFO-CRCLON,err:SAFO_insufficient_data(13/72),$249.85M,
SAFO-PEANUT,err:SAFO_insufficient_data(13/72),$341.54M,
SAFO-AR,err:SAFO_insufficient_data(13/72),$273.05M,
SAFO-SFP,err:SAFO_insufficient_data(13/72),$259.73M,
SAFO-PC0000023,err:SAFO_insufficient_data(13/72),$257.85M,
SAFO-GUSD,err:SAFO_insufficient_data(13/72),$306.51M,
SAFO-WFI,err:SAFO_insufficient_data(13/72),$331.54M,
SAFO-GRASS,err:SAFO_insufficient_data(13/72),$372.87M,
SAFO-PC0000085,err:SAFO_insufficient_data(13/72),$263.50M,
SAFO-BSV,err:SAFO_insufficient_data(13/72),$415.49M,
SAFO-JASMY,err:SAFO_insufficient_data(13/72),$368.59M,
SAFO-ANTFUN,err:SAFO_insufficient_data(13/72),$439.31M,
SAFO-USDAI,err:SAFO_insufficient_data(13/72),$314.44M,
SAFO-AERO,err:SAFO_insufficient_data(13/72),$571.37M,
SAFO-BONK,err:SAFO_insufficient_data(13/72),$421.95M,
SAFO-SUN,err:SAFO_insufficient_data(13/72),$499.29M,
SAFO-EURCV,err:SAFO_insufficient_data(13/72),$306.44M,
SAFO-USDZ,err:SAFO_insufficient_data(13/72),$284.39M,
SAFO-AKE,err:SAFO_insufficient_data(13/72),$252.52M,
SAFO-XCN,err:SAFO_insufficient_data(13/72),$286.66M,
SAFO-TRUMP,err:SAFO_insufficient_data(13/72),$514.39M,
SAFO-FET,err:SAFO_insufficient_data(13/72),$462.92M,
SAFO-FRAX,err:SAFO_insufficient_data(13/72),$377.07M,
SAFO-THBILL,err:SAFO_insufficient_data(13/72),$274.93M,
SAFO-ZAMA,err:SAFO_insufficient_data(13/72),$294.81M,
SAFO-SHFL,err:SAFO_insufficient_data(13/72),$278.40M,
SAFO-USDF,err:SAFO_insufficient_data(13/72),$268.84M,
SAFO-XPL,err:SAFO_insufficient_data(13/72),$377.59M,
VSN-Q,err:Q_insufficient_data(21/72),$370.84M,
LUNC-Q,err:Q_insufficient_data(21/72),$498.85M,
PC0000015-Q,err:Q_insufficient_data(21/72),$330.18M,
IMX-Q,err:Q_insufficient_data(21/72),$447.27M,
NXM-Q,err:Q_insufficient_data(21/72),$306.82M,
SPX-Q,err:Q_insufficient_data(21/72),$522.03M,
UB-Q,err:Q_insufficient_data(21/72),$580.79M,
OUSG-Q,err:Q_insufficient_data(21/72),$600.20M,
STAC-Q,err:Q_insufficient_data(21/72),$322.59M,
1INCH-Q,err:Q_insufficient_data(21/72),$335.77M,
RLB-Q,err:Q_insufficient_data(21/72),$324.22M,
DYDX-Q,err:Q_insufficient_data(21/72),$317.82M,
APR-Q,err:Q_insufficient_data(21/72),$416.34M,
DRV-Q,err:Q_insufficient_data(21/72),$322.59M,
EDGE-Q,err:Q_insufficient_data(21/72),$355.93M,
INJ-Q,err:Q_insufficient_data(21/72),$679.19M,
MWC-Q,err:Q_insufficient_data(21/72),$333.79M,
KAU-Q,err:Q_insufficient_data(21/72),$528.26M,
LDO-Q,err:Q_insufficient_data(21/72),$523.15M,
EARNETH-Q,err:Q_insufficient_data(21/72),$366.89M,
GRT-Q,err:Q_insufficient_data(21/72),$381.30M,
SEI-Q,err:Q_insufficient_data(21/72),$506.50M,
USDTB-Q,err:Q_insufficient_data(21/72),$575.47M,
VELVET-Q,err:Q_insufficient_data(21/72),$386.45M,
BC-Q,err:Q_insufficient_data(21/72),$439.52M,
DEXE-Q,err:Q_insufficient_data(21/72),$494.03M,
OZO-Q,err:Q_insufficient_data(21/72),$345.25M,
2Z-Q,err:Q_insufficient_data(21/72),$422.29M,
CASH-Q,err:Q_insufficient_data(21/72),$341.97M,
ZBCN-Q,err:Q_insufficient_data(21/72),$397.22M,
CVX-Q,err:Q_insufficient_data(21/72),$354.77M,
TIA-Q,err:Q_insufficient_data(21/72),$526.44M,
US-Q,err:Q_insufficient_data(21/72),$638.92M,
VIRTUAL-Q,err:Q_insufficient_data(21/72),$589.52M,
ZRO-Q,err:Q_insufficient_data(21/72),$504.71M,
AKT-Q,err:Q_insufficient_data(21/72),$348.34M,
TKX-Q,err:Q_insufficient_data(21/72),$323.39M,
APEPE-Q,err:Q_insufficient_data(21/72),$421.31M,
USTBL-Q,err:Q_insufficient_data(21/72),$380.79M,
OHM-Q,err:Q_insufficient_data(21/72),$495.76M,
META-Q,err:Q_insufficient_data(21/72),$315.37M,
APXUSD-Q,err:Q_insufficient_data(21/72),$515.01M,
GNO-Q,err:Q_insufficient_data(21/72),$502.59M,
USDAT-Q,err:Q_insufficient_data(21/72),$359.75M,
TWT-Q,err:Q_insufficient_data(21/72),$368.42M,
CAKE-Q,err:Q_insufficient_data(21/72),$667.14M,
ZK-Q,err:Q_insufficient_data(21/72),$304.30M,
FLUID-Q,err:Q_insufficient_data(21/72),$306.24M,
COCO-Q,err:Q_insufficient_data(21/72),$404.17M,
TIBBIR-Q,err:Q_insufficient_data(21/72),$326.44M,
GPS-Q,err:Q_insufficient_data(21/72),$315.96M,
DCR-Q,err:Q_insufficient_data(21/72),$422.73M,
NEO-Q,err:Q_insufficient_data(21/72),$353.73M,
GLM-Q,err:Q_insufficient_data(21/72),$314.71M,
AXS-Q,err:Q_insufficient_data(21/72),$363.64M,
KAG-Q,err:Q_insufficient_data(21/72),$433.64M,
CHEEMS-Q,err:Q_insufficient_data(21/72),$320.27M,
KMNO-Q,err:Q_insufficient_data(21/72),$317.97M,
XTZ-Q,err:Q_insufficient_data(21/72),$445.42M,
ULTIMA-Q,err:Q_insufficient_data(21/72),$401.65M,
KAITO-Q,err:Q_insufficient_data(21/72),$529.22M,
RUNE-Q,err:Q_insufficient_data(21/72),$368.21M,
BP-Q,err:Q_insufficient_data(21/72),$334.19M,
UQC-Q,err:Q_insufficient_data(21/72),$327.97M,
STRK-Q,err:Q_insufficient_data(21/72),$409.16M,
PC0000033-Q,err:Q_insufficient_data(21/72),$382.45M,
ICNT-Q,err:Q_insufficient_data(21/72),$321.52M,
FDUSD-Q,err:Q_insufficient_data(21/72),$566.05M,
PC0000097-Q,err:Q_insufficient_data(21/72),$353.95M,
WEMIX-Q,err:Q_insufficient_data(21/72),$320.37M,
ACRED-Q,err:Q_insufficient_data(21/72),$334.99M,
UUSD-Q,err:Q_insufficient_data(21/72),$319.74M,
FLOKI-Q,err:Q_insufficient_data(21/72),$418.46M,
SAND-Q,err:Q_insufficient_data(21/72),$345.14M,
AWE-Q,err:Q_insufficient_data(21/72),$325.77M,
CRVUSD-Q,err:Q_insufficient_data(21/72),$432.00M,
SNX-Q,err:Q_insufficient_data(21/72),$342.39M,
VCNT-Q,err:Q_insufficient_data(21/72),$384.40M,
DASH-Q,err:Q_insufficient_data(21/72),$617.39M,
CARDS-Q,err:Q_insufficient_data(21/72),$488.82M,
USAT-Q,err:Q_insufficient_data(21/72),$405.18M,
FF-Q,err:Q_insufficient_data(21/72),$412.24M,
USDA-Q,err:Q_insufficient_data(21/72),$316.13M,
ZANO-Q,err:Q_insufficient_data(21/72),$351.11M,
REUSD-Q,err:Q_insufficient_data(21/72),$387.38M,
NEX-Q,err:Q_insufficient_data(21/72),$310.28M,
JTO-Q,err:Q_insufficient_data(21/72),$488.59M,
IOTA-Q,err:Q_insufficient_data(21/72),$367.53M,
AVUSD-Q,err:Q_insufficient_data(21/72),$335.93M,
FARTCOIN-Q,err:Q_insufficient_data(21/72),$342.96M,
GALA-Q,err:Q_insufficient_data(21/72),$308.57M,
ENS-Q,err:Q_insufficient_data(21/72),$396.02M,
SOON-Q,err:Q_insufficient_data(21/72),$309.96M,
WIF-Q,err:Q_insufficient_data(21/72),$366.29M,
STRCX-Q,err:Q_insufficient_data(21/72),$360.75M,
PENGU-Q,err:Q_insufficient_data(21/72),$591.67M,
BORG-Q,err:Q_insufficient_data(21/72),$358.22M,
TAG-Q,err:Q_insufficient_data(21/72),$365.02M,
XEC-Q,err:Q_insufficient_data(21/72),$339.41M,
STX-Q,err:Q_insufficient_data(21/72),$470.47M,
TEL-Q,err:Q_insufficient_data(21/72),$394.27M,
GOMINING-Q,err:Q_insufficient_data(21/72),$335.51M,
EIGEN-Q,err:Q_insufficient_data(21/72),$360.54M,
ZBT-Q,err:Q_insufficient_data(21/72),$333.90M,
EURC-Q,err:Q_insufficient_data(21/72),$669.99M,
KITE-Q,err:Q_insufficient_data(21/72),$451.95M,
RAIL-Q,err:Q_insufficient_data(21/72),$309.80M,
SHORT-Q,err:Q_insufficient_data(21/72),$317.50M,
TRAC-Q,err:Q_insufficient_data(21/72),$343.62M,
PENDLE-Q,err:Q_insufficient_data(21/72),$470.60M,
PYTH-Q,err:Q_insufficient_data(21/72),$541.31M,
PIEVERSE-Q,err:Q_insufficient_data(21/72),$402.03M,
NFT-Q,err:Q_insufficient_data(21/72),$484.47M,
RAY-Q,err:Q_insufficient_data(21/72),$382.96M,
PC0000031-Q,err:Q_insufficient_data(21/72),$422.45M,
GEOD-Q,err:Q_insufficient_data(21/72),$314.30M,
PC0000077-Q,err:Q_insufficient_data(21/72),$319.95M,
A-Q,err:Q_insufficient_data(21/72),$322.24M,
AIAT-Q,err:Q_insufficient_data(21/72),$337.93M,
MX-Q,err:Q_insufficient_data(21/72),$370.54M,
THETA-Q,err:Q_insufficient_data(21/72),$346.04M,
SN64-Q,err:Q_insufficient_data(21/72),$309.94M,
ETHFI-Q,err:Q_insufficient_data(21/72),$619.84M,
APYUSD-Q,err:Q_insufficient_data(21/72),$378.08M,
KOGE-Q,err:Q_insufficient_data(21/72),$434.10M,
BTSE-Q,err:Q_insufficient_data(21/72),$353.06M,
VET-Q,err:Q_insufficient_data(21/72),$608.91M,
CHZ-Q,err:Q_insufficient_data(21/72),$364.09M,
REAL-Q,err:Q_insufficient_data(21/72),$469.01M,
MON-Q,err:Q_insufficient_data(21/72),$468.15M,
MANA-Q,err:Q_insufficient_data(21/72),$351.34M,
PRL-Q,err:Q_insufficient_data(21/72),$304.02M,
GLIDR-Q,err:Q_insufficient_data(21/72),$321.33M,
ONYC-Q,err:Q_insufficient_data(21/72),$466.16M,
A7A5-Q,err:Q_insufficient_data(21/72),$698.16M,
MET-Q,err:Q_insufficient_data(21/72),$309.37M,
Q-COMP,err:Q_insufficient_data(21/72),$379.28M,
Q-SYRUP,err:Q_insufficient_data(21/72),$427.20M,
Q-FRXUSD,err:Q_insufficient_data(21/72),$329.87M,
Q-BTT,err:Q_insufficient_data(21/72),$479.42M,
Q-BAT,err:Q_insufficient_data(21/72),$323.37M,
Q-XPIN,err:Q_insufficient_data(21/72),$364.85M,
Q-SOSO,err:Q_insufficient_data(21/72),$336.54M,
Q-VBILL,err:Q_insufficient_data(21/72),$411.99M,
Q-CRCLON,err:Q_insufficient_data(21/72),$312.80M,
Q-PEANUT,err:Q_insufficient_data(21/72),$404.49M,
Q-AR,err:Q_insufficient_data(21/72),$336.01M,
Q-SFP,err:Q_insufficient_data(21/72),$322.68M,
Q-PC0000023,err:Q_insufficient_data(21/72),$320.80M,
Q-GUSD,err:Q_insufficient_data(21/72),$369.46M,
Q-WFI,err:Q_insufficient_data(21/72),$394.49M,
Q-GRASS,err:Q_insufficient_data(21/72),$435.82M,
Q-PC0000085,err:Q_insufficient_data(21/72),$326.45M,
Q-BSV,err:Q_insufficient_data(21/72),$478.44M,
Q-JASMY,err:Q_insufficient_data(21/72),$431.54M,
Q-ANTFUN,err:Q_insufficient_data(21/72),$502.26M,
Q-USDAI,err:Q_insufficient_data(21/72),$377.39M,
Q-AERO,err:Q_insufficient_data(21/72),$634.32M,
Q-BONK,err:Q_insufficient_data(21/72),$484.90M,
Q-SUN,err:Q_insufficient_data(21/72),$562.24M,
Q-EURCV,err:Q_insufficient_data(21/72),$369.39M,
Q-USDZ,err:Q_insufficient_data(21/72),$347.34M,
Q-AKE,err:Q_insufficient_data(21/72),$315.47M,
Q-XCN,err:Q_insufficient_data(21/72),$349.61M,
Q-TRUMP,err:Q_insufficient_data(21/72),$577.34M,
Q-FET,err:Q_insufficient_data(21/72),$525.87M,
Q-FRAX,err:Q_insufficient_data(21/72),$440.02M,
Q-THBILL,err:Q_insufficient_data(21/72),$337.88M,
Q-ZAMA,err:Q_insufficient_data(21/72),$357.76M,
Q-SHFL,err:Q_insufficient_data(21/72),$341.35M,
Q-USDF,err:Q_insufficient_data(21/72),$331.79M,
Q-XPL,err:Q_insufficient_data(21/72),$440.54M,
VSN-OP,err:OP_insufficient_data(29/72),$354.05M,
LUNC-OP,err:OP_insufficient_data(29/72),$482.05M,
PC0000015-OP,err:OP_insufficient_data(29/72),$313.38M,
IMX-OP,err:OP_insufficient_data(29/72),$430.48M,
NXM-OP,err:OP_insufficient_data(29/72),$290.03M,
SPX-OP,err:OP_insufficient_data(29/72),$505.23M,
UB-OP,err:OP_insufficient_data(29/72),$563.99M,
OUSG-OP,err:OP_insufficient_data(29/72),$583.41M,
STAC-OP,err:OP_insufficient_data(29/72),$305.80M,
1INCH-OP,err:OP_insufficient_data(29/72),$318.97M,
RLB-OP,err:OP_insufficient_data(29/72),$307.43M,
DYDX-OP,err:OP_insufficient_data(29/72),$301.02M,
APR-OP,err:OP_insufficient_data(29/72),$399.55M,
DRV-OP,err:OP_insufficient_data(29/72),$305.80M,
EDGE-OP,err:OP_insufficient_data(29/72),$339.13M,
INJ-OP,err:OP_insufficient_data(29/72),$662.39M,
MWC-OP,err:OP_insufficient_data(29/72),$317.00M,
KAU-OP,err:OP_insufficient_data(29/72),$511.46M,
LDO-OP,err:OP_insufficient_data(29/72),$506.35M,
EARNETH-OP,err:OP_insufficient_data(29/72),$350.10M,
GRT-OP,err:OP_insufficient_data(29/72),$364.50M,
SEI-OP,err:OP_insufficient_data(29/72),$489.71M,
USDTB-OP,err:OP_insufficient_data(29/72),$558.68M,
VELVET-OP,err:OP_insufficient_data(29/72),$369.66M,
BC-OP,err:OP_insufficient_data(29/72),$422.72M,
DEXE-OP,err:OP_insufficient_data(29/72),$477.24M,
OZO-OP,err:OP_insufficient_data(29/72),$328.45M,
2Z-OP,err:OP_insufficient_data(29/72),$405.49M,
CASH-OP,err:OP_insufficient_data(29/72),$325.17M,
ZBCN-OP,err:OP_insufficient_data(29/72),$380.43M,
CVX-OP,err:OP_insufficient_data(29/72),$337.97M,
TIA-OP,err:OP_insufficient_data(29/72),$509.65M,
US-OP,err:OP_insufficient_data(29/72),$622.12M,
VIRTUAL-OP,err:OP_insufficient_data(29/72),$572.72M,
ZRO-OP,err:OP_insufficient_data(29/72),$487.91M,
AKT-OP,err:OP_insufficient_data(29/72),$331.55M,
TKX-OP,err:OP_insufficient_data(29/72),$306.60M,
APEPE-OP,err:OP_insufficient_data(29/72),$404.52M,
USTBL-OP,err:OP_insufficient_data(29/72),$364.00M,
OHM-OP,err:OP_insufficient_data(29/72),$478.96M,
META-OP,err:OP_insufficient_data(29/72),$298.57M,
APXUSD-OP,err:OP_insufficient_data(29/72),$498.21M,
GNO-OP,err:OP_insufficient_data(29/72),$485.80M,
USDAT-OP,err:OP_insufficient_data(29/72),$342.96M,
TWT-OP,err:OP_insufficient_data(29/72),$351.62M,
CAKE-OP,err:OP_insufficient_data(29/72),$650.35M,
ZK-OP,err:OP_insufficient_data(29/72),$287.51M,
FLUID-OP,err:OP_insufficient_data(29/72),$289.44M,
COCO-OP,err:OP_insufficient_data(29/72),$387.38M,
TIBBIR-OP,err:OP_insufficient_data(29/72),$309.64M,
GPS-OP,err:OP_insufficient_data(29/72),$299.16M,
DCR-OP,err:OP_insufficient_data(29/72),$405.93M,
NEO-OP,err:OP_insufficient_data(29/72),$336.93M,
GLM-OP,err:OP_insufficient_data(29/72),$297.92M,
AXS-OP,err:OP_insufficient_data(29/72),$346.84M,
KAG-OP,err:OP_insufficient_data(29/72),$416.85M,
CHEEMS-OP,err:OP_insufficient_data(29/72),$303.47M,
KMNO-OP,err:OP_insufficient_data(29/72),$301.18M,
XTZ-OP,err:OP_insufficient_data(29/72),$428.63M,
ULTIMA-OP,err:OP_insufficient_data(29/72),$384.86M,
KAITO-OP,err:OP_insufficient_data(29/72),$512.42M,
RUNE-OP,err:OP_insufficient_data(29/72),$351.42M,
BP-OP,err:OP_insufficient_data(29/72),$317.39M,
UQC-OP,err:OP_insufficient_data(29/72),$311.17M,
STRK-OP,err:OP_insufficient_data(29/72),$392.37M,
PC0000033-OP,err:OP_insufficient_data(29/72),$365.66M,
ICNT-OP,err:OP_insufficient_data(29/72),$304.73M,
FDUSD-OP,err:OP_insufficient_data(29/72),$549.25M,
PC0000097-OP,err:OP_insufficient_data(29/72),$337.16M,
WEMIX-OP,err:OP_insufficient_data(29/72),$303.58M,
ACRED-OP,err:OP_insufficient_data(29/72),$318.20M,
UUSD-OP,err:OP_insufficient_data(29/72),$302.94M,
FLOKI-OP,err:OP_insufficient_data(29/72),$401.66M,
SAND-OP,err:OP_insufficient_data(29/72),$328.34M,
AWE-OP,err:OP_insufficient_data(29/72),$308.98M,
CRVUSD-OP,err:OP_insufficient_data(29/72),$415.21M,
SNX-OP,err:OP_insufficient_data(29/72),$325.59M,
VCNT-OP,err:OP_insufficient_data(29/72),$367.60M,
DASH-OP,err:OP_insufficient_data(29/72),$600.59M,
CARDS-OP,err:OP_insufficient_data(29/72),$472.02M,
USAT-OP,err:OP_insufficient_data(29/72),$388.38M,
FF-OP,err:OP_insufficient_data(29/72),$395.44M,
USDA-OP,err:OP_insufficient_data(29/72),$299.33M,
ZANO-OP,err:OP_insufficient_data(29/72),$334.32M,
REUSD-OP,err:OP_insufficient_data(29/72),$370.59M,
NEX-OP,err:OP_insufficient_data(29/72),$293.48M,
JTO-OP,err:OP_insufficient_data(29/72),$471.79M,
IOTA-OP,err:OP_insufficient_data(29/72),$350.73M,
AVUSD-OP,err:OP_insufficient_data(29/72),$319.13M,
FARTCOIN-OP,err:OP_insufficient_data(29/72),$326.17M,
GALA-OP,err:OP_insufficient_data(29/72),$291.77M,
ENS-OP,err:OP_insufficient_data(29/72),$379.23M,
SOON-OP,err:OP_insufficient_data(29/72),$293.17M,
WIF-OP,err:OP_insufficient_data(29/72),$349.50M,
STRCX-OP,err:OP_insufficient_data(29/72),$343.95M,
PENGU-OP,err:OP_insufficient_data(29/72),$574.87M,
BORG-OP,err:OP_insufficient_data(29/72),$341.43M,
TAG-OP,err:OP_insufficient_data(29/72),$348.22M,
XEC-OP,err:OP_insufficient_data(29/72),$322.61M,
STX-OP,err:OP_insufficient_data(29/72),$453.67M,
TEL-OP,err:OP_insufficient_data(29/72),$377.47M,
GOMINING-OP,err:OP_insufficient_data(29/72),$318.72M,
EIGEN-OP,err:OP_insufficient_data(29/72),$343.75M,
OP-KAIA,err:OP_insufficient_data(29/72),$369.96M,
OP-ZBT,err:OP_insufficient_data(29/72),$317.10M,
OP-EURC,err:OP_insufficient_data(29/72),$653.19M,
OP-KITE,err:OP_insufficient_data(29/72),$435.16M,
OP-RAIL,err:OP_insufficient_data(29/72),$293.00M,
OP-SHORT,err:OP_insufficient_data(29/72),$300.71M,
OP-TRAC,err:OP_insufficient_data(29/72),$326.82M,
OP-PENDLE,err:OP_insufficient_data(29/72),$453.81M,
OP-PYTH,err:OP_insufficient_data(29/72),$524.52M,
OP-PIEVERSE,err:OP_insufficient_data(29/72),$385.24M,
OP-NFT,err:OP_insufficient_data(29/72),$467.68M,
OP-RAY,err:OP_insufficient_data(29/72),$366.16M,
OP-PC0000031,err:OP_insufficient_data(29/72),$405.66M,
OP-GEOD,err:OP_insufficient_data(29/72),$297.50M,
OP-PC0000077,err:OP_insufficient_data(29/72),$303.16M,
OP-A,err:OP_insufficient_data(29/72),$305.44M,
OP-LION,err:OP_insufficient_data(29/72),$345.53M,
OP-AIAT,err:OP_insufficient_data(29/72),$321.13M,
OP-MX,err:OP_insufficient_data(29/72),$353.74M,
OP-THETA,err:OP_insufficient_data(29/72),$329.25M,
OP-SN64,err:OP_insufficient_data(29/72),$293.15M,
OP-ETHFI,err:OP_insufficient_data(29/72),$603.05M,
OP-APYUSD,err:OP_insufficient_data(29/72),$361.28M,
OP-KOGE,err:OP_insufficient_data(29/72),$417.30M,
OP-BTSE,err:OP_insufficient_data(29/72),$336.27M,
OP-VET,err:OP_insufficient_data(29/72),$592.11M,
OP-CHZ,err:OP_insufficient_data(29/72),$347.29M,
OP-REAL,err:OP_insufficient_data(29/72),$452.21M,
OP-MON,err:OP_insufficient_data(29/72),$451.35M,
OP-SAFO,err:OP_insufficient_data(29/72),$360.15M,
OP-MANA,err:OP_insufficient_data(29/72),$334.54M,
OP-PRL,err:OP_insufficient_data(29/72),$287.23M,
OP-GLIDR,err:OP_insufficient_data(29/72),$304.54M,
OP-ONYC,err:OP_insufficient_data(29/72),$449.36M,
OP-A7A5,err:OP_insufficient_data(29/72),$681.36M,
OP-MET,err:OP_insufficient_data(29/72),$292.57M,
OP-Q,err:OP_insufficient_data(29/72),$423.11M,
OP-COMP,err:OP_insufficient_data(29/72),$362.48M,
OP-SYRUP,err:OP_insufficient_data(29/72),$410.40M,
OP-FRXUSD,err:OP_insufficient_data(29/72),$313.08M,
OP-BTT,err:OP_insufficient_data(29/72),$462.63M,
OP-BAT,err:OP_insufficient_data(29/72),$306.57M,
OP-XPIN,err:OP_insufficient_data(29/72),$348.05M,
OP-SOSO,err:OP_insufficient_data(29/72),$319.74M,
OP-VBILL,err:OP_insufficient_data(29/72),$395.20M,
OP-CRCLON,err:OP_insufficient_data(29/72),$296.01M,
OP-PEANUT,err:OP_insufficient_data(29/72),$387.69M,
OP-AR,err:OP_insufficient_data(29/72),$319.21M,
OP-SFP,err:OP_insufficient_data(29/72),$305.89M,
OP-PC0000023,err:OP_insufficient_data(29/72),$304.00M,
OP-GUSD,err:OP_insufficient_data(29/72),$352.66M,
OP-WFI,err:OP_insufficient_data(29/72),$377.70M,
OP-GRASS,err:OP_insufficient_data(29/72),$419.02M,
OP-PC0000085,err:OP_insufficient_data(29/72),$309.66M,
OP-BSV,err:OP_insufficient_data(29/72),$461.65M,
OP-JASMY,err:OP_insufficient_data(29/72),$414.74M,
OP-ANTFUN,err:OP_insufficient_data(29/72),$485.46M,
OP-USDAI,err:OP_insufficient_data(29/72),$360.59M,
OP-AERO,err:OP_insufficient_data(29/72),$617.53M,
OP-BONK,err:OP_insufficient_data(29/72),$468.10M,
OP-SUN,err:OP_insufficient_data(29/72),$545.45M,
OP-EURCV,err:OP_insufficient_data(29/72),$352.59M,
OP-USDZ,err:OP_insufficient_data(29/72),$330.54M,
OP-AKE,err:OP_insufficient_data(29/72),$298.68M,
OP-XCN,err:OP_insufficient_data(29/72),$332.81M,
OP-TRUMP,err:OP_insufficient_data(29/72),$560.55M,
OP-FET,err:OP_insufficient_data(29/72),$509.07M,
OP-FRAX,err:OP_insufficient_data(29/72),$423.22M,
OP-THBILL,err:OP_insufficient_data(29/72),$321.09M,
OP-ZAMA,err:OP_insufficient_data(29/72),$340.97M,
OP-SHFL,err:OP_insufficient_data(29/72),$324.56M,
OP-USDF,err:OP_insufficient_data(29/72),$314.99M,
OP-XPL,err:OP_insufficient_data(29/72),$423.74M,
VSN-NIGHT,err:NIGHT_insufficient_data(28/72),$453.27M,
LUNC-NIGHT,err:NIGHT_insufficient_data(28/72),$581.27M,
PC0000015-NIGHT,err:NIGHT_insufficient_data(28/72),$412.60M,
IMX-NIGHT,err:NIGHT_insufficient_data(28/72),$529.70M,
NXM-NIGHT,err:NIGHT_insufficient_data(28/72),$389.24M,
SPX-NIGHT,err:NIGHT_insufficient_data(28/72),$604.45M,
UB-NIGHT,err:NIGHT_insufficient_data(28/72),$663.21M,
OUSG-NIGHT,err:NIGHT_insufficient_data(28/72),$682.62M,
STAC-NIGHT,err:NIGHT_insufficient_data(28/72),$405.02M,
1INCH-NIGHT,err:NIGHT_insufficient_data(28/72),$418.19M,
RLB-NIGHT,err:NIGHT_insufficient_data(28/72),$406.65M,
DYDX-NIGHT,err:NIGHT_insufficient_data(28/72),$400.24M,
APR-NIGHT,err:NIGHT_insufficient_data(28/72),$498.76M,
DRV-NIGHT,err:NIGHT_insufficient_data(28/72),$405.02M,
EDGE-NIGHT,err:NIGHT_insufficient_data(28/72),$438.35M,
INJ-NIGHT,err:NIGHT_insufficient_data(28/72),$761.61M,
MWC-NIGHT,err:NIGHT_insufficient_data(28/72),$416.22M,
KAU-NIGHT,err:NIGHT_insufficient_data(28/72),$610.68M,
LDO-NIGHT,err:NIGHT_insufficient_data(28/72),$605.57M,
EARNETH-NIGHT,err:NIGHT_insufficient_data(28/72),$449.32M,
GRT-NIGHT,err:NIGHT_insufficient_data(28/72),$463.72M,
SEI-NIGHT,err:NIGHT_insufficient_data(28/72),$588.93M,
USDTB-NIGHT,err:NIGHT_insufficient_data(28/72),$657.90M,
VELVET-NIGHT,err:NIGHT_insufficient_data(28/72),$468.88M,
BC-NIGHT,err:NIGHT_insufficient_data(28/72),$521.94M,
DEXE-NIGHT,err:NIGHT_insufficient_data(28/72),$576.45M,
OZO-NIGHT,err:NIGHT_insufficient_data(28/72),$427.67M,
2Z-NIGHT,err:NIGHT_insufficient_data(28/72),$504.71M,
CASH-NIGHT,err:NIGHT_insufficient_data(28/72),$424.39M,
ZBCN-NIGHT,err:NIGHT_insufficient_data(28/72),$479.65M,
CVX-NIGHT,err:NIGHT_insufficient_data(28/72),$437.19M,
TIA-NIGHT,err:NIGHT_insufficient_data(28/72),$608.86M,
US-NIGHT,err:NIGHT_insufficient_data(28/72),$721.34M,
VIRTUAL-NIGHT,err:NIGHT_insufficient_data(28/72),$671.94M,
ZRO-NIGHT,err:NIGHT_insufficient_data(28/72),$587.13M,
AKT-NIGHT,err:NIGHT_insufficient_data(28/72),$430.77M,
TKX-NIGHT,err:NIGHT_insufficient_data(28/72),$405.82M,
APEPE-NIGHT,err:NIGHT_insufficient_data(28/72),$503.73M,
USTBL-NIGHT,err:NIGHT_insufficient_data(28/72),$463.22M,
OHM-NIGHT,err:NIGHT_insufficient_data(28/72),$578.18M,
META-NIGHT,err:NIGHT_insufficient_data(28/72),$397.79M,
APXUSD-NIGHT,err:NIGHT_insufficient_data(28/72),$597.43M,
NIGHT-GNO,err:NIGHT_insufficient_data(28/72),$585.02M,
NIGHT-USDAT,err:NIGHT_insufficient_data(28/72),$442.17M,
NIGHT-TWT,err:NIGHT_insufficient_data(28/72),$450.84M,
NIGHT-CAKE,err:NIGHT_insufficient_data(28/72),$749.57M,
NIGHT-ZK,err:NIGHT_insufficient_data(28/72),$386.73M,
NIGHT-FLUID,err:NIGHT_insufficient_data(28/72),$388.66M,
NIGHT-COCO,err:NIGHT_insufficient_data(28/72),$486.60M,
NIGHT-TIBBIR,err:NIGHT_insufficient_data(28/72),$408.86M,
NIGHT-GPS,err:NIGHT_insufficient_data(28/72),$398.38M,
NIGHT-H,err:NIGHT_insufficient_data(28/72),$434.49M,
NIGHT-DCR,err:NIGHT_insufficient_data(28/72),$505.15M,
NIGHT-NEO,err:NIGHT_insufficient_data(28/72),$436.15M,
NIGHT-GLM,err:NIGHT_insufficient_data(28/72),$397.14M,
NIGHT-AXS,err:NIGHT_insufficient_data(28/72),$446.06M,
NIGHT-KAG,err:NIGHT_insufficient_data(28/72),$516.07M,
NIGHT-CHEEMS,err:NIGHT_insufficient_data(28/72),$402.69M,
NIGHT-KMNO,err:NIGHT_insufficient_data(28/72),$400.40M,
NIGHT-XTZ,err:NIGHT_insufficient_data(28/72),$527.85M,
NIGHT-ULTIMA,err:NIGHT_insufficient_data(28/72),$484.07M,
NIGHT-KAITO,err:NIGHT_insufficient_data(28/72),$611.64M,
NIGHT-RUNE,err:NIGHT_insufficient_data(28/72),$450.64M,
NIGHT-BP,err:NIGHT_insufficient_data(28/72),$416.61M,
NIGHT-UQC,err:NIGHT_insufficient_data(28/72),$410.39M,
NIGHT-STRK,err:NIGHT_insufficient_data(28/72),$491.59M,
NIGHT-CTOC,err:NIGHT_insufficient_data(28/72),$577.38M,
NIGHT-PC0000033,err:NIGHT_insufficient_data(28/72),$464.87M,
NIGHT-ICNT,err:NIGHT_insufficient_data(28/72),$403.95M,
NIGHT-FDUSD,err:NIGHT_insufficient_data(28/72),$648.47M,
NIGHT-PC0000097,err:NIGHT_insufficient_data(28/72),$436.37M,
NIGHT-WEMIX,err:NIGHT_insufficient_data(28/72),$402.80M,
NIGHT-ACRED,err:NIGHT_insufficient_data(28/72),$417.42M,
NIGHT-SMILEK,err:NIGHT_insufficient_data(28/72),$389.75M,
NIGHT-WM,err:NIGHT_insufficient_data(28/72),$388.73M,
NIGHT-UUSD,err:NIGHT_insufficient_data(28/72),$402.16M,
NIGHT-FLOKI,err:NIGHT_insufficient_data(28/72),$500.88M,
NIGHT-SAND,err:NIGHT_insufficient_data(28/72),$427.56M,
NIGHT-AWE,err:NIGHT_insufficient_data(28/72),$408.20M,
NIGHT-CRVUSD,err:NIGHT_insufficient_data(28/72),$514.42M,
NIGHT-GENIUS,err:NIGHT_insufficient_data(28/72),$415.76M,
NIGHT-SNX,err:NIGHT_insufficient_data(28/72),$424.81M,
NIGHT-VCNT,err:NIGHT_insufficient_data(28/72),$466.82M,
NIGHT-DASH,err:NIGHT_insufficient_data(28/72),$699.81M,
NIGHT-CARDS,err:NIGHT_insufficient_data(28/72),$571.24M,
NIGHT-USAT,err:NIGHT_insufficient_data(28/72),$487.60M,
NIGHT-FF,err:NIGHT_insufficient_data(28/72),$494.66M,
NIGHT-USDA,err:NIGHT_insufficient_data(28/72),$398.55M,
NIGHT-ZANO,err:NIGHT_insufficient_data(28/72),$433.53M,
NIGHT-REUSD,err:NIGHT_insufficient_data(28/72),$469.81M,
NIGHT-NEX,err:NIGHT_insufficient_data(28/72),$392.70M,
NIGHT-JTO,err:NIGHT_insufficient_data(28/72),$571.01M,
NIGHT-IOTA,err:NIGHT_insufficient_data(28/72),$449.95M,
NIGHT-AVUSD,err:NIGHT_insufficient_data(28/72),$418.35M,
NIGHT-FARTCOIN,err:NIGHT_insufficient_data(28/72),$425.39M,
NIGHT-GALA,err:NIGHT_insufficient_data(28/72),$390.99M,
NIGHT-ENS,err:NIGHT_insufficient_data(28/72),$478.45M,
NIGHT-SOON,err:NIGHT_insufficient_data(28/72),$392.38M,
NIGHT-WIF,err:NIGHT_insufficient_data(28/72),$448.72M,
NIGHT-SPCXB,err:NIGHT_insufficient_data(28/72),$387.91M,
NIGHT-STRCX,err:NIGHT_insufficient_data(28/72),$443.17M,
NIGHT-PENGU,err:NIGHT_insufficient_data(28/72),$674.09M,
NIGHT-BORG,err:NIGHT_insufficient_data(28/72),$440.64M,
NIGHT-TAG,err:NIGHT_insufficient_data(28/72),$447.44M,
NIGHT-XEC,err:NIGHT_insufficient_data(28/72),$421.83M,
NIGHT-STX,err:NIGHT_insufficient_data(28/72),$552.89M,
NIGHT-TEL,err:NIGHT_insufficient_data(28/72),$476.69M,
NIGHT-GOMINING,err:NIGHT_insufficient_data(28/72),$417.94M,
NIGHT-APE,err:NIGHT_insufficient_data(28/72),$451.01M,
NIGHT-EIGEN,err:NIGHT_insufficient_data(28/72),$442.97M,
NIGHT-OP,err:NIGHT_insufficient_data(28/72),$505.53M,
NIGHT-KAIA,err:NIGHT_insufficient_data(28/72),$469.18M,
NIGHT-ZBT,err:NIGHT_insufficient_data(28/72),$416.32M,
NIGHT-EURC,err:NIGHT_insufficient_data(28/72),$752.41M,
NIGHT-KITE,err:NIGHT_insufficient_data(28/72),$534.38M,
NIGHT-RAIL,err:NIGHT_insufficient_data(28/72),$392.22M,
NIGHT-SHORT,err:NIGHT_insufficient_data(28/72),$399.93M,
NIGHT-TRAC,err:NIGHT_insufficient_data(28/72),$426.04M,
NIGHT-PENDLE,err:NIGHT_insufficient_data(28/72),$553.03M,
NIGHT-PYTH,err:NIGHT_insufficient_data(28/72),$623.73M,
NIGHT-PIEVERSE,err:NIGHT_insufficient_data(28/72),$484.46M,
NIGHT-NFT,err:NIGHT_insufficient_data(28/72),$566.90M,
NIGHT-RAY,err:NIGHT_insufficient_data(28/72),$465.38M,
NIGHT-PC0000031,err:NIGHT_insufficient_data(28/72),$504.87M,
NIGHT-GEOD,err:NIGHT_insufficient_data(28/72),$396.72M,
NIGHT-PC0000077,err:NIGHT_insufficient_data(28/72),$402.37M,
NIGHT-A,err:NIGHT_insufficient_data(28/72),$404.66M,
NIGHT-LION,err:NIGHT_insufficient_data(28/72),$444.75M,
NIGHT-AIAT,err:NIGHT_insufficient_data(28/72),$420.35M,
NIGHT-MX,err:NIGHT_insufficient_data(28/72),$452.96M,
NIGHT-THETA,err:NIGHT_insufficient_data(28/72),$428.47M,
NIGHT-SN64,err:NIGHT_insufficient_data(28/72),$392.37M,
NIGHT-ETHFI,err:NIGHT_insufficient_data(28/72),$702.27M,
NIGHT-APYUSD,err:NIGHT_insufficient_data(28/72),$460.50M,
NIGHT-KOGE,err:NIGHT_insufficient_data(28/72),$516.52M,
NIGHT-BTSE,err:NIGHT_insufficient_data(28/72),$435.49M,
NIGHT-VET,err:NIGHT_insufficient_data(28/72),$691.33M,
NIGHT-CHZ,err:NIGHT_insufficient_data(28/72),$446.51M,
NIGHT-REAL,err:NIGHT_insufficient_data(28/72),$551.43M,
NIGHT-MON,err:NIGHT_insufficient_data(28/72),$550.57M,
NIGHT-SAFO,err:NIGHT_insufficient_data(28/72),$459.37M,
NIGHT-MANA,err:NIGHT_insufficient_data(28/72),$433.76M,
NIGHT-PRL,err:NIGHT_insufficient_data(28/72),$386.44M,
NIGHT-GLIDR,err:NIGHT_insufficient_data(28/72),$403.76M,
NIGHT-ONYC,err:NIGHT_insufficient_data(28/72),$548.58M,
NIGHT-A7A5,err:NIGHT_insufficient_data(28/72),$780.58M,
NIGHT-MET,err:NIGHT_insufficient_data(28/72),$391.79M,
NIGHT-Q,err:NIGHT_insufficient_data(28/72),$522.33M,
NIGHT-COMP,err:NIGHT_insufficient_data(28/72),$461.70M,
NIGHT-SYRUP,err:NIGHT_insufficient_data(28/72),$509.62M,
NIGHT-FRXUSD,err:NIGHT_insufficient_data(28/72),$412.30M,
NIGHT-BTT,err:NIGHT_insufficient_data(28/72),$561.85M,
NIGHT-BAT,err:NIGHT_insufficient_data(28/72),$405.79M,
NIGHT-XPIN,err:NIGHT_insufficient_data(28/72),$447.27M,
NIGHT-SOSO,err:NIGHT_insufficient_data(28/72),$418.96M,
NIGHT-VBILL,err:NIGHT_insufficient_data(28/72),$494.42M,
NIGHT-CRCLON,err:NIGHT_insufficient_data(28/72),$395.23M,
NIGHT-PEANUT,err:NIGHT_insufficient_data(28/72),$486.91M,
NIGHT-AR,err:NIGHT_insufficient_data(28/72),$418.43M,
NIGHT-SFP,err:NIGHT_insufficient_data(28/72),$405.11M,
NIGHT-PC0000023,err:NIGHT_insufficient_data(28/72),$403.22M,
NIGHT-GUSD,err:NIGHT_insufficient_data(28/72),$451.88M,
NIGHT-WFI,err:NIGHT_insufficient_data(28/72),$476.92M,
NIGHT-GRASS,err:NIGHT_insufficient_data(28/72),$518.24M,
NIGHT-PC0000085,err:NIGHT_insufficient_data(28/72),$408.87M,
NIGHT-BSV,err:NIGHT_insufficient_data(28/72),$560.87M,
NIGHT-JASMY,err:NIGHT_insufficient_data(28/72),$513.96M,
NIGHT-ANTFUN,err:NIGHT_insufficient_data(28/72),$584.68M,
NIGHT-USDAI,err:NIGHT_insufficient_data(28/72),$459.81M,
NIGHT-AERO,err:NIGHT_insufficient_data(28/72),$716.75M,
NIGHT-BONK,err:NIGHT_insufficient_data(28/72),$567.32M,
NIGHT-SUN,err:NIGHT_insufficient_data(28/72),$644.66M,
NIGHT-EURCV,err:NIGHT_insufficient_data(28/72),$451.81M,
NIGHT-USDZ,err:NIGHT_insufficient_data(28/72),$429.76M,
NIGHT-AKE,err:NIGHT_insufficient_data(28/72),$397.90M,
NIGHT-XCN,err:NIGHT_insufficient_data(28/72),$432.03M,
NIGHT-TRUMP,err:NIGHT_insufficient_data(28/72),$659.76M,
NIGHT-FET,err:NIGHT_insufficient_data(28/72),$608.29M,
NIGHT-FRAX,err:NIGHT_insufficient_data(28/72),$522.44M,
NIGHT-THBILL,err:NIGHT_insufficient_data(28/72),$420.31M,
NIGHT-ZAMA,err:NIGHT_insufficient_data(28/72),$440.19M,
NIGHT-SHFL,err:NIGHT_insufficient_data(28/72),$423.77M,
NIGHT-USDF,err:NIGHT_insufficient_data(28/72),$414.21M,
NIGHT-XPL,err:NIGHT_insufficient_data(28/72),$522.96M,
VSN-M,err:M_insufficient_data(63/72),$279.61M,
LUNC-M,err:M_insufficient_data(63/72),$407.62M,
M-PC0000015,err:M_insufficient_data(63/72),$238.94M,
M-IMX,err:M_insufficient_data(63/72),$356.04M,
M-CFX,err:M_insufficient_data(63/72),$351.63M,
M-NXM,err:M_insufficient_data(63/72),$215.59M,
M-SPX,err:M_insufficient_data(63/72),$430.79M,
M-UB,err:M_insufficient_data(63/72),$489.55M,
M-DAI,err:M_insufficient_data(63/72),$219.77M,
M-OUSG,err:M_insufficient_data(63/72),$508.97M,
M-STAC,err:M_insufficient_data(63/72),$231.36M,
M-1INCH,err:M_insufficient_data(63/72),$244.53M,
M-HOLO,err:M_insufficient_data(63/72),$275.41M,
M-RLB,err:M_insufficient_data(63/72),$232.99M,
M-DYDX,err:M_insufficient_data(63/72),$226.58M,
M-APR,err:M_insufficient_data(63/72),$325.11M,
M-DRV,err:M_insufficient_data(63/72),$231.36M,
M-EDGE,err:M_insufficient_data(63/72),$264.69M,
M-INJ,err:M_insufficient_data(63/72),$587.95M,
M-FGRS,err:M_insufficient_data(63/72),$318.47M,
M-MWC,err:M_insufficient_data(63/72),$242.56M,
M-KAU,err:M_insufficient_data(63/72),$437.02M,
M-LDO,err:M_insufficient_data(63/72),$431.91M,
M-EARNETH,err:M_insufficient_data(63/72),$275.66M,
M-GRT,err:M_insufficient_data(63/72),$290.06M,
M-DUSD,err:M_insufficient_data(63/72),$232.09M,
M-SEI,err:M_insufficient_data(63/72),$415.27M,
M-USDTB,err:M_insufficient_data(63/72),$484.24M,
M-BCN,err:M_insufficient_data(63/72),$394.48M,
M-VELVET,err:M_insufficient_data(63/72),$295.22M,
M-BC,err:M_insufficient_data(63/72),$348.29M,
M-DEXE,err:M_insufficient_data(63/72),$402.80M,
M-OZO,err:M_insufficient_data(63/72),$254.01M,
M-AB,err:M_insufficient_data(63/72),$225.56M,
M-2Z,err:M_insufficient_data(63/72),$331.05M,
M-CASH,err:M_insufficient_data(63/72),$250.74M,
M-ZBCN,err:M_insufficient_data(63/72),$305.99M,
M-CVX,err:M_insufficient_data(63/72),$263.53M,
M-TIA,err:M_insufficient_data(63/72),$435.21M,
M-US,err:M_insufficient_data(63/72),$547.68M,
M-VIRTUAL,err:M_insufficient_data(63/72),$498.29M,
M-ZRO,err:M_insufficient_data(63/72),$413.47M,
M-AKT,err:M_insufficient_data(63/72),$257.11M,
M-TKX,err:M_insufficient_data(63/72),$232.16M,
M-APEPE,err:M_insufficient_data(63/72),$330.08M,
M-USTBL,err:M_insufficient_data(63/72),$289.56M,
M-ALFW,err:M_insufficient_data(63/72),$243.05M,
M-OHM,err:M_insufficient_data(63/72),$404.52M,
M-B,err:M_insufficient_data(63/72),$296.90M,
M-GRX,err:M_insufficient_data(63/72),$252.82M,
M-META,err:M_insufficient_data(63/72),$224.13M,
M-APXUSD,err:M_insufficient_data(63/72),$423.77M,
M-NIGHT,err:M_insufficient_data(63/72),$431.09M,
M-GNO,err:M_insufficient_data(63/72),$411.36M,
M-USDAT,err:M_insufficient_data(63/72),$268.52M,
M-TWT,err:M_insufficient_data(63/72),$277.18M,
M-CAKE,err:M_insufficient_data(63/72),$575.91M,
M-ZK,err:M_insufficient_data(63/72),$213.07M,
M-FLUID,err:M_insufficient_data(63/72),$215.00M,
M-COCO,err:M_insufficient_data(63/72),$312.94M,
M-TIBBIR,err:M_insufficient_data(63/72),$235.20M,
M-GPS,err:M_insufficient_data(63/72),$224.73M,
M-H,err:M_insufficient_data(63/72),$260.84M,
M-DCR,err:M_insufficient_data(63/72),$331.50M,
M-NEO,err:M_insufficient_data(63/72),$262.49M,
M-GLM,err:M_insufficient_data(63/72),$223.48M,
M-AXS,err:M_insufficient_data(63/72),$272.41M,
M-KAG,err:M_insufficient_data(63/72),$342.41M,
M-CHEEMS,err:M_insufficient_data(63/72),$229.04M,
M-KMNO,err:M_insufficient_data(63/72),$226.74M,
M-XTZ,err:M_insufficient_data(63/72),$354.19M,
M-ULTIMA,err:M_insufficient_data(63/72),$310.42M,
M-KAITO,err:M_insufficient_data(63/72),$437.99M,
M-RUNE,err:M_insufficient_data(63/72),$276.98M,
M-BP,err:M_insufficient_data(63/72),$242.95M,
M-UQC,err:M_insufficient_data(63/72),$236.74M,
M-STRK,err:M_insufficient_data(63/72),$317.93M,
M-CTOC,err:M_insufficient_data(63/72),$403.72M,
M-PC0000033,err:M_insufficient_data(63/72),$291.22M,
M-ICNT,err:M_insufficient_data(63/72),$230.29M,
M-FDUSD,err:M_insufficient_data(63/72),$474.81M,
M-PC0000097,err:M_insufficient_data(63/72),$262.72M,
M-WEMIX,err:M_insufficient_data(63/72),$229.14M,
M-ACRED,err:M_insufficient_data(63/72),$243.76M,
M-SMILEK,err:M_insufficient_data(63/72),$216.09M,
M-WM,err:M_insufficient_data(63/72),$215.08M,
M-UUSD,err:M_insufficient_data(63/72),$228.50M,
M-FLOKI,err:M_insufficient_data(63/72),$327.23M,
M-SAND,err:M_insufficient_data(63/72),$253.91M,
M-AWE,err:M_insufficient_data(63/72),$234.54M,
M-CRVUSD,err:M_insufficient_data(63/72),$340.77M,
M-GENIUS,err:M_insufficient_data(63/72),$242.10M,
M-SNX,err:M_insufficient_data(63/72),$251.15M,
M-VCNT,err:M_insufficient_data(63/72),$293.16M,
M-DASH,err:M_insufficient_data(63/72),$526.15M,
M-CARDS,err:M_insufficient_data(63/72),$397.58M,
M-USAT,err:M_insufficient_data(63/72),$313.95M,
M-FF,err:M_insufficient_data(63/72),$321.00M,
M-USDA,err:M_insufficient_data(63/72),$224.90M,
M-ZANO,err:M_insufficient_data(63/72),$259.88M,
M-REUSD,err:M_insufficient_data(63/72),$296.15M,
M-NEX,err:M_insufficient_data(63/72),$219.05M,
M-JTO,err:M_insufficient_data(63/72),$397.35M,
M-IOTA,err:M_insufficient_data(63/72),$276.29M,
M-AVUSD,err:M_insufficient_data(63/72),$244.69M,
M-FARTCOIN,err:M_insufficient_data(63/72),$251.73M,
M-GALA,err:M_insufficient_data(63/72),$217.33M,
M-ENS,err:M_insufficient_data(63/72),$304.79M,
M-SOON,err:M_insufficient_data(63/72),$218.73M,
M-WIF,err:M_insufficient_data(63/72),$275.06M,
M-SPCXB,err:M_insufficient_data(63/72),$214.25M,
M-STRCX,err:M_insufficient_data(63/72),$269.51M,
M-PENGU,err:M_insufficient_data(63/72),$500.44M,
M-BORG,err:M_insufficient_data(63/72),$266.99M,
M-TAG,err:M_insufficient_data(63/72),$273.79M,
M-XEC,err:M_insufficient_data(63/72),$248.17M,
M-STX,err:M_insufficient_data(63/72),$379.24M,
M-TEL,err:M_insufficient_data(63/72),$303.03M,
M-GOMINING,err:M_insufficient_data(63/72),$244.28M,
M-APE,err:M_insufficient_data(63/72),$277.36M,
M-EIGEN,err:M_insufficient_data(63/72),$269.31M,
M-OP,err:M_insufficient_data(63/72),$331.87M,
M-KAIA,err:M_insufficient_data(63/72),$295.52M,
M-ZBT,err:M_insufficient_data(63/72),$242.66M,
M-EURC,err:M_insufficient_data(63/72),$578.75M,
M-KITE,err:M_insufficient_data(63/72),$360.72M,
M-RAIL,err:M_insufficient_data(63/72),$218.56M,
M-SHORT,err:M_insufficient_data(63/72),$226.27M,
M-TRAC,err:M_insufficient_data(63/72),$252.38M,
M-PENDLE,err:M_insufficient_data(63/72),$379.37M,
M-PYTH,err:M_insufficient_data(63/72),$450.08M,
M-PIEVERSE,err:M_insufficient_data(63/72),$310.80M,
M-NFT,err:M_insufficient_data(63/72),$393.24M,
M-RAY,err:M_insufficient_data(63/72),$291.72M,
M-PC0000031,err:M_insufficient_data(63/72),$331.22M,
M-GEOD,err:M_insufficient_data(63/72),$223.06M,
M-PC0000077,err:M_insufficient_data(63/72),$228.72M,
M-A,err:M_insufficient_data(63/72),$231.01M,
M-LION,err:M_insufficient_data(63/72),$271.09M,
M-AIAT,err:M_insufficient_data(63/72),$246.70M,
M-MX,err:M_insufficient_data(63/72),$279.31M,
M-THETA,err:M_insufficient_data(63/72),$254.81M,
M-SN64,err:M_insufficient_data(63/72),$218.71M,
M-ETHFI,err:M_insufficient_data(63/72),$528.61M,
M-APYUSD,err:M_insufficient_data(63/72),$286.84M,
M-KOGE,err:M_insufficient_data(63/72),$342.87M,
M-BTSE,err:M_insufficient_data(63/72),$261.83M,
M-VET,err:M_insufficient_data(63/72),$517.67M,
M-CHZ,err:M_insufficient_data(63/72),$272.86M,
M-REAL,err:M_insufficient_data(63/72),$377.78M,
M-MON,err:M_insufficient_data(63/72),$376.91M,
M-SAFO,err:M_insufficient_data(63/72),$285.72M,
M-MANA,err:M_insufficient_data(63/72),$260.10M,
M-PRL,err:M_insufficient_data(63/72),$212.79M,
M-GLIDR,err:M_insufficient_data(63/72),$230.10M,
M-ONYC,err:M_insufficient_data(63/72),$374.92M,
M-A7A5,err:M_insufficient_data(63/72),$606.92M,
M-MET,err:M_insufficient_data(63/72),$218.13M,
M-Q,err:M_insufficient_data(63/72),$348.67M,
M-COMP,err:M_insufficient_data(63/72),$288.04M,
M-SYRUP,err:M_insufficient_data(63/72),$335.97M,
M-FRXUSD,err:M_insufficient_data(63/72),$238.64M,
M-BTT,err:M_insufficient_data(63/72),$388.19M,
M-BAT,err:M_insufficient_data(63/72),$232.13M,
M-XPIN,err:M_insufficient_data(63/72),$273.61M,
M-SOSO,err:M_insufficient_data(63/72),$245.31M,
M-VBILL,err:M_insufficient_data(63/72),$320.76M,
M-CRCLON,err:M_insufficient_data(63/72),$221.57M,
M-PEANUT,err:M_insufficient_data(63/72),$313.25M,
M-AR,err:M_insufficient_data(63/72),$244.77M,
M-SFP,err:M_insufficient_data(63/72),$231.45M,
M-PC0000023,err:M_insufficient_data(63/72),$229.56M,
M-GUSD,err:M_insufficient_data(63/72),$278.22M,
M-WFI,err:M_insufficient_data(63/72),$303.26M,
M-GRASS,err:M_insufficient_data(63/72),$344.59M,
M-PC0000085,err:M_insufficient_data(63/72),$235.22M,
M-BSV,err:M_insufficient_data(63/72),$387.21M,
M-JASMY,err:M_insufficient_data(63/72),$340.30M,
M-ANTFUN,err:M_insufficient_data(63/72),$411.03M,
M-USDAI,err:M_insufficient_data(63/72),$286.16M,
M-AERO,err:M_insufficient_data(63/72),$543.09M,
M-BONK,err:M_insufficient_data(63/72),$393.66M,
M-SUN,err:M_insufficient_data(63/72),$471.01M,
M-EURCV,err:M_insufficient_data(63/72),$278.15M,
M-USDZ,err:M_insufficient_data(63/72),$256.11M,
M-AKE,err:M_insufficient_data(63/72),$224.24M,
M-XCN,err:M_insufficient_data(63/72),$258.38M,
M-TRUMP,err:M_insufficient_data(63/72),$486.11M,
M-FET,err:M_insufficient_data(63/72),$434.64M,
M-FRAX,err:M_insufficient_data(63/72),$348.78M,
M-THBILL,err:M_insufficient_data(63/72),$246.65M,
M-ZAMA,err:M_insufficient_data(63/72),$266.53M,
M-SHFL,err:M_insufficient_data(63/72),$250.12M,
M-USDF,err:M_insufficient_data(63/72),$240.56M,
M-XPL,err:M_insufficient_data(63/72),$349.30M,
VSN-LION,err:LION_insufficient_data(49/72),$293.27M,
LUNC-LION,err:LION_insufficient_data(49/72),$421.28M,
PC0000015-LION,err:LION_insufficient_data(49/72),$252.60M,
IMX-LION,err:LION_insufficient_data(49/72),$369.70M,
NXM-LION,err:LION_insufficient_data(49/72),$229.25M,
SPX-LION,err:LION_insufficient_data(49/72),$444.45M,
UB-LION,err:LION_insufficient_data(49/72),$503.21M,
OUSG-LION,err:LION_insufficient_data(49/72),$522.63M,
STAC-LION,err:LION_insufficient_data(49/72),$245.02M,
1INCH-LION,err:LION_insufficient_data(49/72),$258.19M,
RLB-LION,err:LION_insufficient_data(49/72),$246.65M,
DYDX-LION,err:LION_insufficient_data(49/72),$240.24M,
APR-LION,err:LION_insufficient_data(49/72),$338.77M,
DRV-LION,err:LION_insufficient_data(49/72),$245.02M,
EDGE-LION,err:LION_insufficient_data(49/72),$278.35M,
INJ-LION,err:LION_insufficient_data(49/72),$601.61M,
MWC-LION,err:LION_insufficient_data(49/72),$256.22M,
KAU-LION,err:LION_insufficient_data(49/72),$450.68M,
LDO-LION,err:LION_insufficient_data(49/72),$445.57M,
EARNETH-LION,err:LION_insufficient_data(49/72),$289.32M,
GRT-LION,err:LION_insufficient_data(49/72),$303.72M,
SEI-LION,err:LION_insufficient_data(49/72),$428.93M,
USDTB-LION,err:LION_insufficient_data(49/72),$497.90M,
VELVET-LION,err:LION_insufficient_data(49/72),$308.88M,
BC-LION,err:LION_insufficient_data(49/72),$361.95M,
DEXE-LION,err:LION_insufficient_data(49/72),$416.46M,
OZO-LION,err:LION_insufficient_data(49/72),$267.67M,
2Z-LION,err:LION_insufficient_data(49/72),$344.71M,
CASH-LION,err:LION_insufficient_data(49/72),$264.39M,
ZBCN-LION,err:LION_insufficient_data(49/72),$319.65M,
CVX-LION,err:LION_insufficient_data(49/72),$277.19M,
TIA-LION,err:LION_insufficient_data(49/72),$448.87M,
US-LION,err:LION_insufficient_data(49/72),$561.34M,
VIRTUAL-LION,err:LION_insufficient_data(49/72),$511.95M,
ZRO-LION,err:LION_insufficient_data(49/72),$427.13M,
AKT-LION,err:LION_insufficient_data(49/72),$270.77M,
TKX-LION,err:LION_insufficient_data(49/72),$245.82M,
APEPE-LION,err:LION_insufficient_data(49/72),$343.74M,
USTBL-LION,err:LION_insufficient_data(49/72),$303.22M,
OHM-LION,err:LION_insufficient_data(49/72),$418.18M,
META-LION,err:LION_insufficient_data(49/72),$237.79M,
APXUSD-LION,err:LION_insufficient_data(49/72),$437.43M,
GNO-LION,err:LION_insufficient_data(49/72),$425.02M,
USDAT-LION,err:LION_insufficient_data(49/72),$282.18M,
TWT-LION,err:LION_insufficient_data(49/72),$290.84M,
CAKE-LION,err:LION_insufficient_data(49/72),$589.57M,
ZK-LION,err:LION_insufficient_data(49/72),$226.73M,
FLUID-LION,err:LION_insufficient_data(49/72),$228.66M,
COCO-LION,err:LION_insufficient_data(49/72),$326.60M,
TIBBIR-LION,err:LION_insufficient_data(49/72),$248.86M,
GPS-LION,err:LION_insufficient_data(49/72),$238.39M,
DCR-LION,err:LION_insufficient_data(49/72),$345.15M,
NEO-LION,err:LION_insufficient_data(49/72),$276.15M,
GLM-LION,err:LION_insufficient_data(49/72),$237.14M,
AXS-LION,err:LION_insufficient_data(49/72),$286.06M,
KAG-LION,err:LION_insufficient_data(49/72),$356.07M,
CHEEMS-LION,err:LION_insufficient_data(49/72),$242.69M,
KMNO-LION,err:LION_insufficient_data(49/72),$240.40M,
XTZ-LION,err:LION_insufficient_data(49/72),$367.85M,
ULTIMA-LION,err:LION_insufficient_data(49/72),$324.08M,
KAITO-LION,err:LION_insufficient_data(49/72),$451.65M,
RUNE-LION,err:LION_insufficient_data(49/72),$290.64M,
BP-LION,err:LION_insufficient_data(49/72),$256.61M,
UQC-LION,err:LION_insufficient_data(49/72),$250.40M,
STRK-LION,err:LION_insufficient_data(49/72),$331.59M,
PC0000033-LION,err:LION_insufficient_data(49/72),$304.88M,
ICNT-LION,err:LION_insufficient_data(49/72),$243.95M,
FDUSD-LION,err:LION_insufficient_data(49/72),$488.47M,
PC0000097-LION,err:LION_insufficient_data(49/72),$276.38M,
WEMIX-LION,err:LION_insufficient_data(49/72),$242.80M,
ACRED-LION,err:LION_insufficient_data(49/72),$257.42M,
UUSD-LION,err:LION_insufficient_data(49/72),$242.16M,
FLOKI-LION,err:LION_insufficient_data(49/72),$340.89M,
SAND-LION,err:LION_insufficient_data(49/72),$267.56M,
AWE-LION,err:LION_insufficient_data(49/72),$248.20M,
CRVUSD-LION,err:LION_insufficient_data(49/72),$354.43M,
SNX-LION,err:LION_insufficient_data(49/72),$264.81M,
VCNT-LION,err:LION_insufficient_data(49/72),$306.82M,
DASH-LION,err:LION_insufficient_data(49/72),$539.81M,
CARDS-LION,err:LION_insufficient_data(49/72),$411.24M,
USAT-LION,err:LION_insufficient_data(49/72),$327.61M,
FF-LION,err:LION_insufficient_data(49/72),$334.66M,
USDA-LION,err:LION_insufficient_data(49/72),$238.55M,
ZANO-LION,err:LION_insufficient_data(49/72),$273.54M,
REUSD-LION,err:LION_insufficient_data(49/72),$309.81M,
NEX-LION,err:LION_insufficient_data(49/72),$232.71M,
JTO-LION,err:LION_insufficient_data(49/72),$411.01M,
IOTA-LION,err:LION_insufficient_data(49/72),$289.95M,
AVUSD-LION,err:LION_insufficient_data(49/72),$258.35M,
FARTCOIN-LION,err:LION_insufficient_data(49/72),$265.39M,
GALA-LION,err:LION_insufficient_data(49/72),$230.99M,
ENS-LION,err:LION_insufficient_data(49/72),$318.45M,
SOON-LION,err:LION_insufficient_data(49/72),$232.39M,
WIF-LION,err:LION_insufficient_data(49/72),$288.72M,
STRCX-LION,err:LION_insufficient_data(49/72),$283.17M,
PENGU-LION,err:LION_insufficient_data(49/72),$514.09M,
BORG-LION,err:LION_insufficient_data(49/72),$280.65M,
TAG-LION,err:LION_insufficient_data(49/72),$287.44M,
XEC-LION,err:LION_insufficient_data(49/72),$261.83M,
STX-LION,err:LION_insufficient_data(49/72),$392.89M,
TEL-LION,err:LION_insufficient_data(49/72),$316.69M,
GOMINING-LION,err:LION_insufficient_data(49/72),$257.94M,
EIGEN-LION,err:LION_insufficient_data(49/72),$282.97M,
ZBT-LION,err:LION_insufficient_data(49/72),$256.32M,
EURC-LION,err:LION_insufficient_data(49/72),$592.41M,
KITE-LION,err:LION_insufficient_data(49/72),$374.38M,
RAIL-LION,err:LION_insufficient_data(49/72),$232.22M,
SHORT-LION,err:LION_insufficient_data(49/72),$239.93M,
TRAC-LION,err:LION_insufficient_data(49/72),$266.04M,
PENDLE-LION,err:LION_insufficient_data(49/72),$393.03M,
PYTH-LION,err:LION_insufficient_data(49/72),$463.74M,
PIEVERSE-LION,err:LION_insufficient_data(49/72),$324.46M,
NFT-LION,err:LION_insufficient_data(49/72),$406.90M,
RAY-LION,err:LION_insufficient_data(49/72),$305.38M,
PC0000031-LION,err:LION_insufficient_data(49/72),$344.88M,
GEOD-LION,err:LION_insufficient_data(49/72),$236.72M,
PC0000077-LION,err:LION_insufficient_data(49/72),$242.38M,
A-LION,err:LION_insufficient_data(49/72),$244.67M,
LION-AIAT,err:LION_insufficient_data(49/72),$260.36M,
LION-MX,err:LION_insufficient_data(49/72),$292.97M,
LION-THETA,err:LION_insufficient_data(49/72),$268.47M,
LION-SN64,err:LION_insufficient_data(49/72),$232.37M,
LION-ETHFI,err:LION_insufficient_data(49/72),$542.27M,
LION-APYUSD,err:LION_insufficient_data(49/72),$300.50M,
LION-KOGE,err:LION_insufficient_data(49/72),$356.53M,
LION-BTSE,err:LION_insufficient_data(49/72),$275.49M,
LION-VET,err:LION_insufficient_data(49/72),$531.33M,
LION-CHZ,err:LION_insufficient_data(49/72),$286.52M,
LION-REAL,err:LION_insufficient_data(49/72),$391.44M,
LION-MON,err:LION_insufficient_data(49/72),$390.57M,
LION-SAFO,err:LION_insufficient_data(49/72),$299.38M,
LION-MANA,err:LION_insufficient_data(49/72),$273.76M,
LION-PRL,err:LION_insufficient_data(49/72),$226.45M,
LION-GLIDR,err:LION_insufficient_data(49/72),$243.76M,
LION-ONYC,err:LION_insufficient_data(49/72),$388.58M,
LION-A7A5,err:LION_insufficient_data(49/72),$620.58M,
LION-MET,err:LION_insufficient_data(49/72),$231.79M,
LION-Q,err:LION_insufficient_data(49/72),$362.33M,
LION-COMP,err:LION_insufficient_data(49/72),$301.70M,
LION-SYRUP,err:LION_insufficient_data(49/72),$349.62M,
LION-FRXUSD,err:LION_insufficient_data(49/72),$252.30M,
LION-BTT,err:LION_insufficient_data(49/72),$401.85M,
LION-BAT,err:LION_insufficient_data(49/72),$245.79M,
LION-XPIN,err:LION_insufficient_data(49/72),$287.27M,
LION-SOSO,err:LION_insufficient_data(49/72),$258.97M,
LION-VBILL,err:LION_insufficient_data(49/72),$334.42M,
LION-CRCLON,err:LION_insufficient_data(49/72),$235.23M,
LION-PEANUT,err:LION_insufficient_data(49/72),$326.91M,
LION-AR,err:LION_insufficient_data(49/72),$258.43M,
LION-SFP,err:LION_insufficient_data(49/72),$245.11M,
LION-PC0000023,err:LION_insufficient_data(49/72),$243.22M,
LION-GUSD,err:LION_insufficient_data(49/72),$291.88M,
LION-WFI,err:LION_insufficient_data(49/72),$316.92M,
LION-GRASS,err:LION_insufficient_data(49/72),$358.25M,
LION-PC0000085,err:LION_insufficient_data(49/72),$248.88M,
LION-BSV,err:LION_insufficient_data(49/72),$400.87M,
LION-JASMY,err:LION_insufficient_data(49/72),$353.96M,
LION-ANTFUN,err:LION_insufficient_data(49/72),$424.68M,
LION-USDAI,err:LION_insufficient_data(49/72),$299.81M,
LION-AERO,err:LION_insufficient_data(49/72),$556.75M,
LION-BONK,err:LION_insufficient_data(49/72),$407.32M,
LION-SUN,err:LION_insufficient_data(49/72),$484.67M,
LION-EURCV,err:LION_insufficient_data(49/72),$291.81M,
LION-USDZ,err:LION_insufficient_data(49/72),$269.77M,
LION-AKE,err:LION_insufficient_data(49/72),$237.90M,
LION-XCN,err:LION_insufficient_data(49/72),$272.04M,
LION-TRUMP,err:LION_insufficient_data(49/72),$499.77M,
LION-FET,err:LION_insufficient_data(49/72),$448.30M,
LION-FRAX,err:LION_insufficient_data(49/72),$362.44M,
LION-THBILL,err:LION_insufficient_data(49/72),$260.31M,
LION-ZAMA,err:LION_insufficient_data(49/72),$280.19M,
LION-SHFL,err:LION_insufficient_data(49/72),$263.78M,
LION-USDF,err:LION_insufficient_data(49/72),$254.22M,
LION-XPL,err:LION_insufficient_data(49/72),$362.96M,
VSN-KAIA,err:KAIA_insufficient_data(22/72),$317.70M,
LUNC-KAIA,err:KAIA_insufficient_data(22/72),$445.70M,
PC0000015-KAIA,err:KAIA_insufficient_data(22/72),$277.03M,
IMX-KAIA,err:KAIA_insufficient_data(22/72),$394.13M,
NXM-KAIA,err:KAIA_insufficient_data(22/72),$253.68M,
SPX-KAIA,err:KAIA_insufficient_data(22/72),$468.88M,
UB-KAIA,err:KAIA_insufficient_data(22/72),$527.64M,
OUSG-KAIA,err:KAIA_insufficient_data(22/72),$547.05M,
STAC-KAIA,err:KAIA_insufficient_data(22/72),$269.45M,
1INCH-KAIA,err:KAIA_insufficient_data(22/72),$282.62M,
RLB-KAIA,err:KAIA_insufficient_data(22/72),$271.08M,
DYDX-KAIA,err:KAIA_insufficient_data(22/72),$264.67M,
APR-KAIA,err:KAIA_insufficient_data(22/72),$363.19M,
DRV-KAIA,err:KAIA_insufficient_data(22/72),$269.45M,
EDGE-KAIA,err:KAIA_insufficient_data(22/72),$302.78M,
INJ-KAIA,err:KAIA_insufficient_data(22/72),$626.04M,
MWC-KAIA,err:KAIA_insufficient_data(22/72),$280.65M,
KAU-KAIA,err:KAIA_insufficient_data(22/72),$475.11M,
LDO-KAIA,err:KAIA_insufficient_data(22/72),$470.00M,
EARNETH-KAIA,err:KAIA_insufficient_data(22/72),$313.75M,
GRT-KAIA,err:KAIA_insufficient_data(22/72),$328.15M,
SEI-KAIA,err:KAIA_insufficient_data(22/72),$453.36M,
USDTB-KAIA,err:KAIA_insufficient_data(22/72),$522.33M,
VELVET-KAIA,err:KAIA_insufficient_data(22/72),$333.31M,
BC-KAIA,err:KAIA_insufficient_data(22/72),$386.37M,
DEXE-KAIA,err:KAIA_insufficient_data(22/72),$440.89M,
OZO-KAIA,err:KAIA_insufficient_data(22/72),$292.10M,
2Z-KAIA,err:KAIA_insufficient_data(22/72),$369.14M,
CASH-KAIA,err:KAIA_insufficient_data(22/72),$288.82M,
ZBCN-KAIA,err:KAIA_insufficient_data(22/72),$344.08M,
CVX-KAIA,err:KAIA_insufficient_data(22/72),$301.62M,
TIA-KAIA,err:KAIA_insufficient_data(22/72),$473.30M,
US-KAIA,err:KAIA_insufficient_data(22/72),$585.77M,
VIRTUAL-KAIA,err:KAIA_insufficient_data(22/72),$536.37M,
ZRO-KAIA,err:KAIA_insufficient_data(22/72),$451.56M,
AKT-KAIA,err:KAIA_insufficient_data(22/72),$295.20M,
TKX-KAIA,err:KAIA_insufficient_data(22/72),$270.25M,
APEPE-KAIA,err:KAIA_insufficient_data(22/72),$368.17M,
USTBL-KAIA,err:KAIA_insufficient_data(22/72),$327.65M,
OHM-KAIA,err:KAIA_insufficient_data(22/72),$442.61M,
META-KAIA,err:KAIA_insufficient_data(22/72),$262.22M,
APXUSD-KAIA,err:KAIA_insufficient_data(22/72),$461.86M,
GNO-KAIA,err:KAIA_insufficient_data(22/72),$449.45M,
USDAT-KAIA,err:KAIA_insufficient_data(22/72),$306.60M,
TWT-KAIA,err:KAIA_insufficient_data(22/72),$315.27M,
CAKE-KAIA,err:KAIA_insufficient_data(22/72),$614.00M,
ZK-KAIA,err:KAIA_insufficient_data(22/72),$251.16M,
FLUID-KAIA,err:KAIA_insufficient_data(22/72),$253.09M,
COCO-KAIA,err:KAIA_insufficient_data(22/72),$351.03M,
TIBBIR-KAIA,err:KAIA_insufficient_data(22/72),$273.29M,
GPS-KAIA,err:KAIA_insufficient_data(22/72),$262.81M,
DCR-KAIA,err:KAIA_insufficient_data(22/72),$369.58M,
NEO-KAIA,err:KAIA_insufficient_data(22/72),$300.58M,
GLM-KAIA,err:KAIA_insufficient_data(22/72),$261.57M,
AXS-KAIA,err:KAIA_insufficient_data(22/72),$310.49M,
KAG-KAIA,err:KAIA_insufficient_data(22/72),$380.50M,
CHEEMS-KAIA,err:KAIA_insufficient_data(22/72),$267.12M,
KMNO-KAIA,err:KAIA_insufficient_data(22/72),$264.83M,
XTZ-KAIA,err:KAIA_insufficient_data(22/72),$392.28M,
ULTIMA-KAIA,err:KAIA_insufficient_data(22/72),$348.50M,
KAITO-KAIA,err:KAIA_insufficient_data(22/72),$476.07M,
RUNE-KAIA,err:KAIA_insufficient_data(22/72),$315.07M,
BP-KAIA,err:KAIA_insufficient_data(22/72),$281.04M,
UQC-KAIA,err:KAIA_insufficient_data(22/72),$274.82M,
STRK-KAIA,err:KAIA_insufficient_data(22/72),$356.02M,
PC0000033-KAIA,err:KAIA_insufficient_data(22/72),$329.30M,
ICNT-KAIA,err:KAIA_insufficient_data(22/72),$268.38M,
FDUSD-KAIA,err:KAIA_insufficient_data(22/72),$512.90M,
PC0000097-KAIA,err:KAIA_insufficient_data(22/72),$300.80M,
WEMIX-KAIA,err:KAIA_insufficient_data(22/72),$267.23M,
ACRED-KAIA,err:KAIA_insufficient_data(22/72),$281.85M,
UUSD-KAIA,err:KAIA_insufficient_data(22/72),$266.59M,
FLOKI-KAIA,err:KAIA_insufficient_data(22/72),$365.31M,
SAND-KAIA,err:KAIA_insufficient_data(22/72),$291.99M,
AWE-KAIA,err:KAIA_insufficient_data(22/72),$272.63M,
CRVUSD-KAIA,err:KAIA_insufficient_data(22/72),$378.86M,
SNX-KAIA,err:KAIA_insufficient_data(22/72),$289.24M,
VCNT-KAIA,err:KAIA_insufficient_data(22/72),$331.25M,
DASH-KAIA,err:KAIA_insufficient_data(22/72),$564.24M,
CARDS-KAIA,err:KAIA_insufficient_data(22/72),$435.67M,
USAT-KAIA,err:KAIA_insufficient_data(22/72),$352.03M,
FF-KAIA,err:KAIA_insufficient_data(22/72),$359.09M,
USDA-KAIA,err:KAIA_insufficient_data(22/72),$262.98M,
ZANO-KAIA,err:KAIA_insufficient_data(22/72),$297.96M,
REUSD-KAIA,err:KAIA_insufficient_data(22/72),$334.24M,
NEX-KAIA,err:KAIA_insufficient_data(22/72),$257.13M,
JTO-KAIA,err:KAIA_insufficient_data(22/72),$435.44M,
IOTA-KAIA,err:KAIA_insufficient_data(22/72),$314.38M,
AVUSD-KAIA,err:KAIA_insufficient_data(22/72),$282.78M,
FARTCOIN-KAIA,err:KAIA_insufficient_data(22/72),$289.82M,
GALA-KAIA,err:KAIA_insufficient_data(22/72),$255.42M,
ENS-KAIA,err:KAIA_insufficient_data(22/72),$342.88M,
SOON-KAIA,err:KAIA_insufficient_data(22/72),$256.81M,
WIF-KAIA,err:KAIA_insufficient_data(22/72),$313.15M,
STRCX-KAIA,err:KAIA_insufficient_data(22/72),$307.60M,
PENGU-KAIA,err:KAIA_insufficient_data(22/72),$538.52M,
BORG-KAIA,err:KAIA_insufficient_data(22/72),$305.07M,
TAG-KAIA,err:KAIA_insufficient_data(22/72),$311.87M,
XEC-KAIA,err:KAIA_insufficient_data(22/72),$286.26M,
STX-KAIA,err:KAIA_insufficient_data(22/72),$417.32M,
TEL-KAIA,err:KAIA_insufficient_data(22/72),$341.12M,
GOMINING-KAIA,err:KAIA_insufficient_data(22/72),$282.37M,
EIGEN-KAIA,err:KAIA_insufficient_data(22/72),$307.40M,
KAIA-ZBT,err:KAIA_insufficient_data(22/72),$280.75M,
KAIA-EURC,err:KAIA_insufficient_data(22/72),$616.84M,
KAIA-KITE,err:KAIA_insufficient_data(22/72),$398.81M,
KAIA-RAIL,err:KAIA_insufficient_data(22/72),$256.65M,
KAIA-SHORT,err:KAIA_insufficient_data(22/72),$264.36M,
KAIA-TRAC,err:KAIA_insufficient_data(22/72),$290.47M,
KAIA-PENDLE,err:KAIA_insufficient_data(22/72),$417.46M,
KAIA-PYTH,err:KAIA_insufficient_data(22/72),$488.16M,
KAIA-PIEVERSE,err:KAIA_insufficient_data(22/72),$348.89M,
KAIA-NFT,err:KAIA_insufficient_data(22/72),$431.33M,
KAIA-RAY,err:KAIA_insufficient_data(22/72),$329.81M,
KAIA-PC0000031,err:KAIA_insufficient_data(22/72),$369.30M,
KAIA-GEOD,err:KAIA_insufficient_data(22/72),$261.15M,
KAIA-PC0000077,err:KAIA_insufficient_data(22/72),$266.80M,
KAIA-A,err:KAIA_insufficient_data(22/72),$269.09M,
KAIA-LION,err:KAIA_insufficient_data(22/72),$309.18M,
KAIA-AIAT,err:KAIA_insufficient_data(22/72),$284.78M,
KAIA-MX,err:KAIA_insufficient_data(22/72),$317.39M,
KAIA-THETA,err:KAIA_insufficient_data(22/72),$292.90M,
KAIA-SN64,err:KAIA_insufficient_data(22/72),$256.80M,
KAIA-ETHFI,err:KAIA_insufficient_data(22/72),$566.70M,
KAIA-APYUSD,err:KAIA_insufficient_data(22/72),$324.93M,
KAIA-KOGE,err:KAIA_insufficient_data(22/72),$380.95M,
KAIA-BTSE,err:KAIA_insufficient_data(22/72),$299.92M,
KAIA-VET,err:KAIA_insufficient_data(22/72),$555.76M,
KAIA-CHZ,err:KAIA_insufficient_data(22/72),$310.94M,
KAIA-REAL,err:KAIA_insufficient_data(22/72),$415.86M,
KAIA-MON,err:KAIA_insufficient_data(22/72),$415.00M,
KAIA-SAFO,err:KAIA_insufficient_data(22/72),$323.80M,
KAIA-MANA,err:KAIA_insufficient_data(22/72),$298.19M,
KAIA-PRL,err:KAIA_insufficient_data(22/72),$250.87M,
KAIA-GLIDR,err:KAIA_insufficient_data(22/72),$268.19M,
KAIA-ONYC,err:KAIA_insufficient_data(22/72),$413.01M,
KAIA-A7A5,err:KAIA_insufficient_data(22/72),$645.01M,
KAIA-MET,err:KAIA_insufficient_data(22/72),$256.22M,
KAIA-Q,err:KAIA_insufficient_data(22/72),$386.76M,
KAIA-COMP,err:KAIA_insufficient_data(22/72),$326.13M,
KAIA-SYRUP,err:KAIA_insufficient_data(22/72),$374.05M,
KAIA-FRXUSD,err:KAIA_insufficient_data(22/72),$276.73M,
KAIA-BTT,err:KAIA_insufficient_data(22/72),$426.28M,
KAIA-BAT,err:KAIA_insufficient_data(22/72),$270.22M,
KAIA-XPIN,err:KAIA_insufficient_data(22/72),$311.70M,
KAIA-SOSO,err:KAIA_insufficient_data(22/72),$283.39M,
KAIA-VBILL,err:KAIA_insufficient_data(22/72),$358.85M,
KAIA-CRCLON,err:KAIA_insufficient_data(22/72),$259.66M,
KAIA-PEANUT,err:KAIA_insufficient_data(22/72),$351.34M,
KAIA-AR,err:KAIA_insufficient_data(22/72),$282.86M,
KAIA-SFP,err:KAIA_insufficient_data(22/72),$269.54M,
KAIA-PC0000023,err:KAIA_insufficient_data(22/72),$267.65M,
KAIA-GUSD,err:KAIA_insufficient_data(22/72),$316.31M,
KAIA-WFI,err:KAIA_insufficient_data(22/72),$341.35M,
KAIA-GRASS,err:KAIA_insufficient_data(22/72),$382.67M,
KAIA-PC0000085,err:KAIA_insufficient_data(22/72),$273.30M,
KAIA-BSV,err:KAIA_insufficient_data(22/72),$425.30M,
KAIA-JASMY,err:KAIA_insufficient_data(22/72),$378.39M,
KAIA-ANTFUN,err:KAIA_insufficient_data(22/72),$449.11M,
KAIA-USDAI,err:KAIA_insufficient_data(22/72),$324.24M,
KAIA-AERO,err:KAIA_insufficient_data(22/72),$581.18M,
KAIA-BONK,err:KAIA_insufficient_data(22/72),$431.75M,
KAIA-SUN,err:KAIA_insufficient_data(22/72),$509.09M,
KAIA-EURCV,err:KAIA_insufficient_data(22/72),$316.24M,
KAIA-USDZ,err:KAIA_insufficient_data(22/72),$294.19M,
KAIA-AKE,err:KAIA_insufficient_data(22/72),$262.33M,
KAIA-XCN,err:KAIA_insufficient_data(22/72),$296.46M,
KAIA-TRUMP,err:KAIA_insufficient_data(22/72),$524.19M,
KAIA-FET,err:KAIA_insufficient_data(22/72),$472.72M,
KAIA-FRAX,err:KAIA_insufficient_data(22/72),$386.87M,
KAIA-THBILL,err:KAIA_insufficient_data(22/72),$284.74M,
KAIA-ZAMA,err:KAIA_insufficient_data(22/72),$304.62M,
KAIA-SHFL,err:KAIA_insufficient_data(22/72),$288.20M,
KAIA-USDF,err:KAIA_insufficient_data(22/72),$278.64M,
KAIA-XPL,err:KAIA_insufficient_data(22/72),$387.39M,
VSN-H,err:H_insufficient_data(11/72),$283.01M,
LUNC-H,err:H_insufficient_data(11/72),$411.02M,
PC0000015-H,err:H_insufficient_data(11/72),$242.34M,
IMX-H,err:H_insufficient_data(11/72),$359.44M,
NXM-H,err:H_insufficient_data(11/72),$218.99M,
SPX-H,err:H_insufficient_data(11/72),$434.19M,
UB-H,err:H_insufficient_data(11/72),$492.95M,
OUSG-H,err:H_insufficient_data(11/72),$512.37M,
STAC-H,err:H_insufficient_data(11/72),$234.76M,
1INCH-H,err:H_insufficient_data(11/72),$247.94M,
RLB-H,err:H_insufficient_data(11/72),$236.39M,
DYDX-H,err:H_insufficient_data(11/72),$229.98M,
APR-H,err:H_insufficient_data(11/72),$328.51M,
DRV-H,err:H_insufficient_data(11/72),$234.76M,
EDGE-H,err:H_insufficient_data(11/72),$268.09M,
INJ-H,err:H_insufficient_data(11/72),$591.35M,
MWC-H,err:H_insufficient_data(11/72),$245.96M,
KAU-H,err:H_insufficient_data(11/72),$440.43M,
LDO-H,err:H_insufficient_data(11/72),$435.32M,
EARNETH-H,err:H_insufficient_data(11/72),$279.06M,
GRT-H,err:H_insufficient_data(11/72),$293.46M,
SEI-H,err:H_insufficient_data(11/72),$418.67M,
USDTB-H,err:H_insufficient_data(11/72),$487.64M,
VELVET-H,err:H_insufficient_data(11/72),$298.62M,
BC-H,err:H_insufficient_data(11/72),$351.69M,
DEXE-H,err:H_insufficient_data(11/72),$406.20M,
OZO-H,err:H_insufficient_data(11/72),$257.42M,
2Z-H,err:H_insufficient_data(11/72),$334.45M,
CASH-H,err:H_insufficient_data(11/72),$254.14M,
ZBCN-H,err:H_insufficient_data(11/72),$309.39M,
CVX-H,err:H_insufficient_data(11/72),$266.93M,
TIA-H,err:H_insufficient_data(11/72),$438.61M,
US-H,err:H_insufficient_data(11/72),$551.08M,
VIRTUAL-H,err:H_insufficient_data(11/72),$501.69M,
ZRO-H,err:H_insufficient_data(11/72),$416.87M,
AKT-H,err:H_insufficient_data(11/72),$260.51M,
TKX-H,err:H_insufficient_data(11/72),$235.56M,
APEPE-H,err:H_insufficient_data(11/72),$333.48M,
USTBL-H,err:H_insufficient_data(11/72),$292.96M,
OHM-H,err:H_insufficient_data(11/72),$407.92M,
META-H,err:H_insufficient_data(11/72),$227.53M,
APXUSD-H,err:H_insufficient_data(11/72),$427.17M,
GNO-H,err:H_insufficient_data(11/72),$414.76M,
USDAT-H,err:H_insufficient_data(11/72),$271.92M,
TWT-H,err:H_insufficient_data(11/72),$280.59M,
CAKE-H,err:H_insufficient_data(11/72),$579.31M,
ZK-H,err:H_insufficient_data(11/72),$216.47M,
FLUID-H,err:H_insufficient_data(11/72),$218.40M,
COCO-H,err:H_insufficient_data(11/72),$316.34M,
TIBBIR-H,err:H_insufficient_data(11/72),$238.60M,
GPS-H,err:H_insufficient_data(11/72),$228.13M,
H-DCR,err:H_insufficient_data(11/72),$334.90M,
H-NEO,err:H_insufficient_data(11/72),$265.89M,
H-GLM,err:H_insufficient_data(11/72),$226.88M,
H-AXS,err:H_insufficient_data(11/72),$275.81M,
H-KAG,err:H_insufficient_data(11/72),$345.81M,
H-CHEEMS,err:H_insufficient_data(11/72),$232.44M,
H-KMNO,err:H_insufficient_data(11/72),$230.14M,
H-XTZ,err:H_insufficient_data(11/72),$357.59M,
H-ULTIMA,err:H_insufficient_data(11/72),$313.82M,
H-KAITO,err:H_insufficient_data(11/72),$441.39M,
H-RUNE,err:H_insufficient_data(11/72),$280.38M,
H-BP,err:H_insufficient_data(11/72),$246.35M,
H-UQC,err:H_insufficient_data(11/72),$240.14M,
H-STRK,err:H_insufficient_data(11/72),$321.33M,
H-CTOC,err:H_insufficient_data(11/72),$407.12M,
H-PC0000033,err:H_insufficient_data(11/72),$294.62M,
H-ICNT,err:H_insufficient_data(11/72),$233.69M,
H-FDUSD,err:H_insufficient_data(11/72),$478.22M,
H-PC0000097,err:H_insufficient_data(11/72),$266.12M,
H-WEMIX,err:H_insufficient_data(11/72),$232.54M,
H-ACRED,err:H_insufficient_data(11/72),$247.16M,
H-SMILEK,err:H_insufficient_data(11/72),$219.49M,
H-WM,err:H_insufficient_data(11/72),$218.48M,
H-UUSD,err:H_insufficient_data(11/72),$231.90M,
H-FLOKI,err:H_insufficient_data(11/72),$330.63M,
H-SAND,err:H_insufficient_data(11/72),$257.31M,
H-AWE,err:H_insufficient_data(11/72),$237.94M,
H-CRVUSD,err:H_insufficient_data(11/72),$344.17M,
H-GENIUS,err:H_insufficient_data(11/72),$245.50M,
H-SNX,err:H_insufficient_data(11/72),$254.55M,
H-VCNT,err:H_insufficient_data(11/72),$296.56M,
H-DASH,err:H_insufficient_data(11/72),$529.55M,
H-CARDS,err:H_insufficient_data(11/72),$400.99M,
H-USAT,err:H_insufficient_data(11/72),$317.35M,
H-FF,err:H_insufficient_data(11/72),$324.40M,
H-USDA,err:H_insufficient_data(11/72),$228.30M,
H-ZANO,err:H_insufficient_data(11/72),$263.28M,
H-REUSD,err:H_insufficient_data(11/72),$299.55M,
H-NEX,err:H_insufficient_data(11/72),$222.45M,
H-JTO,err:H_insufficient_data(11/72),$400.75M,
H-IOTA,err:H_insufficient_data(11/72),$279.69M,
H-AVUSD,err:H_insufficient_data(11/72),$248.10M,
H-FARTCOIN,err:H_insufficient_data(11/72),$255.13M,
H-GALA,err:H_insufficient_data(11/72),$220.73M,
H-ENS,err:H_insufficient_data(11/72),$308.19M,
H-SOON,err:H_insufficient_data(11/72),$222.13M,
H-WIF,err:H_insufficient_data(11/72),$278.46M,
H-SPCXB,err:H_insufficient_data(11/72),$217.65M,
H-STRCX,err:H_insufficient_data(11/72),$272.91M,
H-PENGU,err:H_insufficient_data(11/72),$503.84M,
H-BORG,err:H_insufficient_data(11/72),$270.39M,
H-TAG,err:H_insufficient_data(11/72),$277.19M,
H-XEC,err:H_insufficient_data(11/72),$251.58M,
H-STX,err:H_insufficient_data(11/72),$382.64M,
H-TEL,err:H_insufficient_data(11/72),$306.43M,
H-GOMINING,err:H_insufficient_data(11/72),$247.68M,
H-APE,err:H_insufficient_data(11/72),$280.76M,
H-EIGEN,err:H_insufficient_data(11/72),$272.71M,
H-OP,err:H_insufficient_data(11/72),$335.27M,
H-KAIA,err:H_insufficient_data(11/72),$298.92M,
H-ZBT,err:H_insufficient_data(11/72),$246.06M,
H-EURC,err:H_insufficient_data(11/72),$582.15M,
H-KITE,err:H_insufficient_data(11/72),$364.12M,
H-RAIL,err:H_insufficient_data(11/72),$221.96M,
H-SHORT,err:H_insufficient_data(11/72),$229.67M,
H-TRAC,err:H_insufficient_data(11/72),$255.78M,
H-PENDLE,err:H_insufficient_data(11/72),$382.77M,
H-PYTH,err:H_insufficient_data(11/72),$453.48M,
H-PIEVERSE,err:H_insufficient_data(11/72),$314.20M,
H-NFT,err:H_insufficient_data(11/72),$396.64M,
H-RAY,err:H_insufficient_data(11/72),$295.12M,
H-PC0000031,err:H_insufficient_data(11/72),$334.62M,
H-GEOD,err:H_insufficient_data(11/72),$226.46M,
H-PC0000077,err:H_insufficient_data(11/72),$232.12M,
H-A,err:H_insufficient_data(11/72),$234.41M,
H-LION,err:H_insufficient_data(11/72),$274.50M,
H-AIAT,err:H_insufficient_data(11/72),$250.10M,
H-MX,err:H_insufficient_data(11/72),$282.71M,
H-THETA,err:H_insufficient_data(11/72),$258.21M,
H-SN64,err:H_insufficient_data(11/72),$222.11M,
H-ETHFI,err:H_insufficient_data(11/72),$532.01M,
H-APYUSD,err:H_insufficient_data(11/72),$290.25M,
H-KOGE,err:H_insufficient_data(11/72),$346.27M,
H-BTSE,err:H_insufficient_data(11/72),$265.23M,
H-VET,err:H_insufficient_data(11/72),$521.07M,
H-CHZ,err:H_insufficient_data(11/72),$276.26M,
H-REAL,err:H_insufficient_data(11/72),$381.18M,
H-MON,err:H_insufficient_data(11/72),$380.31M,
H-SAFO,err:H_insufficient_data(11/72),$289.12M,
H-MANA,err:H_insufficient_data(11/72),$263.50M,
H-PRL,err:H_insufficient_data(11/72),$216.19M,
H-GLIDR,err:H_insufficient_data(11/72),$233.50M,
H-ONYC,err:H_insufficient_data(11/72),$378.32M,
H-A7A5,err:H_insufficient_data(11/72),$610.32M,
H-MET,err:H_insufficient_data(11/72),$221.53M,
H-Q,err:H_insufficient_data(11/72),$352.07M,
H-COMP,err:H_insufficient_data(11/72),$291.44M,
H-SYRUP,err:H_insufficient_data(11/72),$339.37M,
H-FRXUSD,err:H_insufficient_data(11/72),$242.04M,
H-BTT,err:H_insufficient_data(11/72),$391.59M,
H-BAT,err:H_insufficient_data(11/72),$235.53M,
H-XPIN,err:H_insufficient_data(11/72),$277.02M,
H-SOSO,err:H_insufficient_data(11/72),$248.71M,
H-VBILL,err:H_insufficient_data(11/72),$324.16M,
H-CRCLON,err:H_insufficient_data(11/72),$224.97M,
H-PEANUT,err:H_insufficient_data(11/72),$316.66M,
H-AR,err:H_insufficient_data(11/72),$248.17M,
H-SFP,err:H_insufficient_data(11/72),$234.85M,
H-PC0000023,err:H_insufficient_data(11/72),$232.96M,
H-GUSD,err:H_insufficient_data(11/72),$281.62M,
H-WFI,err:H_insufficient_data(11/72),$306.66M,
H-GRASS,err:H_insufficient_data(11/72),$347.99M,
H-PC0000085,err:H_insufficient_data(11/72),$238.62M,
H-BSV,err:H_insufficient_data(11/72),$390.61M,
H-JASMY,err:H_insufficient_data(11/72),$343.71M,
H-ANTFUN,err:H_insufficient_data(11/72),$414.43M,
H-USDAI,err:H_insufficient_data(11/72),$289.56M,
H-AERO,err:H_insufficient_data(11/72),$546.49M,
H-BONK,err:H_insufficient_data(11/72),$397.06M,
H-SUN,err:H_insufficient_data(11/72),$474.41M,
H-EURCV,err:H_insufficient_data(11/72),$281.55M,
H-USDZ,err:H_insufficient_data(11/72),$259.51M,
H-AKE,err:H_insufficient_data(11/72),$227.64M,
H-XCN,err:H_insufficient_data(11/72),$261.78M,
H-TRUMP,err:H_insufficient_data(11/72),$489.51M,
H-FET,err:H_insufficient_data(11/72),$438.04M,
H-FRAX,err:H_insufficient_data(11/72),$352.18M,
H-THBILL,err:H_insufficient_data(11/72),$250.05M,
H-ZAMA,err:H_insufficient_data(11/72),$269.93M,
H-SHFL,err:H_insufficient_data(11/72),$253.52M,
H-USDF,err:H_insufficient_data(11/72),$243.96M,
H-XPL,err:H_insufficient_data(11/72),$352.71M,
VSN-HOLO,err:HOLO_insufficient_data(46/72),$297.58M,
LUNC-HOLO,err:HOLO_insufficient_data(46/72),$425.59M,
PC0000015-HOLO,err:HOLO_insufficient_data(46/72),$256.91M,
IMX-HOLO,err:HOLO_insufficient_data(46/72),$374.01M,
NXM-HOLO,err:HOLO_insufficient_data(46/72),$233.56M,
SPX-HOLO,err:HOLO_insufficient_data(46/72),$448.76M,
UB-HOLO,err:HOLO_insufficient_data(46/72),$507.52M,
OUSG-HOLO,err:HOLO_insufficient_data(46/72),$526.94M,
STAC-HOLO,err:HOLO_insufficient_data(46/72),$249.33M,
1INCH-HOLO,err:HOLO_insufficient_data(46/72),$262.50M,
HOLO-RLB,err:HOLO_insufficient_data(46/72),$250.96M,
HOLO-DYDX,err:HOLO_insufficient_data(46/72),$244.55M,
HOLO-APR,err:HOLO_insufficient_data(46/72),$343.08M,
HOLO-DRV,err:HOLO_insufficient_data(46/72),$249.33M,
HOLO-EDGE,err:HOLO_insufficient_data(46/72),$282.66M,
HOLO-INJ,err:HOLO_insufficient_data(46/72),$605.92M,
HOLO-FGRS,err:HOLO_insufficient_data(46/72),$336.44M,
HOLO-MWC,err:HOLO_insufficient_data(46/72),$260.53M,
HOLO-KAU,err:HOLO_insufficient_data(46/72),$454.99M,
HOLO-LDO,err:HOLO_insufficient_data(46/72),$449.88M,
HOLO-EARNETH,err:HOLO_insufficient_data(46/72),$293.63M,
HOLO-GRT,err:HOLO_insufficient_data(46/72),$308.03M,
HOLO-DUSD,err:HOLO_insufficient_data(46/72),$250.06M,
HOLO-SEI,err:HOLO_insufficient_data(46/72),$433.24M,
HOLO-USDTB,err:HOLO_insufficient_data(46/72),$502.21M,
HOLO-BCN,err:HOLO_insufficient_data(46/72),$412.45M,
HOLO-VELVET,err:HOLO_insufficient_data(46/72),$313.19M,
HOLO-BC,err:HOLO_insufficient_data(46/72),$366.26M,
HOLO-DEXE,err:HOLO_insufficient_data(46/72),$420.77M,
HOLO-OZO,err:HOLO_insufficient_data(46/72),$271.98M,
HOLO-AB,err:HOLO_insufficient_data(46/72),$243.53M,
HOLO-2Z,err:HOLO_insufficient_data(46/72),$349.02M,
HOLO-CASH,err:HOLO_insufficient_data(46/72),$268.71M,
HOLO-ZBCN,err:HOLO_insufficient_data(46/72),$323.96M,
HOLO-CVX,err:HOLO_insufficient_data(46/72),$281.50M,
HOLO-TIA,err:HOLO_insufficient_data(46/72),$453.18M,
HOLO-US,err:HOLO_insufficient_data(46/72),$565.65M,
HOLO-VIRTUAL,err:HOLO_insufficient_data(46/72),$516.26M,
HOLO-ZRO,err:HOLO_insufficient_data(46/72),$431.44M,
HOLO-AKT,err:HOLO_insufficient_data(46/72),$275.08M,
HOLO-TKX,err:HOLO_insufficient_data(46/72),$250.13M,
HOLO-APEPE,err:HOLO_insufficient_data(46/72),$348.05M,
HOLO-USTBL,err:HOLO_insufficient_data(46/72),$307.53M,
HOLO-ALFW,err:HOLO_insufficient_data(46/72),$261.02M,
HOLO-OHM,err:HOLO_insufficient_data(46/72),$422.49M,
HOLO-B,err:HOLO_insufficient_data(46/72),$314.87M,
HOLO-GRX,err:HOLO_insufficient_data(46/72),$270.79M,
HOLO-META,err:HOLO_insufficient_data(46/72),$242.10M,
HOLO-APXUSD,err:HOLO_insufficient_data(46/72),$441.74M,
HOLO-NIGHT,err:HOLO_insufficient_data(46/72),$449.06M,
HOLO-GNO,err:HOLO_insufficient_data(46/72),$429.33M,
HOLO-USDAT,err:HOLO_insufficient_data(46/72),$286.49M,
HOLO-TWT,err:HOLO_insufficient_data(46/72),$295.15M,
HOLO-CAKE,err:HOLO_insufficient_data(46/72),$593.88M,
HOLO-ZK,err:HOLO_insufficient_data(46/72),$231.04M,
HOLO-FLUID,err:HOLO_insufficient_data(46/72),$232.97M,
HOLO-COCO,err:HOLO_insufficient_data(46/72),$330.91M,
HOLO-TIBBIR,err:HOLO_insufficient_data(46/72),$253.17M,
HOLO-GPS,err:HOLO_insufficient_data(46/72),$242.70M,
HOLO-H,err:HOLO_insufficient_data(46/72),$278.81M,
HOLO-DCR,err:HOLO_insufficient_data(46/72),$349.47M,
HOLO-NEO,err:HOLO_insufficient_data(46/72),$280.46M,
HOLO-GLM,err:HOLO_insufficient_data(46/72),$241.45M,
HOLO-AXS,err:HOLO_insufficient_data(46/72),$290.38M,
HOLO-KAG,err:HOLO_insufficient_data(46/72),$360.38M,
HOLO-CHEEMS,err:HOLO_insufficient_data(46/72),$247.01M,
HOLO-KMNO,err:HOLO_insufficient_data(46/72),$244.71M,
HOLO-XTZ,err:HOLO_insufficient_data(46/72),$372.16M,
HOLO-ULTIMA,err:HOLO_insufficient_data(46/72),$328.39M,
HOLO-KAITO,err:HOLO_insufficient_data(46/72),$455.96M,
HOLO-RUNE,err:HOLO_insufficient_data(46/72),$294.95M,
HOLO-BP,err:HOLO_insufficient_data(46/72),$260.92M,
HOLO-UQC,err:HOLO_insufficient_data(46/72),$254.71M,
HOLO-STRK,err:HOLO_insufficient_data(46/72),$335.90M,
HOLO-CTOC,err:HOLO_insufficient_data(46/72),$421.69M,
HOLO-PC0000033,err:HOLO_insufficient_data(46/72),$309.19M,
HOLO-ICNT,err:HOLO_insufficient_data(46/72),$248.26M,
HOLO-FDUSD,err:HOLO_insufficient_data(46/72),$492.78M,
HOLO-PC0000097,err:HOLO_insufficient_data(46/72),$280.69M,
HOLO-WEMIX,err:HOLO_insufficient_data(46/72),$247.11M,
HOLO-ACRED,err:HOLO_insufficient_data(46/72),$261.73M,
HOLO-SMILEK,err:HOLO_insufficient_data(46/72),$234.06M,
HOLO-WM,err:HOLO_insufficient_data(46/72),$233.05M,
HOLO-UUSD,err:HOLO_insufficient_data(46/72),$246.47M,
HOLO-FLOKI,err:HOLO_insufficient_data(46/72),$345.20M,
HOLO-SAND,err:HOLO_insufficient_data(46/72),$271.88M,
HOLO-AWE,err:HOLO_insufficient_data(46/72),$252.51M,
HOLO-CRVUSD,err:HOLO_insufficient_data(46/72),$358.74M,
HOLO-GENIUS,err:HOLO_insufficient_data(46/72),$260.07M,
HOLO-SNX,err:HOLO_insufficient_data(46/72),$269.12M,
HOLO-VCNT,err:HOLO_insufficient_data(46/72),$311.13M,
HOLO-DASH,err:HOLO_insufficient_data(46/72),$544.12M,
HOLO-CARDS,err:HOLO_insufficient_data(46/72),$415.55M,
HOLO-USAT,err:HOLO_insufficient_data(46/72),$331.92M,
HOLO-FF,err:HOLO_insufficient_data(46/72),$338.97M,
HOLO-USDA,err:HOLO_insufficient_data(46/72),$242.86M,
HOLO-ZANO,err:HOLO_insufficient_data(46/72),$277.85M,
HOLO-REUSD,err:HOLO_insufficient_data(46/72),$314.12M,
HOLO-NEX,err:HOLO_insufficient_data(46/72),$237.02M,
HOLO-JTO,err:HOLO_insufficient_data(46/72),$415.32M,
HOLO-IOTA,err:HOLO_insufficient_data(46/72),$294.26M,
HOLO-AVUSD,err:HOLO_insufficient_data(46/72),$262.66M,
HOLO-FARTCOIN,err:HOLO_insufficient_data(46/72),$269.70M,
HOLO-GALA,err:HOLO_insufficient_data(46/72),$235.30M,
HOLO-ENS,err:HOLO_insufficient_data(46/72),$322.76M,
HOLO-SOON,err:HOLO_insufficient_data(46/72),$236.70M,
HOLO-WIF,err:HOLO_insufficient_data(46/72),$293.03M,
HOLO-SPCXB,err:HOLO_insufficient_data(46/72),$232.22M,
HOLO-STRCX,err:HOLO_insufficient_data(46/72),$287.48M,
HOLO-PENGU,err:HOLO_insufficient_data(46/72),$518.41M,
HOLO-BORG,err:HOLO_insufficient_data(46/72),$284.96M,
HOLO-TAG,err:HOLO_insufficient_data(46/72),$291.76M,
HOLO-XEC,err:HOLO_insufficient_data(46/72),$266.14M,
HOLO-STX,err:HOLO_insufficient_data(46/72),$397.21M,
HOLO-TEL,err:HOLO_insufficient_data(46/72),$321.00M,
HOLO-GOMINING,err:HOLO_insufficient_data(46/72),$262.25M,
HOLO-APE,err:HOLO_insufficient_data(46/72),$295.33M,
HOLO-EIGEN,err:HOLO_insufficient_data(46/72),$287.28M,
HOLO-OP,err:HOLO_insufficient_data(46/72),$349.84M,
HOLO-KAIA,err:HOLO_insufficient_data(46/72),$313.49M,
HOLO-ZBT,err:HOLO_insufficient_data(46/72),$260.63M,
HOLO-EURC,err:HOLO_insufficient_data(46/72),$596.72M,
HOLO-KITE,err:HOLO_insufficient_data(46/72),$378.69M,
HOLO-RAIL,err:HOLO_insufficient_data(46/72),$236.53M,
HOLO-SHORT,err:HOLO_insufficient_data(46/72),$244.24M,
HOLO-TRAC,err:HOLO_insufficient_data(46/72),$270.35M,
HOLO-PENDLE,err:HOLO_insufficient_data(46/72),$397.34M,
HOLO-PYTH,err:HOLO_insufficient_data(46/72),$468.05M,
HOLO-PIEVERSE,err:HOLO_insufficient_data(46/72),$328.77M,
HOLO-NFT,err:HOLO_insufficient_data(46/72),$411.21M,
HOLO-RAY,err:HOLO_insufficient_data(46/72),$309.69M,
HOLO-PC0000031,err:HOLO_insufficient_data(46/72),$349.19M,
HOLO-GEOD,err:HOLO_insufficient_data(46/72),$241.03M,
HOLO-PC0000077,err:HOLO_insufficient_data(46/72),$246.69M,
HOLO-A,err:HOLO_insufficient_data(46/72),$248.98M,
HOLO-LION,err:HOLO_insufficient_data(46/72),$289.06M,
HOLO-AIAT,err:HOLO_insufficient_data(46/72),$264.67M,
HOLO-MX,err:HOLO_insufficient_data(46/72),$297.28M,
HOLO-THETA,err:HOLO_insufficient_data(46/72),$272.78M,
HOLO-SN64,err:HOLO_insufficient_data(46/72),$236.68M,
HOLO-ETHFI,err:HOLO_insufficient_data(46/72),$546.58M,
HOLO-APYUSD,err:HOLO_insufficient_data(46/72),$304.81M,
HOLO-KOGE,err:HOLO_insufficient_data(46/72),$360.84M,
HOLO-BTSE,err:HOLO_insufficient_data(46/72),$279.80M,
HOLO-VET,err:HOLO_insufficient_data(46/72),$535.64M,
HOLO-CHZ,err:HOLO_insufficient_data(46/72),$290.83M,
HOLO-REAL,err:HOLO_insufficient_data(46/72),$395.75M,
HOLO-MON,err:HOLO_insufficient_data(46/72),$394.88M,
HOLO-SAFO,err:HOLO_insufficient_data(46/72),$303.69M,
HOLO-MANA,err:HOLO_insufficient_data(46/72),$278.07M,
HOLO-PRL,err:HOLO_insufficient_data(46/72),$230.76M,
HOLO-GLIDR,err:HOLO_insufficient_data(46/72),$248.07M,
HOLO-ONYC,err:HOLO_insufficient_data(46/72),$392.89M,
HOLO-A7A5,err:HOLO_insufficient_data(46/72),$624.89M,
HOLO-MET,err:HOLO_insufficient_data(46/72),$236.10M,
HOLO-Q,err:HOLO_insufficient_data(46/72),$366.64M,
HOLO-COMP,err:HOLO_insufficient_data(46/72),$306.01M,
HOLO-SYRUP,err:HOLO_insufficient_data(46/72),$353.94M,
HOLO-FRXUSD,err:HOLO_insufficient_data(46/72),$256.61M,
HOLO-BTT,err:HOLO_insufficient_data(46/72),$406.16M,
HOLO-BAT,err:HOLO_insufficient_data(46/72),$250.10M,
HOLO-XPIN,err:HOLO_insufficient_data(46/72),$291.58M,
HOLO-SOSO,err:HOLO_insufficient_data(46/72),$263.28M,
HOLO-VBILL,err:HOLO_insufficient_data(46/72),$338.73M,
HOLO-CRCLON,err:HOLO_insufficient_data(46/72),$239.54M,
HOLO-PEANUT,err:HOLO_insufficient_data(46/72),$331.22M,
HOLO-AR,err:HOLO_insufficient_data(46/72),$262.74M,
HOLO-SFP,err:HOLO_insufficient_data(46/72),$249.42M,
HOLO-PC0000023,err:HOLO_insufficient_data(46/72),$247.53M,
HOLO-GUSD,err:HOLO_insufficient_data(46/72),$296.19M,
HOLO-WFI,err:HOLO_insufficient_data(46/72),$321.23M,
HOLO-GRASS,err:HOLO_insufficient_data(46/72),$362.56M,
HOLO-PC0000085,err:HOLO_insufficient_data(46/72),$253.19M,
HOLO-BSV,err:HOLO_insufficient_data(46/72),$405.18M,
HOLO-JASMY,err:HOLO_insufficient_data(46/72),$358.27M,
HOLO-ANTFUN,err:HOLO_insufficient_data(46/72),$428.99M,
HOLO-USDAI,err:HOLO_insufficient_data(46/72),$304.13M,
HOLO-AERO,err:HOLO_insufficient_data(46/72),$561.06M,
HOLO-BONK,err:HOLO_insufficient_data(46/72),$411.63M,
HOLO-SUN,err:HOLO_insufficient_data(46/72),$488.98M,
HOLO-EURCV,err:HOLO_insufficient_data(46/72),$296.12M,
HOLO-USDZ,err:HOLO_insufficient_data(46/72),$274.08M,
HOLO-AKE,err:HOLO_insufficient_data(46/72),$242.21M,
HOLO-XCN,err:HOLO_insufficient_data(46/72),$276.35M,
HOLO-TRUMP,err:HOLO_insufficient_data(46/72),$504.08M,
HOLO-FET,err:HOLO_insufficient_data(46/72),$452.61M,
HOLO-FRAX,err:HOLO_insufficient_data(46/72),$366.75M,
HOLO-THBILL,err:HOLO_insufficient_data(46/72),$264.62M,
HOLO-ZAMA,err:HOLO_insufficient_data(46/72),$284.50M,
HOLO-SHFL,err:HOLO_insufficient_data(46/72),$268.09M,
HOLO-USDF,err:HOLO_insufficient_data(46/72),$258.53M,
HOLO-XPL,err:HOLO_insufficient_data(46/72),$367.27M,
VSN-GRX,err:GRX_insufficient_data(30/72),$274.99M,
LUNC-GRX,err:GRX_insufficient_data(30/72),$403.00M,
PC0000015-GRX,err:GRX_insufficient_data(30/72),$234.32M,
IMX-GRX,err:GRX_insufficient_data(30/72),$351.42M,
NXM-GRX,err:GRX_insufficient_data(30/72),$210.97M,
SPX-GRX,err:GRX_insufficient_data(30/72),$426.17M,
UB-GRX,err:GRX_insufficient_data(30/72),$484.93M,
OUSG-GRX,err:GRX_insufficient_data(30/72),$504.35M,
STAC-GRX,err:GRX_insufficient_data(30/72),$226.74M,
1INCH-GRX,err:GRX_insufficient_data(30/72),$239.91M,
RLB-GRX,err:GRX_insufficient_data(30/72),$228.37M,
DYDX-GRX,err:GRX_insufficient_data(30/72),$221.96M,
APR-GRX,err:GRX_insufficient_data(30/72),$320.49M,
DRV-GRX,err:GRX_insufficient_data(30/72),$226.74M,
EDGE-GRX,err:GRX_insufficient_data(30/72),$260.07M,
INJ-GRX,err:GRX_insufficient_data(30/72),$583.33M,
MWC-GRX,err:GRX_insufficient_data(30/72),$237.94M,
KAU-GRX,err:GRX_insufficient_data(30/72),$432.40M,
LDO-GRX,err:GRX_insufficient_data(30/72),$427.29M,
EARNETH-GRX,err:GRX_insufficient_data(30/72),$271.04M,
GRT-GRX,err:GRX_insufficient_data(30/72),$285.44M,
SEI-GRX,err:GRX_insufficient_data(30/72),$410.65M,
USDTB-GRX,err:GRX_insufficient_data(30/72),$479.62M,
VELVET-GRX,err:GRX_insufficient_data(30/72),$290.60M,
BC-GRX,err:GRX_insufficient_data(30/72),$343.67M,
DEXE-GRX,err:GRX_insufficient_data(30/72),$398.18M,
OZO-GRX,err:GRX_insufficient_data(30/72),$249.39M,
2Z-GRX,err:GRX_insufficient_data(30/72),$326.43M,
CASH-GRX,err:GRX_insufficient_data(30/72),$246.12M,
ZBCN-GRX,err:GRX_insufficient_data(30/72),$301.37M,
CVX-GRX,err:GRX_insufficient_data(30/72),$258.91M,
TIA-GRX,err:GRX_insufficient_data(30/72),$430.59M,
US-GRX,err:GRX_insufficient_data(30/72),$543.06M,
VIRTUAL-GRX,err:GRX_insufficient_data(30/72),$493.67M,
ZRO-GRX,err:GRX_insufficient_data(30/72),$408.85M,
AKT-GRX,err:GRX_insufficient_data(30/72),$252.49M,
TKX-GRX,err:GRX_insufficient_data(30/72),$227.54M,
APEPE-GRX,err:GRX_insufficient_data(30/72),$325.46M,
USTBL-GRX,err:GRX_insufficient_data(30/72),$284.94M,
OHM-GRX,err:GRX_insufficient_data(30/72),$399.90M,
GRX-META,err:GRX_insufficient_data(30/72),$219.51M,
GRX-APXUSD,err:GRX_insufficient_data(30/72),$419.15M,
GRX-NIGHT,err:GRX_insufficient_data(30/72),$426.47M,
GRX-GNO,err:GRX_insufficient_data(30/72),$406.74M,
GRX-USDAT,err:GRX_insufficient_data(30/72),$263.90M,
GRX-TWT,err:GRX_insufficient_data(30/72),$272.56M,
GRX-CAKE,err:GRX_insufficient_data(30/72),$571.29M,
GRX-ZK,err:GRX_insufficient_data(30/72),$208.45M,
GRX-FLUID,err:GRX_insufficient_data(30/72),$210.38M,
GRX-COCO,err:GRX_insufficient_data(30/72),$308.32M,
GRX-TIBBIR,err:GRX_insufficient_data(30/72),$230.58M,
GRX-GPS,err:GRX_insufficient_data(30/72),$220.11M,
GRX-H,err:GRX_insufficient_data(30/72),$256.22M,
GRX-DCR,err:GRX_insufficient_data(30/72),$326.88M,
GRX-NEO,err:GRX_insufficient_data(30/72),$257.87M,
GRX-GLM,err:GRX_insufficient_data(30/72),$218.86M,
GRX-AXS,err:GRX_insufficient_data(30/72),$267.79M,
GRX-KAG,err:GRX_insufficient_data(30/72),$337.79M,
GRX-CHEEMS,err:GRX_insufficient_data(30/72),$224.42M,
GRX-KMNO,err:GRX_insufficient_data(30/72),$222.12M,
GRX-XTZ,err:GRX_insufficient_data(30/72),$349.57M,
GRX-ULTIMA,err:GRX_insufficient_data(30/72),$305.80M,
GRX-KAITO,err:GRX_insufficient_data(30/72),$433.37M,
GRX-RUNE,err:GRX_insufficient_data(30/72),$272.36M,
GRX-BP,err:GRX_insufficient_data(30/72),$238.33M,
GRX-UQC,err:GRX_insufficient_data(30/72),$232.12M,
GRX-STRK,err:GRX_insufficient_data(30/72),$313.31M,
GRX-CTOC,err:GRX_insufficient_data(30/72),$399.10M,
GRX-PC0000033,err:GRX_insufficient_data(30/72),$286.60M,
GRX-ICNT,err:GRX_insufficient_data(30/72),$225.67M,
GRX-FDUSD,err:GRX_insufficient_data(30/72),$470.19M,
GRX-PC0000097,err:GRX_insufficient_data(30/72),$258.10M,
GRX-WEMIX,err:GRX_insufficient_data(30/72),$224.52M,
GRX-ACRED,err:GRX_insufficient_data(30/72),$239.14M,
GRX-SMILEK,err:GRX_insufficient_data(30/72),$211.47M,
GRX-WM,err:GRX_insufficient_data(30/72),$210.46M,
GRX-UUSD,err:GRX_insufficient_data(30/72),$223.88M,
GRX-FLOKI,err:GRX_insufficient_data(30/72),$322.61M,
GRX-SAND,err:GRX_insufficient_data(30/72),$249.29M,
GRX-AWE,err:GRX_insufficient_data(30/72),$229.92M,
GRX-CRVUSD,err:GRX_insufficient_data(30/72),$336.15M,
GRX-GENIUS,err:GRX_insufficient_data(30/72),$237.48M,
GRX-SNX,err:GRX_insufficient_data(30/72),$246.53M,
GRX-VCNT,err:GRX_insufficient_data(30/72),$288.54M,
GRX-DASH,err:GRX_insufficient_data(30/72),$521.53M,
GRX-CARDS,err:GRX_insufficient_data(30/72),$392.96M,
GRX-USAT,err:GRX_insufficient_data(30/72),$309.33M,
GRX-FF,err:GRX_insufficient_data(30/72),$316.38M,
GRX-USDA,err:GRX_insufficient_data(30/72),$220.28M,
GRX-ZANO,err:GRX_insufficient_data(30/72),$255.26M,
GRX-REUSD,err:GRX_insufficient_data(30/72),$291.53M,
GRX-NEX,err:GRX_insufficient_data(30/72),$214.43M,
GRX-JTO,err:GRX_insufficient_data(30/72),$392.73M,
GRX-IOTA,err:GRX_insufficient_data(30/72),$271.67M,
GRX-AVUSD,err:GRX_insufficient_data(30/72),$240.07M,
GRX-FARTCOIN,err:GRX_insufficient_data(30/72),$247.11M,
GRX-GALA,err:GRX_insufficient_data(30/72),$212.71M,
GRX-ENS,err:GRX_insufficient_data(30/72),$300.17M,
GRX-SOON,err:GRX_insufficient_data(30/72),$214.11M,
GRX-WIF,err:GRX_insufficient_data(30/72),$270.44M,
GRX-SPCXB,err:GRX_insufficient_data(30/72),$209.63M,
GRX-STRCX,err:GRX_insufficient_data(30/72),$264.89M,
GRX-PENGU,err:GRX_insufficient_data(30/72),$495.82M,
GRX-BORG,err:GRX_insufficient_data(30/72),$262.37M,
GRX-TAG,err:GRX_insufficient_data(30/72),$269.17M,
GRX-XEC,err:GRX_insufficient_data(30/72),$243.55M,
GRX-STX,err:GRX_insufficient_data(30/72),$374.62M,
GRX-TEL,err:GRX_insufficient_data(30/72),$298.41M,
GRX-GOMINING,err:GRX_insufficient_data(30/72),$239.66M,
GRX-APE,err:GRX_insufficient_data(30/72),$272.74M,
GRX-EIGEN,err:GRX_insufficient_data(30/72),$264.69M,
GRX-OP,err:GRX_insufficient_data(30/72),$327.25M,
GRX-KAIA,err:GRX_insufficient_data(30/72),$290.90M,
GRX-ZBT,err:GRX_insufficient_data(30/72),$238.04M,
GRX-EURC,err:GRX_insufficient_data(30/72),$574.13M,
GRX-KITE,err:GRX_insufficient_data(30/72),$356.10M,
GRX-RAIL,err:GRX_insufficient_data(30/72),$213.94M,
GRX-SHORT,err:GRX_insufficient_data(30/72),$221.65M,
GRX-TRAC,err:GRX_insufficient_data(30/72),$247.76M,
GRX-PENDLE,err:GRX_insufficient_data(30/72),$374.75M,
GRX-PYTH,err:GRX_insufficient_data(30/72),$445.46M,
GRX-PIEVERSE,err:GRX_insufficient_data(30/72),$306.18M,
GRX-NFT,err:GRX_insufficient_data(30/72),$388.62M,
GRX-RAY,err:GRX_insufficient_data(30/72),$287.10M,
GRX-PC0000031,err:GRX_insufficient_data(30/72),$326.60M,
GRX-GEOD,err:GRX_insufficient_data(30/72),$218.44M,
GRX-PC0000077,err:GRX_insufficient_data(30/72),$224.10M,
GRX-A,err:GRX_insufficient_data(30/72),$226.39M,
GRX-LION,err:GRX_insufficient_data(30/72),$266.47M,
GRX-AIAT,err:GRX_insufficient_data(30/72),$242.08M,
GRX-MX,err:GRX_insufficient_data(30/72),$274.69M,
GRX-THETA,err:GRX_insufficient_data(30/72),$250.19M,
GRX-SN64,err:GRX_insufficient_data(30/72),$214.09M,
GRX-ETHFI,err:GRX_insufficient_data(30/72),$523.99M,
GRX-APYUSD,err:GRX_insufficient_data(30/72),$282.22M,
GRX-KOGE,err:GRX_insufficient_data(30/72),$338.25M,
GRX-BTSE,err:GRX_insufficient_data(30/72),$257.21M,
GRX-VET,err:GRX_insufficient_data(30/72),$513.05M,
GRX-CHZ,err:GRX_insufficient_data(30/72),$268.24M,
GRX-REAL,err:GRX_insufficient_data(30/72),$373.16M,
GRX-MON,err:GRX_insufficient_data(30/72),$372.29M,
GRX-SAFO,err:GRX_insufficient_data(30/72),$281.10M,
GRX-MANA,err:GRX_insufficient_data(30/72),$255.48M,
GRX-PRL,err:GRX_insufficient_data(30/72),$208.17M,
GRX-GLIDR,err:GRX_insufficient_data(30/72),$225.48M,
GRX-ONYC,err:GRX_insufficient_data(30/72),$370.30M,
GRX-A7A5,err:GRX_insufficient_data(30/72),$602.30M,
GRX-MET,err:GRX_insufficient_data(30/72),$213.51M,
GRX-Q,err:GRX_insufficient_data(30/72),$344.05M,
GRX-COMP,err:GRX_insufficient_data(30/72),$283.42M,
GRX-SYRUP,err:GRX_insufficient_data(30/72),$331.35M,
GRX-FRXUSD,err:GRX_insufficient_data(30/72),$234.02M,
GRX-BTT,err:GRX_insufficient_data(30/72),$383.57M,
GRX-BAT,err:GRX_insufficient_data(30/72),$227.51M,
GRX-XPIN,err:GRX_insufficient_data(30/72),$268.99M,
GRX-SOSO,err:GRX_insufficient_data(30/72),$240.69M,
GRX-VBILL,err:GRX_insufficient_data(30/72),$316.14M,
GRX-CRCLON,err:GRX_insufficient_data(30/72),$216.95M,
GRX-PEANUT,err:GRX_insufficient_data(30/72),$308.63M,
GRX-AR,err:GRX_insufficient_data(30/72),$240.15M,
GRX-SFP,err:GRX_insufficient_data(30/72),$226.83M,
GRX-PC0000023,err:GRX_insufficient_data(30/72),$224.94M,
GRX-GUSD,err:GRX_insufficient_data(30/72),$273.60M,
GRX-WFI,err:GRX_insufficient_data(30/72),$298.64M,
GRX-GRASS,err:GRX_insufficient_data(30/72),$339.97M,
GRX-PC0000085,err:GRX_insufficient_data(30/72),$230.60M,
GRX-BSV,err:GRX_insufficient_data(30/72),$382.59M,
GRX-JASMY,err:GRX_insufficient_data(30/72),$335.68M,
GRX-ANTFUN,err:GRX_insufficient_data(30/72),$406.41M,
GRX-USDAI,err:GRX_insufficient_data(30/72),$281.54M,
GRX-AERO,err:GRX_insufficient_data(30/72),$538.47M,
GRX-BONK,err:GRX_insufficient_data(30/72),$389.04M,
GRX-SUN,err:GRX_insufficient_data(30/72),$466.39M,
GRX-EURCV,err:GRX_insufficient_data(30/72),$273.53M,
GRX-USDZ,err:GRX_insufficient_data(30/72),$251.49M,
GRX-AKE,err:GRX_insufficient_data(30/72),$219.62M,
GRX-XCN,err:GRX_insufficient_data(30/72),$253.76M,
GRX-TRUMP,err:GRX_insufficient_data(30/72),$481.49M,
GRX-FET,err:GRX_insufficient_data(30/72),$430.02M,
GRX-FRAX,err:GRX_insufficient_data(30/72),$344.16M,
GRX-THBILL,err:GRX_insufficient_data(30/72),$242.03M,
GRX-ZAMA,err:GRX_insufficient_data(30/72),$261.91M,
GRX-SHFL,err:GRX_insufficient_data(30/72),$245.50M,
GRX-USDF,err:GRX_insufficient_data(30/72),$235.94M,
GRX-XPL,err:GRX_insufficient_data(30/72),$344.68M,
VSN-GENIUS,err:GENIUS_insufficient_data(31/72),$264.28M,
LUNC-GENIUS,err:GENIUS_insufficient_data(31/72),$392.28M,
PC0000015-GENIUS,err:GENIUS_insufficient_data(31/72),$223.61M,
IMX-GENIUS,err:GENIUS_insufficient_data(31/72),$340.70M,
NXM-GENIUS,err:GENIUS_insufficient_data(31/72),$200.25M,
SPX-GENIUS,err:GENIUS_insufficient_data(31/72),$415.46M,
UB-GENIUS,err:GENIUS_insufficient_data(31/72),$474.22M,
OUSG-GENIUS,err:GENIUS_insufficient_data(31/72),$493.63M,
STAC-GENIUS,err:GENIUS_insufficient_data(31/72),$216.03M,
1INCH-GENIUS,err:GENIUS_insufficient_data(31/72),$229.20M,
RLB-GENIUS,err:GENIUS_insufficient_data(31/72),$217.66M,
DYDX-GENIUS,err:GENIUS_insufficient_data(31/72),$211.25M,
APR-GENIUS,err:GENIUS_insufficient_data(31/72),$309.77M,
DRV-GENIUS,err:GENIUS_insufficient_data(31/72),$216.03M,
EDGE-GENIUS,err:GENIUS_insufficient_data(31/72),$249.36M,
INJ-GENIUS,err:GENIUS_insufficient_data(31/72),$572.62M,
MWC-GENIUS,err:GENIUS_insufficient_data(31/72),$227.22M,
KAU-GENIUS,err:GENIUS_insufficient_data(31/72),$421.69M,
LDO-GENIUS,err:GENIUS_insufficient_data(31/72),$416.58M,
EARNETH-GENIUS,err:GENIUS_insufficient_data(31/72),$260.33M,
GRT-GENIUS,err:GENIUS_insufficient_data(31/72),$274.73M,
SEI-GENIUS,err:GENIUS_insufficient_data(31/72),$399.94M,
USDTB-GENIUS,err:GENIUS_insufficient_data(31/72),$468.91M,
VELVET-GENIUS,err:GENIUS_insufficient_data(31/72),$279.89M,
BC-GENIUS,err:GENIUS_insufficient_data(31/72),$332.95M,
DEXE-GENIUS,err:GENIUS_insufficient_data(31/72),$387.46M,
OZO-GENIUS,err:GENIUS_insufficient_data(31/72),$238.68M,
2Z-GENIUS,err:GENIUS_insufficient_data(31/72),$315.72M,
CASH-GENIUS,err:GENIUS_insufficient_data(31/72),$235.40M,
ZBCN-GENIUS,err:GENIUS_insufficient_data(31/72),$290.66M,
CVX-GENIUS,err:GENIUS_insufficient_data(31/72),$248.20M,
TIA-GENIUS,err:GENIUS_insufficient_data(31/72),$419.87M,
US-GENIUS,err:GENIUS_insufficient_data(31/72),$532.35M,
VIRTUAL-GENIUS,err:GENIUS_insufficient_data(31/72),$482.95M,
ZRO-GENIUS,err:GENIUS_insufficient_data(31/72),$398.14M,
AKT-GENIUS,err:GENIUS_insufficient_data(31/72),$241.78M,
TKX-GENIUS,err:GENIUS_insufficient_data(31/72),$216.83M,
APEPE-GENIUS,err:GENIUS_insufficient_data(31/72),$314.74M,
USTBL-GENIUS,err:GENIUS_insufficient_data(31/72),$274.22M,
OHM-GENIUS,err:GENIUS_insufficient_data(31/72),$389.19M,
META-GENIUS,err:GENIUS_insufficient_data(31/72),$208.80M,
APXUSD-GENIUS,err:GENIUS_insufficient_data(31/72),$408.44M,
GNO-GENIUS,err:GENIUS_insufficient_data(31/72),$396.03M,
USDAT-GENIUS,err:GENIUS_insufficient_data(31/72),$253.18M,
TWT-GENIUS,err:GENIUS_insufficient_data(31/72),$261.85M,
CAKE-GENIUS,err:GENIUS_insufficient_data(31/72),$560.57M,
ZK-GENIUS,err:GENIUS_insufficient_data(31/72),$197.74M,
FLUID-GENIUS,err:GENIUS_insufficient_data(31/72),$199.67M,
COCO-GENIUS,err:GENIUS_insufficient_data(31/72),$297.60M,
TIBBIR-GENIUS,err:GENIUS_insufficient_data(31/72),$219.87M,
GPS-GENIUS,err:GENIUS_insufficient_data(31/72),$209.39M,
DCR-GENIUS,err:GENIUS_insufficient_data(31/72),$316.16M,
NEO-GENIUS,err:GENIUS_insufficient_data(31/72),$247.16M,
GLM-GENIUS,err:GENIUS_insufficient_data(31/72),$208.15M,
AXS-GENIUS,err:GENIUS_insufficient_data(31/72),$257.07M,
KAG-GENIUS,err:GENIUS_insufficient_data(31/72),$327.08M,
CHEEMS-GENIUS,err:GENIUS_insufficient_data(31/72),$213.70M,
KMNO-GENIUS,err:GENIUS_insufficient_data(31/72),$211.40M,
XTZ-GENIUS,err:GENIUS_insufficient_data(31/72),$338.86M,
ULTIMA-GENIUS,err:GENIUS_insufficient_data(31/72),$295.08M,
KAITO-GENIUS,err:GENIUS_insufficient_data(31/72),$422.65M,
RUNE-GENIUS,err:GENIUS_insufficient_data(31/72),$261.65M,
BP-GENIUS,err:GENIUS_insufficient_data(31/72),$227.62M,
UQC-GENIUS,err:GENIUS_insufficient_data(31/72),$221.40M,
STRK-GENIUS,err:GENIUS_insufficient_data(31/72),$302.59M,
PC0000033-GENIUS,err:GENIUS_insufficient_data(31/72),$275.88M,
ICNT-GENIUS,err:GENIUS_insufficient_data(31/72),$214.95M,
FDUSD-GENIUS,err:GENIUS_insufficient_data(31/72),$459.48M,
PC0000097-GENIUS,err:GENIUS_insufficient_data(31/72),$247.38M,
WEMIX-GENIUS,err:GENIUS_insufficient_data(31/72),$213.81M,
ACRED-GENIUS,err:GENIUS_insufficient_data(31/72),$228.42M,
UUSD-GENIUS,err:GENIUS_insufficient_data(31/72),$213.17M,
FLOKI-GENIUS,err:GENIUS_insufficient_data(31/72),$311.89M,
SAND-GENIUS,err:GENIUS_insufficient_data(31/72),$238.57M,
AWE-GENIUS,err:GENIUS_insufficient_data(31/72),$219.20M,
CRVUSD-GENIUS,err:GENIUS_insufficient_data(31/72),$325.43M,
GENIUS-SNX,err:GENIUS_insufficient_data(31/72),$235.82M,
GENIUS-VCNT,err:GENIUS_insufficient_data(31/72),$277.83M,
GENIUS-DASH,err:GENIUS_insufficient_data(31/72),$510.82M,
GENIUS-CARDS,err:GENIUS_insufficient_data(31/72),$382.25M,
GENIUS-USAT,err:GENIUS_insufficient_data(31/72),$298.61M,
GENIUS-FF,err:GENIUS_insufficient_data(31/72),$305.67M,
GENIUS-USDA,err:GENIUS_insufficient_data(31/72),$209.56M,
GENIUS-ZANO,err:GENIUS_insufficient_data(31/72),$244.54M,
GENIUS-REUSD,err:GENIUS_insufficient_data(31/72),$280.82M,
GENIUS-NEX,err:GENIUS_insufficient_data(31/72),$203.71M,
GENIUS-JTO,err:GENIUS_insufficient_data(31/72),$382.02M,
GENIUS-IOTA,err:GENIUS_insufficient_data(31/72),$260.96M,
GENIUS-AVUSD,err:GENIUS_insufficient_data(31/72),$229.36M,
GENIUS-FARTCOIN,err:GENIUS_insufficient_data(31/72),$236.39M,
GENIUS-GALA,err:GENIUS_insufficient_data(31/72),$202.00M,
GENIUS-ENS,err:GENIUS_insufficient_data(31/72),$289.45M,
GENIUS-SOON,err:GENIUS_insufficient_data(31/72),$203.39M,
GENIUS-WIF,err:GENIUS_insufficient_data(31/72),$259.73M,
GENIUS-SPCXB,err:GENIUS_insufficient_data(31/72),$198.92M,
GENIUS-STRCX,err:GENIUS_insufficient_data(31/72),$254.18M,
GENIUS-PENGU,err:GENIUS_insufficient_data(31/72),$485.10M,
GENIUS-BORG,err:GENIUS_insufficient_data(31/72),$251.65M,
GENIUS-TAG,err:GENIUS_insufficient_data(31/72),$258.45M,
GENIUS-XEC,err:GENIUS_insufficient_data(31/72),$232.84M,
GENIUS-STX,err:GENIUS_insufficient_data(31/72),$363.90M,
GENIUS-TEL,err:GENIUS_insufficient_data(31/72),$287.70M,
GENIUS-GOMINING,err:GENIUS_insufficient_data(31/72),$228.95M,
GENIUS-APE,err:GENIUS_insufficient_data(31/72),$262.02M,
GENIUS-EIGEN,err:GENIUS_insufficient_data(31/72),$253.98M,
GENIUS-OP,err:GENIUS_insufficient_data(31/72),$316.54M,
GENIUS-KAIA,err:GENIUS_insufficient_data(31/72),$280.19M,
GENIUS-ZBT,err:GENIUS_insufficient_data(31/72),$227.33M,
GENIUS-EURC,err:GENIUS_insufficient_data(31/72),$563.42M,
GENIUS-KITE,err:GENIUS_insufficient_data(31/72),$345.39M,
GENIUS-RAIL,err:GENIUS_insufficient_data(31/72),$203.23M,
GENIUS-SHORT,err:GENIUS_insufficient_data(31/72),$210.94M,
GENIUS-TRAC,err:GENIUS_insufficient_data(31/72),$237.05M,
GENIUS-PENDLE,err:GENIUS_insufficient_data(31/72),$364.03M,
GENIUS-PYTH,err:GENIUS_insufficient_data(31/72),$434.74M,
GENIUS-PIEVERSE,err:GENIUS_insufficient_data(31/72),$295.47M,
GENIUS-NFT,err:GENIUS_insufficient_data(31/72),$377.91M,
GENIUS-RAY,err:GENIUS_insufficient_data(31/72),$276.39M,
GENIUS-PC0000031,err:GENIUS_insufficient_data(31/72),$315.88M,
GENIUS-GEOD,err:GENIUS_insufficient_data(31/72),$207.73M,
GENIUS-PC0000077,err:GENIUS_insufficient_data(31/72),$213.38M,
GENIUS-A,err:GENIUS_insufficient_data(31/72),$215.67M,
GENIUS-LION,err:GENIUS_insufficient_data(31/72),$255.76M,
GENIUS-AIAT,err:GENIUS_insufficient_data(31/72),$231.36M,
GENIUS-MX,err:GENIUS_insufficient_data(31/72),$263.97M,
GENIUS-THETA,err:GENIUS_insufficient_data(31/72),$239.48M,
GENIUS-SN64,err:GENIUS_insufficient_data(31/72),$203.37M,
GENIUS-ETHFI,err:GENIUS_insufficient_data(31/72),$513.27M,
GENIUS-APYUSD,err:GENIUS_insufficient_data(31/72),$271.51M,
GENIUS-KOGE,err:GENIUS_insufficient_data(31/72),$327.53M,
GENIUS-BTSE,err:GENIUS_insufficient_data(31/72),$246.49M,
GENIUS-VET,err:GENIUS_insufficient_data(31/72),$502.34M,
GENIUS-CHZ,err:GENIUS_insufficient_data(31/72),$257.52M,
GENIUS-REAL,err:GENIUS_insufficient_data(31/72),$362.44M,
GENIUS-MON,err:GENIUS_insufficient_data(31/72),$361.58M,
GENIUS-SAFO,err:GENIUS_insufficient_data(31/72),$270.38M,
GENIUS-MANA,err:GENIUS_insufficient_data(31/72),$244.77M,
GENIUS-PRL,err:GENIUS_insufficient_data(31/72),$197.45M,
GENIUS-GLIDR,err:GENIUS_insufficient_data(31/72),$214.77M,
GENIUS-ONYC,err:GENIUS_insufficient_data(31/72),$359.59M,
GENIUS-A7A5,err:GENIUS_insufficient_data(31/72),$591.59M,
GENIUS-MET,err:GENIUS_insufficient_data(31/72),$202.80M,
GENIUS-Q,err:GENIUS_insufficient_data(31/72),$333.33M,
GENIUS-COMP,err:GENIUS_insufficient_data(31/72),$272.71M,
GENIUS-SYRUP,err:GENIUS_insufficient_data(31/72),$320.63M,
GENIUS-FRXUSD,err:GENIUS_insufficient_data(31/72),$223.30M,
GENIUS-BTT,err:GENIUS_insufficient_data(31/72),$372.86M,
GENIUS-BAT,err:GENIUS_insufficient_data(31/72),$216.80M,
GENIUS-XPIN,err:GENIUS_insufficient_data(31/72),$258.28M,
GENIUS-SOSO,err:GENIUS_insufficient_data(31/72),$229.97M,
GENIUS-VBILL,err:GENIUS_insufficient_data(31/72),$305.43M,
GENIUS-CRCLON,err:GENIUS_insufficient_data(31/72),$206.24M,
GENIUS-PEANUT,err:GENIUS_insufficient_data(31/72),$297.92M,
GENIUS-AR,err:GENIUS_insufficient_data(31/72),$229.44M,
GENIUS-SFP,err:GENIUS_insufficient_data(31/72),$216.12M,
GENIUS-PC0000023,err:GENIUS_insufficient_data(31/72),$214.23M,
GENIUS-GUSD,err:GENIUS_insufficient_data(31/72),$262.89M,
GENIUS-WFI,err:GENIUS_insufficient_data(31/72),$287.93M,
GENIUS-GRASS,err:GENIUS_insufficient_data(31/72),$329.25M,
GENIUS-PC0000085,err:GENIUS_insufficient_data(31/72),$219.88M,
GENIUS-BSV,err:GENIUS_insufficient_data(31/72),$371.88M,
GENIUS-JASMY,err:GENIUS_insufficient_data(31/72),$324.97M,
GENIUS-ANTFUN,err:GENIUS_insufficient_data(31/72),$395.69M,
GENIUS-USDAI,err:GENIUS_insufficient_data(31/72),$270.82M,
GENIUS-AERO,err:GENIUS_insufficient_data(31/72),$527.76M,
GENIUS-BONK,err:GENIUS_insufficient_data(31/72),$378.33M,
GENIUS-SUN,err:GENIUS_insufficient_data(31/72),$455.67M,
GENIUS-EURCV,err:GENIUS_insufficient_data(31/72),$262.82M,
GENIUS-USDZ,err:GENIUS_insufficient_data(31/72),$240.77M,
GENIUS-AKE,err:GENIUS_insufficient_data(31/72),$208.91M,
GENIUS-XCN,err:GENIUS_insufficient_data(31/72),$243.04M,
GENIUS-TRUMP,err:GENIUS_insufficient_data(31/72),$470.77M,
GENIUS-FET,err:GENIUS_insufficient_data(31/72),$419.30M,
GENIUS-FRAX,err:GENIUS_insufficient_data(31/72),$333.45M,
GENIUS-THBILL,err:GENIUS_insufficient_data(31/72),$231.32M,
GENIUS-ZAMA,err:GENIUS_insufficient_data(31/72),$251.19M,
GENIUS-SHFL,err:GENIUS_insufficient_data(31/72),$234.78M,
GENIUS-USDF,err:GENIUS_insufficient_data(31/72),$225.22M,
GENIUS-XPL,err:GENIUS_insufficient_data(31/72),$333.97M,
VSN-FGRS,err:FGRS_insufficient_data(38/72),$340.65M,
LUNC-FGRS,err:FGRS_insufficient_data(38/72),$468.65M,
PC0000015-FGRS,err:FGRS_insufficient_data(38/72),$299.98M,
IMX-FGRS,err:FGRS_insufficient_data(38/72),$417.08M,
NXM-FGRS,err:FGRS_insufficient_data(38/72),$276.62M,
SPX-FGRS,err:FGRS_insufficient_data(38/72),$491.83M,
UB-FGRS,err:FGRS_insufficient_data(38/72),$550.59M,
OUSG-FGRS,err:FGRS_insufficient_data(38/72),$570.00M,
STAC-FGRS,err:FGRS_insufficient_data(38/72),$292.40M,
1INCH-FGRS,err:FGRS_insufficient_data(38/72),$305.57M,
RLB-FGRS,err:FGRS_insufficient_data(38/72),$294.03M,
DYDX-FGRS,err:FGRS_insufficient_data(38/72),$287.62M,
APR-FGRS,err:FGRS_insufficient_data(38/72),$386.14M,
DRV-FGRS,err:FGRS_insufficient_data(38/72),$292.40M,
EDGE-FGRS,err:FGRS_insufficient_data(38/72),$325.73M,
INJ-FGRS,err:FGRS_insufficient_data(38/72),$648.99M,
FGRS-MWC,err:FGRS_insufficient_data(38/72),$303.59M,
FGRS-KAU,err:FGRS_insufficient_data(38/72),$498.06M,
FGRS-LDO,err:FGRS_insufficient_data(38/72),$492.95M,
FGRS-EARNETH,err:FGRS_insufficient_data(38/72),$336.70M,
FGRS-GRT,err:FGRS_insufficient_data(38/72),$351.10M,
FGRS-DUSD,err:FGRS_insufficient_data(38/72),$293.13M,
FGRS-SEI,err:FGRS_insufficient_data(38/72),$476.31M,
FGRS-USDTB,err:FGRS_insufficient_data(38/72),$545.28M,
FGRS-BCN,err:FGRS_insufficient_data(38/72),$455.52M,
FGRS-VELVET,err:FGRS_insufficient_data(38/72),$356.26M,
FGRS-BC,err:FGRS_insufficient_data(38/72),$409.32M,
FGRS-DEXE,err:FGRS_insufficient_data(38/72),$463.83M,
FGRS-OZO,err:FGRS_insufficient_data(38/72),$315.05M,
FGRS-AB,err:FGRS_insufficient_data(38/72),$286.60M,
FGRS-2Z,err:FGRS_insufficient_data(38/72),$392.09M,
FGRS-CASH,err:FGRS_insufficient_data(38/72),$311.77M,
FGRS-ZBCN,err:FGRS_insufficient_data(38/72),$367.03M,
FGRS-CVX,err:FGRS_insufficient_data(38/72),$324.57M,
FGRS-TIA,err:FGRS_insufficient_data(38/72),$496.24M,
FGRS-US,err:FGRS_insufficient_data(38/72),$608.72M,
FGRS-VIRTUAL,err:FGRS_insufficient_data(38/72),$559.32M,
FGRS-ZRO,err:FGRS_insufficient_data(38/72),$474.51M,
FGRS-AKT,err:FGRS_insufficient_data(38/72),$318.15M,
FGRS-TKX,err:FGRS_insufficient_data(38/72),$293.20M,
FGRS-APEPE,err:FGRS_insufficient_data(38/72),$391.11M,
FGRS-USTBL,err:FGRS_insufficient_data(38/72),$350.60M,
FGRS-ALFW,err:FGRS_insufficient_data(38/72),$304.08M,
FGRS-OHM,err:FGRS_insufficient_data(38/72),$465.56M,
FGRS-B,err:FGRS_insufficient_data(38/72),$357.93M,
FGRS-GRX,err:FGRS_insufficient_data(38/72),$313.85M,
FGRS-META,err:FGRS_insufficient_data(38/72),$285.17M,
FGRS-APXUSD,err:FGRS_insufficient_data(38/72),$484.81M,
FGRS-NIGHT,err:FGRS_insufficient_data(38/72),$492.13M,
FGRS-GNO,err:FGRS_insufficient_data(38/72),$472.40M,
FGRS-USDAT,err:FGRS_insufficient_data(38/72),$329.55M,
FGRS-TWT,err:FGRS_insufficient_data(38/72),$338.22M,
FGRS-CAKE,err:FGRS_insufficient_data(38/72),$636.94M,
FGRS-ZK,err:FGRS_insufficient_data(38/72),$274.11M,
FGRS-FLUID,err:FGRS_insufficient_data(38/72),$276.04M,
FGRS-COCO,err:FGRS_insufficient_data(38/72),$373.97M,
FGRS-TIBBIR,err:FGRS_insufficient_data(38/72),$296.24M,
FGRS-GPS,err:FGRS_insufficient_data(38/72),$285.76M,
FGRS-H,err:FGRS_insufficient_data(38/72),$321.87M,
FGRS-DCR,err:FGRS_insufficient_data(38/72),$392.53M,
FGRS-NEO,err:FGRS_insufficient_data(38/72),$323.53M,
FGRS-GLM,err:FGRS_insufficient_data(38/72),$284.52M,
FGRS-AXS,err:FGRS_insufficient_data(38/72),$333.44M,
FGRS-KAG,err:FGRS_insufficient_data(38/72),$403.45M,
FGRS-CHEEMS,err:FGRS_insufficient_data(38/72),$290.07M,
FGRS-KMNO,err:FGRS_insufficient_data(38/72),$287.77M,
FGRS-XTZ,err:FGRS_insufficient_data(38/72),$415.23M,
FGRS-ULTIMA,err:FGRS_insufficient_data(38/72),$371.45M,
FGRS-KAITO,err:FGRS_insufficient_data(38/72),$499.02M,
FGRS-RUNE,err:FGRS_insufficient_data(38/72),$338.02M,
FGRS-BP,err:FGRS_insufficient_data(38/72),$303.99M,
FGRS-UQC,err:FGRS_insufficient_data(38/72),$297.77M,
FGRS-STRK,err:FGRS_insufficient_data(38/72),$378.96M,
FGRS-CTOC,err:FGRS_insufficient_data(38/72),$464.76M,
FGRS-PC0000033,err:FGRS_insufficient_data(38/72),$352.25M,
FGRS-ICNT,err:FGRS_insufficient_data(38/72),$291.33M,
FGRS-FDUSD,err:FGRS_insufficient_data(38/72),$535.85M,
FGRS-PC0000097,err:FGRS_insufficient_data(38/72),$323.75M,
FGRS-WEMIX,err:FGRS_insufficient_data(38/72),$290.18M,
FGRS-ACRED,err:FGRS_insufficient_data(38/72),$304.79M,
FGRS-SMILEK,err:FGRS_insufficient_data(38/72),$277.12M,
FGRS-WM,err:FGRS_insufficient_data(38/72),$276.11M,
FGRS-UUSD,err:FGRS_insufficient_data(38/72),$289.54M,
FGRS-FLOKI,err:FGRS_insufficient_data(38/72),$388.26M,
FGRS-SAND,err:FGRS_insufficient_data(38/72),$314.94M,
FGRS-AWE,err:FGRS_insufficient_data(38/72),$295.57M,
FGRS-CRVUSD,err:FGRS_insufficient_data(38/72),$401.80M,
FGRS-GENIUS,err:FGRS_insufficient_data(38/72),$303.14M,
FGRS-SNX,err:FGRS_insufficient_data(38/72),$312.19M,
FGRS-VCNT,err:FGRS_insufficient_data(38/72),$354.20M,
FGRS-DASH,err:FGRS_insufficient_data(38/72),$587.19M,
FGRS-CARDS,err:FGRS_insufficient_data(38/72),$458.62M,
FGRS-USAT,err:FGRS_insufficient_data(38/72),$374.98M,
FGRS-FF,err:FGRS_insufficient_data(38/72),$382.04M,
FGRS-USDA,err:FGRS_insufficient_data(38/72),$285.93M,
FGRS-ZANO,err:FGRS_insufficient_data(38/72),$320.91M,
FGRS-REUSD,err:FGRS_insufficient_data(38/72),$357.19M,
FGRS-NEX,err:FGRS_insufficient_data(38/72),$280.08M,
FGRS-JTO,err:FGRS_insufficient_data(38/72),$458.39M,
FGRS-IOTA,err:FGRS_insufficient_data(38/72),$337.33M,
FGRS-AVUSD,err:FGRS_insufficient_data(38/72),$305.73M,
FGRS-FARTCOIN,err:FGRS_insufficient_data(38/72),$312.76M,
FGRS-GALA,err:FGRS_insufficient_data(38/72),$278.37M,
FGRS-ENS,err:FGRS_insufficient_data(38/72),$365.82M,
FGRS-SOON,err:FGRS_insufficient_data(38/72),$279.76M,
FGRS-WIF,err:FGRS_insufficient_data(38/72),$336.10M,
FGRS-SPCXB,err:FGRS_insufficient_data(38/72),$275.29M,
FGRS-STRCX,err:FGRS_insufficient_data(38/72),$330.55M,
FGRS-PENGU,err:FGRS_insufficient_data(38/72),$561.47M,
FGRS-BORG,err:FGRS_insufficient_data(38/72),$328.02M,
FGRS-TAG,err:FGRS_insufficient_data(38/72),$334.82M,
FGRS-XEC,err:FGRS_insufficient_data(38/72),$309.21M,
FGRS-STX,err:FGRS_insufficient_data(38/72),$440.27M,
FGRS-TEL,err:FGRS_insufficient_data(38/72),$364.07M,
FGRS-GOMINING,err:FGRS_insufficient_data(38/72),$305.32M,
FGRS-APE,err:FGRS_insufficient_data(38/72),$338.39M,
FGRS-EIGEN,err:FGRS_insufficient_data(38/72),$330.35M,
FGRS-OP,err:FGRS_insufficient_data(38/72),$392.91M,
FGRS-KAIA,err:FGRS_insufficient_data(38/72),$356.56M,
FGRS-ZBT,err:FGRS_insufficient_data(38/72),$303.70M,
FGRS-EURC,err:FGRS_insufficient_data(38/72),$639.79M,
FGRS-KITE,err:FGRS_insufficient_data(38/72),$421.76M,
FGRS-RAIL,err:FGRS_insufficient_data(38/72),$279.60M,
FGRS-SHORT,err:FGRS_insufficient_data(38/72),$287.31M,
FGRS-TRAC,err:FGRS_insufficient_data(38/72),$313.42M,
FGRS-PENDLE,err:FGRS_insufficient_data(38/72),$440.41M,
FGRS-PYTH,err:FGRS_insufficient_data(38/72),$511.11M,
FGRS-PIEVERSE,err:FGRS_insufficient_data(38/72),$371.84M,
FGRS-NFT,err:FGRS_insufficient_data(38/72),$454.28M,
FGRS-RAY,err:FGRS_insufficient_data(38/72),$352.76M,
FGRS-PC0000031,err:FGRS_insufficient_data(38/72),$392.25M,
FGRS-GEOD,err:FGRS_insufficient_data(38/72),$284.10M,
FGRS-PC0000077,err:FGRS_insufficient_data(38/72),$289.75M,
FGRS-A,err:FGRS_insufficient_data(38/72),$292.04M,
FGRS-LION,err:FGRS_insufficient_data(38/72),$332.13M,
FGRS-AIAT,err:FGRS_insufficient_data(38/72),$307.73M,
FGRS-MX,err:FGRS_insufficient_data(38/72),$340.34M,
FGRS-THETA,err:FGRS_insufficient_data(38/72),$315.85M,
FGRS-SN64,err:FGRS_insufficient_data(38/72),$279.75M,
FGRS-ETHFI,err:FGRS_insufficient_data(38/72),$589.64M,
FGRS-APYUSD,err:FGRS_insufficient_data(38/72),$347.88M,
FGRS-KOGE,err:FGRS_insufficient_data(38/72),$403.90M,
FGRS-BTSE,err:FGRS_insufficient_data(38/72),$322.86M,
FGRS-VET,err:FGRS_insufficient_data(38/72),$578.71M,
FGRS-CHZ,err:FGRS_insufficient_data(38/72),$333.89M,
FGRS-REAL,err:FGRS_insufficient_data(38/72),$438.81M,
FGRS-MON,err:FGRS_insufficient_data(38/72),$437.95M,
FGRS-SAFO,err:FGRS_insufficient_data(38/72),$346.75M,
FGRS-MANA,err:FGRS_insufficient_data(38/72),$321.14M,
FGRS-PRL,err:FGRS_insufficient_data(38/72),$273.82M,
FGRS-GLIDR,err:FGRS_insufficient_data(38/72),$291.14M,
FGRS-ONYC,err:FGRS_insufficient_data(38/72),$435.96M,
FGRS-A7A5,err:FGRS_insufficient_data(38/72),$667.96M,
FGRS-MET,err:FGRS_insufficient_data(38/72),$279.17M,
FGRS-Q,err:FGRS_insufficient_data(38/72),$409.70M,
FGRS-COMP,err:FGRS_insufficient_data(38/72),$349.08M,
FGRS-SYRUP,err:FGRS_insufficient_data(38/72),$397.00M,
FGRS-FRXUSD,err:FGRS_insufficient_data(38/72),$299.67M,
FGRS-BTT,err:FGRS_insufficient_data(38/72),$449.23M,
FGRS-BAT,err:FGRS_insufficient_data(38/72),$293.17M,
FGRS-XPIN,err:FGRS_insufficient_data(38/72),$334.65M,
FGRS-SOSO,err:FGRS_insufficient_data(38/72),$306.34M,
FGRS-VBILL,err:FGRS_insufficient_data(38/72),$381.80M,
FGRS-CRCLON,err:FGRS_insufficient_data(38/72),$282.61M,
FGRS-PEANUT,err:FGRS_insufficient_data(38/72),$374.29M,
FGRS-AR,err:FGRS_insufficient_data(38/72),$305.81M,
FGRS-SFP,err:FGRS_insufficient_data(38/72),$292.49M,
FGRS-PC0000023,err:FGRS_insufficient_data(38/72),$290.60M,
FGRS-GUSD,err:FGRS_insufficient_data(38/72),$339.26M,
FGRS-WFI,err:FGRS_insufficient_data(38/72),$364.30M,
FGRS-GRASS,err:FGRS_insufficient_data(38/72),$405.62M,
FGRS-PC0000085,err:FGRS_insufficient_data(38/72),$296.25M,
FGRS-BSV,err:FGRS_insufficient_data(38/72),$448.25M,
FGRS-JASMY,err:FGRS_insufficient_data(38/72),$401.34M,
FGRS-ANTFUN,err:FGRS_insufficient_data(38/72),$472.06M,
FGRS-USDAI,err:FGRS_insufficient_data(38/72),$347.19M,
FGRS-AERO,err:FGRS_insufficient_data(38/72),$604.13M,
FGRS-BONK,err:FGRS_insufficient_data(38/72),$454.70M,
FGRS-SUN,err:FGRS_insufficient_data(38/72),$532.04M,
FGRS-EURCV,err:FGRS_insufficient_data(38/72),$339.19M,
FGRS-USDZ,err:FGRS_insufficient_data(38/72),$317.14M,
FGRS-AKE,err:FGRS_insufficient_data(38/72),$285.28M,
FGRS-XCN,err:FGRS_insufficient_data(38/72),$319.41M,
FGRS-TRUMP,err:FGRS_insufficient_data(38/72),$547.14M,
FGRS-FET,err:FGRS_insufficient_data(38/72),$495.67M,
FGRS-FRAX,err:FGRS_insufficient_data(38/72),$409.82M,
FGRS-THBILL,err:FGRS_insufficient_data(38/72),$307.69M,
FGRS-ZAMA,err:FGRS_insufficient_data(38/72),$327.57M,
FGRS-SHFL,err:FGRS_insufficient_data(38/72),$311.15M,
FGRS-USDF,err:FGRS_insufficient_data(38/72),$301.59M,
FGRS-XPL,err:FGRS_insufficient_data(38/72),$410.34M,
VSN-DUSD,err:DUSD_insufficient_data(57/72),$254.27M,
LUNC-DUSD,err:DUSD_insufficient_data(57/72),$382.27M,
PC0000015-DUSD,err:DUSD_insufficient_data(57/72),$213.60M,
IMX-DUSD,err:DUSD_insufficient_data(57/72),$330.70M,
NXM-DUSD,err:DUSD_insufficient_data(57/72),$190.24M,
SPX-DUSD,err:DUSD_insufficient_data(57/72),$405.45M,
UB-DUSD,err:DUSD_insufficient_data(57/72),$464.21M,
OUSG-DUSD,err:DUSD_insufficient_data(57/72),$483.62M,
STAC-DUSD,err:DUSD_insufficient_data(57/72),$206.02M,
1INCH-DUSD,err:DUSD_insufficient_data(57/72),$219.19M,
RLB-DUSD,err:DUSD_insufficient_data(57/72),$207.65M,
DYDX-DUSD,err:DUSD_insufficient_data(57/72),$201.24M,
APR-DUSD,err:DUSD_insufficient_data(57/72),$299.76M,
DRV-DUSD,err:DUSD_insufficient_data(57/72),$206.02M,
EDGE-DUSD,err:DUSD_insufficient_data(57/72),$239.35M,
INJ-DUSD,err:DUSD_insufficient_data(57/72),$562.61M,
MWC-DUSD,err:DUSD_insufficient_data(57/72),$217.22M,
KAU-DUSD,err:DUSD_insufficient_data(57/72),$411.68M,
LDO-DUSD,err:DUSD_insufficient_data(57/72),$406.57M,
EARNETH-DUSD,err:DUSD_insufficient_data(57/72),$250.32M,
GRT-DUSD,err:DUSD_insufficient_data(57/72),$264.72M,
DUSD-SEI,err:DUSD_insufficient_data(57/72),$389.93M,
DUSD-USDTB,err:DUSD_insufficient_data(57/72),$458.90M,
DUSD-BCN,err:DUSD_insufficient_data(57/72),$369.14M,
DUSD-VELVET,err:DUSD_insufficient_data(57/72),$269.88M,
DUSD-BC,err:DUSD_insufficient_data(57/72),$322.94M,
DUSD-DEXE,err:DUSD_insufficient_data(57/72),$377.45M,
DUSD-OZO,err:DUSD_insufficient_data(57/72),$228.67M,
DUSD-AB,err:DUSD_insufficient_data(57/72),$200.22M,
DUSD-2Z,err:DUSD_insufficient_data(57/72),$305.71M,
DUSD-CASH,err:DUSD_insufficient_data(57/72),$225.39M,
DUSD-ZBCN,err:DUSD_insufficient_data(57/72),$280.65M,
DUSD-CVX,err:DUSD_insufficient_data(57/72),$238.19M,
DUSD-TIA,err:DUSD_insufficient_data(57/72),$409.86M,
DUSD-US,err:DUSD_insufficient_data(57/72),$522.34M,
DUSD-VIRTUAL,err:DUSD_insufficient_data(57/72),$472.94M,
DUSD-ZRO,err:DUSD_insufficient_data(57/72),$388.13M,
DUSD-AKT,err:DUSD_insufficient_data(57/72),$231.77M,
DUSD-TKX,err:DUSD_insufficient_data(57/72),$206.82M,
DUSD-APEPE,err:DUSD_insufficient_data(57/72),$304.73M,
DUSD-USTBL,err:DUSD_insufficient_data(57/72),$264.22M,
DUSD-ALFW,err:DUSD_insufficient_data(57/72),$217.70M,
DUSD-OHM,err:DUSD_insufficient_data(57/72),$379.18M,
DUSD-B,err:DUSD_insufficient_data(57/72),$271.55M,
DUSD-GRX,err:DUSD_insufficient_data(57/72),$227.47M,
DUSD-META,err:DUSD_insufficient_data(57/72),$198.79M,
DUSD-APXUSD,err:DUSD_insufficient_data(57/72),$398.43M,
DUSD-NIGHT,err:DUSD_insufficient_data(57/72),$405.75M,
DUSD-GNO,err:DUSD_insufficient_data(57/72),$386.02M,
DUSD-USDAT,err:DUSD_insufficient_data(57/72),$243.17M,
DUSD-TWT,err:DUSD_insufficient_data(57/72),$251.84M,
DUSD-CAKE,err:DUSD_insufficient_data(57/72),$550.57M,
DUSD-ZK,err:DUSD_insufficient_data(57/72),$187.73M,
DUSD-FLUID,err:DUSD_insufficient_data(57/72),$189.66M,
DUSD-COCO,err:DUSD_insufficient_data(57/72),$287.60M,
DUSD-TIBBIR,err:DUSD_insufficient_data(57/72),$209.86M,
DUSD-GPS,err:DUSD_insufficient_data(57/72),$199.38M,
DUSD-H,err:DUSD_insufficient_data(57/72),$235.49M,
DUSD-DCR,err:DUSD_insufficient_data(57/72),$306.15M,
DUSD-NEO,err:DUSD_insufficient_data(57/72),$237.15M,
DUSD-GLM,err:DUSD_insufficient_data(57/72),$198.14M,
DUSD-AXS,err:DUSD_insufficient_data(57/72),$247.06M,
DUSD-KAG,err:DUSD_insufficient_data(57/72),$317.07M,
DUSD-CHEEMS,err:DUSD_insufficient_data(57/72),$203.69M,
DUSD-KMNO,err:DUSD_insufficient_data(57/72),$201.40M,
DUSD-XTZ,err:DUSD_insufficient_data(57/72),$328.85M,
DUSD-ULTIMA,err:DUSD_insufficient_data(57/72),$285.07M,
DUSD-KAITO,err:DUSD_insufficient_data(57/72),$412.64M,
DUSD-RUNE,err:DUSD_insufficient_data(57/72),$251.64M,
DUSD-BP,err:DUSD_insufficient_data(57/72),$217.61M,
DUSD-UQC,err:DUSD_insufficient_data(57/72),$211.39M,
DUSD-STRK,err:DUSD_insufficient_data(57/72),$292.59M,
DUSD-CTOC,err:DUSD_insufficient_data(57/72),$378.38M,
DUSD-PC0000033,err:DUSD_insufficient_data(57/72),$265.87M,
DUSD-ICNT,err:DUSD_insufficient_data(57/72),$204.95M,
DUSD-FDUSD,err:DUSD_insufficient_data(57/72),$449.47M,
DUSD-PC0000097,err:DUSD_insufficient_data(57/72),$237.37M,
DUSD-WEMIX,err:DUSD_insufficient_data(57/72),$203.80M,
DUSD-ACRED,err:DUSD_insufficient_data(57/72),$218.42M,
DUSD-SMILEK,err:DUSD_insufficient_data(57/72),$190.75M,
DUSD-WM,err:DUSD_insufficient_data(57/72),$189.73M,
DUSD-UUSD,err:DUSD_insufficient_data(57/72),$203.16M,
DUSD-FLOKI,err:DUSD_insufficient_data(57/72),$301.88M,
DUSD-SAND,err:DUSD_insufficient_data(57/72),$228.56M,
DUSD-AWE,err:DUSD_insufficient_data(57/72),$209.20M,
DUSD-CRVUSD,err:DUSD_insufficient_data(57/72),$315.42M,
DUSD-GENIUS,err:DUSD_insufficient_data(57/72),$216.76M,
DUSD-SNX,err:DUSD_insufficient_data(57/72),$225.81M,
DUSD-VCNT,err:DUSD_insufficient_data(57/72),$267.82M,
DUSD-DASH,err:DUSD_insufficient_data(57/72),$500.81M,
DUSD-CARDS,err:DUSD_insufficient_data(57/72),$372.24M,
DUSD-USAT,err:DUSD_insufficient_data(57/72),$288.60M,
DUSD-FF,err:DUSD_insufficient_data(57/72),$295.66M,
DUSD-USDA,err:DUSD_insufficient_data(57/72),$199.55M,
DUSD-ZANO,err:DUSD_insufficient_data(57/72),$234.53M,
DUSD-REUSD,err:DUSD_insufficient_data(57/72),$270.81M,
DUSD-NEX,err:DUSD_insufficient_data(57/72),$193.70M,
DUSD-JTO,err:DUSD_insufficient_data(57/72),$372.01M,
DUSD-IOTA,err:DUSD_insufficient_data(57/72),$250.95M,
DUSD-AVUSD,err:DUSD_insufficient_data(57/72),$219.35M,
DUSD-FARTCOIN,err:DUSD_insufficient_data(57/72),$226.39M,
DUSD-GALA,err:DUSD_insufficient_data(57/72),$191.99M,
DUSD-ENS,err:DUSD_insufficient_data(57/72),$279.45M,
DUSD-SOON,err:DUSD_insufficient_data(57/72),$193.38M,
DUSD-WIF,err:DUSD_insufficient_data(57/72),$249.72M,
DUSD-SPCXB,err:DUSD_insufficient_data(57/72),$188.91M,
DUSD-STRCX,err:DUSD_insufficient_data(57/72),$244.17M,
DUSD-PENGU,err:DUSD_insufficient_data(57/72),$475.09M,
DUSD-BORG,err:DUSD_insufficient_data(57/72),$241.64M,
DUSD-TAG,err:DUSD_insufficient_data(57/72),$248.44M,
DUSD-XEC,err:DUSD_insufficient_data(57/72),$222.83M,
DUSD-STX,err:DUSD_insufficient_data(57/72),$353.89M,
DUSD-TEL,err:DUSD_insufficient_data(57/72),$277.69M,
DUSD-GOMINING,err:DUSD_insufficient_data(57/72),$218.94M,
DUSD-APE,err:DUSD_insufficient_data(57/72),$252.01M,
DUSD-EIGEN,err:DUSD_insufficient_data(57/72),$243.97M,
DUSD-OP,err:DUSD_insufficient_data(57/72),$306.53M,
DUSD-KAIA,err:DUSD_insufficient_data(57/72),$270.18M,
DUSD-ZBT,err:DUSD_insufficient_data(57/72),$217.32M,
DUSD-EURC,err:DUSD_insufficient_data(57/72),$553.41M,
DUSD-KITE,err:DUSD_insufficient_data(57/72),$335.38M,
DUSD-RAIL,err:DUSD_insufficient_data(57/72),$193.22M,
DUSD-SHORT,err:DUSD_insufficient_data(57/72),$200.93M,
DUSD-TRAC,err:DUSD_insufficient_data(57/72),$227.04M,
DUSD-PENDLE,err:DUSD_insufficient_data(57/72),$354.03M,
DUSD-PYTH,err:DUSD_insufficient_data(57/72),$424.73M,
DUSD-PIEVERSE,err:DUSD_insufficient_data(57/72),$285.46M,
DUSD-NFT,err:DUSD_insufficient_data(57/72),$367.90M,
DUSD-RAY,err:DUSD_insufficient_data(57/72),$266.38M,
DUSD-PC0000031,err:DUSD_insufficient_data(57/72),$305.87M,
DUSD-GEOD,err:DUSD_insufficient_data(57/72),$197.72M,
DUSD-PC0000077,err:DUSD_insufficient_data(57/72),$203.37M,
DUSD-A,err:DUSD_insufficient_data(57/72),$205.66M,
DUSD-LION,err:DUSD_insufficient_data(57/72),$245.75M,
DUSD-AIAT,err:DUSD_insufficient_data(57/72),$221.35M,
DUSD-MX,err:DUSD_insufficient_data(57/72),$253.96M,
DUSD-THETA,err:DUSD_insufficient_data(57/72),$229.47M,
DUSD-SN64,err:DUSD_insufficient_data(57/72),$193.37M,
DUSD-ETHFI,err:DUSD_insufficient_data(57/72),$503.27M,
DUSD-APYUSD,err:DUSD_insufficient_data(57/72),$261.50M,
DUSD-KOGE,err:DUSD_insufficient_data(57/72),$317.52M,
DUSD-BTSE,err:DUSD_insufficient_data(57/72),$236.49M,
DUSD-VET,err:DUSD_insufficient_data(57/72),$492.33M,
DUSD-CHZ,err:DUSD_insufficient_data(57/72),$247.51M,
DUSD-REAL,err:DUSD_insufficient_data(57/72),$352.43M,
DUSD-MON,err:DUSD_insufficient_data(57/72),$351.57M,
DUSD-SAFO,err:DUSD_insufficient_data(57/72),$260.37M,
DUSD-MANA,err:DUSD_insufficient_data(57/72),$234.76M,
DUSD-PRL,err:DUSD_insufficient_data(57/72),$187.44M,
DUSD-GLIDR,err:DUSD_insufficient_data(57/72),$204.76M,
DUSD-ONYC,err:DUSD_insufficient_data(57/72),$349.58M,
DUSD-A7A5,err:DUSD_insufficient_data(57/72),$581.58M,
DUSD-MET,err:DUSD_insufficient_data(57/72),$192.79M,
DUSD-Q,err:DUSD_insufficient_data(57/72),$323.33M,
DUSD-COMP,err:DUSD_insufficient_data(57/72),$262.70M,
DUSD-SYRUP,err:DUSD_insufficient_data(57/72),$310.62M,
DUSD-FRXUSD,err:DUSD_insufficient_data(57/72),$213.30M,
DUSD-BTT,err:DUSD_insufficient_data(57/72),$362.85M,
DUSD-BAT,err:DUSD_insufficient_data(57/72),$206.79M,
DUSD-XPIN,err:DUSD_insufficient_data(57/72),$248.27M,
DUSD-SOSO,err:DUSD_insufficient_data(57/72),$219.96M,
DUSD-VBILL,err:DUSD_insufficient_data(57/72),$295.42M,
DUSD-CRCLON,err:DUSD_insufficient_data(57/72),$196.23M,
DUSD-PEANUT,err:DUSD_insufficient_data(57/72),$287.91M,
DUSD-AR,err:DUSD_insufficient_data(57/72),$219.43M,
DUSD-SFP,err:DUSD_insufficient_data(57/72),$206.11M,
DUSD-PC0000023,err:DUSD_insufficient_data(57/72),$204.22M,
DUSD-GUSD,err:DUSD_insufficient_data(57/72),$252.88M,
DUSD-WFI,err:DUSD_insufficient_data(57/72),$277.92M,
DUSD-GRASS,err:DUSD_insufficient_data(57/72),$319.24M,
DUSD-PC0000085,err:DUSD_insufficient_data(57/72),$209.87M,
DUSD-BSV,err:DUSD_insufficient_data(57/72),$361.87M,
DUSD-JASMY,err:DUSD_insufficient_data(57/72),$314.96M,
DUSD-ANTFUN,err:DUSD_insufficient_data(57/72),$385.68M,
DUSD-USDAI,err:DUSD_insufficient_data(57/72),$260.81M,
DUSD-AERO,err:DUSD_insufficient_data(57/72),$517.75M,
DUSD-BONK,err:DUSD_insufficient_data(57/72),$368.32M,
DUSD-SUN,err:DUSD_insufficient_data(57/72),$445.66M,
DUSD-EURCV,err:DUSD_insufficient_data(57/72),$252.81M,
DUSD-USDZ,err:DUSD_insufficient_data(57/72),$230.76M,
DUSD-AKE,err:DUSD_insufficient_data(57/72),$198.90M,
DUSD-XCN,err:DUSD_insufficient_data(57/72),$233.03M,
DUSD-TRUMP,err:DUSD_insufficient_data(57/72),$460.76M,
DUSD-FET,err:DUSD_insufficient_data(57/72),$409.29M,
DUSD-FRAX,err:DUSD_insufficient_data(57/72),$323.44M,
DUSD-THBILL,err:DUSD_insufficient_data(57/72),$221.31M,
DUSD-ZAMA,err:DUSD_insufficient_data(57/72),$241.19M,
DUSD-SHFL,err:DUSD_insufficient_data(57/72),$224.77M,
DUSD-USDF,err:DUSD_insufficient_data(57/72),$215.21M,
DUSD-XPL,err:DUSD_insufficient_data(57/72),$323.96M,
VSN-DAI,err:DAI_insufficient_data(15/72),$241.94M,
LUNC-DAI,err:DAI_insufficient_data(15/72),$369.95M,
PC0000015-DAI,err:DAI_insufficient_data(15/72),$201.28M,
IMX-DAI,err:DAI_insufficient_data(15/72),$318.37M,
NXM-DAI,err:DAI_insufficient_data(15/72),$177.92M,
SPX-DAI,err:DAI_insufficient_data(15/72),$393.13M,
UB-DAI,err:DAI_insufficient_data(15/72),$451.89M,
DAI-OUSG,err:DAI_insufficient_data(15/72),$471.30M,
DAI-STAC,err:DAI_insufficient_data(15/72),$193.69M,
DAI-1INCH,err:DAI_insufficient_data(15/72),$206.87M,
DAI-HOLO,err:DAI_insufficient_data(15/72),$237.74M,
DAI-RLB,err:DAI_insufficient_data(15/72),$195.32M,
DAI-DYDX,err:DAI_insufficient_data(15/72),$188.92M,
DAI-APR,err:DAI_insufficient_data(15/72),$287.44M,
DAI-DRV,err:DAI_insufficient_data(15/72),$193.69M,
DAI-EDGE,err:DAI_insufficient_data(15/72),$227.03M,
DAI-INJ,err:DAI_insufficient_data(15/72),$550.29M,
DAI-FGRS,err:DAI_insufficient_data(15/72),$280.80M,
DAI-MWC,err:DAI_insufficient_data(15/72),$204.89M,
DAI-KAU,err:DAI_insufficient_data(15/72),$399.36M,
DAI-LDO,err:DAI_insufficient_data(15/72),$394.25M,
DAI-EARNETH,err:DAI_insufficient_data(15/72),$237.99M,
DAI-GRT,err:DAI_insufficient_data(15/72),$252.39M,
DAI-DUSD,err:DAI_insufficient_data(15/72),$194.42M,
DAI-SEI,err:DAI_insufficient_data(15/72),$377.60M,
DAI-USDTB,err:DAI_insufficient_data(15/72),$446.57M,
DAI-BCN,err:DAI_insufficient_data(15/72),$356.81M,
DAI-VELVET,err:DAI_insufficient_data(15/72),$257.55M,
DAI-BC,err:DAI_insufficient_data(15/72),$310.62M,
DAI-DEXE,err:DAI_insufficient_data(15/72),$365.13M,
DAI-OZO,err:DAI_insufficient_data(15/72),$216.35M,
DAI-AB,err:DAI_insufficient_data(15/72),$187.89M,
DAI-2Z,err:DAI_insufficient_data(15/72),$293.39M,
DAI-CASH,err:DAI_insufficient_data(15/72),$213.07M,
DAI-ZBCN,err:DAI_insufficient_data(15/72),$268.32M,
DAI-CVX,err:DAI_insufficient_data(15/72),$225.87M,
DAI-TIA,err:DAI_insufficient_data(15/72),$397.54M,
DAI-US,err:DAI_insufficient_data(15/72),$510.02M,
DAI-VIRTUAL,err:DAI_insufficient_data(15/72),$460.62M,
DAI-ZRO,err:DAI_insufficient_data(15/72),$375.81M,
DAI-AKT,err:DAI_insufficient_data(15/72),$219.44M,
DAI-TKX,err:DAI_insufficient_data(15/72),$194.49M,
DAI-APEPE,err:DAI_insufficient_data(15/72),$292.41M,
DAI-USTBL,err:DAI_insufficient_data(15/72),$251.89M,
DAI-ALFW,err:DAI_insufficient_data(15/72),$205.38M,
DAI-OHM,err:DAI_insufficient_data(15/72),$366.86M,
DAI-B,err:DAI_insufficient_data(15/72),$259.23M,
DAI-GRX,err:DAI_insufficient_data(15/72),$215.15M,
DAI-META,err:DAI_insufficient_data(15/72),$186.46M,
DAI-APXUSD,err:DAI_insufficient_data(15/72),$386.11M,
DAI-NIGHT,err:DAI_insufficient_data(15/72),$393.42M,
DAI-GNO,err:DAI_insufficient_data(15/72),$373.69M,
DAI-USDAT,err:DAI_insufficient_data(15/72),$230.85M,
DAI-TWT,err:DAI_insufficient_data(15/72),$239.52M,
DAI-CAKE,err:DAI_insufficient_data(15/72),$538.24M,
DAI-ZK,err:DAI_insufficient_data(15/72),$175.40M,
DAI-FLUID,err:DAI_insufficient_data(15/72),$177.34M,
DAI-COCO,err:DAI_insufficient_data(15/72),$275.27M,
DAI-TIBBIR,err:DAI_insufficient_data(15/72),$197.54M,
DAI-GPS,err:DAI_insufficient_data(15/72),$187.06M,
DAI-H,err:DAI_insufficient_data(15/72),$223.17M,
DAI-DCR,err:DAI_insufficient_data(15/72),$293.83M,
DAI-NEO,err:DAI_insufficient_data(15/72),$224.83M,
DAI-GLM,err:DAI_insufficient_data(15/72),$185.81M,
DAI-AXS,err:DAI_insufficient_data(15/72),$234.74M,
DAI-KAG,err:DAI_insufficient_data(15/72),$304.74M,
DAI-CHEEMS,err:DAI_insufficient_data(15/72),$191.37M,
DAI-KMNO,err:DAI_insufficient_data(15/72),$189.07M,
DAI-XTZ,err:DAI_insufficient_data(15/72),$316.52M,
DAI-ULTIMA,err:DAI_insufficient_data(15/72),$272.75M,
DAI-KAITO,err:DAI_insufficient_data(15/72),$400.32M,
DAI-RUNE,err:DAI_insufficient_data(15/72),$239.31M,
DAI-BP,err:DAI_insufficient_data(15/72),$205.29M,
DAI-UQC,err:DAI_insufficient_data(15/72),$199.07M,
DAI-STRK,err:DAI_insufficient_data(15/72),$280.26M,
DAI-CTOC,err:DAI_insufficient_data(15/72),$366.05M,
DAI-PC0000033,err:DAI_insufficient_data(15/72),$253.55M,
DAI-ICNT,err:DAI_insufficient_data(15/72),$192.62M,
DAI-FDUSD,err:DAI_insufficient_data(15/72),$437.15M,
DAI-PC0000097,err:DAI_insufficient_data(15/72),$225.05M,
DAI-WEMIX,err:DAI_insufficient_data(15/72),$191.47M,
DAI-ACRED,err:DAI_insufficient_data(15/72),$206.09M,
DAI-SMILEK,err:DAI_insufficient_data(15/72),$178.42M,
DAI-WM,err:DAI_insufficient_data(15/72),$177.41M,
DAI-UUSD,err:DAI_insufficient_data(15/72),$190.84M,
DAI-FLOKI,err:DAI_insufficient_data(15/72),$289.56M,
DAI-SAND,err:DAI_insufficient_data(15/72),$216.24M,
DAI-AWE,err:DAI_insufficient_data(15/72),$196.87M,
DAI-CRVUSD,err:DAI_insufficient_data(15/72),$303.10M,
DAI-GENIUS,err:DAI_insufficient_data(15/72),$204.43M,
DAI-SNX,err:DAI_insufficient_data(15/72),$213.49M,
DAI-VCNT,err:DAI_insufficient_data(15/72),$255.49M,
DAI-DASH,err:DAI_insufficient_data(15/72),$488.48M,
DAI-CARDS,err:DAI_insufficient_data(15/72),$359.92M,
DAI-USAT,err:DAI_insufficient_data(15/72),$276.28M,
DAI-FF,err:DAI_insufficient_data(15/72),$283.34M,
DAI-USDA,err:DAI_insufficient_data(15/72),$187.23M,
DAI-ZANO,err:DAI_insufficient_data(15/72),$222.21M,
DAI-REUSD,err:DAI_insufficient_data(15/72),$258.48M,
DAI-NEX,err:DAI_insufficient_data(15/72),$181.38M,
DAI-JTO,err:DAI_insufficient_data(15/72),$359.69M,
DAI-IOTA,err:DAI_insufficient_data(15/72),$238.63M,
DAI-AVUSD,err:DAI_insufficient_data(15/72),$207.03M,
DAI-FARTCOIN,err:DAI_insufficient_data(15/72),$214.06M,
DAI-GALA,err:DAI_insufficient_data(15/72),$179.66M,
DAI-ENS,err:DAI_insufficient_data(15/72),$267.12M,
DAI-SOON,err:DAI_insufficient_data(15/72),$181.06M,
DAI-WIF,err:DAI_insufficient_data(15/72),$237.39M,
DAI-SPCXB,err:DAI_insufficient_data(15/72),$176.59M,
DAI-STRCX,err:DAI_insufficient_data(15/72),$231.85M,
DAI-PENGU,err:DAI_insufficient_data(15/72),$462.77M,
DAI-BORG,err:DAI_insufficient_data(15/72),$229.32M,
DAI-TAG,err:DAI_insufficient_data(15/72),$236.12M,
DAI-XEC,err:DAI_insufficient_data(15/72),$210.51M,
DAI-STX,err:DAI_insufficient_data(15/72),$341.57M,
DAI-TEL,err:DAI_insufficient_data(15/72),$265.37M,
DAI-GOMINING,err:DAI_insufficient_data(15/72),$206.61M,
DAI-APE,err:DAI_insufficient_data(15/72),$239.69M,
DAI-EIGEN,err:DAI_insufficient_data(15/72),$231.64M,
DAI-OP,err:DAI_insufficient_data(15/72),$294.21M,
DAI-KAIA,err:DAI_insufficient_data(15/72),$257.86M,
DAI-ZBT,err:DAI_insufficient_data(15/72),$205.00M,
DAI-EURC,err:DAI_insufficient_data(15/72),$541.09M,
DAI-KITE,err:DAI_insufficient_data(15/72),$323.05M,
DAI-RAIL,err:DAI_insufficient_data(15/72),$180.89M,
DAI-SHORT,err:DAI_insufficient_data(15/72),$188.60M,
DAI-TRAC,err:DAI_insufficient_data(15/72),$214.72M,
DAI-PENDLE,err:DAI_insufficient_data(15/72),$341.70M,
DAI-PYTH,err:DAI_insufficient_data(15/72),$412.41M,
DAI-PIEVERSE,err:DAI_insufficient_data(15/72),$273.13M,
DAI-NFT,err:DAI_insufficient_data(15/72),$355.57M,
DAI-RAY,err:DAI_insufficient_data(15/72),$254.06M,
DAI-PC0000031,err:DAI_insufficient_data(15/72),$293.55M,
DAI-GEOD,err:DAI_insufficient_data(15/72),$185.40M,
DAI-PC0000077,err:DAI_insufficient_data(15/72),$191.05M,
DAI-A,err:DAI_insufficient_data(15/72),$193.34M,
DAI-LION,err:DAI_insufficient_data(15/72),$233.43M,
DAI-AIAT,err:DAI_insufficient_data(15/72),$209.03M,
DAI-MX,err:DAI_insufficient_data(15/72),$241.64M,
DAI-THETA,err:DAI_insufficient_data(15/72),$217.14M,
DAI-SN64,err:DAI_insufficient_data(15/72),$181.04M,
DAI-ETHFI,err:DAI_insufficient_data(15/72),$490.94M,
DAI-APYUSD,err:DAI_insufficient_data(15/72),$249.18M,
DAI-KOGE,err:DAI_insufficient_data(15/72),$305.20M,
DAI-BTSE,err:DAI_insufficient_data(15/72),$224.16M,
DAI-VET,err:DAI_insufficient_data(15/72),$480.01M,
DAI-CHZ,err:DAI_insufficient_data(15/72),$235.19M,
DAI-REAL,err:DAI_insufficient_data(15/72),$340.11M,
DAI-MON,err:DAI_insufficient_data(15/72),$339.24M,
DAI-SAFO,err:DAI_insufficient_data(15/72),$248.05M,
DAI-MANA,err:DAI_insufficient_data(15/72),$222.43M,
DAI-PRL,err:DAI_insufficient_data(15/72),$175.12M,
DAI-GLIDR,err:DAI_insufficient_data(15/72),$192.43M,
DAI-ONYC,err:DAI_insufficient_data(15/72),$337.26M,
DAI-A7A5,err:DAI_insufficient_data(15/72),$569.26M,
DAI-MET,err:DAI_insufficient_data(15/72),$180.47M,
DAI-Q,err:DAI_insufficient_data(15/72),$311.00M,
DAI-COMP,err:DAI_insufficient_data(15/72),$250.38M,
DAI-SYRUP,err:DAI_insufficient_data(15/72),$298.30M,
DAI-FRXUSD,err:DAI_insufficient_data(15/72),$200.97M,
DAI-BTT,err:DAI_insufficient_data(15/72),$350.52M,
DAI-BAT,err:DAI_insufficient_data(15/72),$194.46M,
DAI-XPIN,err:DAI_insufficient_data(15/72),$235.95M,
DAI-SOSO,err:DAI_insufficient_data(15/72),$207.64M,
DAI-VBILL,err:DAI_insufficient_data(15/72),$283.09M,
DAI-CRCLON,err:DAI_insufficient_data(15/72),$183.90M,
DAI-PEANUT,err:DAI_insufficient_data(15/72),$275.59M,
DAI-AR,err:DAI_insufficient_data(15/72),$207.10M,
DAI-SFP,err:DAI_insufficient_data(15/72),$193.78M,
DAI-PC0000023,err:DAI_insufficient_data(15/72),$191.90M,
DAI-GUSD,err:DAI_insufficient_data(15/72),$240.56M,
DAI-WFI,err:DAI_insufficient_data(15/72),$265.59M,
DAI-GRASS,err:DAI_insufficient_data(15/72),$306.92M,
DAI-PC0000085,err:DAI_insufficient_data(15/72),$197.55M,
DAI-BSV,err:DAI_insufficient_data(15/72),$349.54M,
DAI-JASMY,err:DAI_insufficient_data(15/72),$302.64M,
DAI-ANTFUN,err:DAI_insufficient_data(15/72),$373.36M,
DAI-USDAI,err:DAI_insufficient_data(15/72),$248.49M,
DAI-AERO,err:DAI_insufficient_data(15/72),$505.42M,
DAI-BONK,err:DAI_insufficient_data(15/72),$356.00M,
DAI-SUN,err:DAI_insufficient_data(15/72),$433.34M,
DAI-EURCV,err:DAI_insufficient_data(15/72),$240.49M,
DAI-USDZ,err:DAI_insufficient_data(15/72),$218.44M,
DAI-AKE,err:DAI_insufficient_data(15/72),$186.57M,
DAI-XCN,err:DAI_insufficient_data(15/72),$220.71M,
DAI-TRUMP,err:DAI_insufficient_data(15/72),$448.44M,
DAI-FET,err:DAI_insufficient_data(15/72),$396.97M,
DAI-FRAX,err:DAI_insufficient_data(15/72),$311.12M,
DAI-THBILL,err:DAI_insufficient_data(15/72),$208.98M,
DAI-ZAMA,err:DAI_insufficient_data(15/72),$228.86M,
DAI-SHFL,err:DAI_insufficient_data(15/72),$212.45M,
DAI-USDF,err:DAI_insufficient_data(15/72),$202.89M,
DAI-XPL,err:DAI_insufficient_data(15/72),$311.64M,
VSN-CTOC,err:CTOC_insufficient_data(53/72),$425.90M,
LUNC-CTOC,err:CTOC_insufficient_data(53/72),$553.90M,
PC0000015-CTOC,err:CTOC_insufficient_data(53/72),$385.23M,
IMX-CTOC,err:CTOC_insufficient_data(53/72),$502.32M,
NXM-CTOC,err:CTOC_insufficient_data(53/72),$361.87M,
SPX-CTOC,err:CTOC_insufficient_data(53/72),$577.08M,
UB-CTOC,err:CTOC_insufficient_data(53/72),$635.84M,
OUSG-CTOC,err:CTOC_insufficient_data(53/72),$655.25M,
STAC-CTOC,err:CTOC_insufficient_data(53/72),$377.65M,
1INCH-CTOC,err:CTOC_insufficient_data(53/72),$390.82M,
RLB-CTOC,err:CTOC_insufficient_data(53/72),$379.27M,
DYDX-CTOC,err:CTOC_insufficient_data(53/72),$372.87M,
APR-CTOC,err:CTOC_insufficient_data(53/72),$471.39M,
DRV-CTOC,err:CTOC_insufficient_data(53/72),$377.65M,
EDGE-CTOC,err:CTOC_insufficient_data(53/72),$410.98M,
INJ-CTOC,err:CTOC_insufficient_data(53/72),$734.24M,
MWC-CTOC,err:CTOC_insufficient_data(53/72),$388.84M,
KAU-CTOC,err:CTOC_insufficient_data(53/72),$583.31M,
LDO-CTOC,err:CTOC_insufficient_data(53/72),$578.20M,
EARNETH-CTOC,err:CTOC_insufficient_data(53/72),$421.94M,
GRT-CTOC,err:CTOC_insufficient_data(53/72),$436.35M,
SEI-CTOC,err:CTOC_insufficient_data(53/72),$561.56M,
USDTB-CTOC,err:CTOC_insufficient_data(53/72),$630.52M,
VELVET-CTOC,err:CTOC_insufficient_data(53/72),$441.50M,
BC-CTOC,err:CTOC_insufficient_data(53/72),$494.57M,
DEXE-CTOC,err:CTOC_insufficient_data(53/72),$549.08M,
OZO-CTOC,err:CTOC_insufficient_data(53/72),$400.30M,
2Z-CTOC,err:CTOC_insufficient_data(53/72),$477.34M,
CASH-CTOC,err:CTOC_insufficient_data(53/72),$397.02M,
ZBCN-CTOC,err:CTOC_insufficient_data(53/72),$452.28M,
CVX-CTOC,err:CTOC_insufficient_data(53/72),$409.82M,
TIA-CTOC,err:CTOC_insufficient_data(53/72),$581.49M,
US-CTOC,err:CTOC_insufficient_data(53/72),$693.97M,
VIRTUAL-CTOC,err:CTOC_insufficient_data(53/72),$644.57M,
ZRO-CTOC,err:CTOC_insufficient_data(53/72),$559.76M,
AKT-CTOC,err:CTOC_insufficient_data(53/72),$403.40M,
TKX-CTOC,err:CTOC_insufficient_data(53/72),$378.44M,
APEPE-CTOC,err:CTOC_insufficient_data(53/72),$476.36M,
USTBL-CTOC,err:CTOC_insufficient_data(53/72),$435.84M,
OHM-CTOC,err:CTOC_insufficient_data(53/72),$550.81M,
META-CTOC,err:CTOC_insufficient_data(53/72),$370.42M,
APXUSD-CTOC,err:CTOC_insufficient_data(53/72),$570.06M,
GNO-CTOC,err:CTOC_insufficient_data(53/72),$557.65M,
USDAT-CTOC,err:CTOC_insufficient_data(53/72),$414.80M,
TWT-CTOC,err:CTOC_insufficient_data(53/72),$423.47M,
CAKE-CTOC,err:CTOC_insufficient_data(53/72),$722.19M,
ZK-CTOC,err:CTOC_insufficient_data(53/72),$359.36M,
FLUID-CTOC,err:CTOC_insufficient_data(53/72),$361.29M,
COCO-CTOC,err:CTOC_insufficient_data(53/72),$459.22M,
TIBBIR-CTOC,err:CTOC_insufficient_data(53/72),$381.49M,
GPS-CTOC,err:CTOC_insufficient_data(53/72),$371.01M,
DCR-CTOC,err:CTOC_insufficient_data(53/72),$477.78M,
NEO-CTOC,err:CTOC_insufficient_data(53/72),$408.78M,
GLM-CTOC,err:CTOC_insufficient_data(53/72),$369.76M,
AXS-CTOC,err:CTOC_insufficient_data(53/72),$418.69M,
KAG-CTOC,err:CTOC_insufficient_data(53/72),$488.69M,
CHEEMS-CTOC,err:CTOC_insufficient_data(53/72),$375.32M,
KMNO-CTOC,err:CTOC_insufficient_data(53/72),$373.02M,
XTZ-CTOC,err:CTOC_insufficient_data(53/72),$500.48M,
ULTIMA-CTOC,err:CTOC_insufficient_data(53/72),$456.70M,
KAITO-CTOC,err:CTOC_insufficient_data(53/72),$584.27M,
RUNE-CTOC,err:CTOC_insufficient_data(53/72),$423.26M,
BP-CTOC,err:CTOC_insufficient_data(53/72),$389.24M,
UQC-CTOC,err:CTOC_insufficient_data(53/72),$383.02M,
STRK-CTOC,err:CTOC_insufficient_data(53/72),$464.21M,
CTOC-PC0000033,err:CTOC_insufficient_data(53/72),$437.50M,
CTOC-ICNT,err:CTOC_insufficient_data(53/72),$376.57M,
CTOC-FDUSD,err:CTOC_insufficient_data(53/72),$621.10M,
CTOC-PC0000097,err:CTOC_insufficient_data(53/72),$409.00M,
CTOC-WEMIX,err:CTOC_insufficient_data(53/72),$375.43M,
CTOC-ACRED,err:CTOC_insufficient_data(53/72),$390.04M,
CTOC-SMILEK,err:CTOC_insufficient_data(53/72),$362.37M,
CTOC-WM,err:CTOC_insufficient_data(53/72),$361.36M,
CTOC-UUSD,err:CTOC_insufficient_data(53/72),$374.79M,
CTOC-FLOKI,err:CTOC_insufficient_data(53/72),$473.51M,
CTOC-SAND,err:CTOC_insufficient_data(53/72),$400.19M,
CTOC-AWE,err:CTOC_insufficient_data(53/72),$380.82M,
CTOC-CRVUSD,err:CTOC_insufficient_data(53/72),$487.05M,
CTOC-GENIUS,err:CTOC_insufficient_data(53/72),$388.39M,
CTOC-SNX,err:CTOC_insufficient_data(53/72),$397.44M,
CTOC-VCNT,err:CTOC_insufficient_data(53/72),$439.45M,
CTOC-DASH,err:CTOC_insufficient_data(53/72),$672.44M,
CTOC-CARDS,err:CTOC_insufficient_data(53/72),$543.87M,
CTOC-USAT,err:CTOC_insufficient_data(53/72),$460.23M,
CTOC-FF,err:CTOC_insufficient_data(53/72),$467.29M,
CTOC-USDA,err:CTOC_insufficient_data(53/72),$371.18M,
CTOC-ZANO,err:CTOC_insufficient_data(53/72),$406.16M,
CTOC-REUSD,err:CTOC_insufficient_data(53/72),$442.44M,
CTOC-NEX,err:CTOC_insufficient_data(53/72),$365.33M,
CTOC-JTO,err:CTOC_insufficient_data(53/72),$543.64M,
CTOC-IOTA,err:CTOC_insufficient_data(53/72),$422.58M,
CTOC-AVUSD,err:CTOC_insufficient_data(53/72),$390.98M,
CTOC-FARTCOIN,err:CTOC_insufficient_data(53/72),$398.01M,
CTOC-GALA,err:CTOC_insufficient_data(53/72),$363.62M,
CTOC-ENS,err:CTOC_insufficient_data(53/72),$451.07M,
CTOC-SOON,err:CTOC_insufficient_data(53/72),$365.01M,
CTOC-WIF,err:CTOC_insufficient_data(53/72),$421.35M,
CTOC-SPCXB,err:CTOC_insufficient_data(53/72),$360.54M,
CTOC-STRCX,err:CTOC_insufficient_data(53/72),$415.80M,
CTOC-PENGU,err:CTOC_insufficient_data(53/72),$646.72M,
CTOC-BORG,err:CTOC_insufficient_data(53/72),$413.27M,
CTOC-TAG,err:CTOC_insufficient_data(53/72),$420.07M,
CTOC-XEC,err:CTOC_insufficient_data(53/72),$394.46M,
CTOC-STX,err:CTOC_insufficient_data(53/72),$525.52M,
CTOC-TEL,err:CTOC_insufficient_data(53/72),$449.32M,
CTOC-GOMINING,err:CTOC_insufficient_data(53/72),$390.57M,
CTOC-APE,err:CTOC_insufficient_data(53/72),$423.64M,
CTOC-EIGEN,err:CTOC_insufficient_data(53/72),$415.59M,
CTOC-OP,err:CTOC_insufficient_data(53/72),$478.16M,
CTOC-KAIA,err:CTOC_insufficient_data(53/72),$441.81M,
CTOC-ZBT,err:CTOC_insufficient_data(53/72),$388.95M,
CTOC-EURC,err:CTOC_insufficient_data(53/72),$725.04M,
CTOC-KITE,err:CTOC_insufficient_data(53/72),$507.01M,
CTOC-RAIL,err:CTOC_insufficient_data(53/72),$364.85M,
CTOC-SHORT,err:CTOC_insufficient_data(53/72),$372.56M,
CTOC-TRAC,err:CTOC_insufficient_data(53/72),$398.67M,
CTOC-PENDLE,err:CTOC_insufficient_data(53/72),$525.65M,
CTOC-PYTH,err:CTOC_insufficient_data(53/72),$596.36M,
CTOC-PIEVERSE,err:CTOC_insufficient_data(53/72),$457.09M,
CTOC-NFT,err:CTOC_insufficient_data(53/72),$539.52M,
CTOC-RAY,err:CTOC_insufficient_data(53/72),$438.01M,
CTOC-PC0000031,err:CTOC_insufficient_data(53/72),$477.50M,
CTOC-GEOD,err:CTOC_insufficient_data(53/72),$369.35M,
CTOC-PC0000077,err:CTOC_insufficient_data(53/72),$375.00M,
CTOC-A,err:CTOC_insufficient_data(53/72),$377.29M,
CTOC-LION,err:CTOC_insufficient_data(53/72),$417.38M,
CTOC-AIAT,err:CTOC_insufficient_data(53/72),$392.98M,
CTOC-MX,err:CTOC_insufficient_data(53/72),$425.59M,
CTOC-THETA,err:CTOC_insufficient_data(53/72),$401.09M,
CTOC-SN64,err:CTOC_insufficient_data(53/72),$364.99M,
CTOC-ETHFI,err:CTOC_insufficient_data(53/72),$674.89M,
CTOC-APYUSD,err:CTOC_insufficient_data(53/72),$433.13M,
CTOC-KOGE,err:CTOC_insufficient_data(53/72),$489.15M,
CTOC-BTSE,err:CTOC_insufficient_data(53/72),$408.11M,
CTOC-VET,err:CTOC_insufficient_data(53/72),$663.96M,
CTOC-CHZ,err:CTOC_insufficient_data(53/72),$419.14M,
CTOC-REAL,err:CTOC_insufficient_data(53/72),$524.06M,
CTOC-MON,err:CTOC_insufficient_data(53/72),$523.20M,
CTOC-SAFO,err:CTOC_insufficient_data(53/72),$432.00M,
CTOC-MANA,err:CTOC_insufficient_data(53/72),$406.39M,
CTOC-PRL,err:CTOC_insufficient_data(53/72),$359.07M,
CTOC-GLIDR,err:CTOC_insufficient_data(53/72),$376.39M,
CTOC-ONYC,err:CTOC_insufficient_data(53/72),$521.21M,
CTOC-A7A5,err:CTOC_insufficient_data(53/72),$753.21M,
CTOC-MET,err:CTOC_insufficient_data(53/72),$364.42M,
CTOC-Q,err:CTOC_insufficient_data(53/72),$494.95M,
CTOC-COMP,err:CTOC_insufficient_data(53/72),$434.33M,
CTOC-SYRUP,err:CTOC_insufficient_data(53/72),$482.25M,
CTOC-FRXUSD,err:CTOC_insufficient_data(53/72),$384.92M,
CTOC-BTT,err:CTOC_insufficient_data(53/72),$534.48M,
CTOC-BAT,err:CTOC_insufficient_data(53/72),$378.42M,
CTOC-XPIN,err:CTOC_insufficient_data(53/72),$419.90M,
CTOC-SOSO,err:CTOC_insufficient_data(53/72),$391.59M,
CTOC-VBILL,err:CTOC_insufficient_data(53/72),$467.05M,
CTOC-CRCLON,err:CTOC_insufficient_data(53/72),$367.85M,
CTOC-PEANUT,err:CTOC_insufficient_data(53/72),$459.54M,
CTOC-AR,err:CTOC_insufficient_data(53/72),$391.06M,
CTOC-SFP,err:CTOC_insufficient_data(53/72),$377.73M,
CTOC-PC0000023,err:CTOC_insufficient_data(53/72),$375.85M,
CTOC-GUSD,err:CTOC_insufficient_data(53/72),$424.51M,
CTOC-WFI,err:CTOC_insufficient_data(53/72),$449.55M,
CTOC-GRASS,err:CTOC_insufficient_data(53/72),$490.87M,
CTOC-PC0000085,err:CTOC_insufficient_data(53/72),$381.50M,
CTOC-BSV,err:CTOC_insufficient_data(53/72),$533.49M,
CTOC-JASMY,err:CTOC_insufficient_data(53/72),$486.59M,
CTOC-ANTFUN,err:CTOC_insufficient_data(53/72),$557.31M,
CTOC-USDAI,err:CTOC_insufficient_data(53/72),$432.44M,
CTOC-AERO,err:CTOC_insufficient_data(53/72),$689.38M,
CTOC-BONK,err:CTOC_insufficient_data(53/72),$539.95M,
CTOC-SUN,err:CTOC_insufficient_data(53/72),$617.29M,
CTOC-EURCV,err:CTOC_insufficient_data(53/72),$424.44M,
CTOC-USDZ,err:CTOC_insufficient_data(53/72),$402.39M,
CTOC-AKE,err:CTOC_insufficient_data(53/72),$370.53M,
CTOC-XCN,err:CTOC_insufficient_data(53/72),$404.66M,
CTOC-TRUMP,err:CTOC_insufficient_data(53/72),$632.39M,
CTOC-FET,err:CTOC_insufficient_data(53/72),$580.92M,
CTOC-FRAX,err:CTOC_insufficient_data(53/72),$495.07M,
CTOC-THBILL,err:CTOC_insufficient_data(53/72),$392.94M,
CTOC-ZAMA,err:CTOC_insufficient_data(53/72),$412.81M,
CTOC-SHFL,err:CTOC_insufficient_data(53/72),$396.40M,
CTOC-USDF,err:CTOC_insufficient_data(53/72),$386.84M,
CTOC-XPL,err:CTOC_insufficient_data(53/72),$495.59M,
VSN-CFX,err:CFX_insufficient_data(54/72),$373.81M,
LUNC-CFX,err:CFX_insufficient_data(54/72),$501.82M,
PC0000015-CFX,err:CFX_insufficient_data(54/72),$333.14M,
IMX-CFX,err:CFX_insufficient_data(54/72),$450.24M,
CFX-NXM,err:CFX_insufficient_data(54/72),$309.79M,
CFX-SPX,err:CFX_insufficient_data(54/72),$524.99M,
CFX-UB,err:CFX_insufficient_data(54/72),$583.75M,
CFX-DAI,err:CFX_insufficient_data(54/72),$313.97M,
CFX-OUSG,err:CFX_insufficient_data(54/72),$603.17M,
CFX-STAC,err:CFX_insufficient_data(54/72),$325.56M,
CFX-1INCH,err:CFX_insufficient_data(54/72),$338.73M,
CFX-HOLO,err:CFX_insufficient_data(54/72),$369.60M,
CFX-RLB,err:CFX_insufficient_data(54/72),$327.19M,
CFX-DYDX,err:CFX_insufficient_data(54/72),$320.78M,
CFX-APR,err:CFX_insufficient_data(54/72),$419.31M,
CFX-DRV,err:CFX_insufficient_data(54/72),$325.56M,
CFX-EDGE,err:CFX_insufficient_data(54/72),$358.89M,
CFX-INJ,err:CFX_insufficient_data(54/72),$682.15M,
CFX-FGRS,err:CFX_insufficient_data(54/72),$412.67M,
CFX-MWC,err:CFX_insufficient_data(54/72),$336.76M,
CFX-KAU,err:CFX_insufficient_data(54/72),$531.22M,
CFX-LDO,err:CFX_insufficient_data(54/72),$526.11M,
CFX-EARNETH,err:CFX_insufficient_data(54/72),$369.86M,
CFX-GRT,err:CFX_insufficient_data(54/72),$384.26M,
CFX-DUSD,err:CFX_insufficient_data(54/72),$326.29M,
CFX-SEI,err:CFX_insufficient_data(54/72),$509.47M,
CFX-USDTB,err:CFX_insufficient_data(54/72),$578.44M,
CFX-BCN,err:CFX_insufficient_data(54/72),$488.68M,
CFX-VELVET,err:CFX_insufficient_data(54/72),$389.42M,
CFX-BC,err:CFX_insufficient_data(54/72),$442.49M,
CFX-DEXE,err:CFX_insufficient_data(54/72),$497.00M,
CFX-OZO,err:CFX_insufficient_data(54/72),$348.21M,
CFX-AB,err:CFX_insufficient_data(54/72),$319.76M,
CFX-2Z,err:CFX_insufficient_data(54/72),$425.25M,
CFX-CASH,err:CFX_insufficient_data(54/72),$344.93M,
CFX-ZBCN,err:CFX_insufficient_data(54/72),$400.19M,
CFX-CVX,err:CFX_insufficient_data(54/72),$357.73M,
CFX-TIA,err:CFX_insufficient_data(54/72),$529.41M,
CFX-US,err:CFX_insufficient_data(54/72),$641.88M,
CFX-VIRTUAL,err:CFX_insufficient_data(54/72),$592.49M,
CFX-ZRO,err:CFX_insufficient_data(54/72),$507.67M,
CFX-AKT,err:CFX_insufficient_data(54/72),$351.31M,
CFX-TKX,err:CFX_insufficient_data(54/72),$326.36M,
CFX-APEPE,err:CFX_insufficient_data(54/72),$424.28M,
CFX-USTBL,err:CFX_insufficient_data(54/72),$383.76M,
CFX-ALFW,err:CFX_insufficient_data(54/72),$337.25M,
CFX-OHM,err:CFX_insufficient_data(54/72),$498.72M,
CFX-B,err:CFX_insufficient_data(54/72),$391.10M,
CFX-GRX,err:CFX_insufficient_data(54/72),$347.01M,
CFX-META,err:CFX_insufficient_data(54/72),$318.33M,
CFX-APXUSD,err:CFX_insufficient_data(54/72),$517.97M,
CFX-NIGHT,err:CFX_insufficient_data(54/72),$525.29M,
CFX-GNO,err:CFX_insufficient_data(54/72),$505.56M,
CFX-USDAT,err:CFX_insufficient_data(54/72),$362.72M,
CFX-TWT,err:CFX_insufficient_data(54/72),$371.38M,
CFX-CAKE,err:CFX_insufficient_data(54/72),$670.11M,
CFX-ZK,err:CFX_insufficient_data(54/72),$307.27M,
CFX-FLUID,err:CFX_insufficient_data(54/72),$309.20M,
CFX-COCO,err:CFX_insufficient_data(54/72),$407.14M,
CFX-TIBBIR,err:CFX_insufficient_data(54/72),$329.40M,
CFX-GPS,err:CFX_insufficient_data(54/72),$318.93M,
CFX-H,err:CFX_insufficient_data(54/72),$355.04M,
CFX-DCR,err:CFX_insufficient_data(54/72),$425.70M,
CFX-NEO,err:CFX_insufficient_data(54/72),$356.69M,
CFX-GLM,err:CFX_insufficient_data(54/72),$317.68M,
CFX-AXS,err:CFX_insufficient_data(54/72),$366.61M,
CFX-KAG,err:CFX_insufficient_data(54/72),$436.61M,
CFX-CHEEMS,err:CFX_insufficient_data(54/72),$323.23M,
CFX-KMNO,err:CFX_insufficient_data(54/72),$320.94M,
CFX-XTZ,err:CFX_insufficient_data(54/72),$448.39M,
CFX-ULTIMA,err:CFX_insufficient_data(54/72),$404.62M,
CFX-KAITO,err:CFX_insufficient_data(54/72),$532.19M,
CFX-RUNE,err:CFX_insufficient_data(54/72),$371.18M,
CFX-BP,err:CFX_insufficient_data(54/72),$337.15M,
CFX-UQC,err:CFX_insufficient_data(54/72),$330.94M,
CFX-STRK,err:CFX_insufficient_data(54/72),$412.13M,
CFX-CTOC,err:CFX_insufficient_data(54/72),$497.92M,
CFX-PC0000033,err:CFX_insufficient_data(54/72),$385.42M,
CFX-ICNT,err:CFX_insufficient_data(54/72),$324.49M,
CFX-FDUSD,err:CFX_insufficient_data(54/72),$569.01M,
CFX-PC0000097,err:CFX_insufficient_data(54/72),$356.92M,
CFX-WEMIX,err:CFX_insufficient_data(54/72),$323.34M,
CFX-ACRED,err:CFX_insufficient_data(54/72),$337.96M,
CFX-SMILEK,err:CFX_insufficient_data(54/72),$310.29M,
CFX-WM,err:CFX_insufficient_data(54/72),$309.28M,
CFX-UUSD,err:CFX_insufficient_data(54/72),$322.70M,
CFX-FLOKI,err:CFX_insufficient_data(54/72),$421.43M,
CFX-SAND,err:CFX_insufficient_data(54/72),$348.10M,
CFX-AWE,err:CFX_insufficient_data(54/72),$328.74M,
CFX-CRVUSD,err:CFX_insufficient_data(54/72),$434.97M,
CFX-GENIUS,err:CFX_insufficient_data(54/72),$336.30M,
CFX-SNX,err:CFX_insufficient_data(54/72),$345.35M,
CFX-VCNT,err:CFX_insufficient_data(54/72),$387.36M,
CFX-DASH,err:CFX_insufficient_data(54/72),$620.35M,
CFX-CARDS,err:CFX_insufficient_data(54/72),$491.78M,
CFX-USAT,err:CFX_insufficient_data(54/72),$408.15M,
CFX-FF,err:CFX_insufficient_data(54/72),$415.20M,
CFX-USDA,err:CFX_insufficient_data(54/72),$319.09M,
CFX-ZANO,err:CFX_insufficient_data(54/72),$354.08M,
CFX-REUSD,err:CFX_insufficient_data(54/72),$390.35M,
CFX-NEX,err:CFX_insufficient_data(54/72),$313.25M,
CFX-JTO,err:CFX_insufficient_data(54/72),$491.55M,
CFX-IOTA,err:CFX_insufficient_data(54/72),$370.49M,
CFX-AVUSD,err:CFX_insufficient_data(54/72),$338.89M,
CFX-FARTCOIN,err:CFX_insufficient_data(54/72),$345.93M,
CFX-GALA,err:CFX_insufficient_data(54/72),$311.53M,
CFX-ENS,err:CFX_insufficient_data(54/72),$398.99M,
CFX-SOON,err:CFX_insufficient_data(54/72),$312.93M,
CFX-WIF,err:CFX_insufficient_data(54/72),$369.26M,
CFX-SPCXB,err:CFX_insufficient_data(54/72),$308.45M,
CFX-STRCX,err:CFX_insufficient_data(54/72),$363.71M,
CFX-PENGU,err:CFX_insufficient_data(54/72),$594.63M,
CFX-BORG,err:CFX_insufficient_data(54/72),$361.19M,
CFX-TAG,err:CFX_insufficient_data(54/72),$367.98M,
CFX-XEC,err:CFX_insufficient_data(54/72),$342.37M,
CFX-STX,err:CFX_insufficient_data(54/72),$473.43M,
CFX-TEL,err:CFX_insufficient_data(54/72),$397.23M,
CFX-GOMINING,err:CFX_insufficient_data(54/72),$338.48M,
CFX-APE,err:CFX_insufficient_data(54/72),$371.56M,
CFX-EIGEN,err:CFX_insufficient_data(54/72),$363.51M,
CFX-OP,err:CFX_insufficient_data(54/72),$426.07M,
CFX-KAIA,err:CFX_insufficient_data(54/72),$389.72M,
CFX-ZBT,err:CFX_insufficient_data(54/72),$336.86M,
CFX-EURC,err:CFX_insufficient_data(54/72),$672.95M,
CFX-KITE,err:CFX_insufficient_data(54/72),$454.92M,
CFX-RAIL,err:CFX_insufficient_data(54/72),$312.76M,
CFX-SHORT,err:CFX_insufficient_data(54/72),$320.47M,
CFX-TRAC,err:CFX_insufficient_data(54/72),$346.58M,
CFX-PENDLE,err:CFX_insufficient_data(54/72),$473.57M,
CFX-PYTH,err:CFX_insufficient_data(54/72),$544.28M,
CFX-PIEVERSE,err:CFX_insufficient_data(54/72),$405.00M,
CFX-NFT,err:CFX_insufficient_data(54/72),$487.44M,
CFX-RAY,err:CFX_insufficient_data(54/72),$385.92M,
CFX-PC0000031,err:CFX_insufficient_data(54/72),$425.42M,
CFX-GEOD,err:CFX_insufficient_data(54/72),$317.26M,
CFX-PC0000077,err:CFX_insufficient_data(54/72),$322.92M,
CFX-A,err:CFX_insufficient_data(54/72),$325.21M,
CFX-LION,err:CFX_insufficient_data(54/72),$365.29M,
CFX-AIAT,err:CFX_insufficient_data(54/72),$340.90M,
CFX-MX,err:CFX_insufficient_data(54/72),$373.51M,
CFX-THETA,err:CFX_insufficient_data(54/72),$349.01M,
CFX-SN64,err:CFX_insufficient_data(54/72),$312.91M,
CFX-ETHFI,err:CFX_insufficient_data(54/72),$622.81M,
CFX-APYUSD,err:CFX_insufficient_data(54/72),$381.04M,
CFX-KOGE,err:CFX_insufficient_data(54/72),$437.07M,
CFX-BTSE,err:CFX_insufficient_data(54/72),$356.03M,
CFX-VET,err:CFX_insufficient_data(54/72),$611.87M,
CFX-CHZ,err:CFX_insufficient_data(54/72),$367.06M,
CFX-REAL,err:CFX_insufficient_data(54/72),$471.98M,
CFX-MON,err:CFX_insufficient_data(54/72),$471.11M,
CFX-SAFO,err:CFX_insufficient_data(54/72),$379.92M,
CFX-MANA,err:CFX_insufficient_data(54/72),$354.30M,
CFX-PRL,err:CFX_insufficient_data(54/72),$306.99M,
CFX-GLIDR,err:CFX_insufficient_data(54/72),$324.30M,
CFX-ONYC,err:CFX_insufficient_data(54/72),$469.12M,
CFX-A7A5,err:CFX_insufficient_data(54/72),$701.12M,
CFX-MET,err:CFX_insufficient_data(54/72),$312.33M,
CFX-Q,err:CFX_insufficient_data(54/72),$442.87M,
CFX-COMP,err:CFX_insufficient_data(54/72),$382.24M,
CFX-SYRUP,err:CFX_insufficient_data(54/72),$430.16M,
CFX-FRXUSD,err:CFX_insufficient_data(54/72),$332.84M,
CFX-BTT,err:CFX_insufficient_data(54/72),$482.39M,
CFX-BAT,err:CFX_insufficient_data(54/72),$326.33M,
CFX-XPIN,err:CFX_insufficient_data(54/72),$367.81M,
CFX-SOSO,err:CFX_insufficient_data(54/72),$339.51M,
CFX-VBILL,err:CFX_insufficient_data(54/72),$414.96M,
CFX-CRCLON,err:CFX_insufficient_data(54/72),$315.77M,
CFX-PEANUT,err:CFX_insufficient_data(54/72),$407.45M,
CFX-AR,err:CFX_insufficient_data(54/72),$338.97M,
CFX-SFP,err:CFX_insufficient_data(54/72),$325.65M,
CFX-PC0000023,err:CFX_insufficient_data(54/72),$323.76M,
CFX-GUSD,err:CFX_insufficient_data(54/72),$372.42M,
CFX-WFI,err:CFX_insufficient_data(54/72),$397.46M,
CFX-GRASS,err:CFX_insufficient_data(54/72),$438.79M,
CFX-PC0000085,err:CFX_insufficient_data(54/72),$329.42M,
CFX-BSV,err:CFX_insufficient_data(54/72),$481.41M,
CFX-JASMY,err:CFX_insufficient_data(54/72),$434.50M,
CFX-ANTFUN,err:CFX_insufficient_data(54/72),$505.22M,
CFX-USDAI,err:CFX_insufficient_data(54/72),$380.35M,
CFX-AERO,err:CFX_insufficient_data(54/72),$637.29M,
CFX-BONK,err:CFX_insufficient_data(54/72),$487.86M,
CFX-SUN,err:CFX_insufficient_data(54/72),$565.21M,
CFX-EURCV,err:CFX_insufficient_data(54/72),$372.35M,
CFX-USDZ,err:CFX_insufficient_data(54/72),$350.31M,
CFX-AKE,err:CFX_insufficient_data(54/72),$318.44M,
CFX-XCN,err:CFX_insufficient_data(54/72),$352.58M,
CFX-TRUMP,err:CFX_insufficient_data(54/72),$580.31M,
CFX-FET,err:CFX_insufficient_data(54/72),$528.84M,
CFX-FRAX,err:CFX_insufficient_data(54/72),$442.98M,
CFX-THBILL,err:CFX_insufficient_data(54/72),$340.85M,
CFX-ZAMA,err:CFX_insufficient_data(54/72),$360.73M,
CFX-SHFL,err:CFX_insufficient_data(54/72),$344.32M,
CFX-USDF,err:CFX_insufficient_data(54/72),$334.76M,
CFX-XPL,err:CFX_insufficient_data(54/72),$443.50M,
VSN-B,err:B_insufficient_data(59/72),$319.07M,
LUNC-B,err:B_insufficient_data(59/72),$447.08M,
PC0000015-B,err:B_insufficient_data(59/72),$278.41M,
IMX-B,err:B_insufficient_data(59/72),$395.50M,
NXM-B,err:B_insufficient_data(59/72),$255.05M,
SPX-B,err:B_insufficient_data(59/72),$470.25M,
UB-B,err:B_insufficient_data(59/72),$529.02M,
OUSG-B,err:B_insufficient_data(59/72),$548.43M,
STAC-B,err:B_insufficient_data(59/72),$270.82M,
1INCH-B,err:B_insufficient_data(59/72),$284.00M,
RLB-B,err:B_insufficient_data(59/72),$272.45M,
DYDX-B,err:B_insufficient_data(59/72),$266.04M,
APR-B,err:B_insufficient_data(59/72),$364.57M,
DRV-B,err:B_insufficient_data(59/72),$270.82M,
EDGE-B,err:B_insufficient_data(59/72),$304.15M,
INJ-B,err:B_insufficient_data(59/72),$627.41M,
MWC-B,err:B_insufficient_data(59/72),$282.02M,
KAU-B,err:B_insufficient_data(59/72),$476.49M,
LDO-B,err:B_insufficient_data(59/72),$471.38M,
EARNETH-B,err:B_insufficient_data(59/72),$315.12M,
GRT-B,err:B_insufficient_data(59/72),$329.52M,
SEI-B,err:B_insufficient_data(59/72),$454.73M,
USDTB-B,err:B_insufficient_data(59/72),$523.70M,
VELVET-B,err:B_insufficient_data(59/72),$334.68M,
BC-B,err:B_insufficient_data(59/72),$387.75M,
DEXE-B,err:B_insufficient_data(59/72),$442.26M,
OZO-B,err:B_insufficient_data(59/72),$293.48M,
2Z-B,err:B_insufficient_data(59/72),$370.52M,
CASH-B,err:B_insufficient_data(59/72),$290.20M,
ZBCN-B,err:B_insufficient_data(59/72),$345.45M,
CVX-B,err:B_insufficient_data(59/72),$302.99M,
TIA-B,err:B_insufficient_data(59/72),$474.67M,
US-B,err:B_insufficient_data(59/72),$587.14M,
VIRTUAL-B,err:B_insufficient_data(59/72),$537.75M,
ZRO-B,err:B_insufficient_data(59/72),$452.93M,
AKT-B,err:B_insufficient_data(59/72),$296.57M,
TKX-B,err:B_insufficient_data(59/72),$271.62M,
APEPE-B,err:B_insufficient_data(59/72),$369.54M,
USTBL-B,err:B_insufficient_data(59/72),$329.02M,
OHM-B,err:B_insufficient_data(59/72),$443.98M,
B-GRX,err:B_insufficient_data(59/72),$292.28M,
B-META,err:B_insufficient_data(59/72),$263.59M,
B-APXUSD,err:B_insufficient_data(59/72),$463.24M,
B-NIGHT,err:B_insufficient_data(59/72),$470.55M,
B-GNO,err:B_insufficient_data(59/72),$450.82M,
B-USDAT,err:B_insufficient_data(59/72),$307.98M,
B-TWT,err:B_insufficient_data(59/72),$316.65M,
B-CAKE,err:B_insufficient_data(59/72),$615.37M,
B-ZK,err:B_insufficient_data(59/72),$252.53M,
B-FLUID,err:B_insufficient_data(59/72),$254.47M,
B-COCO,err:B_insufficient_data(59/72),$352.40M,
B-TIBBIR,err:B_insufficient_data(59/72),$274.66M,
B-GPS,err:B_insufficient_data(59/72),$264.19M,
B-H,err:B_insufficient_data(59/72),$300.30M,
B-DCR,err:B_insufficient_data(59/72),$370.96M,
B-NEO,err:B_insufficient_data(59/72),$301.95M,
B-GLM,err:B_insufficient_data(59/72),$262.94M,
B-AXS,err:B_insufficient_data(59/72),$311.87M,
B-KAG,err:B_insufficient_data(59/72),$381.87M,
B-CHEEMS,err:B_insufficient_data(59/72),$268.50M,
B-KMNO,err:B_insufficient_data(59/72),$266.20M,
B-XTZ,err:B_insufficient_data(59/72),$393.65M,
B-ULTIMA,err:B_insufficient_data(59/72),$349.88M,
B-KAITO,err:B_insufficient_data(59/72),$477.45M,
B-RUNE,err:B_insufficient_data(59/72),$316.44M,
B-BP,err:B_insufficient_data(59/72),$282.41M,
B-UQC,err:B_insufficient_data(59/72),$276.20M,
B-STRK,err:B_insufficient_data(59/72),$357.39M,
B-CTOC,err:B_insufficient_data(59/72),$443.18M,
B-PC0000033,err:B_insufficient_data(59/72),$330.68M,
B-ICNT,err:B_insufficient_data(59/72),$269.75M,
B-FDUSD,err:B_insufficient_data(59/72),$514.28M,
B-PC0000097,err:B_insufficient_data(59/72),$302.18M,
B-WEMIX,err:B_insufficient_data(59/72),$268.60M,
B-ACRED,err:B_insufficient_data(59/72),$283.22M,
B-SMILEK,err:B_insufficient_data(59/72),$255.55M,
B-WM,err:B_insufficient_data(59/72),$254.54M,
B-UUSD,err:B_insufficient_data(59/72),$267.96M,
B-FLOKI,err:B_insufficient_data(59/72),$366.69M,
B-SAND,err:B_insufficient_data(59/72),$293.37M,
B-AWE,err:B_insufficient_data(59/72),$274.00M,
B-CRVUSD,err:B_insufficient_data(59/72),$380.23M,
B-GENIUS,err:B_insufficient_data(59/72),$281.56M,
B-SNX,err:B_insufficient_data(59/72),$290.61M,
B-VCNT,err:B_insufficient_data(59/72),$332.62M,
B-DASH,err:B_insufficient_data(59/72),$565.61M,
B-CARDS,err:B_insufficient_data(59/72),$437.05M,
B-USAT,err:B_insufficient_data(59/72),$353.41M,
B-FF,err:B_insufficient_data(59/72),$360.46M,
B-USDA,err:B_insufficient_data(59/72),$264.36M,
B-ZANO,err:B_insufficient_data(59/72),$299.34M,
B-REUSD,err:B_insufficient_data(59/72),$335.61M,
B-NEX,err:B_insufficient_data(59/72),$258.51M,
B-JTO,err:B_insufficient_data(59/72),$436.82M,
B-IOTA,err:B_insufficient_data(59/72),$315.75M,
B-AVUSD,err:B_insufficient_data(59/72),$284.16M,
B-FARTCOIN,err:B_insufficient_data(59/72),$291.19M,
B-GALA,err:B_insufficient_data(59/72),$256.79M,
B-ENS,err:B_insufficient_data(59/72),$344.25M,
B-SOON,err:B_insufficient_data(59/72),$258.19M,
B-WIF,err:B_insufficient_data(59/72),$314.52M,
B-SPCXB,err:B_insufficient_data(59/72),$253.71M,
B-STRCX,err:B_insufficient_data(59/72),$308.97M,
B-PENGU,err:B_insufficient_data(59/72),$539.90M,
B-BORG,err:B_insufficient_data(59/72),$306.45M,
B-TAG,err:B_insufficient_data(59/72),$313.25M,
B-XEC,err:B_insufficient_data(59/72),$287.64M,
B-STX,err:B_insufficient_data(59/72),$418.70M,
B-TEL,err:B_insufficient_data(59/72),$342.49M,
B-GOMINING,err:B_insufficient_data(59/72),$283.74M,
B-APE,err:B_insufficient_data(59/72),$316.82M,
B-EIGEN,err:B_insufficient_data(59/72),$308.77M,
B-OP,err:B_insufficient_data(59/72),$371.33M,
B-KAIA,err:B_insufficient_data(59/72),$334.98M,
B-ZBT,err:B_insufficient_data(59/72),$282.12M,
B-EURC,err:B_insufficient_data(59/72),$618.21M,
B-KITE,err:B_insufficient_data(59/72),$400.18M,
B-RAIL,err:B_insufficient_data(59/72),$258.02M,
B-SHORT,err:B_insufficient_data(59/72),$265.73M,
B-TRAC,err:B_insufficient_data(59/72),$291.84M,
B-PENDLE,err:B_insufficient_data(59/72),$418.83M,
B-PYTH,err:B_insufficient_data(59/72),$489.54M,
B-PIEVERSE,err:B_insufficient_data(59/72),$350.26M,
B-NFT,err:B_insufficient_data(59/72),$432.70M,
B-RAY,err:B_insufficient_data(59/72),$331.18M,
B-PC0000031,err:B_insufficient_data(59/72),$370.68M,
B-GEOD,err:B_insufficient_data(59/72),$262.52M,
B-PC0000077,err:B_insufficient_data(59/72),$268.18M,
B-A,err:B_insufficient_data(59/72),$270.47M,
B-LION,err:B_insufficient_data(59/72),$310.56M,
B-AIAT,err:B_insufficient_data(59/72),$286.16M,
B-MX,err:B_insufficient_data(59/72),$318.77M,
B-THETA,err:B_insufficient_data(59/72),$294.27M,
B-SN64,err:B_insufficient_data(59/72),$258.17M,
B-ETHFI,err:B_insufficient_data(59/72),$568.07M,
B-APYUSD,err:B_insufficient_data(59/72),$326.31M,
B-KOGE,err:B_insufficient_data(59/72),$382.33M,
B-BTSE,err:B_insufficient_data(59/72),$301.29M,
B-VET,err:B_insufficient_data(59/72),$557.14M,
B-CHZ,err:B_insufficient_data(59/72),$312.32M,
B-REAL,err:B_insufficient_data(59/72),$417.24M,
B-MON,err:B_insufficient_data(59/72),$416.37M,
B-SAFO,err:B_insufficient_data(59/72),$325.18M,
B-MANA,err:B_insufficient_data(59/72),$299.56M,
B-PRL,err:B_insufficient_data(59/72),$252.25M,
B-GLIDR,err:B_insufficient_data(59/72),$269.56M,
B-ONYC,err:B_insufficient_data(59/72),$414.38M,
B-A7A5,err:B_insufficient_data(59/72),$646.38M,
B-MET,err:B_insufficient_data(59/72),$257.60M,
B-Q,err:B_insufficient_data(59/72),$388.13M,
B-COMP,err:B_insufficient_data(59/72),$327.50M,
B-SYRUP,err:B_insufficient_data(59/72),$375.43M,
B-FRXUSD,err:B_insufficient_data(59/72),$278.10M,
B-BTT,err:B_insufficient_data(59/72),$427.65M,
B-BAT,err:B_insufficient_data(59/72),$271.59M,
B-XPIN,err:B_insufficient_data(59/72),$313.08M,
B-SOSO,err:B_insufficient_data(59/72),$284.77M,
B-VBILL,err:B_insufficient_data(59/72),$360.22M,
B-CRCLON,err:B_insufficient_data(59/72),$261.03M,
B-PEANUT,err:B_insufficient_data(59/72),$352.72M,
B-AR,err:B_insufficient_data(59/72),$284.23M,
B-SFP,err:B_insufficient_data(59/72),$270.91M,
B-PC0000023,err:B_insufficient_data(59/72),$269.03M,
B-GUSD,err:B_insufficient_data(59/72),$317.68M,
B-WFI,err:B_insufficient_data(59/72),$342.72M,
B-GRASS,err:B_insufficient_data(59/72),$384.05M,
B-PC0000085,err:B_insufficient_data(59/72),$274.68M,
B-BSV,err:B_insufficient_data(59/72),$426.67M,
B-JASMY,err:B_insufficient_data(59/72),$379.77M,
B-ANTFUN,err:B_insufficient_data(59/72),$450.49M,
B-USDAI,err:B_insufficient_data(59/72),$325.62M,
B-AERO,err:B_insufficient_data(59/72),$582.55M,
B-BONK,err:B_insufficient_data(59/72),$433.13M,
B-SUN,err:B_insufficient_data(59/72),$510.47M,
B-EURCV,err:B_insufficient_data(59/72),$317.62M,
B-USDZ,err:B_insufficient_data(59/72),$295.57M,
B-AKE,err:B_insufficient_data(59/72),$263.70M,
B-XCN,err:B_insufficient_data(59/72),$297.84M,
B-TRUMP,err:B_insufficient_data(59/72),$525.57M,
B-FET,err:B_insufficient_data(59/72),$474.10M,
B-FRAX,err:B_insufficient_data(59/72),$388.25M,
B-THBILL,err:B_insufficient_data(59/72),$286.11M,
B-ZAMA,err:B_insufficient_data(59/72),$305.99M,
B-SHFL,err:B_insufficient_data(59/72),$289.58M,
B-USDF,err:B_insufficient_data(59/72),$280.02M,
B-XPL,err:B_insufficient_data(59/72),$388.77M,
VSN-BTW,err:BTW_insufficient_data(62/72),$385.69M,
LUNC-BTW,err:BTW_insufficient_data(62/72),$513.70M,
BTW-M,err:BTW_insufficient_data(62/72),$363.52M,
BTW-PC0000015,err:BTW_insufficient_data(62/72),$345.03M,
BTW-IMX,err:BTW_insufficient_data(62/72),$462.12M,
BTW-CFX,err:BTW_insufficient_data(62/72),$457.72M,
BTW-NXM,err:BTW_insufficient_data(62/72),$321.67M,
BTW-SPX,err:BTW_insufficient_data(62/72),$536.87M,
BTW-UB,err:BTW_insufficient_data(62/72),$595.64M,
BTW-DAI,err:BTW_insufficient_data(62/72),$325.85M,
BTW-OUSG,err:BTW_insufficient_data(62/72),$615.05M,
BTW-STAC,err:BTW_insufficient_data(62/72),$337.44M,
BTW-1INCH,err:BTW_insufficient_data(62/72),$350.62M,
BTW-HOLO,err:BTW_insufficient_data(62/72),$381.49M,
BTW-RLB,err:BTW_insufficient_data(62/72),$339.07M,
BTW-DYDX,err:BTW_insufficient_data(62/72),$332.66M,
BTW-APR,err:BTW_insufficient_data(62/72),$431.19M,
BTW-DRV,err:BTW_insufficient_data(62/72),$337.44M,
BTW-EDGE,err:BTW_insufficient_data(62/72),$370.77M,
BTW-INJ,err:BTW_insufficient_data(62/72),$694.03M,
BTW-FGRS,err:BTW_insufficient_data(62/72),$424.55M,
BTW-MWC,err:BTW_insufficient_data(62/72),$348.64M,
BTW-KAU,err:BTW_insufficient_data(62/72),$543.11M,
BTW-LDO,err:BTW_insufficient_data(62/72),$538.00M,
BTW-EARNETH,err:BTW_insufficient_data(62/72),$381.74M,
BTW-GRT,err:BTW_insufficient_data(62/72),$396.14M,
BTW-DUSD,err:BTW_insufficient_data(62/72),$338.17M,
BTW-SEI,err:BTW_insufficient_data(62/72),$521.35M,
BTW-USDTB,err:BTW_insufficient_data(62/72),$590.32M,
BTW-BCN,err:BTW_insufficient_data(62/72),$500.56M,
BTW-VELVET,err:BTW_insufficient_data(62/72),$401.30M,
BTW-BC,err:BTW_insufficient_data(62/72),$454.37M,
BTW-DEXE,err:BTW_insufficient_data(62/72),$508.88M,
BTW-OZO,err:BTW_insufficient_data(62/72),$360.10M,
BTW-AB,err:BTW_insufficient_data(62/72),$331.64M,
BTW-2Z,err:BTW_insufficient_data(62/72),$437.14M,
BTW-CASH,err:BTW_insufficient_data(62/72),$356.82M,
BTW-ZBCN,err:BTW_insufficient_data(62/72),$412.07M,
BTW-CVX,err:BTW_insufficient_data(62/72),$369.61M,
BTW-TIA,err:BTW_insufficient_data(62/72),$541.29M,
BTW-US,err:BTW_insufficient_data(62/72),$653.76M,
BTW-VIRTUAL,err:BTW_insufficient_data(62/72),$604.37M,
BTW-ZRO,err:BTW_insufficient_data(62/72),$519.55M,
BTW-AKT,err:BTW_insufficient_data(62/72),$363.19M,
BTW-TKX,err:BTW_insufficient_data(62/72),$338.24M,
BTW-APEPE,err:BTW_insufficient_data(62/72),$436.16M,
BTW-USTBL,err:BTW_insufficient_data(62/72),$395.64M,
BTW-ALFW,err:BTW_insufficient_data(62/72),$349.13M,
BTW-OHM,err:BTW_insufficient_data(62/72),$510.60M,
BTW-B,err:BTW_insufficient_data(62/72),$402.98M,
BTW-GRX,err:BTW_insufficient_data(62/72),$358.90M,
BTW-META,err:BTW_insufficient_data(62/72),$330.21M,
BTW-APXUSD,err:BTW_insufficient_data(62/72),$529.86M,
BTW-NIGHT,err:BTW_insufficient_data(62/72),$537.17M,
BTW-GNO,err:BTW_insufficient_data(62/72),$517.44M,
BTW-USDAT,err:BTW_insufficient_data(62/72),$374.60M,
BTW-TWT,err:BTW_insufficient_data(62/72),$383.27M,
BTW-CAKE,err:BTW_insufficient_data(62/72),$681.99M,
BTW-ZK,err:BTW_insufficient_data(62/72),$319.15M,
BTW-FLUID,err:BTW_insufficient_data(62/72),$321.09M,
BTW-COCO,err:BTW_insufficient_data(62/72),$419.02M,
BTW-TIBBIR,err:BTW_insufficient_data(62/72),$341.28M,
BTW-GPS,err:BTW_insufficient_data(62/72),$330.81M,
BTW-H,err:BTW_insufficient_data(62/72),$366.92M,
BTW-DCR,err:BTW_insufficient_data(62/72),$437.58M,
BTW-NEO,err:BTW_insufficient_data(62/72),$368.57M,
BTW-GLM,err:BTW_insufficient_data(62/72),$329.56M,
BTW-AXS,err:BTW_insufficient_data(62/72),$378.49M,
BTW-KAG,err:BTW_insufficient_data(62/72),$448.49M,
BTW-CHEEMS,err:BTW_insufficient_data(62/72),$335.12M,
BTW-KMNO,err:BTW_insufficient_data(62/72),$332.82M,
BTW-XTZ,err:BTW_insufficient_data(62/72),$460.27M,
BTW-ULTIMA,err:BTW_insufficient_data(62/72),$416.50M,
BTW-KAITO,err:BTW_insufficient_data(62/72),$544.07M,
BTW-RUNE,err:BTW_insufficient_data(62/72),$383.06M,
BTW-BP,err:BTW_insufficient_data(62/72),$349.03M,
BTW-UQC,err:BTW_insufficient_data(62/72),$342.82M,
BTW-STRK,err:BTW_insufficient_data(62/72),$424.01M,
BTW-CTOC,err:BTW_insufficient_data(62/72),$509.80M,
BTW-PC0000033,err:BTW_insufficient_data(62/72),$397.30M,
BTW-ICNT,err:BTW_insufficient_data(62/72),$336.37M,
BTW-FDUSD,err:BTW_insufficient_data(62/72),$580.90M,
BTW-PC0000097,err:BTW_insufficient_data(62/72),$368.80M,
BTW-WEMIX,err:BTW_insufficient_data(62/72),$335.22M,
BTW-ACRED,err:BTW_insufficient_data(62/72),$349.84M,
BTW-SMILEK,err:BTW_insufficient_data(62/72),$322.17M,
BTW-WM,err:BTW_insufficient_data(62/72),$321.16M,
BTW-UUSD,err:BTW_insufficient_data(62/72),$334.58M,
BTW-FLOKI,err:BTW_insufficient_data(62/72),$433.31M,
BTW-SAND,err:BTW_insufficient_data(62/72),$359.99M,
BTW-AWE,err:BTW_insufficient_data(62/72),$340.62M,
BTW-CRVUSD,err:BTW_insufficient_data(62/72),$446.85M,
BTW-GENIUS,err:BTW_insufficient_data(62/72),$348.18M,
BTW-SNX,err:BTW_insufficient_data(62/72),$357.23M,
BTW-VCNT,err:BTW_insufficient_data(62/72),$399.24M,
BTW-DASH,err:BTW_insufficient_data(62/72),$632.23M,
BTW-CARDS,err:BTW_insufficient_data(62/72),$503.67M,
BTW-USAT,err:BTW_insufficient_data(62/72),$420.03M,
BTW-FF,err:BTW_insufficient_data(62/72),$427.08M,
BTW-USDA,err:BTW_insufficient_data(62/72),$330.98M,
BTW-ZANO,err:BTW_insufficient_data(62/72),$365.96M,
BTW-REUSD,err:BTW_insufficient_data(62/72),$402.23M,
BTW-NEX,err:BTW_insufficient_data(62/72),$325.13M,
BTW-JTO,err:BTW_insufficient_data(62/72),$503.44M,
BTW-IOTA,err:BTW_insufficient_data(62/72),$382.37M,
BTW-AVUSD,err:BTW_insufficient_data(62/72),$350.78M,
BTW-FARTCOIN,err:BTW_insufficient_data(62/72),$357.81M,
BTW-GALA,err:BTW_insufficient_data(62/72),$323.41M,
BTW-ENS,err:BTW_insufficient_data(62/72),$410.87M,
BTW-SOON,err:BTW_insufficient_data(62/72),$324.81M,
BTW-WIF,err:BTW_insufficient_data(62/72),$381.14M,
BTW-SPCXB,err:BTW_insufficient_data(62/72),$320.33M,
BTW-STRCX,err:BTW_insufficient_data(62/72),$375.59M,
BTW-PENGU,err:BTW_insufficient_data(62/72),$606.52M,
BTW-BORG,err:BTW_insufficient_data(62/72),$373.07M,
BTW-TAG,err:BTW_insufficient_data(62/72),$379.87M,
BTW-XEC,err:BTW_insufficient_data(62/72),$354.26M,
BTW-STX,err:BTW_insufficient_data(62/72),$485.32M,
BTW-TEL,err:BTW_insufficient_data(62/72),$409.11M,
BTW-GOMINING,err:BTW_insufficient_data(62/72),$350.36M,
BTW-APE,err:BTW_insufficient_data(62/72),$383.44M,
BTW-EIGEN,err:BTW_insufficient_data(62/72),$375.39M,
BTW-OP,err:BTW_insufficient_data(62/72),$437.95M,
BTW-KAIA,err:BTW_insufficient_data(62/72),$401.60M,
BTW-ZBT,err:BTW_insufficient_data(62/72),$348.74M,
BTW-EURC,err:BTW_insufficient_data(62/72),$684.83M,
BTW-KITE,err:BTW_insufficient_data(62/72),$466.80M,
BTW-RAIL,err:BTW_insufficient_data(62/72),$324.64M,
BTW-SHORT,err:BTW_insufficient_data(62/72),$332.35M,
BTW-TRAC,err:BTW_insufficient_data(62/72),$358.46M,
BTW-PENDLE,err:BTW_insufficient_data(62/72),$485.45M,
BTW-PYTH,err:BTW_insufficient_data(62/72),$556.16M,
BTW-PIEVERSE,err:BTW_insufficient_data(62/72),$416.88M,
BTW-NFT,err:BTW_insufficient_data(62/72),$499.32M,
BTW-RAY,err:BTW_insufficient_data(62/72),$397.80M,
BTW-PC0000031,err:BTW_insufficient_data(62/72),$437.30M,
BTW-GEOD,err:BTW_insufficient_data(62/72),$329.14M,
BTW-PC0000077,err:BTW_insufficient_data(62/72),$334.80M,
BTW-A,err:BTW_insufficient_data(62/72),$337.09M,
BTW-LION,err:BTW_insufficient_data(62/72),$377.18M,
BTW-AIAT,err:BTW_insufficient_data(62/72),$352.78M,
BTW-MX,err:BTW_insufficient_data(62/72),$385.39M,
BTW-THETA,err:BTW_insufficient_data(62/72),$360.89M,
BTW-SN64,err:BTW_insufficient_data(62/72),$324.79M,
BTW-ETHFI,err:BTW_insufficient_data(62/72),$634.69M,
BTW-APYUSD,err:BTW_insufficient_data(62/72),$392.93M,
BTW-KOGE,err:BTW_insufficient_data(62/72),$448.95M,
BTW-BTSE,err:BTW_insufficient_data(62/72),$367.91M,
BTW-VET,err:BTW_insufficient_data(62/72),$623.76M,
BTW-CHZ,err:BTW_insufficient_data(62/72),$378.94M,
BTW-REAL,err:BTW_insufficient_data(62/72),$483.86M,
BTW-MON,err:BTW_insufficient_data(62/72),$482.99M,
BTW-SAFO,err:BTW_insufficient_data(62/72),$391.80M,
BTW-MANA,err:BTW_insufficient_data(62/72),$366.18M,
BTW-PRL,err:BTW_insufficient_data(62/72),$318.87M,
BTW-GLIDR,err:BTW_insufficient_data(62/72),$336.18M,
BTW-ONYC,err:BTW_insufficient_data(62/72),$481.00M,
BTW-A7A5,err:BTW_insufficient_data(62/72),$713.00M,
BTW-MET,err:BTW_insufficient_data(62/72),$324.22M,
BTW-Q,err:BTW_insufficient_data(62/72),$454.75M,
BTW-COMP,err:BTW_insufficient_data(62/72),$394.12M,
BTW-SYRUP,err:BTW_insufficient_data(62/72),$442.05M,
BTW-FRXUSD,err:BTW_insufficient_data(62/72),$344.72M,
BTW-BTT,err:BTW_insufficient_data(62/72),$494.27M,
BTW-BAT,err:BTW_insufficient_data(62/72),$338.21M,
BTW-XPIN,err:BTW_insufficient_data(62/72),$379.70M,
BTW-SOSO,err:BTW_insufficient_data(62/72),$351.39M,
BTW-VBILL,err:BTW_insufficient_data(62/72),$426.84M,
BTW-CRCLON,err:BTW_insufficient_data(62/72),$327.65M,
BTW-PEANUT,err:BTW_insufficient_data(62/72),$419.34M,
BTW-AR,err:BTW_insufficient_data(62/72),$350.85M,
BTW-SFP,err:BTW_insufficient_data(62/72),$337.53M,
BTW-PC0000023,err:BTW_insufficient_data(62/72),$335.65M,
BTW-GUSD,err:BTW_insufficient_data(62/72),$384.30M,
BTW-WFI,err:BTW_insufficient_data(62/72),$409.34M,
BTW-GRASS,err:BTW_insufficient_data(62/72),$450.67M,
BTW-PC0000085,err:BTW_insufficient_data(62/72),$341.30M,
BTW-BSV,err:BTW_insufficient_data(62/72),$493.29M,
BTW-JASMY,err:BTW_insufficient_data(62/72),$446.39M,
BTW-ANTFUN,err:BTW_insufficient_data(62/72),$517.11M,
BTW-USDAI,err:BTW_insufficient_data(62/72),$392.24M,
BTW-AERO,err:BTW_insufficient_data(62/72),$649.17M,
BTW-BONK,err:BTW_insufficient_data(62/72),$499.75M,
BTW-SUN,err:BTW_insufficient_data(62/72),$577.09M,
BTW-EURCV,err:BTW_insufficient_data(62/72),$384.24M,
BTW-USDZ,err:BTW_insufficient_data(62/72),$362.19M,
BTW-AKE,err:BTW_insufficient_data(62/72),$330.32M,
BTW-XCN,err:BTW_insufficient_data(62/72),$364.46M,
BTW-TRUMP,err:BTW_insufficient_data(62/72),$592.19M,
BTW-FET,err:BTW_insufficient_data(62/72),$540.72M,
BTW-FRAX,err:BTW_insufficient_data(62/72),$454.87M,
BTW-THBILL,err:BTW_insufficient_data(62/72),$352.73M,
BTW-ZAMA,err:BTW_insufficient_data(62/72),$372.61M,
BTW-SHFL,err:BTW_insufficient_data(62/72),$356.20M,
BTW-USDF,err:BTW_insufficient_data(62/72),$346.64M,
BTW-XPL,err:BTW_insufficient_data(62/72),$455.39M,
VSN-BCN,err:BCN_insufficient_data(24/72),$416.66M,
LUNC-BCN,err:BCN_insufficient_data(24/72),$544.66M,
PC0000015-BCN,err:BCN_insufficient_data(24/72),$375.99M,
IMX-BCN,err:BCN_insufficient_data(24/72),$493.09M,
NXM-BCN,err:BCN_insufficient_data(24/72),$352.63M,
SPX-BCN,err:BCN_insufficient_data(24/72),$567.84M,
UB-BCN,err:BCN_insufficient_data(24/72),$626.60M,
OUSG-BCN,err:BCN_insufficient_data(24/72),$646.01M,
STAC-BCN,err:BCN_insufficient_data(24/72),$368.41M,
1INCH-BCN,err:BCN_insufficient_data(24/72),$381.58M,
RLB-BCN,err:BCN_insufficient_data(24/72),$370.04M,
DYDX-BCN,err:BCN_insufficient_data(24/72),$363.63M,
APR-BCN,err:BCN_insufficient_data(24/72),$462.15M,
DRV-BCN,err:BCN_insufficient_data(24/72),$368.41M,
EDGE-BCN,err:BCN_insufficient_data(24/72),$401.74M,
INJ-BCN,err:BCN_insufficient_data(24/72),$725.00M,
MWC-BCN,err:BCN_insufficient_data(24/72),$379.60M,
KAU-BCN,err:BCN_insufficient_data(24/72),$574.07M,
LDO-BCN,err:BCN_insufficient_data(24/72),$568.96M,
EARNETH-BCN,err:BCN_insufficient_data(24/72),$412.71M,
GRT-BCN,err:BCN_insufficient_data(24/72),$427.11M,
SEI-BCN,err:BCN_insufficient_data(24/72),$552.32M,
USDTB-BCN,err:BCN_insufficient_data(24/72),$621.29M,
BCN-VELVET,err:BCN_insufficient_data(24/72),$432.27M,
BCN-BC,err:BCN_insufficient_data(24/72),$485.33M,
BCN-DEXE,err:BCN_insufficient_data(24/72),$539.84M,
BCN-OZO,err:BCN_insufficient_data(24/72),$391.06M,
BCN-AB,err:BCN_insufficient_data(24/72),$362.61M,
BCN-2Z,err:BCN_insufficient_data(24/72),$468.10M,
BCN-CASH,err:BCN_insufficient_data(24/72),$387.78M,
BCN-ZBCN,err:BCN_insufficient_data(24/72),$443.04M,
BCN-CVX,err:BCN_insufficient_data(24/72),$400.58M,
BCN-TIA,err:BCN_insufficient_data(24/72),$572.25M,
BCN-US,err:BCN_insufficient_data(24/72),$684.73M,
BCN-VIRTUAL,err:BCN_insufficient_data(24/72),$635.33M,
BCN-ZRO,err:BCN_insufficient_data(24/72),$550.52M,
BCN-AKT,err:BCN_insufficient_data(24/72),$394.16M,
BCN-TKX,err:BCN_insufficient_data(24/72),$369.21M,
BCN-APEPE,err:BCN_insufficient_data(24/72),$467.12M,
BCN-USTBL,err:BCN_insufficient_data(24/72),$426.61M,
BCN-ALFW,err:BCN_insufficient_data(24/72),$380.09M,
BCN-OHM,err:BCN_insufficient_data(24/72),$541.57M,
BCN-B,err:BCN_insufficient_data(24/72),$433.94M,
BCN-GRX,err:BCN_insufficient_data(24/72),$389.86M,
BCN-META,err:BCN_insufficient_data(24/72),$361.18M,
BCN-APXUSD,err:BCN_insufficient_data(24/72),$560.82M,
BCN-NIGHT,err:BCN_insufficient_data(24/72),$568.14M,
BCN-GNO,err:BCN_insufficient_data(24/72),$548.41M,
BCN-USDAT,err:BCN_insufficient_data(24/72),$405.56M,
BCN-TWT,err:BCN_insufficient_data(24/72),$414.23M,
BCN-CAKE,err:BCN_insufficient_data(24/72),$712.96M,
BCN-ZK,err:BCN_insufficient_data(24/72),$350.12M,
BCN-FLUID,err:BCN_insufficient_data(24/72),$352.05M,
BCN-COCO,err:BCN_insufficient_data(24/72),$449.98M,
BCN-TIBBIR,err:BCN_insufficient_data(24/72),$372.25M,
BCN-GPS,err:BCN_insufficient_data(24/72),$361.77M,
BCN-H,err:BCN_insufficient_data(24/72),$397.88M,
BCN-DCR,err:BCN_insufficient_data(24/72),$468.54M,
BCN-NEO,err:BCN_insufficient_data(24/72),$399.54M,
BCN-GLM,err:BCN_insufficient_data(24/72),$360.53M,
BCN-AXS,err:BCN_insufficient_data(24/72),$409.45M,
BCN-KAG,err:BCN_insufficient_data(24/72),$479.46M,
BCN-CHEEMS,err:BCN_insufficient_data(24/72),$366.08M,
BCN-KMNO,err:BCN_insufficient_data(24/72),$363.78M,
BCN-XTZ,err:BCN_insufficient_data(24/72),$491.24M,
BCN-ULTIMA,err:BCN_insufficient_data(24/72),$447.46M,
BCN-KAITO,err:BCN_insufficient_data(24/72),$575.03M,
BCN-RUNE,err:BCN_insufficient_data(24/72),$414.03M,
BCN-BP,err:BCN_insufficient_data(24/72),$380.00M,
BCN-UQC,err:BCN_insufficient_data(24/72),$373.78M,
BCN-STRK,err:BCN_insufficient_data(24/72),$454.97M,
BCN-CTOC,err:BCN_insufficient_data(24/72),$540.77M,
BCN-PC0000033,err:BCN_insufficient_data(24/72),$428.26M,
BCN-ICNT,err:BCN_insufficient_data(24/72),$367.34M,
BCN-FDUSD,err:BCN_insufficient_data(24/72),$611.86M,
BCN-PC0000097,err:BCN_insufficient_data(24/72),$399.76M,
BCN-WEMIX,err:BCN_insufficient_data(24/72),$366.19M,
BCN-ACRED,err:BCN_insufficient_data(24/72),$380.81M,
BCN-SMILEK,err:BCN_insufficient_data(24/72),$353.13M,
BCN-WM,err:BCN_insufficient_data(24/72),$352.12M,
BCN-UUSD,err:BCN_insufficient_data(24/72),$365.55M,
BCN-FLOKI,err:BCN_insufficient_data(24/72),$464.27M,
BCN-SAND,err:BCN_insufficient_data(24/72),$390.95M,
BCN-AWE,err:BCN_insufficient_data(24/72),$371.58M,
BCN-CRVUSD,err:BCN_insufficient_data(24/72),$477.81M,
BCN-GENIUS,err:BCN_insufficient_data(24/72),$379.15M,
BCN-SNX,err:BCN_insufficient_data(24/72),$388.20M,
BCN-VCNT,err:BCN_insufficient_data(24/72),$430.21M,
BCN-DASH,err:BCN_insufficient_data(24/72),$663.20M,
BCN-CARDS,err:BCN_insufficient_data(24/72),$534.63M,
BCN-USAT,err:BCN_insufficient_data(24/72),$450.99M,
BCN-FF,err:BCN_insufficient_data(24/72),$458.05M,
BCN-USDA,err:BCN_insufficient_data(24/72),$361.94M,
BCN-ZANO,err:BCN_insufficient_data(24/72),$396.92M,
BCN-REUSD,err:BCN_insufficient_data(24/72),$433.20M,
BCN-NEX,err:BCN_insufficient_data(24/72),$356.09M,
BCN-JTO,err:BCN_insufficient_data(24/72),$534.40M,
BCN-IOTA,err:BCN_insufficient_data(24/72),$413.34M,
BCN-AVUSD,err:BCN_insufficient_data(24/72),$381.74M,
BCN-FARTCOIN,err:BCN_insufficient_data(24/72),$388.77M,
BCN-GALA,err:BCN_insufficient_data(24/72),$354.38M,
BCN-ENS,err:BCN_insufficient_data(24/72),$441.83M,
BCN-SOON,err:BCN_insufficient_data(24/72),$355.77M,
BCN-WIF,err:BCN_insufficient_data(24/72),$412.11M,
BCN-SPCXB,err:BCN_insufficient_data(24/72),$351.30M,
BCN-STRCX,err:BCN_insufficient_data(24/72),$406.56M,
BCN-PENGU,err:BCN_insufficient_data(24/72),$637.48M,
BCN-BORG,err:BCN_insufficient_data(24/72),$404.03M,
BCN-TAG,err:BCN_insufficient_data(24/72),$410.83M,
BCN-XEC,err:BCN_insufficient_data(24/72),$385.22M,
BCN-STX,err:BCN_insufficient_data(24/72),$516.28M,
BCN-TEL,err:BCN_insufficient_data(24/72),$440.08M,
BCN-GOMINING,err:BCN_insufficient_data(24/72),$381.33M,
BCN-APE,err:BCN_insufficient_data(24/72),$414.40M,
BCN-EIGEN,err:BCN_insufficient_data(24/72),$406.36M,
BCN-OP,err:BCN_insufficient_data(24/72),$468.92M,
BCN-KAIA,err:BCN_insufficient_data(24/72),$432.57M,
BCN-ZBT,err:BCN_insufficient_data(24/72),$379.71M,
BCN-EURC,err:BCN_insufficient_data(24/72),$715.80M,
BCN-KITE,err:BCN_insufficient_data(24/72),$497.77M,
BCN-RAIL,err:BCN_insufficient_data(24/72),$355.61M,
BCN-SHORT,err:BCN_insufficient_data(24/72),$363.32M,
BCN-TRAC,err:BCN_insufficient_data(24/72),$389.43M,
BCN-PENDLE,err:BCN_insufficient_data(24/72),$516.42M,
BCN-PYTH,err:BCN_insufficient_data(24/72),$587.12M,
BCN-PIEVERSE,err:BCN_insufficient_data(24/72),$447.85M,
BCN-NFT,err:BCN_insufficient_data(24/72),$530.29M,
BCN-RAY,err:BCN_insufficient_data(24/72),$428.77M,
BCN-PC0000031,err:BCN_insufficient_data(24/72),$468.26M,
BCN-GEOD,err:BCN_insufficient_data(24/72),$360.11M,
BCN-PC0000077,err:BCN_insufficient_data(24/72),$365.76M,
BCN-A,err:BCN_insufficient_data(24/72),$368.05M,
BCN-LION,err:BCN_insufficient_data(24/72),$408.14M,
BCN-AIAT,err:BCN_insufficient_data(24/72),$383.74M,
BCN-MX,err:BCN_insufficient_data(24/72),$416.35M,
BCN-THETA,err:BCN_insufficient_data(24/72),$391.86M,
BCN-SN64,err:BCN_insufficient_data(24/72),$355.76M,
BCN-ETHFI,err:BCN_insufficient_data(24/72),$665.65M,
BCN-APYUSD,err:BCN_insufficient_data(24/72),$423.89M,
BCN-KOGE,err:BCN_insufficient_data(24/72),$479.91M,
BCN-BTSE,err:BCN_insufficient_data(24/72),$398.88M,
BCN-VET,err:BCN_insufficient_data(24/72),$654.72M,
BCN-CHZ,err:BCN_insufficient_data(24/72),$409.90M,
BCN-REAL,err:BCN_insufficient_data(24/72),$514.82M,
BCN-MON,err:BCN_insufficient_data(24/72),$513.96M,
BCN-SAFO,err:BCN_insufficient_data(24/72),$422.76M,
BCN-MANA,err:BCN_insufficient_data(24/72),$397.15M,
BCN-PRL,err:BCN_insufficient_data(24/72),$349.83M,
BCN-GLIDR,err:BCN_insufficient_data(24/72),$367.15M,
BCN-ONYC,err:BCN_insufficient_data(24/72),$511.97M,
BCN-A7A5,err:BCN_insufficient_data(24/72),$743.97M,
BCN-MET,err:BCN_insufficient_data(24/72),$355.18M,
BCN-Q,err:BCN_insufficient_data(24/72),$485.71M,
BCN-COMP,err:BCN_insufficient_data(24/72),$425.09M,
BCN-SYRUP,err:BCN_insufficient_data(24/72),$473.01M,
BCN-FRXUSD,err:BCN_insufficient_data(24/72),$375.69M,
BCN-BTT,err:BCN_insufficient_data(24/72),$525.24M,
BCN-BAT,err:BCN_insufficient_data(24/72),$369.18M,
BCN-XPIN,err:BCN_insufficient_data(24/72),$410.66M,
BCN-SOSO,err:BCN_insufficient_data(24/72),$382.35M,
BCN-VBILL,err:BCN_insufficient_data(24/72),$457.81M,
BCN-CRCLON,err:BCN_insufficient_data(24/72),$358.62M,
BCN-PEANUT,err:BCN_insufficient_data(24/72),$450.30M,
BCN-AR,err:BCN_insufficient_data(24/72),$381.82M,
BCN-SFP,err:BCN_insufficient_data(24/72),$368.50M,
BCN-PC0000023,err:BCN_insufficient_data(24/72),$366.61M,
BCN-GUSD,err:BCN_insufficient_data(24/72),$415.27M,
BCN-WFI,err:BCN_insufficient_data(24/72),$440.31M,
BCN-GRASS,err:BCN_insufficient_data(24/72),$481.63M,
BCN-PC0000085,err:BCN_insufficient_data(24/72),$372.26M,
BCN-BSV,err:BCN_insufficient_data(24/72),$524.26M,
BCN-JASMY,err:BCN_insufficient_data(24/72),$477.35M,
BCN-ANTFUN,err:BCN_insufficient_data(24/72),$548.07M,
BCN-USDAI,err:BCN_insufficient_data(24/72),$423.20M,
BCN-AERO,err:BCN_insufficient_data(24/72),$680.14M,
BCN-BONK,err:BCN_insufficient_data(24/72),$530.71M,
BCN-SUN,err:BCN_insufficient_data(24/72),$608.05M,
BCN-EURCV,err:BCN_insufficient_data(24/72),$415.20M,
BCN-USDZ,err:BCN_insufficient_data(24/72),$393.15M,
BCN-AKE,err:BCN_insufficient_data(24/72),$361.29M,
BCN-XCN,err:BCN_insufficient_data(24/72),$395.42M,
BCN-TRUMP,err:BCN_insufficient_data(24/72),$623.15M,
BCN-FET,err:BCN_insufficient_data(24/72),$571.68M,
BCN-FRAX,err:BCN_insufficient_data(24/72),$485.83M,
BCN-THBILL,err:BCN_insufficient_data(24/72),$383.70M,
BCN-ZAMA,err:BCN_insufficient_data(24/72),$403.58M,
BCN-SHFL,err:BCN_insufficient_data(24/72),$387.16M,
BCN-USDF,err:BCN_insufficient_data(24/72),$377.60M,
BCN-XPL,err:BCN_insufficient_data(24/72),$486.35M,
VSN-APE,err:APE_insufficient_data(9/72),$299.53M,
LUNC-APE,err:APE_insufficient_data(9/72),$427.54M,
PC0000015-APE,err:APE_insufficient_data(9/72),$258.87M,
IMX-APE,err:APE_insufficient_data(9/72),$375.96M,
NXM-APE,err:APE_insufficient_data(9/72),$235.51M,
SPX-APE,err:APE_insufficient_data(9/72),$450.71M,
UB-APE,err:APE_insufficient_data(9/72),$509.48M,
OUSG-APE,err:APE_insufficient_data(9/72),$528.89M,
STAC-APE,err:APE_insufficient_data(9/72),$251.28M,
1INCH-APE,err:APE_insufficient_data(9/72),$264.46M,
RLB-APE,err:APE_insufficient_data(9/72),$252.91M,
DYDX-APE,err:APE_insufficient_data(9/72),$246.51M,
APR-APE,err:APE_insufficient_data(9/72),$345.03M,
DRV-APE,err:APE_insufficient_data(9/72),$251.28M,
EDGE-APE,err:APE_insufficient_data(9/72),$284.61M,
INJ-APE,err:APE_insufficient_data(9/72),$607.88M,
MWC-APE,err:APE_insufficient_data(9/72),$262.48M,
KAU-APE,err:APE_insufficient_data(9/72),$456.95M,
LDO-APE,err:APE_insufficient_data(9/72),$451.84M,
EARNETH-APE,err:APE_insufficient_data(9/72),$295.58M,
GRT-APE,err:APE_insufficient_data(9/72),$309.98M,
SEI-APE,err:APE_insufficient_data(9/72),$435.19M,
USDTB-APE,err:APE_insufficient_data(9/72),$504.16M,
VELVET-APE,err:APE_insufficient_data(9/72),$315.14M,
BC-APE,err:APE_insufficient_data(9/72),$368.21M,
DEXE-APE,err:APE_insufficient_data(9/72),$422.72M,
OZO-APE,err:APE_insufficient_data(9/72),$273.94M,
2Z-APE,err:APE_insufficient_data(9/72),$350.98M,
CASH-APE,err:APE_insufficient_data(9/72),$270.66M,
ZBCN-APE,err:APE_insufficient_data(9/72),$325.91M,
CVX-APE,err:APE_insufficient_data(9/72),$283.46M,
TIA-APE,err:APE_insufficient_data(9/72),$455.13M,
US-APE,err:APE_insufficient_data(9/72),$567.61M,
VIRTUAL-APE,err:APE_insufficient_data(9/72),$518.21M,
ZRO-APE,err:APE_insufficient_data(9/72),$433.39M,
AKT-APE,err:APE_insufficient_data(9/72),$277.03M,
TKX-APE,err:APE_insufficient_data(9/72),$252.08M,
APEPE-APE,err:APE_insufficient_data(9/72),$350.00M,
USTBL-APE,err:APE_insufficient_data(9/72),$309.48M,
OHM-APE,err:APE_insufficient_data(9/72),$424.44M,
META-APE,err:APE_insufficient_data(9/72),$244.05M,
APXUSD-APE,err:APE_insufficient_data(9/72),$443.70M,
GNO-APE,err:APE_insufficient_data(9/72),$431.28M,
USDAT-APE,err:APE_insufficient_data(9/72),$288.44M,
TWT-APE,err:APE_insufficient_data(9/72),$297.11M,
CAKE-APE,err:APE_insufficient_data(9/72),$595.83M,
ZK-APE,err:APE_insufficient_data(9/72),$232.99M,
FLUID-APE,err:APE_insufficient_data(9/72),$234.93M,
COCO-APE,err:APE_insufficient_data(9/72),$332.86M,
TIBBIR-APE,err:APE_insufficient_data(9/72),$255.12M,
GPS-APE,err:APE_insufficient_data(9/72),$244.65M,
DCR-APE,err:APE_insufficient_data(9/72),$351.42M,
NEO-APE,err:APE_insufficient_data(9/72),$282.41M,
GLM-APE,err:APE_insufficient_data(9/72),$243.40M,
AXS-APE,err:APE_insufficient_data(9/72),$292.33M,
KAG-APE,err:APE_insufficient_data(9/72),$362.33M,
CHEEMS-APE,err:APE_insufficient_data(9/72),$248.96M,
KMNO-APE,err:APE_insufficient_data(9/72),$246.66M,
XTZ-APE,err:APE_insufficient_data(9/72),$374.11M,
ULTIMA-APE,err:APE_insufficient_data(9/72),$330.34M,
KAITO-APE,err:APE_insufficient_data(9/72),$457.91M,
RUNE-APE,err:APE_insufficient_data(9/72),$296.90M,
BP-APE,err:APE_insufficient_data(9/72),$262.88M,
UQC-APE,err:APE_insufficient_data(9/72),$256.66M,
STRK-APE,err:APE_insufficient_data(9/72),$337.85M,
PC0000033-APE,err:APE_insufficient_data(9/72),$311.14M,
ICNT-APE,err:APE_insufficient_data(9/72),$250.21M,
FDUSD-APE,err:APE_insufficient_data(9/72),$494.74M,
PC0000097-APE,err:APE_insufficient_data(9/72),$282.64M,
WEMIX-APE,err:APE_insufficient_data(9/72),$249.06M,
ACRED-APE,err:APE_insufficient_data(9/72),$263.68M,
UUSD-APE,err:APE_insufficient_data(9/72),$248.42M,
FLOKI-APE,err:APE_insufficient_data(9/72),$347.15M,
SAND-APE,err:APE_insufficient_data(9/72),$273.83M,
AWE-APE,err:APE_insufficient_data(9/72),$254.46M,
CRVUSD-APE,err:APE_insufficient_data(9/72),$360.69M,
SNX-APE,err:APE_insufficient_data(9/72),$271.07M,
VCNT-APE,err:APE_insufficient_data(9/72),$313.08M,
DASH-APE,err:APE_insufficient_data(9/72),$546.07M,
CARDS-APE,err:APE_insufficient_data(9/72),$417.51M,
USAT-APE,err:APE_insufficient_data(9/72),$333.87M,
FF-APE,err:APE_insufficient_data(9/72),$340.92M,
USDA-APE,err:APE_insufficient_data(9/72),$244.82M,
ZANO-APE,err:APE_insufficient_data(9/72),$279.80M,
REUSD-APE,err:APE_insufficient_data(9/72),$316.07M,
NEX-APE,err:APE_insufficient_data(9/72),$238.97M,
JTO-APE,err:APE_insufficient_data(9/72),$417.28M,
IOTA-APE,err:APE_insufficient_data(9/72),$296.21M,
AVUSD-APE,err:APE_insufficient_data(9/72),$264.62M,
FARTCOIN-APE,err:APE_insufficient_data(9/72),$271.65M,
GALA-APE,err:APE_insufficient_data(9/72),$237.25M,
ENS-APE,err:APE_insufficient_data(9/72),$324.71M,
SOON-APE,err:APE_insufficient_data(9/72),$238.65M,
WIF-APE,err:APE_insufficient_data(9/72),$294.98M,
STRCX-APE,err:APE_insufficient_data(9/72),$289.43M,
PENGU-APE,err:APE_insufficient_data(9/72),$520.36M,
BORG-APE,err:APE_insufficient_data(9/72),$286.91M,
TAG-APE,err:APE_insufficient_data(9/72),$293.71M,
XEC-APE,err:APE_insufficient_data(9/72),$268.10M,
STX-APE,err:APE_insufficient_data(9/72),$399.16M,
TEL-APE,err:APE_insufficient_data(9/72),$322.95M,
GOMINING-APE,err:APE_insufficient_data(9/72),$264.20M,
APE-EIGEN,err:APE_insufficient_data(9/72),$289.23M,
APE-OP,err:APE_insufficient_data(9/72),$351.79M,
APE-KAIA,err:APE_insufficient_data(9/72),$315.44M,
APE-ZBT,err:APE_insufficient_data(9/72),$262.59M,
APE-EURC,err:APE_insufficient_data(9/72),$598.68M,
APE-KITE,err:APE_insufficient_data(9/72),$380.64M,
APE-RAIL,err:APE_insufficient_data(9/72),$238.48M,
APE-SHORT,err:APE_insufficient_data(9/72),$246.19M,
APE-TRAC,err:APE_insufficient_data(9/72),$272.31M,
APE-PENDLE,err:APE_insufficient_data(9/72),$399.29M,
APE-PYTH,err:APE_insufficient_data(9/72),$470.00M,
APE-PIEVERSE,err:APE_insufficient_data(9/72),$330.72M,
APE-NFT,err:APE_insufficient_data(9/72),$413.16M,
APE-RAY,err:APE_insufficient_data(9/72),$311.65M,
APE-PC0000031,err:APE_insufficient_data(9/72),$351.14M,
APE-GEOD,err:APE_insufficient_data(9/72),$242.98M,
APE-PC0000077,err:APE_insufficient_data(9/72),$248.64M,
APE-A,err:APE_insufficient_data(9/72),$250.93M,
APE-LION,err:APE_insufficient_data(9/72),$291.02M,
APE-AIAT,err:APE_insufficient_data(9/72),$266.62M,
APE-MX,err:APE_insufficient_data(9/72),$299.23M,
APE-THETA,err:APE_insufficient_data(9/72),$274.73M,
APE-SN64,err:APE_insufficient_data(9/72),$238.63M,
APE-ETHFI,err:APE_insufficient_data(9/72),$548.53M,
APE-APYUSD,err:APE_insufficient_data(9/72),$306.77M,
APE-KOGE,err:APE_insufficient_data(9/72),$362.79M,
APE-BTSE,err:APE_insufficient_data(9/72),$281.75M,
APE-VET,err:APE_insufficient_data(9/72),$537.60M,
APE-CHZ,err:APE_insufficient_data(9/72),$292.78M,
APE-REAL,err:APE_insufficient_data(9/72),$397.70M,
APE-MON,err:APE_insufficient_data(9/72),$396.83M,
APE-SAFO,err:APE_insufficient_data(9/72),$305.64M,
APE-MANA,err:APE_insufficient_data(9/72),$280.02M,
APE-PRL,err:APE_insufficient_data(9/72),$232.71M,
APE-GLIDR,err:APE_insufficient_data(9/72),$250.02M,
APE-ONYC,err:APE_insufficient_data(9/72),$394.84M,
APE-A7A5,err:APE_insufficient_data(9/72),$626.84M,
APE-MET,err:APE_insufficient_data(9/72),$238.06M,
APE-Q,err:APE_insufficient_data(9/72),$368.59M,
APE-COMP,err:APE_insufficient_data(9/72),$307.96M,
APE-SYRUP,err:APE_insufficient_data(9/72),$355.89M,
APE-FRXUSD,err:APE_insufficient_data(9/72),$258.56M,
APE-BTT,err:APE_insufficient_data(9/72),$408.11M,
APE-BAT,err:APE_insufficient_data(9/72),$252.05M,
APE-XPIN,err:APE_insufficient_data(9/72),$293.54M,
APE-SOSO,err:APE_insufficient_data(9/72),$265.23M,
APE-VBILL,err:APE_insufficient_data(9/72),$340.68M,
APE-CRCLON,err:APE_insufficient_data(9/72),$241.49M,
APE-PEANUT,err:APE_insufficient_data(9/72),$333.18M,
APE-AR,err:APE_insufficient_data(9/72),$264.69M,
APE-SFP,err:APE_insufficient_data(9/72),$251.37M,
APE-PC0000023,err:APE_insufficient_data(9/72),$249.49M,
APE-GUSD,err:APE_insufficient_data(9/72),$298.15M,
APE-WFI,err:APE_insufficient_data(9/72),$323.18M,
APE-GRASS,err:APE_insufficient_data(9/72),$364.51M,
APE-PC0000085,err:APE_insufficient_data(9/72),$255.14M,
APE-BSV,err:APE_insufficient_data(9/72),$407.13M,
APE-JASMY,err:APE_insufficient_data(9/72),$360.23M,
APE-ANTFUN,err:APE_insufficient_data(9/72),$430.95M,
APE-USDAI,err:APE_insufficient_data(9/72),$306.08M,
APE-AERO,err:APE_insufficient_data(9/72),$563.01M,
APE-BONK,err:APE_insufficient_data(9/72),$413.59M,
APE-SUN,err:APE_insufficient_data(9/72),$490.93M,
APE-EURCV,err:APE_insufficient_data(9/72),$298.08M,
APE-USDZ,err:APE_insufficient_data(9/72),$276.03M,
APE-AKE,err:APE_insufficient_data(9/72),$244.16M,
APE-XCN,err:APE_insufficient_data(9/72),$278.30M,
APE-TRUMP,err:APE_insufficient_data(9/72),$506.03M,
APE-FET,err:APE_insufficient_data(9/72),$454.56M,
APE-FRAX,err:APE_insufficient_data(9/72),$368.71M,
APE-THBILL,err:APE_insufficient_data(9/72),$266.57M,
APE-ZAMA,err:APE_insufficient_data(9/72),$286.45M,
APE-SHFL,err:APE_insufficient_data(9/72),$270.04M,
APE-USDF,err:APE_insufficient_data(9/72),$260.48M,
APE-XPL,err:APE_insufficient_data(9/72),$369.23M,
VSN-ANTFUN,err:ANTFUN_insufficient_data(13/72),$433.20M,
LUNC-ANTFUN,err:ANTFUN_insufficient_data(13/72),$561.21M,
PC0000015-ANTFUN,err:ANTFUN_insufficient_data(13/72),$392.53M,
IMX-ANTFUN,err:ANTFUN_insufficient_data(13/72),$509.63M,
NXM-ANTFUN,err:ANTFUN_insufficient_data(13/72),$369.18M,
SPX-ANTFUN,err:ANTFUN_insufficient_data(13/72),$584.38M,
UB-ANTFUN,err:ANTFUN_insufficient_data(13/72),$643.14M,
OUSG-ANTFUN,err:ANTFUN_insufficient_data(13/72),$662.56M,
STAC-ANTFUN,err:ANTFUN_insufficient_data(13/72),$384.95M,
1INCH-ANTFUN,err:ANTFUN_insufficient_data(13/72),$398.12M,
RLB-ANTFUN,err:ANTFUN_insufficient_data(13/72),$386.58M,
DYDX-ANTFUN,err:ANTFUN_insufficient_data(13/72),$380.17M,
APR-ANTFUN,err:ANTFUN_insufficient_data(13/72),$478.70M,
DRV-ANTFUN,err:ANTFUN_insufficient_data(13/72),$384.95M,
EDGE-ANTFUN,err:ANTFUN_insufficient_data(13/72),$418.28M,
INJ-ANTFUN,err:ANTFUN_insufficient_data(13/72),$741.54M,
MWC-ANTFUN,err:ANTFUN_insufficient_data(13/72),$396.15M,
KAU-ANTFUN,err:ANTFUN_insufficient_data(13/72),$590.61M,
LDO-ANTFUN,err:ANTFUN_insufficient_data(13/72),$585.50M,
EARNETH-ANTFUN,err:ANTFUN_insufficient_data(13/72),$429.25M,
GRT-ANTFUN,err:ANTFUN_insufficient_data(13/72),$443.65M,
SEI-ANTFUN,err:ANTFUN_insufficient_data(13/72),$568.86M,
USDTB-ANTFUN,err:ANTFUN_insufficient_data(13/72),$637.83M,
VELVET-ANTFUN,err:ANTFUN_insufficient_data(13/72),$448.81M,
BC-ANTFUN,err:ANTFUN_insufficient_data(13/72),$501.88M,
DEXE-ANTFUN,err:ANTFUN_insufficient_data(13/72),$556.39M,
OZO-ANTFUN,err:ANTFUN_insufficient_data(13/72),$407.60M,
2Z-ANTFUN,err:ANTFUN_insufficient_data(13/72),$484.64M,
CASH-ANTFUN,err:ANTFUN_insufficient_data(13/72),$404.33M,
ZBCN-ANTFUN,err:ANTFUN_insufficient_data(13/72),$459.58M,
CVX-ANTFUN,err:ANTFUN_insufficient_data(13/72),$417.12M,
TIA-ANTFUN,err:ANTFUN_insufficient_data(13/72),$588.80M,
US-ANTFUN,err:ANTFUN_insufficient_data(13/72),$701.27M,
VIRTUAL-ANTFUN,err:ANTFUN_insufficient_data(13/72),$651.88M,
ZRO-ANTFUN,err:ANTFUN_insufficient_data(13/72),$567.06M,
AKT-ANTFUN,err:ANTFUN_insufficient_data(13/72),$410.70M,
TKX-ANTFUN,err:ANTFUN_insufficient_data(13/72),$385.75M,
APEPE-ANTFUN,err:ANTFUN_insufficient_data(13/72),$483.67M,
USTBL-ANTFUN,err:ANTFUN_insufficient_data(13/72),$443.15M,
OHM-ANTFUN,err:ANTFUN_insufficient_data(13/72),$558.11M,
META-ANTFUN,err:ANTFUN_insufficient_data(13/72),$377.72M,
APXUSD-ANTFUN,err:ANTFUN_insufficient_data(13/72),$577.36M,
GNO-ANTFUN,err:ANTFUN_insufficient_data(13/72),$564.95M,
USDAT-ANTFUN,err:ANTFUN_insufficient_data(13/72),$422.11M,
TWT-ANTFUN,err:ANTFUN_insufficient_data(13/72),$430.77M,
CAKE-ANTFUN,err:ANTFUN_insufficient_data(13/72),$729.50M,
ZK-ANTFUN,err:ANTFUN_insufficient_data(13/72),$366.66M,
FLUID-ANTFUN,err:ANTFUN_insufficient_data(13/72),$368.59M,
COCO-ANTFUN,err:ANTFUN_insufficient_data(13/72),$466.53M,
TIBBIR-ANTFUN,err:ANTFUN_insufficient_data(13/72),$388.79M,
GPS-ANTFUN,err:ANTFUN_insufficient_data(13/72),$378.32M,
DCR-ANTFUN,err:ANTFUN_insufficient_data(13/72),$485.09M,
NEO-ANTFUN,err:ANTFUN_insufficient_data(13/72),$416.08M,
GLM-ANTFUN,err:ANTFUN_insufficient_data(13/72),$377.07M,
AXS-ANTFUN,err:ANTFUN_insufficient_data(13/72),$426.00M,
KAG-ANTFUN,err:ANTFUN_insufficient_data(13/72),$496.00M,
CHEEMS-ANTFUN,err:ANTFUN_insufficient_data(13/72),$382.63M,
KMNO-ANTFUN,err:ANTFUN_insufficient_data(13/72),$380.33M,
XTZ-ANTFUN,err:ANTFUN_insufficient_data(13/72),$507.78M,
ULTIMA-ANTFUN,err:ANTFUN_insufficient_data(13/72),$464.01M,
KAITO-ANTFUN,err:ANTFUN_insufficient_data(13/72),$591.58M,
RUNE-ANTFUN,err:ANTFUN_insufficient_data(13/72),$430.57M,
BP-ANTFUN,err:ANTFUN_insufficient_data(13/72),$396.54M,
UQC-ANTFUN,err:ANTFUN_insufficient_data(13/72),$390.33M,
STRK-ANTFUN,err:ANTFUN_insufficient_data(13/72),$471.52M,
PC0000033-ANTFUN,err:ANTFUN_insufficient_data(13/72),$444.81M,
ICNT-ANTFUN,err:ANTFUN_insufficient_data(13/72),$383.88M,
FDUSD-ANTFUN,err:ANTFUN_insufficient_data(13/72),$628.40M,
PC0000097-ANTFUN,err:ANTFUN_insufficient_data(13/72),$416.31M,
WEMIX-ANTFUN,err:ANTFUN_insufficient_data(13/72),$382.73M,
ACRED-ANTFUN,err:ANTFUN_insufficient_data(13/72),$397.35M,
UUSD-ANTFUN,err:ANTFUN_insufficient_data(13/72),$382.09M,
FLOKI-ANTFUN,err:ANTFUN_insufficient_data(13/72),$480.82M,
SAND-ANTFUN,err:ANTFUN_insufficient_data(13/72),$407.50M,
AWE-ANTFUN,err:ANTFUN_insufficient_data(13/72),$388.13M,
CRVUSD-ANTFUN,err:ANTFUN_insufficient_data(13/72),$494.36M,
SNX-ANTFUN,err:ANTFUN_insufficient_data(13/72),$404.74M,
VCNT-ANTFUN,err:ANTFUN_insufficient_data(13/72),$446.75M,
DASH-ANTFUN,err:ANTFUN_insufficient_data(13/72),$679.74M,
CARDS-ANTFUN,err:ANTFUN_insufficient_data(13/72),$551.17M,
USAT-ANTFUN,err:ANTFUN_insufficient_data(13/72),$467.54M,
FF-ANTFUN,err:ANTFUN_insufficient_data(13/72),$474.59M,
USDA-ANTFUN,err:ANTFUN_insufficient_data(13/72),$378.48M,
ZANO-ANTFUN,err:ANTFUN_insufficient_data(13/72),$413.47M,
REUSD-ANTFUN,err:ANTFUN_insufficient_data(13/72),$449.74M,
NEX-ANTFUN,err:ANTFUN_insufficient_data(13/72),$372.64M,
JTO-ANTFUN,err:ANTFUN_insufficient_data(13/72),$550.94M,
IOTA-ANTFUN,err:ANTFUN_insufficient_data(13/72),$429.88M,
AVUSD-ANTFUN,err:ANTFUN_insufficient_data(13/72),$398.28M,
FARTCOIN-ANTFUN,err:ANTFUN_insufficient_data(13/72),$405.32M,
GALA-ANTFUN,err:ANTFUN_insufficient_data(13/72),$370.92M,
ENS-ANTFUN,err:ANTFUN_insufficient_data(13/72),$458.38M,
SOON-ANTFUN,err:ANTFUN_insufficient_data(13/72),$372.32M,
WIF-ANTFUN,err:ANTFUN_insufficient_data(13/72),$428.65M,
STRCX-ANTFUN,err:ANTFUN_insufficient_data(13/72),$423.10M,
PENGU-ANTFUN,err:ANTFUN_insufficient_data(13/72),$654.02M,
BORG-ANTFUN,err:ANTFUN_insufficient_data(13/72),$420.58M,
TAG-ANTFUN,err:ANTFUN_insufficient_data(13/72),$427.37M,
XEC-ANTFUN,err:ANTFUN_insufficient_data(13/72),$401.76M,
STX-ANTFUN,err:ANTFUN_insufficient_data(13/72),$532.82M,
TEL-ANTFUN,err:ANTFUN_insufficient_data(13/72),$456.62M,
GOMINING-ANTFUN,err:ANTFUN_insufficient_data(13/72),$397.87M,
EIGEN-ANTFUN,err:ANTFUN_insufficient_data(13/72),$422.90M,
ZBT-ANTFUN,err:ANTFUN_insufficient_data(13/72),$396.25M,
EURC-ANTFUN,err:ANTFUN_insufficient_data(13/72),$732.34M,
KITE-ANTFUN,err:ANTFUN_insufficient_data(13/72),$514.31M,
RAIL-ANTFUN,err:ANTFUN_insufficient_data(13/72),$372.15M,
SHORT-ANTFUN,err:ANTFUN_insufficient_data(13/72),$379.86M,
TRAC-ANTFUN,err:ANTFUN_insufficient_data(13/72),$405.97M,
PENDLE-ANTFUN,err:ANTFUN_insufficient_data(13/72),$532.96M,
PYTH-ANTFUN,err:ANTFUN_insufficient_data(13/72),$603.67M,
PIEVERSE-ANTFUN,err:ANTFUN_insufficient_data(13/72),$464.39M,
NFT-ANTFUN,err:ANTFUN_insufficient_data(13/72),$546.83M,
RAY-ANTFUN,err:ANTFUN_insufficient_data(13/72),$445.31M,
PC0000031-ANTFUN,err:ANTFUN_insufficient_data(13/72),$484.81M,
GEOD-ANTFUN,err:ANTFUN_insufficient_data(13/72),$376.65M,
PC0000077-ANTFUN,err:ANTFUN_insufficient_data(13/72),$382.31M,
A-ANTFUN,err:ANTFUN_insufficient_data(13/72),$384.60M,
AIAT-ANTFUN,err:ANTFUN_insufficient_data(13/72),$400.29M,
MX-ANTFUN,err:ANTFUN_insufficient_data(13/72),$432.90M,
THETA-ANTFUN,err:ANTFUN_insufficient_data(13/72),$408.40M,
SN64-ANTFUN,err:ANTFUN_insufficient_data(13/72),$372.30M,
ETHFI-ANTFUN,err:ANTFUN_insufficient_data(13/72),$682.20M,
APYUSD-ANTFUN,err:ANTFUN_insufficient_data(13/72),$440.43M,
KOGE-ANTFUN,err:ANTFUN_insufficient_data(13/72),$496.46M,
BTSE-ANTFUN,err:ANTFUN_insufficient_data(13/72),$415.42M,
VET-ANTFUN,err:ANTFUN_insufficient_data(13/72),$671.26M,
CHZ-ANTFUN,err:ANTFUN_insufficient_data(13/72),$426.45M,
REAL-ANTFUN,err:ANTFUN_insufficient_data(13/72),$531.37M,
MON-ANTFUN,err:ANTFUN_insufficient_data(13/72),$530.50M,
MANA-ANTFUN,err:ANTFUN_insufficient_data(13/72),$413.69M,
PRL-ANTFUN,err:ANTFUN_insufficient_data(13/72),$366.38M,
GLIDR-ANTFUN,err:ANTFUN_insufficient_data(13/72),$383.69M,
ONYC-ANTFUN,err:ANTFUN_insufficient_data(13/72),$528.51M,
A7A5-ANTFUN,err:ANTFUN_insufficient_data(13/72),$760.51M,
MET-ANTFUN,err:ANTFUN_insufficient_data(13/72),$371.72M,
COMP-ANTFUN,err:ANTFUN_insufficient_data(13/72),$441.63M,
SYRUP-ANTFUN,err:ANTFUN_insufficient_data(13/72),$489.55M,
FRXUSD-ANTFUN,err:ANTFUN_insufficient_data(13/72),$392.23M,
BTT-ANTFUN,err:ANTFUN_insufficient_data(13/72),$541.78M,
BAT-ANTFUN,err:ANTFUN_insufficient_data(13/72),$385.72M,
XPIN-ANTFUN,err:ANTFUN_insufficient_data(13/72),$427.20M,
SOSO-ANTFUN,err:ANTFUN_insufficient_data(13/72),$398.90M,
VBILL-ANTFUN,err:ANTFUN_insufficient_data(13/72),$474.35M,
CRCLON-ANTFUN,err:ANTFUN_insufficient_data(13/72),$375.16M,
PEANUT-ANTFUN,err:ANTFUN_insufficient_data(13/72),$466.84M,
AR-ANTFUN,err:ANTFUN_insufficient_data(13/72),$398.36M,
SFP-ANTFUN,err:ANTFUN_insufficient_data(13/72),$385.04M,
PC0000023-ANTFUN,err:ANTFUN_insufficient_data(13/72),$383.15M,
GUSD-ANTFUN,err:ANTFUN_insufficient_data(13/72),$431.81M,
WFI-ANTFUN,err:ANTFUN_insufficient_data(13/72),$456.85M,
GRASS-ANTFUN,err:ANTFUN_insufficient_data(13/72),$498.18M,
PC0000085-ANTFUN,err:ANTFUN_insufficient_data(13/72),$388.81M,
BSV-ANTFUN,err:ANTFUN_insufficient_data(13/72),$540.80M,
JASMY-ANTFUN,err:ANTFUN_insufficient_data(13/72),$493.89M,
ANTFUN-USDAI,err:ANTFUN_insufficient_data(13/72),$439.75M,
ANTFUN-AERO,err:ANTFUN_insufficient_data(13/72),$696.68M,
ANTFUN-BONK,err:ANTFUN_insufficient_data(13/72),$547.25M,
ANTFUN-SUN,err:ANTFUN_insufficient_data(13/72),$624.60M,
ANTFUN-EURCV,err:ANTFUN_insufficient_data(13/72),$431.74M,
ANTFUN-USDZ,err:ANTFUN_insufficient_data(13/72),$409.70M,
ANTFUN-AKE,err:ANTFUN_insufficient_data(13/72),$377.83M,
ANTFUN-XCN,err:ANTFUN_insufficient_data(13/72),$411.97M,
ANTFUN-TRUMP,err:ANTFUN_insufficient_data(13/72),$639.70M,
ANTFUN-FET,err:ANTFUN_insufficient_data(13/72),$588.23M,
ANTFUN-FRAX,err:ANTFUN_insufficient_data(13/72),$502.37M,
ANTFUN-THBILL,err:ANTFUN_insufficient_data(13/72),$400.24M,
ANTFUN-ZAMA,err:ANTFUN_insufficient_data(13/72),$420.12M,
ANTFUN-SHFL,err:ANTFUN_insufficient_data(13/72),$403.71M,
ANTFUN-USDF,err:ANTFUN_insufficient_data(13/72),$394.15M,
ANTFUN-XPL,err:ANTFUN_insufficient_data(13/72),$502.89M,
VSN-ALFW,err:ALFW_insufficient_data(13/72),$265.22M,
LUNC-ALFW,err:ALFW_insufficient_data(13/72),$393.23M,
PC0000015-ALFW,err:ALFW_insufficient_data(13/72),$224.56M,
IMX-ALFW,err:ALFW_insufficient_data(13/72),$341.65M,
NXM-ALFW,err:ALFW_insufficient_data(13/72),$201.20M,
SPX-ALFW,err:ALFW_insufficient_data(13/72),$416.40M,
UB-ALFW,err:ALFW_insufficient_data(13/72),$475.17M,
OUSG-ALFW,err:ALFW_insufficient_data(13/72),$494.58M,
STAC-ALFW,err:ALFW_insufficient_data(13/72),$216.97M,
1INCH-ALFW,err:ALFW_insufficient_data(13/72),$230.15M,
RLB-ALFW,err:ALFW_insufficient_data(13/72),$218.60M,
DYDX-ALFW,err:ALFW_insufficient_data(13/72),$212.20M,
APR-ALFW,err:ALFW_insufficient_data(13/72),$310.72M,
DRV-ALFW,err:ALFW_insufficient_data(13/72),$216.97M,
EDGE-ALFW,err:ALFW_insufficient_data(13/72),$250.30M,
INJ-ALFW,err:ALFW_insufficient_data(13/72),$573.57M,
MWC-ALFW,err:ALFW_insufficient_data(13/72),$228.17M,
KAU-ALFW,err:ALFW_insufficient_data(13/72),$422.64M,
LDO-ALFW,err:ALFW_insufficient_data(13/72),$417.53M,
EARNETH-ALFW,err:ALFW_insufficient_data(13/72),$261.27M,
GRT-ALFW,err:ALFW_insufficient_data(13/72),$275.67M,
SEI-ALFW,err:ALFW_insufficient_data(13/72),$400.88M,
USDTB-ALFW,err:ALFW_insufficient_data(13/72),$469.85M,
VELVET-ALFW,err:ALFW_insufficient_data(13/72),$280.83M,
BC-ALFW,err:ALFW_insufficient_data(13/72),$333.90M,
DEXE-ALFW,err:ALFW_insufficient_data(13/72),$388.41M,
OZO-ALFW,err:ALFW_insufficient_data(13/72),$239.63M,
2Z-ALFW,err:ALFW_insufficient_data(13/72),$316.67M,
CASH-ALFW,err:ALFW_insufficient_data(13/72),$236.35M,
ZBCN-ALFW,err:ALFW_insufficient_data(13/72),$291.60M,
CVX-ALFW,err:ALFW_insufficient_data(13/72),$249.15M,
TIA-ALFW,err:ALFW_insufficient_data(13/72),$420.82M,
US-ALFW,err:ALFW_insufficient_data(13/72),$533.30M,
VIRTUAL-ALFW,err:ALFW_insufficient_data(13/72),$483.90M,
ZRO-ALFW,err:ALFW_insufficient_data(13/72),$399.08M,
AKT-ALFW,err:ALFW_insufficient_data(13/72),$242.72M,
TKX-ALFW,err:ALFW_insufficient_data(13/72),$217.77M,
APEPE-ALFW,err:ALFW_insufficient_data(13/72),$315.69M,
USTBL-ALFW,err:ALFW_insufficient_data(13/72),$275.17M,
ALFW-OHM,err:ALFW_insufficient_data(13/72),$390.13M,
ALFW-B,err:ALFW_insufficient_data(13/72),$282.51M,
ALFW-GRX,err:ALFW_insufficient_data(13/72),$238.43M,
ALFW-META,err:ALFW_insufficient_data(13/72),$209.74M,
ALFW-APXUSD,err:ALFW_insufficient_data(13/72),$409.39M,
ALFW-NIGHT,err:ALFW_insufficient_data(13/72),$416.70M,
ALFW-GNO,err:ALFW_insufficient_data(13/72),$396.97M,
ALFW-USDAT,err:ALFW_insufficient_data(13/72),$254.13M,
ALFW-TWT,err:ALFW_insufficient_data(13/72),$262.80M,
ALFW-CAKE,err:ALFW_insufficient_data(13/72),$561.52M,
ALFW-ZK,err:ALFW_insufficient_data(13/72),$198.68M,
ALFW-FLUID,err:ALFW_insufficient_data(13/72),$200.62M,
ALFW-COCO,err:ALFW_insufficient_data(13/72),$298.55M,
ALFW-TIBBIR,err:ALFW_insufficient_data(13/72),$220.81M,
ALFW-GPS,err:ALFW_insufficient_data(13/72),$210.34M,
ALFW-H,err:ALFW_insufficient_data(13/72),$246.45M,
ALFW-DCR,err:ALFW_insufficient_data(13/72),$317.11M,
ALFW-NEO,err:ALFW_insufficient_data(13/72),$248.10M,
ALFW-GLM,err:ALFW_insufficient_data(13/72),$209.09M,
ALFW-AXS,err:ALFW_insufficient_data(13/72),$258.02M,
ALFW-KAG,err:ALFW_insufficient_data(13/72),$328.02M,
ALFW-CHEEMS,err:ALFW_insufficient_data(13/72),$214.65M,
ALFW-KMNO,err:ALFW_insufficient_data(13/72),$212.35M,
ALFW-XTZ,err:ALFW_insufficient_data(13/72),$339.80M,
ALFW-ULTIMA,err:ALFW_insufficient_data(13/72),$296.03M,
ALFW-KAITO,err:ALFW_insufficient_data(13/72),$423.60M,
ALFW-RUNE,err:ALFW_insufficient_data(13/72),$262.59M,
ALFW-BP,err:ALFW_insufficient_data(13/72),$228.57M,
ALFW-UQC,err:ALFW_insufficient_data(13/72),$222.35M,
ALFW-STRK,err:ALFW_insufficient_data(13/72),$303.54M,
ALFW-CTOC,err:ALFW_insufficient_data(13/72),$389.33M,
ALFW-PC0000033,err:ALFW_insufficient_data(13/72),$276.83M,
ALFW-ICNT,err:ALFW_insufficient_data(13/72),$215.90M,
ALFW-FDUSD,err:ALFW_insufficient_data(13/72),$460.43M,
ALFW-PC0000097,err:ALFW_insufficient_data(13/72),$248.33M,
ALFW-WEMIX,err:ALFW_insufficient_data(13/72),$214.75M,
ALFW-ACRED,err:ALFW_insufficient_data(13/72),$229.37M,
ALFW-SMILEK,err:ALFW_insufficient_data(13/72),$201.70M,
ALFW-WM,err:ALFW_insufficient_data(13/72),$200.69M,
ALFW-UUSD,err:ALFW_insufficient_data(13/72),$214.12M,
ALFW-FLOKI,err:ALFW_insufficient_data(13/72),$312.84M,
ALFW-SAND,err:ALFW_insufficient_data(13/72),$239.52M,
ALFW-AWE,err:ALFW_insufficient_data(13/72),$220.15M,
ALFW-CRVUSD,err:ALFW_insufficient_data(13/72),$326.38M,
ALFW-GENIUS,err:ALFW_insufficient_data(13/72),$227.71M,
ALFW-SNX,err:ALFW_insufficient_data(13/72),$236.76M,
ALFW-VCNT,err:ALFW_insufficient_data(13/72),$278.77M,
ALFW-DASH,err:ALFW_insufficient_data(13/72),$511.76M,
ALFW-CARDS,err:ALFW_insufficient_data(13/72),$383.20M,
ALFW-USAT,err:ALFW_insufficient_data(13/72),$299.56M,
ALFW-FF,err:ALFW_insufficient_data(13/72),$306.61M,
ALFW-USDA,err:ALFW_insufficient_data(13/72),$210.51M,
ALFW-ZANO,err:ALFW_insufficient_data(13/72),$245.49M,
ALFW-REUSD,err:ALFW_insufficient_data(13/72),$281.76M,
ALFW-NEX,err:ALFW_insufficient_data(13/72),$204.66M,
ALFW-JTO,err:ALFW_insufficient_data(13/72),$382.97M,
ALFW-IOTA,err:ALFW_insufficient_data(13/72),$261.90M,
ALFW-AVUSD,err:ALFW_insufficient_data(13/72),$230.31M,
ALFW-FARTCOIN,err:ALFW_insufficient_data(13/72),$237.34M,
ALFW-GALA,err:ALFW_insufficient_data(13/72),$202.94M,
ALFW-ENS,err:ALFW_insufficient_data(13/72),$290.40M,
ALFW-SOON,err:ALFW_insufficient_data(13/72),$204.34M,
ALFW-WIF,err:ALFW_insufficient_data(13/72),$260.67M,
ALFW-SPCXB,err:ALFW_insufficient_data(13/72),$199.87M,
ALFW-STRCX,err:ALFW_insufficient_data(13/72),$255.12M,
ALFW-PENGU,err:ALFW_insufficient_data(13/72),$486.05M,
ALFW-BORG,err:ALFW_insufficient_data(13/72),$252.60M,
ALFW-TAG,err:ALFW_insufficient_data(13/72),$259.40M,
ALFW-XEC,err:ALFW_insufficient_data(13/72),$233.79M,
ALFW-STX,err:ALFW_insufficient_data(13/72),$364.85M,
ALFW-TEL,err:ALFW_insufficient_data(13/72),$288.64M,
ALFW-GOMINING,err:ALFW_insufficient_data(13/72),$229.89M,
ALFW-APE,err:ALFW_insufficient_data(13/72),$262.97M,
ALFW-EIGEN,err:ALFW_insufficient_data(13/72),$254.92M,
ALFW-OP,err:ALFW_insufficient_data(13/72),$317.49M,
ALFW-KAIA,err:ALFW_insufficient_data(13/72),$281.13M,
ALFW-ZBT,err:ALFW_insufficient_data(13/72),$228.28M,
ALFW-EURC,err:ALFW_insufficient_data(13/72),$564.37M,
ALFW-KITE,err:ALFW_insufficient_data(13/72),$346.33M,
ALFW-RAIL,err:ALFW_insufficient_data(13/72),$204.17M,
ALFW-SHORT,err:ALFW_insufficient_data(13/72),$211.88M,
ALFW-TRAC,err:ALFW_insufficient_data(13/72),$238.00M,
ALFW-PENDLE,err:ALFW_insufficient_data(13/72),$364.98M,
ALFW-PYTH,err:ALFW_insufficient_data(13/72),$435.69M,
ALFW-PIEVERSE,err:ALFW_insufficient_data(13/72),$296.41M,
ALFW-NFT,err:ALFW_insufficient_data(13/72),$378.85M,
ALFW-RAY,err:ALFW_insufficient_data(13/72),$277.34M,
ALFW-PC0000031,err:ALFW_insufficient_data(13/72),$316.83M,
ALFW-GEOD,err:ALFW_insufficient_data(13/72),$208.68M,
ALFW-PC0000077,err:ALFW_insufficient_data(13/72),$214.33M,
ALFW-A,err:ALFW_insufficient_data(13/72),$216.62M,
ALFW-LION,err:ALFW_insufficient_data(13/72),$256.71M,
ALFW-AIAT,err:ALFW_insufficient_data(13/72),$232.31M,
ALFW-MX,err:ALFW_insufficient_data(13/72),$264.92M,
ALFW-THETA,err:ALFW_insufficient_data(13/72),$240.42M,
ALFW-SN64,err:ALFW_insufficient_data(13/72),$204.32M,
ALFW-ETHFI,err:ALFW_insufficient_data(13/72),$514.22M,
ALFW-APYUSD,err:ALFW_insufficient_data(13/72),$272.46M,
ALFW-KOGE,err:ALFW_insufficient_data(13/72),$328.48M,
ALFW-BTSE,err:ALFW_insufficient_data(13/72),$247.44M,
ALFW-VET,err:ALFW_insufficient_data(13/72),$503.29M,
ALFW-CHZ,err:ALFW_insufficient_data(13/72),$258.47M,
ALFW-REAL,err:ALFW_insufficient_data(13/72),$363.39M,
ALFW-MON,err:ALFW_insufficient_data(13/72),$362.52M,
ALFW-SAFO,err:ALFW_insufficient_data(13/72),$271.33M,
ALFW-MANA,err:ALFW_insufficient_data(13/72),$245.71M,
ALFW-PRL,err:ALFW_insufficient_data(13/72),$198.40M,
ALFW-GLIDR,err:ALFW_insufficient_data(13/72),$215.71M,
ALFW-ONYC,err:ALFW_insufficient_data(13/72),$360.54M,
ALFW-A7A5,err:ALFW_insufficient_data(13/72),$592.53M,
ALFW-MET,err:ALFW_insufficient_data(13/72),$203.75M,
ALFW-Q,err:ALFW_insufficient_data(13/72),$334.28M,
ALFW-COMP,err:ALFW_insufficient_data(13/72),$273.65M,
ALFW-SYRUP,err:ALFW_insufficient_data(13/72),$321.58M,
ALFW-FRXUSD,err:ALFW_insufficient_data(13/72),$224.25M,
ALFW-BTT,err:ALFW_insufficient_data(13/72),$373.80M,
ALFW-BAT,err:ALFW_insufficient_data(13/72),$217.74M,
ALFW-XPIN,err:ALFW_insufficient_data(13/72),$259.23M,
ALFW-SOSO,err:ALFW_insufficient_data(13/72),$230.92M,
ALFW-VBILL,err:ALFW_insufficient_data(13/72),$306.37M,
ALFW-CRCLON,err:ALFW_insufficient_data(13/72),$207.18M,
ALFW-PEANUT,err:ALFW_insufficient_data(13/72),$298.87M,
ALFW-AR,err:ALFW_insufficient_data(13/72),$230.38M,
ALFW-SFP,err:ALFW_insufficient_data(13/72),$217.06M,
ALFW-PC0000023,err:ALFW_insufficient_data(13/72),$215.18M,
ALFW-GUSD,err:ALFW_insufficient_data(13/72),$263.84M,
ALFW-WFI,err:ALFW_insufficient_data(13/72),$288.87M,
ALFW-GRASS,err:ALFW_insufficient_data(13/72),$330.20M,
ALFW-PC0000085,err:ALFW_insufficient_data(13/72),$220.83M,
ALFW-BSV,err:ALFW_insufficient_data(13/72),$372.82M,
ALFW-JASMY,err:ALFW_insufficient_data(13/72),$325.92M,
ALFW-ANTFUN,err:ALFW_insufficient_data(13/72),$396.64M,
ALFW-USDAI,err:ALFW_insufficient_data(13/72),$271.77M,
ALFW-AERO,err:ALFW_insufficient_data(13/72),$528.70M,
ALFW-BONK,err:ALFW_insufficient_data(13/72),$379.28M,
ALFW-SUN,err:ALFW_insufficient_data(13/72),$456.62M,
ALFW-EURCV,err:ALFW_insufficient_data(13/72),$263.77M,
ALFW-USDZ,err:ALFW_insufficient_data(13/72),$241.72M,
ALFW-AKE,err:ALFW_insufficient_data(13/72),$209.85M,
ALFW-XCN,err:ALFW_insufficient_data(13/72),$243.99M,
ALFW-TRUMP,err:ALFW_insufficient_data(13/72),$471.72M,
ALFW-FET,err:ALFW_insufficient_data(13/72),$420.25M,
ALFW-FRAX,err:ALFW_insufficient_data(13/72),$334.40M,
ALFW-THBILL,err:ALFW_insufficient_data(13/72),$232.26M,
ALFW-ZAMA,err:ALFW_insufficient_data(13/72),$252.14M,
ALFW-SHFL,err:ALFW_insufficient_data(13/72),$235.73M,
ALFW-USDF,err:ALFW_insufficient_data(13/72),$226.17M,
ALFW-XPL,err:ALFW_insufficient_data(13/72),$334.92M,
VSN-AB,err:AB_insufficient_data(23/72),$247.74M,
LUNC-AB,err:AB_insufficient_data(23/72),$375.74M,
PC0000015-AB,err:AB_insufficient_data(23/72),$207.07M,
IMX-AB,err:AB_insufficient_data(23/72),$324.17M,
NXM-AB,err:AB_insufficient_data(23/72),$183.71M,
SPX-AB,err:AB_insufficient_data(23/72),$398.92M,
UB-AB,err:AB_insufficient_data(23/72),$457.68M,
OUSG-AB,err:AB_insufficient_data(23/72),$477.09M,
STAC-AB,err:AB_insufficient_data(23/72),$199.49M,
1INCH-AB,err:AB_insufficient_data(23/72),$212.66M,
RLB-AB,err:AB_insufficient_data(23/72),$201.12M,
DYDX-AB,err:AB_insufficient_data(23/72),$194.71M,
APR-AB,err:AB_insufficient_data(23/72),$293.23M,
DRV-AB,err:AB_insufficient_data(23/72),$199.49M,
EDGE-AB,err:AB_insufficient_data(23/72),$232.82M,
INJ-AB,err:AB_insufficient_data(23/72),$556.08M,
MWC-AB,err:AB_insufficient_data(23/72),$210.68M,
KAU-AB,err:AB_insufficient_data(23/72),$405.15M,
LDO-AB,err:AB_insufficient_data(23/72),$400.04M,
EARNETH-AB,err:AB_insufficient_data(23/72),$243.79M,
GRT-AB,err:AB_insufficient_data(23/72),$258.19M,
SEI-AB,err:AB_insufficient_data(23/72),$383.40M,
USDTB-AB,err:AB_insufficient_data(23/72),$452.37M,
VELVET-AB,err:AB_insufficient_data(23/72),$263.35M,
BC-AB,err:AB_insufficient_data(23/72),$316.41M,
DEXE-AB,err:AB_insufficient_data(23/72),$370.92M,
OZO-AB,err:AB_insufficient_data(23/72),$222.14M,
AB-2Z,err:AB_insufficient_data(23/72),$299.18M,
AB-CASH,err:AB_insufficient_data(23/72),$218.86M,
AB-ZBCN,err:AB_insufficient_data(23/72),$274.12M,
AB-CVX,err:AB_insufficient_data(23/72),$231.66M,
AB-TIA,err:AB_insufficient_data(23/72),$403.33M,
AB-US,err:AB_insufficient_data(23/72),$515.81M,
AB-VIRTUAL,err:AB_insufficient_data(23/72),$466.41M,
AB-ZRO,err:AB_insufficient_data(23/72),$381.60M,
AB-AKT,err:AB_insufficient_data(23/72),$225.24M,
AB-TKX,err:AB_insufficient_data(23/72),$200.29M,
AB-APEPE,err:AB_insufficient_data(23/72),$298.20M,
AB-USTBL,err:AB_insufficient_data(23/72),$257.69M,
AB-ALFW,err:AB_insufficient_data(23/72),$211.17M,
AB-OHM,err:AB_insufficient_data(23/72),$372.65M,
AB-B,err:AB_insufficient_data(23/72),$265.02M,
AB-GRX,err:AB_insufficient_data(23/72),$220.94M,
AB-META,err:AB_insufficient_data(23/72),$192.26M,
AB-APXUSD,err:AB_insufficient_data(23/72),$391.90M,
AB-NIGHT,err:AB_insufficient_data(23/72),$399.22M,
AB-GNO,err:AB_insufficient_data(23/72),$379.49M,
AB-USDAT,err:AB_insufficient_data(23/72),$236.64M,
AB-TWT,err:AB_insufficient_data(23/72),$245.31M,
AB-CAKE,err:AB_insufficient_data(23/72),$544.03M,
AB-ZK,err:AB_insufficient_data(23/72),$181.20M,
AB-FLUID,err:AB_insufficient_data(23/72),$183.13M,
AB-COCO,err:AB_insufficient_data(23/72),$281.06M,
AB-TIBBIR,err:AB_insufficient_data(23/72),$203.33M,
AB-GPS,err:AB_insufficient_data(23/72),$192.85M,
AB-H,err:AB_insufficient_data(23/72),$228.96M,
AB-DCR,err:AB_insufficient_data(23/72),$299.62M,
AB-NEO,err:AB_insufficient_data(23/72),$230.62M,
AB-GLM,err:AB_insufficient_data(23/72),$191.61M,
AB-AXS,err:AB_insufficient_data(23/72),$240.53M,
AB-KAG,err:AB_insufficient_data(23/72),$310.54M,
AB-CHEEMS,err:AB_insufficient_data(23/72),$197.16M,
AB-KMNO,err:AB_insufficient_data(23/72),$194.86M,
AB-XTZ,err:AB_insufficient_data(23/72),$322.32M,
AB-ULTIMA,err:AB_insufficient_data(23/72),$278.54M,
AB-KAITO,err:AB_insufficient_data(23/72),$406.11M,
AB-RUNE,err:AB_insufficient_data(23/72),$245.11M,
AB-BP,err:AB_insufficient_data(23/72),$211.08M,
AB-UQC,err:AB_insufficient_data(23/72),$204.86M,
AB-STRK,err:AB_insufficient_data(23/72),$286.05M,
AB-CTOC,err:AB_insufficient_data(23/72),$371.85M,
AB-PC0000033,err:AB_insufficient_data(23/72),$259.34M,
AB-ICNT,err:AB_insufficient_data(23/72),$198.42M,
AB-FDUSD,err:AB_insufficient_data(23/72),$442.94M,
AB-PC0000097,err:AB_insufficient_data(23/72),$230.84M,
AB-WEMIX,err:AB_insufficient_data(23/72),$197.27M,
AB-ACRED,err:AB_insufficient_data(23/72),$211.88M,
AB-SMILEK,err:AB_insufficient_data(23/72),$184.21M,
AB-WM,err:AB_insufficient_data(23/72),$183.20M,
AB-UUSD,err:AB_insufficient_data(23/72),$196.63M,
AB-FLOKI,err:AB_insufficient_data(23/72),$295.35M,
AB-SAND,err:AB_insufficient_data(23/72),$222.03M,
AB-AWE,err:AB_insufficient_data(23/72),$202.66M,
AB-CRVUSD,err:AB_insufficient_data(23/72),$308.89M,
AB-GENIUS,err:AB_insufficient_data(23/72),$210.23M,
AB-SNX,err:AB_insufficient_data(23/72),$219.28M,
AB-VCNT,err:AB_insufficient_data(23/72),$261.29M,
AB-DASH,err:AB_insufficient_data(23/72),$494.28M,
AB-CARDS,err:AB_insufficient_data(23/72),$365.71M,
AB-USAT,err:AB_insufficient_data(23/72),$282.07M,
AB-FF,err:AB_insufficient_data(23/72),$289.13M,
AB-USDA,err:AB_insufficient_data(23/72),$193.02M,
AB-ZANO,err:AB_insufficient_data(23/72),$228.00M,
AB-REUSD,err:AB_insufficient_data(23/72),$264.28M,
AB-NEX,err:AB_insufficient_data(23/72),$187.17M,
AB-JTO,err:AB_insufficient_data(23/72),$365.48M,
AB-IOTA,err:AB_insufficient_data(23/72),$244.42M,
AB-AVUSD,err:AB_insufficient_data(23/72),$212.82M,
AB-FARTCOIN,err:AB_insufficient_data(23/72),$219.85M,
AB-GALA,err:AB_insufficient_data(23/72),$185.46M,
AB-ENS,err:AB_insufficient_data(23/72),$272.91M,
AB-SOON,err:AB_insufficient_data(23/72),$186.85M,
AB-WIF,err:AB_insufficient_data(23/72),$243.19M,
AB-SPCXB,err:AB_insufficient_data(23/72),$182.38M,
AB-STRCX,err:AB_insufficient_data(23/72),$237.64M,
AB-PENGU,err:AB_insufficient_data(23/72),$468.56M,
AB-BORG,err:AB_insufficient_data(23/72),$235.11M,
AB-TAG,err:AB_insufficient_data(23/72),$241.91M,
AB-XEC,err:AB_insufficient_data(23/72),$216.30M,
AB-STX,err:AB_insufficient_data(23/72),$347.36M,
AB-TEL,err:AB_insufficient_data(23/72),$271.16M,
AB-GOMINING,err:AB_insufficient_data(23/72),$212.41M,
AB-APE,err:AB_insufficient_data(23/72),$245.48M,
AB-EIGEN,err:AB_insufficient_data(23/72),$237.44M,
AB-OP,err:AB_insufficient_data(23/72),$300.00M,
AB-KAIA,err:AB_insufficient_data(23/72),$263.65M,
AB-ZBT,err:AB_insufficient_data(23/72),$210.79M,
AB-EURC,err:AB_insufficient_data(23/72),$546.88M,
AB-KITE,err:AB_insufficient_data(23/72),$328.85M,
AB-RAIL,err:AB_insufficient_data(23/72),$186.69M,
AB-SHORT,err:AB_insufficient_data(23/72),$194.40M,
AB-TRAC,err:AB_insufficient_data(23/72),$220.51M,
AB-PENDLE,err:AB_insufficient_data(23/72),$347.50M,
AB-PYTH,err:AB_insufficient_data(23/72),$418.20M,
AB-PIEVERSE,err:AB_insufficient_data(23/72),$278.93M,
AB-NFT,err:AB_insufficient_data(23/72),$361.37M,
AB-RAY,err:AB_insufficient_data(23/72),$259.85M,
AB-PC0000031,err:AB_insufficient_data(23/72),$299.34M,
AB-GEOD,err:AB_insufficient_data(23/72),$191.19M,
AB-PC0000077,err:AB_insufficient_data(23/72),$196.84M,
AB-A,err:AB_insufficient_data(23/72),$199.13M,
AB-LION,err:AB_insufficient_data(23/72),$239.22M,
AB-AIAT,err:AB_insufficient_data(23/72),$214.82M,
AB-MX,err:AB_insufficient_data(23/72),$247.43M,
AB-THETA,err:AB_insufficient_data(23/72),$222.94M,
AB-SN64,err:AB_insufficient_data(23/72),$186.84M,
AB-ETHFI,err:AB_insufficient_data(23/72),$496.73M,
AB-APYUSD,err:AB_insufficient_data(23/72),$254.97M,
AB-KOGE,err:AB_insufficient_data(23/72),$310.99M,
AB-BTSE,err:AB_insufficient_data(23/72),$229.95M,
AB-VET,err:AB_insufficient_data(23/72),$485.80M,
AB-CHZ,err:AB_insufficient_data(23/72),$240.98M,
AB-REAL,err:AB_insufficient_data(23/72),$345.90M,
AB-MON,err:AB_insufficient_data(23/72),$345.04M,
AB-SAFO,err:AB_insufficient_data(23/72),$253.84M,
AB-MANA,err:AB_insufficient_data(23/72),$228.23M,
AB-PRL,err:AB_insufficient_data(23/72),$180.91M,
AB-GLIDR,err:AB_insufficient_data(23/72),$198.23M,
AB-ONYC,err:AB_insufficient_data(23/72),$343.05M,
AB-A7A5,err:AB_insufficient_data(23/72),$575.05M,
AB-MET,err:AB_insufficient_data(23/72),$186.26M,
AB-Q,err:AB_insufficient_data(23/72),$316.79M,
AB-COMP,err:AB_insufficient_data(23/72),$256.17M,
AB-SYRUP,err:AB_insufficient_data(23/72),$304.09M,
AB-FRXUSD,err:AB_insufficient_data(23/72),$206.76M,
AB-BTT,err:AB_insufficient_data(23/72),$356.32M,
AB-BAT,err:AB_insufficient_data(23/72),$200.26M,
AB-XPIN,err:AB_insufficient_data(23/72),$241.74M,
AB-SOSO,err:AB_insufficient_data(23/72),$213.43M,
AB-VBILL,err:AB_insufficient_data(23/72),$288.89M,
AB-CRCLON,err:AB_insufficient_data(23/72),$189.70M,
AB-PEANUT,err:AB_insufficient_data(23/72),$281.38M,
AB-AR,err:AB_insufficient_data(23/72),$212.90M,
AB-SFP,err:AB_insufficient_data(23/72),$199.58M,
AB-PC0000023,err:AB_insufficient_data(23/72),$197.69M,
AB-GUSD,err:AB_insufficient_data(23/72),$246.35M,
AB-WFI,err:AB_insufficient_data(23/72),$271.39M,
AB-GRASS,err:AB_insufficient_data(23/72),$312.71M,
AB-PC0000085,err:AB_insufficient_data(23/72),$203.34M,
AB-BSV,err:AB_insufficient_data(23/72),$355.34M,
AB-JASMY,err:AB_insufficient_data(23/72),$308.43M,
AB-ANTFUN,err:AB_insufficient_data(23/72),$379.15M,
AB-USDAI,err:AB_insufficient_data(23/72),$254.28M,
AB-AERO,err:AB_insufficient_data(23/72),$511.22M,
AB-BONK,err:AB_insufficient_data(23/72),$361.79M,
AB-SUN,err:AB_insufficient_data(23/72),$439.13M,
AB-EURCV,err:AB_insufficient_data(23/72),$246.28M,
AB-USDZ,err:AB_insufficient_data(23/72),$224.23M,
AB-AKE,err:AB_insufficient_data(23/72),$192.37M,
AB-XCN,err:AB_insufficient_data(23/72),$226.50M,
AB-TRUMP,err:AB_insufficient_data(23/72),$454.23M,
AB-FET,err:AB_insufficient_data(23/72),$402.76M,
AB-FRAX,err:AB_insufficient_data(23/72),$316.91M,
AB-THBILL,err:AB_insufficient_data(23/72),$214.78M,
AB-ZAMA,err:AB_insufficient_data(23/72),$234.66M,
AB-SHFL,err:AB_insufficient_data(23/72),$218.24M,
AB-USDF,err:AB_insufficient_data(23/72),$208.68M,
AB-XPL,err:AB_insufficient_data(23/72),$317.43M,
